timestamp,hostname,cpu_percent,cpu_frequency_mhz,memory_percent,memory_available_mb,disk_percent,disk_read_mbps,disk_write_mbps,network_upload_mbps,network_download_mbps,process_count,top_cpu_process,top_cpu_pid,top_mem_process,top_mem_pid,ssd_model,ssd_health_status,ssd_percentage_used,ssd_available_spare,ssd_temperature,ssd_data_written_tb,ssd_power_on_hours,ssd_media_errors
2026-08-09 10:59:11,LAPTOP-GU29EE8S,12.0,1200.0,86.1,2190.82,3.8,0.17,0.19,0.0,0.01,342,System Idle Process,0,Code.exe,13420,,,,,,,,
2026-08-09 10:59:24,LAPTOP-GU29EE8S,66.9,1200.0,85.9,2231.13,3.8,0.11,0.16,0.0,0.0,342,System Idle Process,0,Code.exe,13420,,,,,,,,
2026-08-09 10:59:40,LAPTOP-GU29EE8S,66.8,1200.0,85.9,2226.3,3.8,0.01,0.27,0.0,0.0,342,System Idle Process,0,chrome.exe,22748,,Healthy,0,100,,,,0
2026-08-09 11:00:07,LAPTOP-GU29EE8S,54.2,1200.0,88.1,1880.11,3.8,0.44,0.89,0.01,0.13,342,System Idle Process,0,Code.exe,13420,,,,,,,,
2026-08-09 11:00:25,LAPTOP-GU29EE8S,52.3,1200.0,86.6,2120.37,3.8,0.1,0.37,0.0,0.01,343,System Idle Process,0,Code.exe,13420,,Healthy,0,100,,,,0
2026-08-09 11:02:26,LAPTOP-GU29EE8S,46.5,1200.0,85.5,2290.2,3.8,0.17,0.51,0.0,0.0,337,System Idle Process,0,Code.exe,13420,,,,,,,,
2026-08-09 11:02:54,LAPTOP-GU29EE8S,46.8,1200.0,86.7,2109.26,3.8,0.18,0.34,0.01,0.05,341,System Idle Process,0,Code.exe,13420,,,,,,,,
2026-08-09 11:03:28,LAPTOP-GU29EE8S,50.9,1200.0,87.9,1907.22,3.8,15.71,19.8,0.02,0.18,343,System Idle Process,0,Code.exe,13420,,,,,,,,
2026-08-09 11:04:19,LAPTOP-GU29EE8S,46.6,1200.0,86.2,2176.03,3.8,0.03,2.4,0.0,0.02,340,System Idle Process,0,Code.exe,13420,,,,,,,,
2026-08-09 11:05:28,LAPTOP-GU29EE8S,47.9,1200.0,86.4,2154.3,3.8,0.04,0.29,0.01,0.05,343,System Idle Process,0,Code.exe,13420,,,,,,,,
2026-08-09 11:06:05,LAPTOP-GU29EE8S,48.2,1200.0,88.4,1828.97,3.8,0.27,1.21,0.02,0.17,348,System Idle Process,0,Code.exe,13420,,,,,,,,
2026-08-09 11:06:31,LAPTOP-GU29EE8S,50.5,1200.0,90.5,1494.74,3.8,0.36,1.21,0.02,0.27,342,System Idle Process,0,Code.exe,13420,,,,,,,,
2026-08-09 11:07:51,LAPTOP-GU29EE8S,46.5,1200.0,88.9,1755.53,3.8,0.21,0.3,0.0,0.0,344,System Idle Process,0,Code.exe,13420,,,,,,,,
2026-08-09 11:08:09,LAPTOP-GU29EE8S,45.9,1200.0,86.5,2140.6,3.8,0.02,0.1,0.0,0.0,341,System Idle Process,0,Code.exe,13420,,Healthy,0,100,,,,0
2026-08-09 11:10:08,LAPTOP-GU29EE8S,46.5,1200.0,86.5,2132.1,3.8,0.02,0.32,0.0,0.0,337,System Idle Process,0,Code.exe,13420,,,,,,,,
2026-08-09 11:11:19,LAPTOP-GU29EE8S,47.6,1200.0,88.6,1802.05,3.8,0.04,0.26,0.0,0.04,343,System Idle Process,0,Code.exe,13420,,,,,,,,
2026-08-09 11:11:57,LAPTOP-GU29EE8S,47.5,1200.0,87.2,2016.5,3.8,0.07,0.52,0.01,0.1,340,System Idle Process,0,Code.exe,13420,,,,,,,,
2026-08-09 11:14:31,LAPTOP-GU29EE8S,46.7,1200.0,87.6,1964.59,3.8,0.08,0.17,0.0,0.0,341,System Idle Process,0,Code.exe,13420,,,,,,,,
2026-08-09 11:15:32,LAPTOP-GU29EE8S,51.5,1200.0,88.3,1844.2,3.8,0.17,0.16,0.0,0.0,348,System Idle Process,0,Code.exe,13420,,,,,,,,
2026-08-09 11:16:37,LAPTOP-GU29EE8S,46.2,1200.0,86.1,2190.11,3.8,0.13,0.14,0.0,0.0,342,System Idle Process,0,Code.exe,13420,,,,,,,,
2026-08-09 11:16:56,LAPTOP-GU29EE8S,45.9,1200.0,84.1,2511.16,3.8,0.01,0.49,0.0,0.0,339,System Idle Process,0,Code.exe,13420,,Healthy,0,100,,,,0
2026-08-09 11:17:15,LAPTOP-GU29EE8S,46.6,1200.0,84.1,2509.49,3.8,0.04,0.28,0.0,0.0,339,System Idle Process,0,Code.exe,13420,,Healthy,0,100,,,,0
2026-08-09 11:17:50,LAPTOP-GU29EE8S,46.9,1200.0,84.5,2442.91,3.8,0.01,0.25,0.0,0.0,342,System Idle Process,0,Code.exe,13420,,,,,,,,
2026-08-09 11:18:38,LAPTOP-GU29EE8S,46.1,1200.0,84.7,2420.63,3.8,0.01,0.27,0.0,0.0,344,System Idle Process,0,Code.exe,13420,,,,,,,,
2026-08-09 11:19:55,LAPTOP-GU29EE8S,45.9,1200.0,84.3,2477.71,3.8,0.0,0.15,0.0,0.0,339,System Idle Process,0,Code.exe,13420,,,,,,,,
2026-08-09 11:21:07,LAPTOP-GU29EE8S,48.9,1200.0,84.8,2403.75,3.8,0.15,0.18,0.01,0.02,345,System Idle Process,0,Code.exe,13420,,,,,,,,
2026-08-09 11:21:54,LAPTOP-GU29EE8S,50.5,1200.0,88.2,1862.03,3.8,0.29,2.01,0.01,0.11,345,System Idle Process,0,Code.exe,13420,,,,,,,,
2026-08-09 11:23:26,LAPTOP-GU29EE8S,47.2,1200.0,88.5,1812.47,3.8,0.07,0.6,0.0,0.07,342,System Idle Process,0,Code.exe,13420,,,,,,,,
2026-08-09 11:24:22,LAPTOP-GU29EE8S,46.8,1200.0,89.6,1638.18,3.8,0.14,0.83,0.0,0.0,343,System Idle Process,0,Code.exe,13420,,,,,,,,
2026-08-09 11:25:46,LAPTOP-GU29EE8S,47.4,1200.0,88.6,1804.34,3.8,0.05,0.32,0.0,0.04,342,System Idle Process,0,Code.exe,13420,,,,,,,,
2026-08-09 11:27:50,LAPTOP-GU29EE8S,48.5,1200.0,89.4,1676.12,3.8,0.05,0.43,0.01,0.1,342,System Idle Process,0,Code.exe,13420,,,,,,,,
2026-08-09 11:28:27,LAPTOP-GU29EE8S,58.9,1200.0,88.0,1893.89,3.8,0.04,0.59,0.0,0.03,347,System Idle Process,0,Code.exe,13420,,,,,,,,
2026-08-09 11:28:54,LAPTOP-GU29EE8S,59.9,1200.0,89.4,1679.88,3.8,0.03,0.28,0.01,0.11,339,System Idle Process,0,Code.exe,13420,,,,,,,,
2026-08-09 11:29:03,LAPTOP-GU29EE8S,51.0,1200.0,85.8,2237.98,3.8,0.36,9.07,0.02,0.23,322,System Idle Process,0,Code.exe,13420,,Healthy,0,100,,,,0
2026-08-09 11:29:12,LAPTOP-GU29EE8S,24.4,1200.0,99.8,35.57,3.8,52.53,25.98,0.01,0.19,321,System Idle Process,0,python.exe,3232,,Healthy,0,100,,,,0
2026-08-09 11:29:20,LAPTOP-GU29EE8S,27.4,1200.0,98.0,318.15,3.8,24.82,116.12,0.01,0.13,317,System Idle Process,0,python.exe,3232,,Healthy,0,100,,,,0
2026-08-09 11:29:28,LAPTOP-GU29EE8S,23.0,1200.0,99.5,82.32,3.8,8.59,1.01,0.03,0.22,316,System Idle Process,0,python.exe,3232,,Healthy,0,100,,,,0
2026-08-09 11:29:36,LAPTOP-GU29EE8S,28.1,1200.0,98.1,300.54,3.8,23.21,4.05,0.04,0.32,316,System Idle Process,0,python.exe,3232,,Healthy,0,100,,,,0
2026-08-09 11:29:42,LAPTOP-GU29EE8S,21.5,1200.0,94.3,905.71,3.8,7.62,64.92,0.02,0.05,318,System Idle Process,0,python.exe,3232,,Healthy,0,100,,,,0
2026-08-09 11:29:48,LAPTOP-GU29EE8S,20.6,1200.0,94.7,845.24,3.8,14.95,6.04,0.03,0.12,320,System Idle Process,0,python.exe,3232,,Healthy,0,100,,,,0
2026-08-09 11:29:53,LAPTOP-GU29EE8S,9.7,1200.0,94.2,912.9,3.8,4.24,1.02,0.0,0.0,319,System Idle Process,0,python.exe,3232,,Healthy,0,100,,,,0
2026-08-09 11:29:59,LAPTOP-GU29EE8S,8.8,1200.0,94.6,859.37,3.8,4.51,1.35,0.0,0.0,319,System Idle Process,0,python.exe,3232,,Healthy,0,100,,,,0
2026-08-09 11:30:04,LAPTOP-GU29EE8S,10.2,1200.0,94.8,823.42,3.8,7.84,1.47,0.0,0.0,319,System Idle Process,0,python.exe,3232,,Healthy,0,100,,,,0
2026-08-09 11:30:09,LAPTOP-GU29EE8S,7.7,1200.0,94.7,831.77,3.8,2.72,1.04,0.0,0.0,319,System Idle Process,0,python.exe,3232,,Healthy,0,100,,,,0
2026-08-09 11:30:14,LAPTOP-GU29EE8S,10.6,1200.0,94.7,839.43,3.8,6.76,0.94,0.0,0.0,319,System Idle Process,0,python.exe,3232,,Healthy,0,100,,,,0
2026-08-09 11:30:19,LAPTOP-GU29EE8S,8.5,1200.0,94.9,805.77,3.8,8.76,1.17,0.0,0.0,319,System Idle Process,0,python.exe,3232,,Healthy,0,100,,,,0
2026-08-09 11:30:24,LAPTOP-GU29EE8S,7.6,1200.0,94.8,825.05,3.8,0.57,1.07,0.0,0.0,319,System Idle Process,0,python.exe,3232,,Healthy,0,100,,,,0
2026-08-09 11:30:32,LAPTOP-GU29EE8S,9.1,1200.0,95.1,777.85,3.8,4.47,1.02,0.0,0.0,321,System Idle Process,0,python.exe,3232,,Healthy,0,100,,,,0
2026-08-09 11:30:41,LAPTOP-GU29EE8S,15.5,1200.0,93.4,1046.68,3.8,5.22,0.72,0.02,0.02,320,System Idle Process,0,python.exe,3232,,Healthy,0,100,,,,0
2026-08-09 11:30:50,LAPTOP-GU29EE8S,20.2,1200.0,93.2,1073.22,3.8,9.16,1.11,0.03,0.11,319,System Idle Process,0,python.exe,3232,,Healthy,0,100,,,,0
2026-08-09 11:30:58,LAPTOP-GU29EE8S,22.3,1200.0,95.4,719.27,3.8,9.44,1.47,0.05,0.26,320,System Idle Process,0,python.exe,3232,,Healthy,0,100,,,,0
2026-08-09 11:31:07,LAPTOP-GU29EE8S,15.1,1200.0,96.0,635.31,3.8,5.78,1.49,0.0,0.05,318,System Idle Process,0,python.exe,3232,,Healthy,0,100,,,,0
2026-08-09 11:31:17,LAPTOP-GU29EE8S,12.8,1200.0,95.2,751.54,3.8,22.99,0.71,0.0,0.0,317,System Idle Process,0,python.exe,3232,,Healthy,0,100,,,,0
2026-08-09 11:31:25,LAPTOP-GU29EE8S,11.0,1200.0,94.9,809.54,3.8,0.75,0.66,0.0,0.0,317,System Idle Process,0,python.exe,3232,,Healthy,0,100,,,,0
2026-08-09 11:31:32,LAPTOP-GU29EE8S,21.0,1200.0,96.0,624.63,3.8,53.58,0.57,0.0,0.01,318,System Idle Process,0,python.exe,3232,,Healthy,0,100,,,,0
2026-08-09 11:31:38,LAPTOP-GU29EE8S,9.1,1200.0,95.5,706.17,3.8,1.11,0.85,0.0,0.0,318,System Idle Process,0,python.exe,3232,,Healthy,0,100,,,,0
2026-08-09 11:31:44,LAPTOP-GU29EE8S,11.6,1200.0,92.4,1205.18,3.8,0.88,2.15,0.0,0.0,318,System Idle Process,0,python.exe,3232,,Healthy,0,100,,,,0
2026-08-09 11:31:49,LAPTOP-GU29EE8S,14.0,1200.0,81.8,2881.55,3.8,1.53,0.72,0.01,0.02,318,System Idle Process,0,python.exe,3232,,Healthy,0,100,,,,0
2026-08-09 11:31:58,LAPTOP-GU29EE8S,9.2,1200.0,82.1,2823.33,3.8,0.53,0.68,0.0,0.0,317,System Idle Process,0,python.exe,3232,,Healthy,0,100,,,,0
2026-08-09 11:32:06,LAPTOP-GU29EE8S,13.3,1200.0,83.6,2594.79,3.8,4.2,0.72,0.01,0.02,322,System Idle Process,0,python.exe,3232,,Healthy,0,100,,,,0
2026-08-09 11:32:15,LAPTOP-GU29EE8S,16.6,1200.0,83.5,2600.68,3.8,3.34,1.9,0.03,0.34,322,System Idle Process,0,python.exe,3232,,Healthy,0,100,,,,0
2026-08-09 11:32:23,LAPTOP-GU29EE8S,12.7,1200.0,84.3,2486.09,3.8,2.63,0.83,0.0,0.0,324,System Idle Process,0,python.exe,3232,,Healthy,0,100,,,,0
2026-08-09 11:32:31,LAPTOP-GU29EE8S,8.1,1200.0,84.3,2474.43,3.8,0.91,1.3,0.0,0.0,324,System Idle Process,0,python.exe,3232,,Healthy,0,100,,,,0
2026-08-09 11:32:38,LAPTOP-GU29EE8S,8.2,1200.0,83.9,2550.74,3.8,0.81,0.81,0.0,0.0,323,System Idle Process,0,python.exe,3232,,Healthy,0,100,,,,0
2026-08-09 11:32:46,LAPTOP-GU29EE8S,8.4,1200.0,83.7,2581.81,3.8,0.88,0.63,0.0,0.0,323,System Idle Process,0,python.exe,3232,,Healthy,0,100,,,,0
2026-08-09 11:32:55,LAPTOP-GU29EE8S,7.7,1200.0,83.6,2589.18,3.8,0.28,0.66,0.0,0.0,323,System Idle Process,0,python.exe,3232,,Healthy,0,100,,,,0
2026-08-09 11:33:04,LAPTOP-GU29EE8S,11.6,1200.0,84.3,2487.53,3.8,0.39,0.63,0.01,0.01,323,System Idle Process,0,python.exe,3232,,Healthy,0,100,,,,0
2026-08-09 11:33:12,LAPTOP-GU29EE8S,14.6,1200.0,84.8,2399.51,3.8,0.58,1.48,0.02,0.27,323,System Idle Process,0,python.exe,3232,,Healthy,0,100,,,,0
2026-08-09 11:33:21,LAPTOP-GU29EE8S,11.1,1200.0,85.1,2357.17,3.8,0.74,0.61,0.01,0.08,323,System Idle Process,0,python.exe,3232,,Healthy,0,100,,,,0
2026-08-09 11:33:30,LAPTOP-GU29EE8S,11.3,1200.0,85.4,2305.59,3.8,1.1,0.49,0.0,0.02,322,System Idle Process,0,python.exe,3232,,Healthy,0,100,,,,0
2026-08-09 11:33:39,LAPTOP-GU29EE8S,9.8,1200.0,85.4,2300.1,3.8,4.57,1.14,0.0,0.0,322,System Idle Process,0,python.exe,3232,,Healthy,0,100,,,,0
2026-08-09 11:33:48,LAPTOP-GU29EE8S,8.7,1200.0,85.3,2323.51,3.8,0.09,0.46,0.0,0.0,322,System Idle Process,0,python.exe,3232,,Healthy,0,100,,,,0
2026-08-09 11:33:56,LAPTOP-GU29EE8S,9.1,1200.0,85.4,2302.78,3.8,0.15,0.58,0.0,0.01,322,System Idle Process,0,python.exe,3232,,Healthy,0,100,,,,0
2026-08-09 11:34:04,LAPTOP-GU29EE8S,9.0,1200.0,85.4,2309.27,3.8,0.09,0.77,0.0,0.01,322,System Idle Process,0,python.exe,3232,,Healthy,0,100,,,,0
2026-08-09 11:34:10,LAPTOP-GU29EE8S,11.3,1200.0,84.8,2398.18,3.8,0.69,1.01,0.0,0.0,321,System Idle Process,0,python.exe,3232,,Healthy,0,100,,,,0
2026-08-09 11:34:15,LAPTOP-GU29EE8S,10.4,1200.0,84.1,2515.63,3.8,0.19,0.65,0.0,0.0,321,System Idle Process,0,python.exe,3232,,Healthy,0,100,,,,0
2026-08-09 11:34:21,LAPTOP-GU29EE8S,9.7,1200.0,83.8,2565.89,3.8,0.29,1.05,0.0,0.0,319,System Idle Process,0,python.exe,3232,,Healthy,0,100,,,,0
2026-08-09 11:34:26,LAPTOP-GU29EE8S,8.5,1200.0,83.8,2564.95,3.8,0.1,1.05,0.0,0.0,320,System Idle Process,0,python.exe,3232,,Healthy,0,100,,,,0
2026-08-09 11:34:31,LAPTOP-GU29EE8S,9.1,1200.0,83.8,2566.4,3.8,0.16,1.27,0.0,0.0,319,System Idle Process,0,python.exe,3232,,Healthy,0,100,,,,0
2026-08-09 11:34:36,LAPTOP-GU29EE8S,8.8,1200.0,84.1,2516.98,3.8,3.52,0.87,0.0,0.0,321,System Idle Process,0,python.exe,3232,,Healthy,0,100,,,,0
2026-08-09 11:34:42,LAPTOP-GU29EE8S,6.8,1200.0,84.1,2516.61,3.8,0.17,1.16,0.0,0.0,320,System Idle Process,0,python.exe,3232,,Healthy,0,100,,,,0
2026-08-09 11:34:47,LAPTOP-GU29EE8S,7.9,1200.0,84.1,2519.27,3.8,2.76,0.68,0.0,0.03,319,System Idle Process,0,python.exe,3232,,Healthy,0,100,,,,0
2026-08-09 11:34:52,LAPTOP-GU29EE8S,6.5,1200.0,84.1,2518.43,3.8,0.03,0.93,0.0,0.0,319,System Idle Process,0,python.exe,3232,,Healthy,0,100,,,,0
2026-08-09 11:34:58,LAPTOP-GU29EE8S,6.7,1200.0,84.1,2512.84,3.8,0.71,1.03,0.0,0.0,319,System Idle Process,0,python.exe,3232,,Healthy,0,100,,,,0
2026-08-09 11:35:08,LAPTOP-GU29EE8S,11.1,1200.0,85.2,2344.2,3.8,5.83,1.01,0.0,0.01,319,System Idle Process,0,python.exe,3232,,Healthy,0,100,,,,0
2026-08-09 11:35:17,LAPTOP-GU29EE8S,11.0,1200.0,84.6,2432.42,3.8,0.28,0.51,0.0,0.0,319,System Idle Process,0,python.exe,3232,,Healthy,0,100,,,,0
2026-08-09 11:35:26,LAPTOP-GU29EE8S,9.9,1200.0,84.5,2444.3,3.8,0.23,0.5,0.0,0.0,319,System Idle Process,0,python.exe,3232,,Healthy,0,100,,,,0
2026-08-09 11:35:35,LAPTOP-GU29EE8S,9.9,1200.0,85.0,2376.02,3.8,2.81,0.77,0.0,0.0,319,System Idle Process,0,python.exe,3232,,Healthy,0,100,,,,0
2026-08-09 11:35:44,LAPTOP-GU29EE8S,12.9,1200.0,84.2,2497.87,3.8,1.64,0.56,0.0,0.0,319,System Idle Process,0,python.exe,3232,,Healthy,0,100,,,,0
2026-08-09 11:35:52,LAPTOP-GU29EE8S,10.0,1200.0,83.8,2554.7,3.8,0.13,0.48,0.0,0.0,319,System Idle Process,0,python.exe,3232,,Healthy,0,100,,,,0
2026-08-09 11:36:00,LAPTOP-GU29EE8S,8.2,1200.0,84.3,2480.29,3.8,0.17,0.65,0.0,0.0,319,System Idle Process,0,python.exe,3232,,Healthy,0,100,,,,0
2026-08-09 11:36:08,LAPTOP-GU29EE8S,14.0,1200.0,85.0,2376.52,3.8,3.22,0.85,0.03,0.08,319,System Idle Process,0,python.exe,3232,,Healthy,0,100,,,,0
2026-08-09 11:36:15,LAPTOP-GU29EE8S,8.5,1200.0,84.7,2413.82,3.8,0.06,0.84,0.0,0.0,319,System Idle Process,0,python.exe,3232,,Healthy,0,100,,,,0
2026-08-09 11:36:23,LAPTOP-GU29EE8S,7.4,1200.0,84.6,2427.54,3.8,0.01,0.72,0.0,0.0,318,System Idle Process,0,python.exe,3232,,Healthy,0,100,,,,0
2026-08-09 11:36:31,LAPTOP-GU29EE8S,8.8,1200.0,84.8,2399.58,3.8,0.08,0.66,0.0,0.0,318,System Idle Process,0,python.exe,3232,,Healthy,0,100,,,,0
2026-08-09 11:36:39,LAPTOP-GU29EE8S,7.7,1200.0,84.3,2481.89,3.8,0.12,0.43,0.0,0.0,318,System Idle Process,0,python.exe,3232,,Healthy,0,100,,,,0
2026-08-09 11:36:46,LAPTOP-GU29EE8S,7.5,1200.0,84.3,2480.42,3.8,0.16,0.86,0.0,0.0,318,System Idle Process,0,python.exe,3232,,Healthy,0,100,,,,0
2026-08-09 11:36:55,LAPTOP-GU29EE8S,11.5,1200.0,59.1,6457.31,3.8,0.5,0.64,0.0,0.01,318,System Idle Process,0,python.exe,3232,,Healthy,0,100,,,,0
2026-08-09 11:37:02,LAPTOP-GU29EE8S,9.7,1200.0,59.4,6420.03,3.8,0.34,0.64,0.0,0.0,318,System Idle Process,0,python.exe,3232,,Healthy,0,100,,,,0
2026-08-09 11:37:09,LAPTOP-GU29EE8S,7.5,1200.0,59.0,6482.0,3.8,0.17,0.74,0.0,0.0,318,System Idle Process,0,python.exe,3232,,Healthy,0,100,,,,0
2026-08-09 11:37:14,LAPTOP-GU29EE8S,8.5,1200.0,59.4,6422.55,3.8,0.77,0.67,0.0,0.0,318,System Idle Process,0,python.exe,3232,,Healthy,0,100,,,,0
2026-08-09 11:37:19,LAPTOP-GU29EE8S,7.5,1200.0,59.3,6428.45,3.8,0.05,0.85,0.0,0.0,318,System Idle Process,0,python.exe,3232,,Healthy,0,100,,,,0
2026-08-09 11:37:24,LAPTOP-GU29EE8S,8.5,1200.0,59.4,6416.73,3.8,0.06,1.15,0.0,0.0,318,System Idle Process,0,python.exe,3232,,Healthy,0,100,,,,0
2026-08-09 11:37:29,LAPTOP-GU29EE8S,7.1,1200.0,59.3,6430.18,3.8,0.08,0.99,0.0,0.0,317,System Idle Process,0,python.exe,3232,,Healthy,0,100,,,,0
2026-08-09 11:37:34,LAPTOP-GU29EE8S,6.3,1200.0,59.3,6434.31,3.8,0.01,0.71,0.0,0.0,317,System Idle Process,0,python.exe,3232,,Healthy,0,100,,,,0
2026-08-09 11:37:39,LAPTOP-GU29EE8S,6.6,1200.0,59.3,6438.58,3.8,0.01,1.19,0.0,0.0,317,System Idle Process,0,python.exe,3232,,Healthy,0,100,,,,0
2026-08-09 11:37:44,LAPTOP-GU29EE8S,7.5,1200.0,59.3,6433.38,3.8,0.09,0.76,0.0,0.0,317,System Idle Process,0,python.exe,3232,,Healthy,0,100,,,,0
2026-08-09 11:37:49,LAPTOP-GU29EE8S,7.6,1200.0,59.3,6429.03,3.8,0.53,1.27,0.0,0.0,317,System Idle Process,0,python.exe,3232,,Healthy,0,100,,,,0
2026-08-09 11:37:54,LAPTOP-GU29EE8S,7.1,1200.0,59.3,6430.21,3.8,0.0,1.17,0.0,0.0,317,System Idle Process,0,python.exe,3232,,Healthy,0,100,,,,0
2026-08-09 11:37:59,LAPTOP-GU29EE8S,7.9,1200.0,59.3,6425.19,3.8,0.24,0.99,0.0,0.0,317,System Idle Process,0,python.exe,3232,,Healthy,0,100,,,,0
2026-08-09 11:38:04,LAPTOP-GU29EE8S,6.9,1200.0,59.4,6409.7,3.8,0.09,0.87,0.0,0.0,317,System Idle Process,0,python.exe,3232,,Healthy,0,100,,,,0
2026-08-09 11:38:09,LAPTOP-GU29EE8S,7.1,1200.0,59.4,6409.64,3.8,0.09,0.93,0.0,0.0,317,System Idle Process,0,python.exe,3232,,Healthy,0,100,,,,0
2026-08-09 11:38:14,LAPTOP-GU29EE8S,8.0,1200.0,59.4,6420.31,3.8,0.04,1.1,0.0,0.0,317,System Idle Process,0,python.exe,3232,,Healthy,0,100,,,,0
2026-08-09 11:38:19,LAPTOP-GU29EE8S,7.8,1200.0,59.4,6419.25,3.8,0.02,0.96,0.0,0.0,317,System Idle Process,0,python.exe,3232,,Healthy,0,100,,,,0
2026-08-09 11:38:24,LAPTOP-GU29EE8S,7.7,1200.0,59.3,6431.02,3.8,0.0,1.11,0.0,0.0,317,System Idle Process,0,python.exe,3232,,Healthy,0,100,,,,0
2026-08-09 11:38:29,LAPTOP-GU29EE8S,7.1,1200.0,59.4,6423.48,3.8,0.02,1.04,0.0,0.0,317,System Idle Process,0,python.exe,3232,,Healthy,0,100,,,,0
2026-08-09 11:38:34,LAPTOP-GU29EE8S,6.8,1200.0,59.5,6402.61,3.8,0.14,0.85,0.0,0.01,317,System Idle Process,0,python.exe,3232,,Healthy,0,100,,,,0
2026-08-09 11:38:39,LAPTOP-GU29EE8S,6.6,1200.0,59.5,6402.02,3.8,0.02,0.78,0.0,0.0,317,System Idle Process,0,python.exe,3232,,Healthy,0,100,,,,0
2026-08-09 11:38:44,LAPTOP-GU29EE8S,8.6,1200.0,59.6,6392.42,3.8,0.03,1.3,0.0,0.0,317,System Idle Process,0,python.exe,3232,,Healthy,0,100,,,,0
2026-08-09 11:38:49,LAPTOP-GU29EE8S,7.9,1200.0,59.6,6388.64,3.8,1.79,3.72,0.0,0.0,317,System Idle Process,0,python.exe,3232,,Healthy,0,100,,,,0
2026-08-09 11:38:54,LAPTOP-GU29EE8S,7.6,1200.0,59.5,6406.6,3.8,0.11,0.85,0.0,0.0,316,System Idle Process,0,python.exe,3232,,Healthy,0,100,,,,0
2026-08-09 11:38:59,LAPTOP-GU29EE8S,7.1,1200.0,59.5,6408.57,3.8,0.18,1.0,0.0,0.0,316,System Idle Process,0,python.exe,3232,,Healthy,0,100,,,,0
2026-08-09 11:39:04,LAPTOP-GU29EE8S,11.3,1200.0,58.8,6518.31,3.8,0.14,1.12,0.01,0.0,316,System Idle Process,0,python.exe,3232,,Healthy,0,100,,,,0
2026-08-09 11:39:09,LAPTOP-GU29EE8S,7.2,1200.0,58.6,6538.67,3.8,0.06,1.26,0.0,0.0,316,System Idle Process,0,python.exe,3232,,Healthy,0,100,,,,0
2026-08-09 11:39:14,LAPTOP-GU29EE8S,7.3,1200.0,58.7,6527.48,3.8,0.72,0.81,0.0,0.0,316,System Idle Process,0,python.exe,3232,,Healthy,0,100,,,,0
2026-08-09 11:39:19,LAPTOP-GU29EE8S,6.9,1200.0,58.2,6601.5,3.8,0.0,1.13,0.0,0.0,316,System Idle Process,0,python.exe,3232,,Healthy,0,100,,,,0
2026-08-09 11:39:24,LAPTOP-GU29EE8S,6.2,1200.0,58.2,6605.21,3.8,0.0,1.06,0.0,0.0,316,System Idle Process,0,python.exe,3232,,Healthy,0,100,,,,0
2026-08-09 11:39:29,LAPTOP-GU29EE8S,7.5,1200.0,58.2,6604.89,3.8,0.0,0.91,0.0,0.0,316,System Idle Process,0,python.exe,3232,,Healthy,0,100,,,,0
2026-08-09 11:39:34,LAPTOP-GU29EE8S,6.9,1200.0,58.2,6612.21,3.8,0.53,1.12,0.0,0.0,316,System Idle Process,0,python.exe,3232,,Healthy,0,100,,,,0
2026-08-09 11:39:39,LAPTOP-GU29EE8S,7.1,1200.0,58.2,6601.67,3.8,1.15,1.04,0.0,0.0,317,System Idle Process,0,python.exe,3232,,Healthy,0,100,,,,0
2026-08-09 11:39:44,LAPTOP-GU29EE8S,7.8,1200.0,58.2,6604.62,3.8,1.58,1.0,0.0,0.0,317,System Idle Process,0,python.exe,3232,,Healthy,0,100,,,,0
2026-08-09 11:39:49,LAPTOP-GU29EE8S,7.4,1200.0,58.2,6603.88,3.8,0.34,0.99,0.0,0.0,317,System Idle Process,0,python.exe,3232,,Healthy,0,100,,,,0
2026-08-09 11:39:54,LAPTOP-GU29EE8S,7.3,1200.0,58.2,6610.78,3.8,0.14,1.01,0.0,0.0,317,System Idle Process,0,python.exe,3232,,Healthy,0,100,,,,0
2026-08-09 11:40:00,LAPTOP-GU29EE8S,7.0,1200.0,58.2,6605.32,3.8,0.28,0.66,0.0,0.0,317,System Idle Process,0,python.exe,3232,,Healthy,0,100,,,,0
2026-08-09 11:40:04,LAPTOP-GU29EE8S,9.0,1200.0,58.2,6601.21,3.8,6.06,1.49,0.0,0.0,317,System Idle Process,0,python.exe,3232,,Healthy,0,100,,,,0
2026-08-09 11:40:09,LAPTOP-GU29EE8S,7.2,1200.0,58.3,6596.54,3.8,0.02,0.96,0.0,0.0,317,System Idle Process,0,python.exe,3232,,Healthy,0,100,,,,0
2026-08-09 11:40:14,LAPTOP-GU29EE8S,7.6,1200.0,58.3,6593.04,3.8,0.03,0.92,0.0,0.0,317,System Idle Process,0,python.exe,3232,,Healthy,0,100,,,,0
2026-08-09 11:40:19,LAPTOP-GU29EE8S,6.7,1200.0,58.3,6592.4,3.8,0.05,0.72,0.0,0.0,317,System Idle Process,0,python.exe,3232,,Healthy,0,100,,,,0
2026-08-09 11:40:24,LAPTOP-GU29EE8S,6.6,1200.0,58.3,6593.57,3.8,0.02,1.13,0.0,0.0,317,System Idle Process,0,python.exe,3232,,Healthy,0,100,,,,0
2026-08-09 11:40:29,LAPTOP-GU29EE8S,6.7,1200.0,58.3,6592.8,3.8,0.03,1.17,0.0,0.0,317,System Idle Process,0,python.exe,3232,,Healthy,0,100,,,,0
2026-08-09 11:40:34,LAPTOP-GU29EE8S,6.3,1200.0,58.3,6586.95,3.8,0.01,1.12,0.0,0.0,317,System Idle Process,0,python.exe,3232,,Healthy,0,100,,,,0
2026-08-09 11:40:40,LAPTOP-GU29EE8S,7.0,1200.0,58.3,6593.8,3.8,0.01,0.94,0.0,0.0,317,System Idle Process,0,python.exe,3232,,Healthy,0,100,,,,0
2026-08-09 11:40:45,LAPTOP-GU29EE8S,7.1,1200.0,58.3,6593.22,3.8,0.02,1.18,0.0,0.0,317,System Idle Process,0,python.exe,3232,,Healthy,0,100,,,,0
2026-08-09 11:40:50,LAPTOP-GU29EE8S,7.8,1200.0,58.3,6596.54,3.8,0.02,0.88,0.0,0.0,317,System Idle Process,0,python.exe,3232,,Healthy,0,100,,,,0
2026-08-09 11:40:55,LAPTOP-GU29EE8S,7.3,1200.0,58.3,6592.96,3.8,0.31,0.85,0.0,0.0,317,System Idle Process,0,python.exe,3232,,Healthy,0,100,,,,0
2026-08-09 11:41:00,LAPTOP-GU29EE8S,7.9,1200.0,58.2,6605.63,3.8,0.19,1.21,0.0,0.0,317,System Idle Process,0,python.exe,3232,,Healthy,0,100,,,,0
2026-08-09 11:41:05,LAPTOP-GU29EE8S,8.1,1200.0,58.2,6604.14,3.8,0.14,1.05,0.0,0.0,317,System Idle Process,0,python.exe,3232,,Healthy,0,100,,,,0
2026-08-09 11:41:10,LAPTOP-GU29EE8S,7.2,1200.0,58.2,6599.38,3.8,0.06,0.9,0.0,0.0,317,System Idle Process,0,python.exe,3232,,Healthy,0,100,,,,0
2026-08-09 11:41:15,LAPTOP-GU29EE8S,7.8,1200.0,58.2,6611.86,3.8,0.93,1.06,0.0,0.0,317,System Idle Process,0,python.exe,3232,,Healthy,0,100,,,,0
2026-08-09 11:41:20,LAPTOP-GU29EE8S,7.0,1200.0,58.2,6609.06,3.8,0.05,0.79,0.0,0.0,317,System Idle Process,0,python.exe,3232,,Healthy,0,100,,,,0
2026-08-09 11:41:25,LAPTOP-GU29EE8S,6.9,1200.0,58.2,6613.77,3.8,0.04,0.93,0.0,0.0,317,System Idle Process,0,python.exe,3232,,Healthy,0,100,,,,0
2026-08-09 11:41:30,LAPTOP-GU29EE8S,6.7,1200.0,58.2,6602.79,3.8,0.03,1.19,0.0,0.0,317,System Idle Process,0,python.exe,3232,,Healthy,0,100,,,,0
2026-08-09 11:41:35,LAPTOP-GU29EE8S,6.5,1200.0,58.2,6613.8,3.8,0.0,1.1,0.0,0.0,317,System Idle Process,0,python.exe,3232,,Healthy,0,100,,,,0
2026-08-09 11:41:40,LAPTOP-GU29EE8S,7.0,1200.0,58.2,6609.7,3.8,0.0,0.87,0.0,0.0,317,System Idle Process,0,python.exe,3232,,Healthy,0,100,,,,0
2026-08-09 11:41:44,LAPTOP-GU29EE8S,6.4,1200.0,58.2,6606.97,3.8,0.02,0.83,0.0,0.0,317,System Idle Process,0,python.exe,3232,,Healthy,0,100,,,,0
2026-08-09 11:41:49,LAPTOP-GU29EE8S,8.1,1200.0,58.2,6613.4,3.8,0.26,0.94,0.0,0.02,318,System Idle Process,0,python.exe,3232,,Healthy,0,100,,,,0
2026-08-09 11:41:54,LAPTOP-GU29EE8S,8.3,1200.0,58.0,6639.39,3.8,9.41,0.95,0.0,0.0,317,System Idle Process,0,python.exe,3232,,Healthy,0,100,,,,0
2026-08-09 11:41:59,LAPTOP-GU29EE8S,6.4,1200.0,58.0,6638.21,3.8,0.06,1.33,0.0,0.0,317,System Idle Process,0,python.exe,3232,,Healthy,0,100,,,,0
2026-08-09 11:42:04,LAPTOP-GU29EE8S,8.0,1200.0,58.0,6636.96,3.8,0.04,0.82,0.0,0.0,317,System Idle Process,0,python.exe,3232,,Healthy,0,100,,,,0
2026-08-09 11:42:09,LAPTOP-GU29EE8S,7.2,1200.0,58.0,6634.64,3.8,0.17,1.03,0.0,0.0,317,System Idle Process,0,python.exe,3232,,Healthy,0,100,,,,0
2026-08-09 11:42:14,LAPTOP-GU29EE8S,7.0,1200.0,58.0,6638.39,3.8,0.02,1.42,0.0,0.0,317,System Idle Process,0,python.exe,3232,,Healthy,0,100,,,,0
2026-08-09 11:42:19,LAPTOP-GU29EE8S,7.3,1200.0,58.0,6633.25,3.8,0.23,0.66,0.0,0.0,317,System Idle Process,0,python.exe,3232,,Healthy,0,100,,,,0
2026-08-09 11:42:24,LAPTOP-GU29EE8S,6.9,1200.0,58.1,6619.48,3.8,1.44,0.93,0.0,0.0,317,System Idle Process,0,python.exe,3232,,Healthy,0,100,,,,0
2026-08-09 11:42:29,LAPTOP-GU29EE8S,6.9,1200.0,58.1,6619.88,3.8,0.0,1.19,0.0,0.0,317,System Idle Process,0,python.exe,3232,,Healthy,0,100,,,,0
2026-08-09 11:42:34,LAPTOP-GU29EE8S,6.8,1200.0,58.1,6617.65,3.8,0.0,0.87,0.0,0.0,317,System Idle Process,0,python.exe,3232,,Healthy,0,100,,,,0
2026-08-09 11:42:39,LAPTOP-GU29EE8S,7.4,1200.0,58.2,6604.93,3.8,2.66,0.8,0.0,0.01,317,System Idle Process,0,python.exe,3232,,Healthy,0,100,,,,0
2026-08-09 11:42:44,LAPTOP-GU29EE8S,7.9,1200.0,58.4,6573.0,3.8,2.45,0.92,0.01,0.01,317,System Idle Process,0,python.exe,3232,,Healthy,0,100,,,,0
2026-08-09 11:42:49,LAPTOP-GU29EE8S,7.4,1200.0,58.4,6575.57,3.8,0.31,1.25,0.0,0.0,317,System Idle Process,0,python.exe,3232,,Healthy,0,100,,,,0
2026-08-09 11:42:54,LAPTOP-GU29EE8S,7.2,1200.0,58.4,6570.94,3.8,0.39,0.97,0.0,0.0,317,System Idle Process,0,python.exe,3232,,Healthy,0,100,,,,0
2026-08-09 11:42:59,LAPTOP-GU29EE8S,6.5,1200.0,58.4,6569.77,3.8,0.05,0.8,0.0,0.0,317,System Idle Process,0,python.exe,3232,,Healthy,0,100,,,,0
2026-08-09 11:43:04,LAPTOP-GU29EE8S,7.3,1200.0,58.4,6568.91,3.8,0.07,1.32,0.0,0.0,317,System Idle Process,0,python.exe,3232,,Healthy,0,100,,,,0
2026-08-09 11:43:09,LAPTOP-GU29EE8S,7.5,1200.0,58.5,6564.59,3.8,0.1,1.11,0.0,0.0,317,System Idle Process,0,python.exe,3232,,Healthy,0,100,,,,0
2026-08-09 11:43:14,LAPTOP-GU29EE8S,6.7,1200.0,58.4,6568.91,3.8,0.57,0.87,0.0,0.0,317,System Idle Process,0,python.exe,3232,,Healthy,0,100,,,,0
2026-08-09 11:43:19,LAPTOP-GU29EE8S,8.0,1200.0,58.5,6566.26,3.8,0.04,1.23,0.0,0.0,317,System Idle Process,0,python.exe,3232,,Healthy,0,100,,,,0
2026-08-09 11:43:24,LAPTOP-GU29EE8S,7.0,1200.0,58.5,6565.8,3.8,0.36,0.89,0.0,0.0,317,System Idle Process,0,python.exe,3232,,Healthy,0,100,,,,0
2026-08-09 11:43:29,LAPTOP-GU29EE8S,7.0,1200.0,58.5,6562.71,3.8,0.02,0.88,0.0,0.0,317,System Idle Process,0,python.exe,3232,,Healthy,0,100,,,,0
2026-08-09 11:43:34,LAPTOP-GU29EE8S,7.0,1200.0,58.5,6562.3,3.8,0.01,1.07,0.0,0.0,317,System Idle Process,0,python.exe,3232,,Healthy,0,100,,,,0
2026-08-09 11:43:39,LAPTOP-GU29EE8S,7.0,1200.0,58.5,6564.48,3.8,0.09,1.18,0.0,0.0,317,System Idle Process,0,python.exe,3232,,Healthy,0,100,,,,0
2026-08-09 11:43:45,LAPTOP-GU29EE8S,7.6,1200.0,58.5,6562.33,3.8,0.08,1.22,0.0,0.0,317,System Idle Process,0,python.exe,3232,,Healthy,0,100,,,,0
2026-08-09 11:43:50,LAPTOP-GU29EE8S,7.4,1200.0,58.5,6561.11,3.8,0.0,0.81,0.0,0.0,317,System Idle Process,0,python.exe,3232,,Healthy,0,100,,,,0
2026-08-09 11:43:55,LAPTOP-GU29EE8S,9.7,1200.0,58.6,6536.42,3.8,0.66,0.94,0.0,0.0,317,System Idle Process,0,python.exe,3232,,Healthy,0,100,,,,0
2026-08-09 11:44:00,LAPTOP-GU29EE8S,7.0,1200.0,58.6,6539.09,3.8,0.18,1.15,0.0,0.0,317,System Idle Process,0,python.exe,3232,,Healthy,0,100,,,,0
2026-08-09 11:44:05,LAPTOP-GU29EE8S,9.7,1200.0,58.9,6489.48,3.8,4.4,0.94,0.0,0.0,317,System Idle Process,0,python.exe,3232,,Healthy,0,100,,,,0
2026-08-09 11:44:11,LAPTOP-GU29EE8S,9.2,1200.0,58.9,6489.71,3.8,0.28,1.12,0.0,0.0,317,System Idle Process,0,python.exe,3232,,Healthy,0,100,,,,0
2026-08-09 11:44:16,LAPTOP-GU29EE8S,7.9,1200.0,59.1,6471.68,3.8,0.04,0.84,0.0,0.0,317,System Idle Process,0,python.exe,3232,,Healthy,0,100,,,,0
2026-08-09 11:44:21,LAPTOP-GU29EE8S,7.6,1200.0,59.0,6482.45,3.8,0.02,1.21,0.0,0.0,317,System Idle Process,0,python.exe,3232,,Healthy,0,100,,,,0
2026-08-09 11:44:26,LAPTOP-GU29EE8S,6.3,1200.0,59.0,6487.5,3.8,0.02,0.84,0.0,0.0,317,System Idle Process,0,python.exe,3232,,Healthy,0,100,,,,0
2026-08-09 11:44:31,LAPTOP-GU29EE8S,7.0,1200.0,58.8,6517.74,3.8,0.02,0.99,0.0,0.0,317,System Idle Process,0,python.exe,3232,,Healthy,0,100,,,,0
2026-08-09 11:44:36,LAPTOP-GU29EE8S,7.3,1200.0,58.8,6516.93,3.8,0.0,0.91,0.0,0.0,317,System Idle Process,0,python.exe,3232,,Healthy,0,100,,,,0
2026-08-09 11:44:41,LAPTOP-GU29EE8S,7.4,1200.0,58.8,6512.14,3.8,0.08,0.88,0.0,0.0,317,System Idle Process,0,python.exe,3232,,Healthy,0,100,,,,0
2026-08-09 11:44:46,LAPTOP-GU29EE8S,7.0,1200.0,58.8,6514.09,3.8,0.01,1.14,0.0,0.0,317,System Idle Process,0,python.exe,3232,,Healthy,0,100,,,,0
2026-08-09 11:44:51,LAPTOP-GU29EE8S,7.3,1200.0,58.8,6510.15,3.8,0.13,0.74,0.0,0.0,317,System Idle Process,0,python.exe,3232,,Healthy,0,100,,,,0
2026-08-09 11:44:56,LAPTOP-GU29EE8S,7.5,1200.0,58.8,6507.41,3.8,0.09,1.05,0.0,0.0,317,System Idle Process,0,python.exe,3232,,Healthy,0,100,,,,0
2026-08-09 11:45:01,LAPTOP-GU29EE8S,7.1,1200.0,58.8,6507.91,3.8,0.13,1.47,0.0,0.0,317,System Idle Process,0,python.exe,3232,,Healthy,0,100,,,,0
2026-08-09 11:45:06,LAPTOP-GU29EE8S,7.2,1200.0,58.8,6504.98,3.8,0.02,0.68,0.0,0.0,317,System Idle Process,0,python.exe,3232,,Healthy,0,100,,,,0
2026-08-09 11:45:11,LAPTOP-GU29EE8S,7.8,1200.0,58.8,6506.67,3.8,0.1,1.55,0.0,0.0,317,System Idle Process,0,python.exe,3232,,Healthy,0,100,,,,0
2026-08-09 11:45:16,LAPTOP-GU29EE8S,6.6,1200.0,58.8,6509.23,3.8,0.01,0.82,0.0,0.0,317,System Idle Process,0,python.exe,3232,,Healthy,0,100,,,,0
2026-08-09 11:45:21,LAPTOP-GU29EE8S,7.4,1200.0,58.8,6505.09,3.8,0.03,0.98,0.0,0.0,317,System Idle Process,0,python.exe,3232,,Healthy,0,100,,,,0
2026-08-09 11:45:26,LAPTOP-GU29EE8S,7.1,1200.0,58.9,6499.34,3.8,0.04,0.89,0.0,0.0,317,System Idle Process,0,python.exe,3232,,Healthy,0,100,,,,0
2026-08-09 11:45:31,LAPTOP-GU29EE8S,7.5,1200.0,58.8,6508.15,3.8,0.06,0.85,0.0,0.0,317,System Idle Process,0,python.exe,3232,,Healthy,0,100,,,,0
2026-08-09 11:45:36,LAPTOP-GU29EE8S,12.5,1200.0,59.2,6453.53,3.8,1.98,1.36,0.0,0.04,317,System Idle Process,0,python.exe,3232,,Healthy,0,100,,,,0
2026-08-09 11:45:41,LAPTOP-GU29EE8S,7.6,1200.0,59.0,6474.15,3.8,0.01,1.36,0.0,0.0,317,System Idle Process,0,python.exe,3232,,Healthy,0,100,,,,0
2026-08-09 11:45:46,LAPTOP-GU29EE8S,7.1,1200.0,59.1,6457.9,3.8,0.04,1.18,0.0,0.0,317,System Idle Process,0,python.exe,3232,,Healthy,0,100,,,,0
2026-08-09 11:45:51,LAPTOP-GU29EE8S,7.0,1200.0,59.1,6466.85,3.8,0.02,1.08,0.03,0.0,317,System Idle Process,0,python.exe,3232,,Healthy,0,100,,,,0
2026-08-09 11:45:56,LAPTOP-GU29EE8S,7.7,1200.0,59.1,6463.69,3.8,0.25,0.72,0.0,0.0,317,System Idle Process,0,python.exe,3232,,Healthy,0,100,,,,0
2026-08-09 11:46:01,LAPTOP-GU29EE8S,6.6,1200.0,59.1,6462.07,3.8,0.06,1.08,0.0,0.0,317,System Idle Process,0,python.exe,3232,,Healthy,0,100,,,,0
2026-08-09 11:46:06,LAPTOP-GU29EE8S,8.1,1200.0,59.1,6467.29,3.8,0.06,1.24,0.0,0.0,317,System Idle Process,0,python.exe,3232,,Healthy,0,100,,,,0
2026-08-09 11:46:11,LAPTOP-GU29EE8S,7.4,1200.0,59.0,6481.6,3.8,0.0,0.73,0.0,0.0,317,System Idle Process,0,python.exe,3232,,Healthy,0,100,,,,0
2026-08-09 11:46:16,LAPTOP-GU29EE8S,6.9,1200.0,59.0,6480.35,3.8,0.02,1.05,0.0,0.0,317,System Idle Process,0,python.exe,3232,,Healthy,0,100,,,,0
2026-08-09 11:46:21,LAPTOP-GU29EE8S,8.3,1200.0,59.0,6474.56,3.8,0.06,0.9,0.0,0.0,317,System Idle Process,0,python.exe,3232,,Healthy,0,100,,,,0
2026-08-09 11:46:26,LAPTOP-GU29EE8S,6.8,1200.0,59.0,6475.7,3.8,0.02,1.38,0.0,0.0,317,System Idle Process,0,python.exe,3232,,Healthy,0,100,,,,0
2026-08-09 11:46:31,LAPTOP-GU29EE8S,6.9,1200.0,59.0,6475.41,3.8,0.0,0.85,0.0,0.0,317,System Idle Process,0,python.exe,3232,,Healthy,0,100,,,,0
2026-08-09 11:46:36,LAPTOP-GU29EE8S,7.7,1200.0,59.0,6475.57,3.8,0.05,1.04,0.0,0.0,317,System Idle Process,0,python.exe,3232,,Healthy,0,100,,,,0
2026-08-09 11:46:41,LAPTOP-GU29EE8S,6.6,1200.0,59.0,6476.64,3.8,0.02,1.0,0.0,0.0,317,System Idle Process,0,python.exe,3232,,Healthy,0,100,,,,0
2026-08-09 11:46:46,LAPTOP-GU29EE8S,6.4,1200.0,59.0,6475.31,3.8,0.0,0.57,0.0,0.0,317,System Idle Process,0,python.exe,3232,,Healthy,0,100,,,,0
2026-08-09 11:46:51,LAPTOP-GU29EE8S,8.2,1200.0,58.7,6520.4,3.8,0.02,1.26,0.0,0.02,317,System Idle Process,0,python.exe,3232,,Healthy,0,100,,,,0
2026-08-09 11:46:56,LAPTOP-GU29EE8S,6.5,1200.0,58.7,6520.94,3.8,0.03,0.89,0.0,0.0,317,System Idle Process,0,python.exe,3232,,Healthy,0,100,,,,0
2026-08-09 11:47:01,LAPTOP-GU29EE8S,7.8,1200.0,58.7,6522.77,3.8,0.03,0.84,0.0,0.0,317,System Idle Process,0,python.exe,3232,,Healthy,0,100,,,,0
2026-08-09 11:47:06,LAPTOP-GU29EE8S,7.9,1200.0,58.6,6539.32,3.8,0.03,1.02,0.0,0.0,317,System Idle Process,0,python.exe,3232,,Healthy,0,100,,,,0
2026-08-09 11:47:11,LAPTOP-GU29EE8S,7.2,1200.0,58.7,6532.12,3.8,0.01,1.2,0.0,0.0,317,System Idle Process,0,python.exe,3232,,Healthy,0,100,,,,0
2026-08-09 11:47:16,LAPTOP-GU29EE8S,6.8,1200.0,58.7,6530.34,3.8,0.02,0.81,0.0,0.0,317,System Idle Process,0,python.exe,3232,,Healthy,0,100,,,,0
2026-08-09 11:47:21,LAPTOP-GU29EE8S,6.8,1200.0,58.7,6528.87,3.8,0.0,0.8,0.0,0.0,317,System Idle Process,0,python.exe,3232,,Healthy,0,100,,,,0
2026-08-09 11:47:26,LAPTOP-GU29EE8S,7.1,1200.0,58.7,6530.43,3.8,0.01,1.09,0.0,0.0,317,System Idle Process,0,python.exe,3232,,Healthy,0,100,,,,0
2026-08-09 11:47:31,LAPTOP-GU29EE8S,6.5,1200.0,58.7,6530.86,3.8,0.01,1.08,0.0,0.0,317,System Idle Process,0,python.exe,3232,,Healthy,0,100,,,,0
2026-08-09 11:47:36,LAPTOP-GU29EE8S,6.7,1200.0,58.7,6529.86,3.8,0.01,0.91,0.0,0.0,317,System Idle Process,0,python.exe,3232,,Healthy,0,100,,,,0
2026-08-09 11:47:42,LAPTOP-GU29EE8S,7.4,1200.0,58.7,6526.9,3.8,0.01,1.17,0.0,0.0,317,System Idle Process,0,python.exe,3232,,Healthy,0,100,,,,0
2026-08-09 11:47:51,LAPTOP-GU29EE8S,12.6,1200.0,60.2,6284.45,3.8,0.94,1.01,0.01,0.02,320,System Idle Process,0,python.exe,3232,,Healthy,0,100,,,,0
2026-08-09 11:48:00,LAPTOP-GU29EE8S,10.9,1200.0,60.2,6284.91,3.8,0.13,1.21,0.0,0.01,319,System Idle Process,0,python.exe,3232,,Healthy,0,100,,,,0
2026-08-09 11:48:08,LAPTOP-GU29EE8S,14.4,1200.0,61.6,6070.58,3.8,6.6,1.28,0.01,0.05,319,System Idle Process,0,python.exe,3232,,Healthy,0,100,,,,0
2026-08-09 11:48:16,LAPTOP-GU29EE8S,14.3,1200.0,62.0,6000.8,3.8,2.34,1.06,0.03,0.51,318,System Idle Process,0,python.exe,3232,,Healthy,0,100,,,,0
2026-08-09 11:48:25,LAPTOP-GU29EE8S,14.0,1200.0,62.7,5900.8,3.8,0.72,0.76,0.02,0.66,318,System Idle Process,0,python.exe,3232,,Healthy,0,100,,,,0
2026-08-09 11:48:34,LAPTOP-GU29EE8S,10.0,1200.0,62.0,6009.21,3.8,0.01,0.8,0.01,0.35,318,System Idle Process,0,python.exe,3232,,Healthy,0,100,,,,0
2026-08-09 11:48:43,LAPTOP-GU29EE8S,10.6,1200.0,62.7,5902.67,3.8,0.03,0.46,0.0,0.0,319,System Idle Process,0,python.exe,3232,,Healthy,0,100,,,,0
2026-08-09 11:48:52,LAPTOP-GU29EE8S,13.4,1200.0,62.0,6007.43,3.8,0.11,0.67,0.0,0.0,318,System Idle Process,0,python.exe,3232,,Healthy,0,100,,,,0
2026-08-09 11:49:00,LAPTOP-GU29EE8S,11.6,1200.0,62.3,5951.56,3.8,0.06,0.67,0.0,0.01,320,System Idle Process,0,python.exe,3232,,Healthy,0,100,,,,0
2026-08-09 11:49:09,LAPTOP-GU29EE8S,13.8,1200.0,63.0,5850.26,3.8,0.36,1.15,0.01,0.01,322,System Idle Process,0,python.exe,3232,,Healthy,0,100,,,,0
2026-08-09 11:49:18,LAPTOP-GU29EE8S,9.6,1200.0,61.8,6043.09,3.8,0.03,0.4,0.0,0.0,320,System Idle Process,0,python.exe,3232,,Healthy,0,100,,,,0
2026-08-09 11:49:26,LAPTOP-GU29EE8S,9.9,1200.0,62.4,5943.28,3.8,0.15,0.8,0.0,0.01,322,System Idle Process,0,python.exe,3232,,Healthy,0,100,,,,0
2026-08-09 11:49:34,LAPTOP-GU29EE8S,22.2,1200.0,63.3,5796.17,3.8,1.74,1.59,0.04,0.23,322,System Idle Process,0,python.exe,3232,,Healthy,0,100,,,,0
2026-08-09 11:49:41,LAPTOP-GU29EE8S,21.9,1200.0,65.8,5411.84,3.8,0.62,2.44,0.03,0.14,322,System Idle Process,0,python.exe,3232,,Healthy,0,100,,,,0
2026-08-09 11:49:50,LAPTOP-GU29EE8S,18.4,1200.0,66.1,5364.98,3.8,0.49,2.4,0.03,0.06,321,System Idle Process,0,python.exe,3232,,Healthy,0,100,,,,0
2026-08-09 11:49:59,LAPTOP-GU29EE8S,10.2,1200.0,64.8,5567.17,3.8,0.24,0.77,0.0,0.02,321,System Idle Process,0,python.exe,3232,,Healthy,0,100,,,,0
2026-08-09 11:50:08,LAPTOP-GU29EE8S,10.9,1200.0,63.7,5730.32,3.8,0.04,0.94,0.0,0.0,321,System Idle Process,0,python.exe,3232,,Healthy,0,100,,,,0
2026-08-09 11:50:17,LAPTOP-GU29EE8S,9.7,1200.0,63.6,5752.06,3.8,0.1,0.6,0.0,0.0,320,System Idle Process,0,python.exe,3232,,Healthy,0,100,,,,0
2026-08-09 11:50:26,LAPTOP-GU29EE8S,11.9,1200.0,64.2,5664.86,3.8,0.02,0.91,0.0,0.0,322,System Idle Process,0,python.exe,3232,,Healthy,0,100,,,,0
2026-08-09 11:50:34,LAPTOP-GU29EE8S,7.7,1200.0,63.6,5755.1,3.8,0.01,0.43,0.0,0.0,320,System Idle Process,0,python.exe,3232,,Healthy,0,100,,,,0
2026-08-09 11:50:43,LAPTOP-GU29EE8S,18.3,1200.0,65.3,5481.48,3.8,0.82,1.28,0.01,0.15,322,System Idle Process,0,python.exe,3232,,Healthy,0,100,,,,0
2026-08-09 11:50:52,LAPTOP-GU29EE8S,9.9,1200.0,64.3,5641.31,3.8,0.05,0.76,0.0,0.0,320,System Idle Process,0,python.exe,3232,,Healthy,0,100,,,,0
2026-08-09 11:51:01,LAPTOP-GU29EE8S,9.6,1200.0,64.3,5637.23,3.8,0.01,0.62,0.0,0.0,321,System Idle Process,0,python.exe,3232,,Healthy,0,100,,,,0
2026-08-09 11:51:10,LAPTOP-GU29EE8S,11.3,1200.0,65.7,5414.38,3.8,0.68,0.72,0.05,0.26,320,System Idle Process,0,python.exe,3232,,Healthy,0,100,,,,0
2026-08-09 11:51:19,LAPTOP-GU29EE8S,12.5,1200.0,65.1,5514.89,3.8,0.39,1.6,0.01,0.14,320,System Idle Process,0,python.exe,3232,,Healthy,0,100,,,,0
2026-08-09 11:51:28,LAPTOP-GU29EE8S,9.4,1200.0,64.3,5640.29,3.8,0.01,0.7,0.0,0.37,320,System Idle Process,0,python.exe,3232,,Healthy,0,100,,,,0
2026-08-09 11:51:38,LAPTOP-GU29EE8S,9.1,1200.0,64.3,5647.18,3.8,0.01,0.6,0.0,0.1,320,System Idle Process,0,python.exe,3232,,Healthy,0,100,,,,0
2026-08-09 11:51:47,LAPTOP-GU29EE8S,10.0,1200.0,64.1,5668.29,3.8,0.01,0.54,0.0,0.3,320,System Idle Process,0,python.exe,3232,,Healthy,0,100,,,,0
2026-08-09 11:51:56,LAPTOP-GU29EE8S,9.5,1200.0,64.0,5683.77,3.8,0.03,0.55,0.0,0.16,320,System Idle Process,0,python.exe,3232,,Healthy,0,100,,,,0
2026-08-09 11:52:05,LAPTOP-GU29EE8S,9.3,1200.0,63.8,5716.71,3.8,0.02,0.49,0.0,0.2,320,System Idle Process,0,python.exe,3232,,Healthy,0,100,,,,0
2026-08-09 11:52:14,LAPTOP-GU29EE8S,9.5,1200.0,63.9,5711.48,3.8,0.02,0.49,0.0,0.21,320,System Idle Process,0,python.exe,3232,,Healthy,0,100,,,,0
2026-08-09 11:52:23,LAPTOP-GU29EE8S,8.9,1200.0,63.9,5713.36,3.8,0.01,0.8,0.0,0.23,320,System Idle Process,0,python.exe,3232,,Healthy,0,100,,,,0
2026-08-09 11:52:32,LAPTOP-GU29EE8S,9.5,1200.0,63.5,5772.28,3.8,0.01,0.37,0.0,0.06,320,System Idle Process,0,python.exe,3232,,Healthy,0,100,,,,0
2026-08-09 11:52:41,LAPTOP-GU29EE8S,7.9,1200.0,63.5,5773.42,3.8,0.01,0.65,0.0,0.0,320,System Idle Process,0,python.exe,3232,,Healthy,0,100,,,,0
2026-08-09 11:52:51,LAPTOP-GU29EE8S,8.4,1200.0,63.4,5787.61,3.8,0.02,0.42,0.0,0.0,320,System Idle Process,0,python.exe,3232,,Healthy,0,100,,,,0
2026-08-09 11:53:00,LAPTOP-GU29EE8S,8.2,1200.0,63.3,5797.96,3.8,0.02,0.53,0.0,0.0,320,System Idle Process,0,python.exe,3232,,Healthy,0,100,,,,0
2026-08-09 11:53:09,LAPTOP-GU29EE8S,9.0,1200.0,63.4,5791.21,3.8,0.01,0.81,0.0,0.0,320,System Idle Process,0,python.exe,3232,,Healthy,0,100,,,,0
2026-08-09 11:53:19,LAPTOP-GU29EE8S,8.4,1200.0,63.4,5789.82,3.8,0.08,0.39,0.0,0.0,320,System Idle Process,0,python.exe,3232,,Healthy,0,100,,,,0
2026-08-09 11:53:28,LAPTOP-GU29EE8S,8.8,1200.0,63.3,5797.88,3.8,0.01,0.6,0.0,0.0,320,System Idle Process,0,python.exe,3232,,Healthy,0,100,,,,0
2026-08-09 11:53:37,LAPTOP-GU29EE8S,8.3,1200.0,63.3,5796.96,3.8,0.01,0.64,0.0,0.0,320,System Idle Process,0,python.exe,3232,,Healthy,0,100,,,,0
2026-08-09 11:53:44,LAPTOP-GU29EE8S,9.8,1200.0,63.5,5776.35,3.8,0.01,0.61,0.0,0.0,320,System Idle Process,0,python.exe,3232,,Healthy,0,100,,,,0
2026-08-09 11:53:50,LAPTOP-GU29EE8S,21.8,1200.0,48.5,8140.82,3.8,13.24,1.51,0.01,0.02,300,System Idle Process,0,python.exe,3232,,Healthy,0,100,,,,0
2026-08-09 11:53:54,LAPTOP-GU29EE8S,11.0,1200.0,47.0,8376.1,3.8,8.09,1.64,0.0,0.0,298,System Idle Process,0,python.exe,3232,,Healthy,0,100,,,,0
2026-08-09 11:53:59,LAPTOP-GU29EE8S,7.2,1200.0,46.8,8412.77,3.8,0.13,1.17,0.0,0.0,295,System Idle Process,0,python.exe,3232,,Healthy,0,100,,,,0
2026-08-09 11:54:04,LAPTOP-GU29EE8S,11.7,1200.0,46.6,8433.33,3.8,0.35,1.16,0.0,0.0,293,System Idle Process,0,python.exe,3232,,Healthy,0,100,,,,0
2026-08-09 11:54:09,LAPTOP-GU29EE8S,8.0,1200.0,46.6,8441.34,3.8,0.26,1.57,0.0,0.0,293,System Idle Process,0,python.exe,3232,,Healthy,0,100,,,,0
2026-08-09 11:54:14,LAPTOP-GU29EE8S,6.5,1200.0,46.6,8435.79,3.8,0.07,1.37,0.0,0.0,293,System Idle Process,0,python.exe,3232,,Healthy,0,100,,,,0
2026-08-09 11:54:19,LAPTOP-GU29EE8S,7.7,1200.0,46.6,8433.45,3.8,0.08,0.94,0.0,0.0,293,System Idle Process,0,python.exe,3232,,Healthy,0,100,,,,0
2026-08-09 11:54:23,LAPTOP-GU29EE8S,7.2,1200.0,46.6,8439.76,3.8,0.07,1.14,0.0,0.0,293,System Idle Process,0,python.exe,3232,,Healthy,0,100,,,,0
2026-08-09 11:54:28,LAPTOP-GU29EE8S,6.1,1200.0,46.6,8442.12,3.8,0.01,0.75,0.0,0.0,293,System Idle Process,0,python.exe,3232,,Healthy,0,100,,,,0
2026-08-09 11:54:33,LAPTOP-GU29EE8S,10.1,1200.0,47.0,8382.63,3.8,7.43,1.48,0.0,0.0,296,System Idle Process,0,python.exe,3232,,Healthy,0,100,,,,0
2026-08-09 11:54:38,LAPTOP-GU29EE8S,7.2,1200.0,46.9,8386.39,3.8,1.08,1.29,0.0,0.0,297,System Idle Process,0,python.exe,3232,,Healthy,0,100,,,,0
2026-08-09 11:54:42,LAPTOP-GU29EE8S,6.8,1200.0,47.0,8384.7,3.8,0.01,1.19,0.0,0.0,297,System Idle Process,0,python.exe,3232,,Healthy,0,100,,,,0
2026-08-09 11:54:47,LAPTOP-GU29EE8S,6.7,1200.0,47.0,8383.16,3.8,0.02,0.74,0.0,0.0,297,System Idle Process,0,python.exe,3232,,Healthy,0,100,,,,0
2026-08-09 11:54:52,LAPTOP-GU29EE8S,26.4,1200.0,49.8,7940.95,3.8,51.95,1.6,0.01,0.07,312,System Idle Process,0,python.exe,3232,,Healthy,0,100,,,,0
2026-08-09 11:54:56,LAPTOP-GU29EE8S,18.9,1200.0,51.2,7712.27,3.8,23.11,2.32,0.02,0.02,313,System Idle Process,0,python.exe,3232,,Healthy,0,100,,,,0
2026-08-09 11:55:01,LAPTOP-GU29EE8S,12.6,1200.0,51.3,7693.8,3.8,10.18,1.75,0.0,0.0,312,System Idle Process,0,python.exe,3232,,Healthy,0,100,,,,0
2026-08-09 11:55:05,LAPTOP-GU29EE8S,11.2,1200.0,50.9,7754.23,3.8,9.32,2.16,0.0,0.0,310,System Idle Process,0,python.exe,3232,,Healthy,0,100,,,,0
2026-08-09 11:55:09,LAPTOP-GU29EE8S,10.9,1200.0,50.6,7810.46,3.8,11.45,2.71,0.0,0.0,308,System Idle Process,0,python.exe,3232,,Healthy,0,100,,,,0
2026-08-09 11:55:13,LAPTOP-GU29EE8S,8.6,1200.0,50.6,7803.03,3.8,3.29,1.7,0.0,0.0,308,System Idle Process,0,python.exe,3232,,Healthy,0,100,,,,0
2026-08-09 11:55:18,LAPTOP-GU29EE8S,7.0,1200.0,50.2,7870.33,3.8,0.13,0.92,0.0,0.0,305,System Idle Process,0,python.exe,3232,,Healthy,0,100,,,,0
2026-08-09 11:55:22,LAPTOP-GU29EE8S,6.5,1200.0,50.1,7879.5,3.8,0.05,1.18,0.0,0.0,305,System Idle Process,0,python.exe,3232,,Healthy,0,100,,,,0
2026-08-09 11:55:26,LAPTOP-GU29EE8S,6.1,1200.0,50.1,7883.29,3.8,0.02,1.39,0.0,0.0,305,System Idle Process,0,python.exe,3232,,Healthy,0,100,,,,0
2026-08-09 11:55:30,LAPTOP-GU29EE8S,5.6,1200.0,50.1,7883.39,3.8,0.0,0.85,0.0,0.0,305,System Idle Process,0,python.exe,3232,,Healthy,0,100,,,,0
2026-08-09 11:55:34,LAPTOP-GU29EE8S,8.4,1200.0,49.9,7910.59,3.8,0.26,1.07,0.0,0.0,302,System Idle Process,0,python.exe,3232,,Healthy,0,100,,,,0
2026-08-09 11:55:38,LAPTOP-GU29EE8S,5.7,1200.0,49.7,7946.14,3.8,0.04,1.45,0.0,0.0,301,System Idle Process,0,python.exe,3232,,Healthy,0,100,,,,0
2026-08-09 11:55:43,LAPTOP-GU29EE8S,5.9,1200.0,49.8,7941.93,3.8,0.05,1.39,0.0,0.0,301,System Idle Process,0,python.exe,3232,,Healthy,0,100,,,,0
2026-08-09 11:55:47,LAPTOP-GU29EE8S,6.4,1200.0,49.8,7933.65,3.8,0.0,1.0,0.0,0.0,301,System Idle Process,0,python.exe,3232,,Healthy,0,100,,,,0
2026-08-09 11:55:51,LAPTOP-GU29EE8S,6.7,1200.0,48.4,8155.88,3.8,0.54,1.75,0.0,0.0,299,System Idle Process,0,python.exe,3232,,Healthy,0,100,,,,0
2026-08-09 11:55:56,LAPTOP-GU29EE8S,6.5,1200.0,48.4,8159.88,3.8,0.05,1.33,0.0,0.0,299,System Idle Process,0,python.exe,3232,,Healthy,0,100,,,,0
2026-08-09 11:56:01,LAPTOP-GU29EE8S,6.3,1200.0,48.4,8159.06,3.8,0.01,1.34,0.0,0.0,298,System Idle Process,0,python.exe,3232,,Healthy,0,100,,,,0
2026-08-09 11:56:05,LAPTOP-GU29EE8S,6.5,1200.0,48.4,8154.67,3.8,0.24,0.92,0.0,0.0,298,System Idle Process,0,python.exe,3232,,Healthy,0,100,,,,0
2026-08-09 11:56:09,LAPTOP-GU29EE8S,5.9,1200.0,48.3,8173.46,3.8,0.06,1.37,0.0,0.0,298,System Idle Process,0,python.exe,3232,,Healthy,0,100,,,,0
2026-08-09 11:56:13,LAPTOP-GU29EE8S,5.7,1200.0,48.3,8170.21,3.8,0.02,0.83,0.0,0.0,298,System Idle Process,0,python.exe,3232,,Healthy,0,100,,,,0
2026-08-09 11:56:18,LAPTOP-GU29EE8S,6.1,1200.0,48.3,8166.59,3.8,0.12,1.2,0.0,0.0,298,System Idle Process,0,python.exe,3232,,Healthy,0,100,,,,0
2026-08-09 11:56:22,LAPTOP-GU29EE8S,5.8,1200.0,48.4,8163.14,3.8,0.05,1.07,0.0,0.0,298,System Idle Process,0,python.exe,3232,,Healthy,0,100,,,,0
2026-08-09 11:56:27,LAPTOP-GU29EE8S,6.9,1200.0,48.3,8177.25,3.8,0.04,1.37,0.0,0.0,297,System Idle Process,0,python.exe,3232,,Healthy,0,100,,,,0
2026-08-09 11:56:31,LAPTOP-GU29EE8S,6.2,1200.0,48.4,8157.3,3.8,0.1,1.05,0.0,0.0,297,System Idle Process,0,python.exe,3232,,Healthy,0,100,,,,0
2026-08-09 11:56:35,LAPTOP-GU29EE8S,6.2,1200.0,48.4,8154.32,3.8,0.52,2.42,0.0,0.0,297,System Idle Process,0,python.exe,3232,,Healthy,0,100,,,,0
2026-08-09 11:56:39,LAPTOP-GU29EE8S,6.4,1200.0,48.3,8165.35,3.8,0.17,1.0,0.0,0.0,297,System Idle Process,0,python.exe,3232,,Healthy,0,100,,,,0
2026-08-09 11:56:43,LAPTOP-GU29EE8S,5.5,1200.0,48.3,8165.56,3.8,0.04,1.61,0.0,0.0,297,System Idle Process,0,python.exe,3232,,Healthy,0,100,,,,0
2026-08-09 11:56:47,LAPTOP-GU29EE8S,6.7,1200.0,48.4,8161.8,3.8,0.02,1.6,0.0,0.0,297,System Idle Process,0,python.exe,3232,,Healthy,0,100,,,,0
2026-08-09 11:56:51,LAPTOP-GU29EE8S,5.6,1200.0,48.4,8161.66,3.8,0.0,0.98,0.0,0.02,297,System Idle Process,0,python.exe,3232,,Healthy,0,100,,,,0
2026-08-09 11:56:56,LAPTOP-GU29EE8S,5.9,1200.0,48.4,8163.46,3.8,0.0,1.11,0.0,0.0,297,System Idle Process,0,python.exe,3232,,Healthy,0,100,,,,0
2026-08-09 11:57:00,LAPTOP-GU29EE8S,6.4,1200.0,48.1,8208.1,3.8,0.77,1.25,0.0,0.0,296,System Idle Process,0,python.exe,3232,,Healthy,0,100,,,,0
2026-08-09 11:57:04,LAPTOP-GU29EE8S,6.3,1200.0,48.1,8209.73,3.8,0.03,1.29,0.0,0.0,296,System Idle Process,0,python.exe,3232,,Healthy,0,100,,,,0
2026-08-09 11:57:08,LAPTOP-GU29EE8S,5.4,1200.0,48.1,8209.29,3.8,0.0,1.23,0.0,0.0,296,System Idle Process,0,python.exe,3232,,Healthy,0,100,,,,0
2026-08-09 11:57:12,LAPTOP-GU29EE8S,6.0,1200.0,48.1,8206.95,3.8,0.02,1.08,0.0,0.0,296,System Idle Process,0,python.exe,3232,,Healthy,0,100,,,,0
2026-08-09 11:57:16,LAPTOP-GU29EE8S,5.9,1200.0,48.1,8204.19,3.8,0.01,1.17,0.0,0.0,296,System Idle Process,0,python.exe,3232,,Healthy,0,100,,,,0
2026-08-09 11:57:21,LAPTOP-GU29EE8S,6.5,1200.0,48.0,8220.1,3.8,0.0,1.22,0.0,0.0,296,System Idle Process,0,python.exe,3232,,Healthy,0,100,,,,0
2026-08-09 11:57:25,LAPTOP-GU29EE8S,6.3,1200.0,48.0,8225.88,3.8,0.07,1.41,0.0,0.0,296,System Idle Process,0,python.exe,3232,,Healthy,0,100,,,,0
2026-08-09 11:57:29,LAPTOP-GU29EE8S,6.3,1200.0,48.0,8224.31,3.8,0.0,1.3,0.0,0.0,296,System Idle Process,0,python.exe,3232,,Healthy,0,100,,,,0
2026-08-09 11:57:33,LAPTOP-GU29EE8S,5.7,1200.0,48.0,8224.29,3.8,0.0,1.13,0.0,0.0,296,System Idle Process,0,python.exe,3232,,Healthy,0,100,,,,0
2026-08-09 11:57:37,LAPTOP-GU29EE8S,5.7,1200.0,48.0,8224.83,3.8,0.04,1.46,0.0,0.0,296,System Idle Process,0,python.exe,3232,,Healthy,0,100,,,,0
2026-08-09 11:57:41,LAPTOP-GU29EE8S,6.8,1200.0,48.3,8167.8,3.8,17.01,1.29,0.0,0.0,296,System Idle Process,0,python.exe,3232,,Healthy,0,100,,,,0
2026-08-09 11:57:45,LAPTOP-GU29EE8S,8.5,1200.0,50.9,7762.55,3.8,44.87,0.93,0.0,0.0,296,System Idle Process,0,python.exe,3232,,Healthy,0,100,,,,0
2026-08-09 11:57:50,LAPTOP-GU29EE8S,6.8,1200.0,50.8,7784.01,3.8,7.25,1.3,0.0,0.0,296,System Idle Process,0,python.exe,3232,,Healthy,0,100,,,,0
2026-08-09 11:57:54,LAPTOP-GU29EE8S,6.0,1200.0,50.8,7783.29,3.8,0.03,1.44,0.0,0.0,296,System Idle Process,0,python.exe,3232,,Healthy,0,100,,,,0
2026-08-09 11:57:58,LAPTOP-GU29EE8S,8.3,1200.0,51.4,7678.17,3.8,1.98,1.09,0.0,0.0,296,System Idle Process,0,python.exe,3232,,Healthy,0,100,,,,0
2026-08-09 11:58:02,LAPTOP-GU29EE8S,5.6,1200.0,51.5,7662.67,3.8,5.41,0.98,0.0,0.0,296,System Idle Process,0,python.exe,3232,,Healthy,0,100,,,,0
2026-08-09 11:58:07,LAPTOP-GU29EE8S,6.9,1200.0,51.4,7683.91,3.8,0.01,1.69,0.0,0.0,296,System Idle Process,0,python.exe,3232,,Healthy,0,100,,,,0
2026-08-09 11:58:11,LAPTOP-GU29EE8S,6.1,1200.0,51.5,7672.4,3.8,0.97,0.78,0.0,0.0,296,System Idle Process,0,python.exe,3232,,Healthy,0,100,,,,0
2026-08-09 11:58:16,LAPTOP-GU29EE8S,6.8,1200.0,51.7,7640.3,3.8,0.03,1.08,0.0,0.0,296,System Idle Process,0,python.exe,3232,,Healthy,0,100,,,,0
2026-08-09 11:58:20,LAPTOP-GU29EE8S,6.7,1200.0,51.6,7657.08,3.8,0.02,1.04,0.0,0.0,296,System Idle Process,0,python.exe,3232,,Healthy,0,100,,,,0
2026-08-09 11:58:24,LAPTOP-GU29EE8S,6.0,1200.0,51.5,7659.75,3.8,0.0,1.34,0.0,0.0,296,System Idle Process,0,python.exe,3232,,Healthy,0,100,,,,0
2026-08-09 11:58:28,LAPTOP-GU29EE8S,5.4,1200.0,51.5,7657.9,3.8,0.01,0.83,0.0,0.0,296,System Idle Process,0,python.exe,3232,,Healthy,0,100,,,,0
2026-08-09 11:58:32,LAPTOP-GU29EE8S,5.8,1200.0,51.5,7659.69,3.8,0.01,2.03,0.0,0.0,296,System Idle Process,0,python.exe,3232,,Healthy,0,100,,,,0
2026-08-09 11:58:36,LAPTOP-GU29EE8S,6.2,1200.0,51.5,7658.5,3.8,0.0,1.29,0.0,0.0,296,System Idle Process,0,python.exe,3232,,Healthy,0,100,,,,0
2026-08-09 11:58:40,LAPTOP-GU29EE8S,5.9,1200.0,51.5,7658.86,3.8,0.0,0.96,0.0,0.0,296,System Idle Process,0,python.exe,3232,,Healthy,0,100,,,,0
2026-08-09 11:58:44,LAPTOP-GU29EE8S,5.7,1200.0,51.6,7655.06,3.8,0.03,1.3,0.0,0.0,296,System Idle Process,0,python.exe,3232,,Healthy,0,100,,,,0
2026-08-09 11:58:47,LAPTOP-GU29EE8S,7.0,1200.0,51.6,7653.54,3.8,0.03,1.42,0.0,0.0,296,System Idle Process,0,python.exe,3232,,Healthy,0,100,,,,0
2026-08-09 11:58:51,LAPTOP-GU29EE8S,5.6,1200.0,51.6,7654.99,3.8,0.02,1.13,0.0,0.0,296,System Idle Process,0,python.exe,3232,,Healthy,0,100,,,,0
2026-08-09 11:58:55,LAPTOP-GU29EE8S,5.8,1200.0,51.6,7655.81,3.8,0.0,1.83,0.0,0.0,296,System Idle Process,0,python.exe,3232,,Healthy,0,100,,,,0
2026-08-09 11:58:59,LAPTOP-GU29EE8S,6.4,1200.0,51.6,7656.53,3.8,0.36,1.11,0.0,0.0,295,System Idle Process,0,python.exe,3232,,Healthy,0,100,,,,0
2026-08-09 11:59:03,LAPTOP-GU29EE8S,5.7,1200.0,47.4,8315.05,3.8,0.02,1.28,0.0,0.0,295,System Idle Process,0,Code.exe,13420,,Healthy,0,100,,,,0
2026-08-09 11:59:07,LAPTOP-GU29EE8S,5.9,1200.0,47.5,8305.17,3.8,0.6,18.61,0.0,0.0,295,System Idle Process,0,Code.exe,13420,,Healthy,0,100,,,,0
2026-08-09 11:59:12,LAPTOP-GU29EE8S,10.7,1200.0,47.3,8332.87,3.8,0.5,381.71,0.0,0.0,295,System Idle Process,0,Code.exe,13420,,Healthy,0,100,,,,0
2026-08-09 11:59:16,LAPTOP-GU29EE8S,11.3,1200.0,47.5,8303.88,3.8,2.69,450.9,0.0,0.0,295,System Idle Process,0,Code.exe,13420,,Healthy,0,100,,,,0
2026-08-09 11:59:20,LAPTOP-GU29EE8S,12.2,1200.0,47.7,8263.62,3.9,0.01,445.35,0.0,0.0,295,System Idle Process,0,Code.exe,13420,,Healthy,0,100,,,,0
2026-08-09 11:59:24,LAPTOP-GU29EE8S,11.3,1200.0,47.6,8288.32,3.8,0.03,478.24,0.0,0.0,295,System Idle Process,0,Code.exe,13420,,Healthy,0,100,,,,0
2026-08-09 11:59:28,LAPTOP-GU29EE8S,11.2,1200.0,47.5,8300.95,3.8,0.18,475.26,0.0,0.0,295,System Idle Process,0,Code.exe,13420,,Healthy,0,100,,,,0
2026-08-09 11:59:32,LAPTOP-GU29EE8S,10.1,1200.0,47.8,8256.29,3.9,0.1,371.64,0.0,0.0,295,System Idle Process,0,Code.exe,13420,,Healthy,0,100,,,,0
2026-08-09 11:59:36,LAPTOP-GU29EE8S,10.6,1200.0,47.6,8276.5,3.8,0.01,470.82,0.0,0.0,295,System Idle Process,0,Code.exe,13420,,Healthy,0,100,,,,0
2026-08-09 11:59:41,LAPTOP-GU29EE8S,11.0,1200.0,47.8,8251.21,3.9,0.03,458.29,0.0,0.0,295,System Idle Process,0,Code.exe,13420,,Healthy,0,100,,,,0
2026-08-09 11:59:45,LAPTOP-GU29EE8S,9.7,1200.0,47.8,8248.54,3.9,0.27,369.84,0.0,0.0,295,System Idle Process,0,Code.exe,13420,,Healthy,0,100,,,,0
2026-08-09 11:59:49,LAPTOP-GU29EE8S,13.3,1200.0,48.0,8217.33,3.9,6.89,450.37,0.0,0.0,296,System Idle Process,0,Code.exe,13420,,Healthy,0,100,,,,0
2026-08-09 11:59:53,LAPTOP-GU29EE8S,11.9,1200.0,47.9,8229.3,3.9,0.26,476.57,0.0,0.0,295,System Idle Process,0,Code.exe,13420,,Healthy,0,100,,,,0
2026-08-09 11:59:56,LAPTOP-GU29EE8S,11.4,1200.0,48.0,8219.98,3.9,0.04,448.03,0.0,0.0,295,System Idle Process,0,Code.exe,13420,,Healthy,0,100,,,,0
2026-08-09 12:00:01,LAPTOP-GU29EE8S,11.7,1200.0,47.1,8359.85,3.8,0.11,466.85,0.0,0.0,295,System Idle Process,0,MemCompression,3836,,Healthy,0,100,,,,0
2026-08-09 12:00:05,LAPTOP-GU29EE8S,12.8,1200.0,47.3,8329.62,3.9,0.08,471.62,0.0,0.0,295,System Idle Process,0,MemCompression,3836,,Healthy,0,100,,,,0
2026-08-09 12:00:09,LAPTOP-GU29EE8S,21.1,1200.0,48.0,8225.38,3.8,1.25,475.41,0.0,0.0,301,System Idle Process,0,MemCompression,3836,,Healthy,0,100,,,,0
2026-08-09 12:00:14,LAPTOP-GU29EE8S,22.9,1200.0,49.2,8023.68,3.8,24.75,458.04,0.0,0.07,307,System Idle Process,0,MemCompression,3836,,Healthy,0,100,,,,0
2026-08-09 12:00:18,LAPTOP-GU29EE8S,22.2,1200.0,51.3,7700.73,3.9,82.48,404.82,0.01,0.01,316,System Idle Process,0,MemCompression,3836,,Healthy,0,100,,,,0
2026-08-09 12:00:23,LAPTOP-GU29EE8S,22.0,1200.0,50.2,7865.16,3.9,2.2,443.35,0.0,0.0,311,System Idle Process,0,MemCompression,3836,,Healthy,0,100,,,,0
2026-08-09 12:00:27,LAPTOP-GU29EE8S,18.6,1200.0,49.7,7954.36,3.8,1.0,463.73,0.0,0.0,311,System Idle Process,0,MemCompression,3836,,Healthy,0,100,,,,0
2026-08-09 12:00:31,LAPTOP-GU29EE8S,12.8,1200.0,49.5,7986.85,3.9,0.07,480.35,0.0,0.0,308,System Idle Process,0,MemCompression,3836,,Healthy,0,100,,,,0
2026-08-09 12:00:35,LAPTOP-GU29EE8S,14.0,1200.0,47.9,8227.29,3.8,6.15,482.92,0.0,0.0,304,System Idle Process,0,MemCompression,3836,,Healthy,0,100,,,,0
2026-08-09 12:00:39,LAPTOP-GU29EE8S,10.8,1200.0,48.1,8208.32,3.9,0.02,486.62,0.0,0.0,304,System Idle Process,0,MemCompression,3836,,Healthy,0,100,,,,0
2026-08-09 12:00:43,LAPTOP-GU29EE8S,11.7,1200.0,47.9,8230.74,3.9,0.03,490.08,0.0,0.0,304,System Idle Process,0,MemCompression,3836,,Healthy,0,100,,,,0
2026-08-09 12:00:47,LAPTOP-GU29EE8S,11.3,1200.0,47.7,8270.02,3.8,0.03,486.35,0.0,0.0,304,System Idle Process,0,MemCompression,3836,,Healthy,0,100,,,,0
2026-08-09 12:00:51,LAPTOP-GU29EE8S,11.0,1200.0,47.9,8232.68,3.9,0.09,493.03,0.0,0.0,303,System Idle Process,0,MemCompression,3836,,Healthy,0,100,,,,0
2026-08-09 12:00:57,LAPTOP-GU29EE8S,11.7,1200.0,47.6,8286.11,3.8,0.01,463.9,0.0,0.0,303,System Idle Process,0,MemCompression,3836,,Healthy,0,100,,,,0
2026-08-09 12:01:01,LAPTOP-GU29EE8S,14.3,1200.0,47.8,8248.63,3.8,0.02,378.94,0.0,0.0,303,System Idle Process,0,MemCompression,3836,,Healthy,0,100,,,,0
2026-08-09 12:01:05,LAPTOP-GU29EE8S,10.2,1200.0,48.0,8211.4,3.9,0.01,304.54,0.0,0.0,303,System Idle Process,0,MemCompression,3836,,Healthy,0,100,,,,0
2026-08-09 12:01:09,LAPTOP-GU29EE8S,9.9,1200.0,47.4,8317.54,3.8,0.01,299.61,0.0,0.0,302,System Idle Process,0,MemCompression,3836,,Healthy,0,100,,,,0
2026-08-09 12:01:13,LAPTOP-GU29EE8S,9.9,1200.0,47.7,8268.48,3.9,0.01,240.33,0.0,0.0,302,System Idle Process,0,MemCompression,3836,,Healthy,0,100,,,,0
2026-08-09 12:01:17,LAPTOP-GU29EE8S,8.5,1200.0,47.7,8271.02,3.9,0.0,196.45,0.0,0.0,301,System Idle Process,0,MemCompression,3836,,Healthy,0,100,,,,0
2026-08-09 12:01:21,LAPTOP-GU29EE8S,9.6,1200.0,47.7,8265.78,3.9,0.07,296.32,0.0,0.0,301,System Idle Process,0,MemCompression,3836,,Healthy,0,100,,,,0
2026-08-09 12:01:25,LAPTOP-GU29EE8S,10.8,1200.0,47.6,8277.1,3.9,0.03,485.2,0.0,0.0,301,System Idle Process,0,MemCompression,3836,,Healthy,0,100,,,,0
2026-08-09 12:01:29,LAPTOP-GU29EE8S,8.4,1200.0,47.5,8290.43,3.9,0.0,240.55,0.0,0.0,301,System Idle Process,0,MemCompression,3836,,Healthy,0,100,,,,0
2026-08-09 12:01:33,LAPTOP-GU29EE8S,6.8,1200.0,47.6,8278.62,3.9,0.01,84.14,0.0,0.0,301,System Idle Process,0,MemCompression,3836,,Healthy,0,100,,,,0
2026-08-09 12:01:37,LAPTOP-GU29EE8S,11.5,1200.0,47.4,8315.01,3.9,0.21,415.68,0.0,0.0,299,System Idle Process,0,MemCompression,3836,,Healthy,0,100,,,,0
2026-08-09 12:01:41,LAPTOP-GU29EE8S,8.8,1200.0,47.1,8362.01,3.8,0.02,247.76,0.0,0.0,299,System Idle Process,0,MemCompression,3836,,Healthy,0,100,,,,0
2026-08-09 12:01:45,LAPTOP-GU29EE8S,7.2,1200.0,47.3,8332.45,3.9,0.02,99.75,0.0,0.0,298,System Idle Process,0,MemCompression,3836,,Healthy,0,100,,,,0
2026-08-09 12:01:49,LAPTOP-GU29EE8S,7.9,1200.0,47.4,8314.09,3.9,0.03,179.95,0.0,0.02,298,System Idle Process,0,MemCompression,3836,,Healthy,0,100,,,,0
2026-08-09 12:01:53,LAPTOP-GU29EE8S,10.6,1200.0,47.4,8318.55,3.9,0.0,373.94,0.0,0.0,298,System Idle Process,0,MemCompression,3836,,Healthy,0,100,,,,0
2026-08-09 12:01:58,LAPTOP-GU29EE8S,8.7,1200.0,47.3,8327.0,3.9,0.0,250.14,0.0,0.0,298,System Idle Process,0,MemCompression,3836,,Healthy,0,100,,,,0
2026-08-09 12:02:01,LAPTOP-GU29EE8S,9.6,1200.0,47.3,8325.34,3.9,0.19,289.37,0.0,0.0,298,System Idle Process,0,MemCompression,3836,,Healthy,0,100,,,,0
2026-08-09 12:02:05,LAPTOP-GU29EE8S,8.2,1200.0,47.4,8316.65,3.9,0.0,223.86,0.0,0.0,296,System Idle Process,0,MemCompression,3836,,Healthy,0,100,,,,0
2026-08-09 12:02:10,LAPTOP-GU29EE8S,9.0,1200.0,47.3,8336.14,3.9,0.0,263.46,0.0,0.0,296,System Idle Process,0,MemCompression,3836,,Healthy,0,100,,,,0
2026-08-09 12:02:13,LAPTOP-GU29EE8S,9.9,1200.0,46.7,8421.57,3.8,0.01,341.06,0.0,0.0,296,System Idle Process,0,MemCompression,3836,,Healthy,0,100,,,,0
2026-08-09 12:02:17,LAPTOP-GU29EE8S,8.3,1200.0,47.0,8372.14,3.9,0.0,130.27,0.0,0.0,296,System Idle Process,0,MemCompression,3836,,Healthy,0,100,,,,0
2026-08-09 12:02:21,LAPTOP-GU29EE8S,7.5,1200.0,47.0,8370.21,3.9,0.03,113.57,0.0,0.0,296,System Idle Process,0,MemCompression,3836,,Healthy,0,100,,,,0
2026-08-09 12:02:25,LAPTOP-GU29EE8S,8.9,1200.0,47.1,8367.65,3.9,0.0,191.26,0.0,0.0,296,System Idle Process,0,MemCompression,3836,,Healthy,0,100,,,,0
2026-08-09 12:02:29,LAPTOP-GU29EE8S,8.9,1200.0,46.9,8387.82,3.9,0.03,169.4,0.0,0.0,296,System Idle Process,0,MemCompression,3836,,Healthy,0,100,,,,0
2026-08-09 12:02:33,LAPTOP-GU29EE8S,7.9,1200.0,47.0,8374.65,3.9,0.01,174.38,0.0,0.0,296,System Idle Process,0,MemCompression,3836,,Healthy,0,100,,,,0
2026-08-09 12:02:37,LAPTOP-GU29EE8S,9.8,1200.0,47.0,8370.8,3.9,0.0,348.39,0.0,0.0,296,System Idle Process,0,MemCompression,3836,,Healthy,0,100,,,,0
2026-08-09 12:02:41,LAPTOP-GU29EE8S,12.2,1200.0,45.9,8551.61,3.9,6.03,455.42,0.0,0.0,296,System Idle Process,0,MemCompression,3836,,Healthy,0,100,,,,0
2026-08-09 12:02:45,LAPTOP-GU29EE8S,10.9,1200.0,46.0,8538.3,3.9,1.09,430.3,0.0,0.0,296,System Idle Process,0,MemCompression,3836,,Healthy,0,100,,,,0
2026-08-09 12:02:49,LAPTOP-GU29EE8S,8.2,1200.0,45.9,8542.83,3.9,0.0,250.53,0.0,0.0,296,System Idle Process,0,MemCompression,3836,,Healthy,0,100,,,,0
2026-08-09 12:02:52,LAPTOP-GU29EE8S,7.3,1200.0,46.0,8540.84,3.9,0.0,121.04,0.0,0.0,296,System Idle Process,0,MemCompression,3836,,Healthy,0,100,,,,0
2026-08-09 12:02:56,LAPTOP-GU29EE8S,8.7,1200.0,45.7,8583.06,3.8,0.04,213.84,0.0,0.0,296,System Idle Process,0,MemCompression,3836,,Healthy,0,100,,,,0
2026-08-09 12:03:00,LAPTOP-GU29EE8S,7.1,1200.0,45.9,8544.1,3.9,0.01,65.05,0.0,0.0,296,System Idle Process,0,MemCompression,3836,,Healthy,0,100,,,,0
2026-08-09 12:03:04,LAPTOP-GU29EE8S,9.0,1200.0,45.9,8545.68,3.9,0.0,281.93,0.0,0.0,296,System Idle Process,0,MemCompression,3836,,Healthy,0,100,,,,0
2026-08-09 12:03:08,LAPTOP-GU29EE8S,7.4,1200.0,46.0,8533.82,3.9,0.0,152.76,0.0,0.0,296,System Idle Process,0,MemCompression,3836,,Healthy,0,100,,,,0
2026-08-09 12:03:12,LAPTOP-GU29EE8S,11.0,1200.0,45.9,8555.06,3.9,0.01,443.26,0.0,0.0,296,System Idle Process,0,MemCompression,3836,,Healthy,0,100,,,,0
2026-08-09 12:03:16,LAPTOP-GU29EE8S,10.8,1200.0,45.8,8570.84,3.8,0.02,477.78,0.0,0.0,295,System Idle Process,0,MemCompression,3836,,Healthy,0,100,,,,0
2026-08-09 12:03:20,LAPTOP-GU29EE8S,10.5,1200.0,45.9,8556.93,3.9,0.11,402.97,0.0,0.0,295,System Idle Process,0,MemCompression,3836,,Healthy,0,100,,,,0
2026-08-09 12:03:24,LAPTOP-GU29EE8S,7.5,1200.0,45.9,8544.22,3.9,0.02,130.99,0.0,0.0,295,System Idle Process,0,MemCompression,3836,,Healthy,0,100,,,,0
2026-08-09 12:03:28,LAPTOP-GU29EE8S,8.5,1200.0,45.5,8612.32,3.8,0.0,202.75,0.0,0.0,295,System Idle Process,0,MemCompression,3836,,Healthy,0,100,,,,0
2026-08-09 12:03:32,LAPTOP-GU29EE8S,6.7,1200.0,45.9,8546.02,3.9,0.02,69.25,0.0,0.0,295,System Idle Process,0,MemCompression,3836,,Healthy,0,100,,,,0
2026-08-09 12:03:35,LAPTOP-GU29EE8S,9.2,1200.0,45.9,8553.59,3.9,0.0,274.36,0.0,0.0,295,System Idle Process,0,MemCompression,3836,,Healthy,0,100,,,,0
2026-08-09 12:03:39,LAPTOP-GU29EE8S,7.3,1200.0,45.9,8552.86,3.9,0.0,68.88,0.0,0.0,295,System Idle Process,0,MemCompression,3836,,Healthy,0,100,,,,0
2026-08-09 12:03:44,LAPTOP-GU29EE8S,11.5,1200.0,45.9,8548.02,3.9,0.01,466.32,0.0,0.0,295,System Idle Process,0,MemCompression,3836,,Healthy,0,100,,,,0
2026-08-09 12:03:47,LAPTOP-GU29EE8S,12.2,1200.0,45.6,8604.95,3.8,0.01,471.72,0.0,0.0,295,System Idle Process,0,MemCompression,3836,,Healthy,0,100,,,,0
2026-08-09 12:03:51,LAPTOP-GU29EE8S,10.8,1200.0,45.9,8555.62,3.9,0.0,441.55,0.0,0.0,295,System Idle Process,0,MemCompression,3836,,Healthy,0,100,,,,0
2026-08-09 12:03:55,LAPTOP-GU29EE8S,8.0,1200.0,45.8,8566.36,3.9,0.0,70.24,0.0,0.0,295,System Idle Process,0,MemCompression,3836,,Healthy,0,100,,,,0
2026-08-09 12:03:59,LAPTOP-GU29EE8S,7.0,1200.0,45.5,8609.88,3.8,0.0,100.34,0.0,0.0,295,System Idle Process,0,MemCompression,3836,,Healthy,0,100,,,,0
2026-08-09 12:04:03,LAPTOP-GU29EE8S,9.7,1200.0,45.8,8558.93,3.9,0.0,211.05,0.0,0.0,295,System Idle Process,0,MemCompression,3836,,Healthy,0,100,,,,0
2026-08-09 12:04:07,LAPTOP-GU29EE8S,8.3,1200.0,45.5,8609.4,3.8,0.01,175.97,0.0,0.0,295,System Idle Process,0,MemCompression,3836,,Healthy,0,100,,,,0
2026-08-09 12:04:11,LAPTOP-GU29EE8S,7.5,1200.0,45.8,8561.73,3.9,0.0,171.66,0.0,0.0,295,System Idle Process,0,MemCompression,3836,,Healthy,0,100,,,,0
2026-08-09 12:04:14,LAPTOP-GU29EE8S,8.4,1200.0,45.8,8573.71,3.8,0.0,175.89,0.0,0.0,295,System Idle Process,0,MemCompression,3836,,Healthy,0,100,,,,0
2026-08-09 12:04:19,LAPTOP-GU29EE8S,10.9,1200.0,45.9,8558.11,3.9,0.0,490.88,0.0,0.0,295,System Idle Process,0,MemCompression,3836,,Healthy,0,100,,,,0
2026-08-09 12:04:22,LAPTOP-GU29EE8S,11.6,1200.0,45.7,8578.61,3.8,0.02,467.98,0.0,0.0,295,System Idle Process,0,MemCompression,3836,,Healthy,0,100,,,,0
2026-08-09 12:04:26,LAPTOP-GU29EE8S,9.6,1200.0,45.6,8599.42,3.8,0.08,341.82,0.0,0.0,295,System Idle Process,0,MemCompression,3836,,Healthy,0,100,,,,0
2026-08-09 12:04:30,LAPTOP-GU29EE8S,6.9,1200.0,45.7,8576.81,3.9,0.01,123.59,0.0,0.0,295,System Idle Process,0,MemCompression,3836,,Healthy,0,100,,,,0
2026-08-09 12:04:34,LAPTOP-GU29EE8S,7.9,1200.0,45.6,8597.68,3.8,0.0,148.42,0.0,0.0,295,System Idle Process,0,MemCompression,3836,,Healthy,0,100,,,,0
2026-08-09 12:04:37,LAPTOP-GU29EE8S,7.7,1200.0,45.7,8587.13,3.9,0.0,135.41,0.0,0.0,294,System Idle Process,0,MemCompression,3836,,Healthy,0,100,,,,0
2026-08-09 12:04:41,LAPTOP-GU29EE8S,8.5,1200.0,45.7,8576.46,3.9,0.0,283.89,0.0,0.0,294,System Idle Process,0,MemCompression,3836,,Healthy,0,100,,,,0
2026-08-09 12:04:45,LAPTOP-GU29EE8S,7.4,1200.0,45.8,8566.35,3.9,0.0,84.37,0.0,0.0,294,System Idle Process,0,MemCompression,3836,,Healthy,0,100,,,,0
2026-08-09 12:04:49,LAPTOP-GU29EE8S,9.8,1200.0,45.7,8588.11,3.8,0.01,309.81,0.0,0.0,294,System Idle Process,0,MemCompression,3836,,Healthy,0,100,,,,0
2026-08-09 12:04:53,LAPTOP-GU29EE8S,10.5,1200.0,45.5,8612.66,3.8,0.04,340.04,0.0,0.0,294,System Idle Process,0,MemCompression,3836,,Healthy,0,100,,,,0
2026-08-09 12:04:56,LAPTOP-GU29EE8S,8.8,1200.0,45.7,8575.2,3.9,0.0,297.06,0.0,0.0,294,System Idle Process,0,MemCompression,3836,,Healthy,0,100,,,,0
2026-08-09 12:05:00,LAPTOP-GU29EE8S,8.8,1200.0,45.8,8567.12,3.9,0.0,267.27,0.0,0.0,294,System Idle Process,0,MemCompression,3836,,Healthy,0,100,,,,0
2026-08-09 12:05:04,LAPTOP-GU29EE8S,9.8,1200.0,45.7,8583.03,3.9,0.05,234.32,0.0,0.0,294,System Idle Process,0,MemCompression,3836,,Healthy,0,100,,,,0
2026-08-09 12:05:08,LAPTOP-GU29EE8S,7.2,1200.0,45.7,8576.05,3.9,0.31,120.61,0.0,0.0,294,System Idle Process,0,MemCompression,3836,,Healthy,0,100,,,,0
2026-08-09 12:05:12,LAPTOP-GU29EE8S,6.8,1200.0,45.5,8615.91,3.8,0.01,85.56,0.0,0.0,294,System Idle Process,0,MemCompression,3836,,Healthy,0,100,,,,0
2026-08-09 12:05:16,LAPTOP-GU29EE8S,8.1,1200.0,45.8,8568.69,3.9,0.02,183.13,0.0,0.0,294,System Idle Process,0,MemCompression,3836,,Healthy,0,100,,,,0
2026-08-09 12:05:19,LAPTOP-GU29EE8S,9.4,1200.0,45.6,8603.66,3.8,0.0,269.1,0.0,0.0,294,System Idle Process,0,MemCompression,3836,,Healthy,0,100,,,,0
2026-08-09 12:05:23,LAPTOP-GU29EE8S,6.7,1200.0,45.8,8568.43,3.9,0.0,97.87,0.0,0.0,293,System Idle Process,0,MemCompression,3836,,Healthy,0,100,,,,0
2026-08-09 12:05:28,LAPTOP-GU29EE8S,9.5,1200.0,45.7,8588.93,3.9,0.01,299.21,0.0,0.0,292,System Idle Process,0,MemCompression,3836,,Healthy,0,100,,,,0
2026-08-09 12:05:32,LAPTOP-GU29EE8S,12.5,1200.0,45.7,8578.94,3.9,0.01,480.23,0.0,0.0,292,System Idle Process,0,MemCompression,3836,,Healthy,0,100,,,,0
2026-08-09 12:05:35,LAPTOP-GU29EE8S,11.3,1200.0,45.7,8589.36,3.9,0.02,494.26,0.0,0.0,292,System Idle Process,0,MemCompression,3836,,Healthy,0,100,,,,0
2026-08-09 12:05:39,LAPTOP-GU29EE8S,7.6,1200.0,45.5,8610.33,3.9,0.03,146.68,0.0,0.0,292,System Idle Process,0,MemCompression,3836,,Healthy,0,100,,,,0
2026-08-09 12:05:43,LAPTOP-GU29EE8S,7.1,1200.0,45.6,8601.37,3.9,0.04,108.67,0.0,0.0,292,System Idle Process,0,MemCompression,3836,,Healthy,0,100,,,,0
2026-08-09 12:05:47,LAPTOP-GU29EE8S,8.1,1200.0,45.4,8624.91,3.9,0.0,124.28,0.0,0.0,292,System Idle Process,0,MemCompression,3836,,Healthy,0,100,,,,0
2026-08-09 12:05:50,LAPTOP-GU29EE8S,9.7,1200.0,45.5,8620.12,3.8,0.17,221.57,0.0,0.0,293,System Idle Process,0,MemCompression,3836,,Healthy,0,100,,,,0
2026-08-09 12:05:54,LAPTOP-GU29EE8S,9.0,1200.0,45.6,8598.23,3.9,0.0,259.6,0.0,0.0,293,System Idle Process,0,MemCompression,3836,,Healthy,0,100,,,,0
2026-08-09 12:05:58,LAPTOP-GU29EE8S,11.5,1200.0,45.5,8612.97,3.8,0.09,364.02,0.0,0.0,293,System Idle Process,0,MemCompression,3836,,Healthy,0,100,,,,0
2026-08-09 12:06:01,LAPTOP-GU29EE8S,13.7,1200.0,44.7,8738.21,3.8,0.1,392.71,0.0,0.0,293,System Idle Process,0,MemCompression,3836,,Healthy,0,100,,,,0
2026-08-09 12:06:05,LAPTOP-GU29EE8S,6.7,1200.0,45.1,8676.54,3.9,0.0,83.31,0.0,0.0,293,System Idle Process,0,MemCompression,3836,,Healthy,0,100,,,,0
2026-08-09 12:06:09,LAPTOP-GU29EE8S,10.9,1200.0,45.0,8691.17,3.9,0.01,472.84,0.0,0.0,293,System Idle Process,0,MemCompression,3836,,Healthy,0,100,,,,0
2026-08-09 12:06:13,LAPTOP-GU29EE8S,8.4,1200.0,45.0,8687.13,3.9,0.01,235.31,0.0,0.0,293,System Idle Process,0,MemCompression,3836,,Healthy,0,100,,,,0
2026-08-09 12:06:17,LAPTOP-GU29EE8S,7.9,1200.0,44.6,8762.04,3.8,0.02,118.63,0.0,0.0,293,System Idle Process,0,MemCompression,3836,,Healthy,0,100,,,,0
2026-08-09 12:06:20,LAPTOP-GU29EE8S,9.0,1200.0,44.8,8728.02,3.8,0.0,293.7,0.0,0.0,293,System Idle Process,0,MemCompression,3836,,Healthy,0,100,,,,0
2026-08-09 12:06:24,LAPTOP-GU29EE8S,9.2,1200.0,45.1,8683.07,3.9,0.03,297.28,0.0,0.0,293,System Idle Process,0,MemCompression,3836,,Healthy,0,100,,,,0
2026-08-09 12:06:28,LAPTOP-GU29EE8S,8.6,1200.0,44.7,8745.2,3.8,0.02,219.55,0.0,0.0,293,System Idle Process,0,MemCompression,3836,,Healthy,0,100,,,,0
2026-08-09 12:06:32,LAPTOP-GU29EE8S,10.9,1200.0,45.0,8694.14,3.9,0.0,479.96,0.0,0.0,293,System Idle Process,0,MemCompression,3836,,Healthy,0,100,,,,0
2026-08-09 12:06:35,LAPTOP-GU29EE8S,8.0,1200.0,45.0,8686.58,3.9,0.0,115.77,0.0,0.0,293,System Idle Process,0,MemCompression,3836,,Healthy,0,100,,,,0
2026-08-09 12:06:39,LAPTOP-GU29EE8S,9.4,1200.0,45.0,8697.43,3.9,0.0,292.98,0.0,0.0,293,System Idle Process,0,MemCompression,3836,,Healthy,0,100,,,,0
2026-08-09 12:06:43,LAPTOP-GU29EE8S,11.3,1200.0,45.0,8689.55,3.9,0.0,400.63,0.0,0.0,293,System Idle Process,0,MemCompression,3836,,Healthy,0,100,,,,0
2026-08-09 12:06:47,LAPTOP-GU29EE8S,7.0,1200.0,45.0,8689.95,3.9,0.01,78.07,0.0,0.0,293,System Idle Process,0,MemCompression,3836,,Healthy,0,100,,,,0
2026-08-09 12:06:51,LAPTOP-GU29EE8S,7.7,1200.0,44.9,8712.04,3.9,0.02,116.4,0.0,0.02,292,System Idle Process,0,MemCompression,3836,,Healthy,0,100,,,,0
2026-08-09 12:06:54,LAPTOP-GU29EE8S,11.6,1200.0,45.0,8690.34,3.9,0.01,493.48,0.0,0.0,292,System Idle Process,0,MemCompression,3836,,Healthy,0,100,,,,0
2026-08-09 12:06:58,LAPTOP-GU29EE8S,6.9,1200.0,45.0,8695.24,3.9,0.0,83.63,0.0,0.0,292,System Idle Process,0,MemCompression,3836,,Healthy,0,100,,,,0
2026-08-09 12:07:02,LAPTOP-GU29EE8S,10.9,1200.0,45.0,8696.64,3.9,0.0,482.8,0.0,0.0,292,System Idle Process,0,MemCompression,3836,,Healthy,0,100,,,,0
2026-08-09 12:07:06,LAPTOP-GU29EE8S,10.1,1200.0,44.9,8707.84,3.9,0.0,282.94,0.0,0.0,292,System Idle Process,0,MemCompression,3836,,Healthy,0,100,,,,0
2026-08-09 12:07:10,LAPTOP-GU29EE8S,7.9,1200.0,44.6,8758.73,3.8,0.01,247.28,0.0,0.0,292,System Idle Process,0,MemCompression,3836,,Healthy,0,100,,,,0
2026-08-09 12:07:14,LAPTOP-GU29EE8S,11.5,1200.0,45.0,8698.54,3.9,0.03,452.46,0.0,0.0,292,System Idle Process,0,MemCompression,3836,,Healthy,0,100,,,,0
2026-08-09 12:07:17,LAPTOP-GU29EE8S,7.9,1200.0,44.6,8753.72,3.8,0.0,80.92,0.0,0.0,292,System Idle Process,0,MemCompression,3836,,Healthy,0,100,,,,0
2026-08-09 12:07:21,LAPTOP-GU29EE8S,7.4,1200.0,44.9,8707.4,3.9,0.0,96.37,0.0,0.0,292,System Idle Process,0,MemCompression,3836,,Healthy,0,100,,,,0
2026-08-09 12:07:25,LAPTOP-GU29EE8S,11.2,1200.0,45.0,8690.83,3.9,0.0,421.31,0.0,0.0,292,System Idle Process,0,MemCompression,3836,,Healthy,0,100,,,,0
2026-08-09 12:07:28,LAPTOP-GU29EE8S,7.4,1200.0,45.0,8687.79,3.9,0.0,155.0,0.0,0.0,292,System Idle Process,0,MemCompression,3836,,Healthy,0,100,,,,0
2026-08-09 12:07:32,LAPTOP-GU29EE8S,8.4,1200.0,44.8,8732.04,3.8,0.02,268.8,0.0,0.0,292,System Idle Process,0,MemCompression,3836,,Healthy,0,100,,,,0
2026-08-09 12:07:36,LAPTOP-GU29EE8S,9.0,1200.0,45.0,8692.4,3.9,0.0,257.37,0.0,0.0,292,System Idle Process,0,MemCompression,3836,,Healthy,0,100,,,,0
2026-08-09 12:07:40,LAPTOP-GU29EE8S,8.9,1200.0,45.0,8699.35,3.9,0.0,243.22,0.0,0.0,292,System Idle Process,0,MemCompression,3836,,Healthy,0,100,,,,0
2026-08-09 12:07:43,LAPTOP-GU29EE8S,7.8,1200.0,45.1,8679.35,3.9,0.02,117.72,0.0,0.0,292,System Idle Process,0,MemCompression,3836,,Healthy,0,100,,,,0
2026-08-09 12:07:47,LAPTOP-GU29EE8S,9.7,1200.0,45.2,8668.14,3.9,0.08,238.66,0.0,0.0,294,System Idle Process,0,MemCompression,3836,,Healthy,0,100,,,,0
2026-08-09 12:07:51,LAPTOP-GU29EE8S,10.7,1200.0,45.1,8681.63,3.9,1.89,382.04,0.0,0.0,294,System Idle Process,0,MemCompression,3836,,Healthy,0,100,,,,0
2026-08-09 12:07:55,LAPTOP-GU29EE8S,7.4,1200.0,45.0,8696.93,3.9,0.0,63.07,0.0,0.0,294,System Idle Process,0,MemCompression,3836,,Healthy,0,100,,,,0
2026-08-09 12:07:59,LAPTOP-GU29EE8S,6.9,1200.0,45.0,8688.68,3.9,0.0,111.07,0.0,0.0,294,System Idle Process,0,MemCompression,3836,,Healthy,0,100,,,,0
2026-08-09 12:08:02,LAPTOP-GU29EE8S,10.5,1200.0,45.0,8686.77,3.8,0.02,420.28,0.0,0.0,294,System Idle Process,0,MemCompression,3836,,Healthy,0,100,,,,0
2026-08-09 12:08:06,LAPTOP-GU29EE8S,7.1,1200.0,45.1,8683.38,3.9,0.03,153.66,0.0,0.0,294,System Idle Process,0,MemCompression,3836,,Healthy,0,100,,,,0
2026-08-09 12:08:10,LAPTOP-GU29EE8S,11.0,1200.0,45.0,8690.11,3.9,0.02,423.52,0.0,0.0,294,System Idle Process,0,MemCompression,3836,,Healthy,0,100,,,,0
2026-08-09 12:08:14,LAPTOP-GU29EE8S,9.7,1200.0,45.2,8667.11,3.9,0.0,331.33,0.0,0.0,294,System Idle Process,0,MemCompression,3836,,Healthy,0,100,,,,0
2026-08-09 12:08:18,LAPTOP-GU29EE8S,7.9,1200.0,45.1,8670.37,3.9,0.0,118.88,0.0,0.0,294,System Idle Process,0,MemCompression,3836,,Healthy,0,100,,,,0
2026-08-09 12:08:21,LAPTOP-GU29EE8S,10.8,1200.0,44.8,8722.32,3.8,0.05,412.98,0.0,0.0,293,System Idle Process,0,MemCompression,3836,,Healthy,0,100,,,,0
2026-08-09 12:08:25,LAPTOP-GU29EE8S,8.7,1200.0,45.0,8691.78,3.9,0.0,233.96,0.0,0.0,293,System Idle Process,0,MemCompression,3836,,Healthy,0,100,,,,0
2026-08-09 12:08:29,LAPTOP-GU29EE8S,7.2,1200.0,45.1,8675.43,3.9,0.05,105.92,0.0,0.0,292,System Idle Process,0,MemCompression,3836,,Healthy,0,100,,,,0
2026-08-09 12:08:33,LAPTOP-GU29EE8S,7.4,1200.0,45.1,8676.21,3.9,0.0,147.0,0.0,0.0,292,System Idle Process,0,MemCompression,3836,,Healthy,0,100,,,,0
2026-08-09 12:08:36,LAPTOP-GU29EE8S,10.6,1200.0,45.1,8674.16,3.9,0.0,433.07,0.0,0.0,292,System Idle Process,0,MemCompression,3836,,Healthy,0,100,,,,0
2026-08-09 12:08:40,LAPTOP-GU29EE8S,7.9,1200.0,44.9,8714.11,3.8,0.0,96.45,0.0,0.0,292,System Idle Process,0,MemCompression,3836,,Healthy,0,100,,,,0
2026-08-09 12:08:44,LAPTOP-GU29EE8S,12.4,1200.0,45.1,8677.61,3.8,0.02,483.87,0.0,0.0,292,System Idle Process,0,MemCompression,3836,,Healthy,0,100,,,,0
2026-08-09 12:08:48,LAPTOP-GU29EE8S,8.9,1200.0,45.1,8682.81,3.9,0.0,246.31,0.0,0.0,292,System Idle Process,0,MemCompression,3836,,Healthy,0,100,,,,0
2026-08-09 12:08:52,LAPTOP-GU29EE8S,8.3,1200.0,45.1,8673.11,3.9,0.0,242.49,0.0,0.0,292,System Idle Process,0,MemCompression,3836,,Healthy,0,100,,,,0
2026-08-09 12:08:55,LAPTOP-GU29EE8S,10.6,1200.0,45.1,8677.61,3.9,0.0,380.27,0.0,0.0,292,System Idle Process,0,MemCompression,3836,,Healthy,0,100,,,,0
2026-08-09 12:08:59,LAPTOP-GU29EE8S,8.0,1200.0,45.1,8670.34,3.9,0.0,104.87,0.0,0.0,292,System Idle Process,0,MemCompression,3836,,Healthy,0,100,,,,0
2026-08-09 12:09:03,LAPTOP-GU29EE8S,7.2,1200.0,45.1,8670.27,3.9,0.0,125.28,0.0,0.0,292,System Idle Process,0,MemCompression,3836,,Healthy,0,100,,,,0
2026-08-09 12:09:07,LAPTOP-GU29EE8S,8.5,1200.0,45.1,8680.97,3.9,0.31,225.46,0.0,0.0,292,System Idle Process,0,MemCompression,3836,,Healthy,0,100,,,,0
2026-08-09 12:09:10,LAPTOP-GU29EE8S,10.5,1200.0,45.1,8675.25,3.9,0.0,352.1,0.0,0.0,292,System Idle Process,0,MemCompression,3836,,Healthy,0,100,,,,0
2026-08-09 12:09:14,LAPTOP-GU29EE8S,8.5,1200.0,45.1,8671.91,3.9,0.02,165.12,0.0,0.0,292,System Idle Process,0,MemCompression,3836,,Healthy,0,100,,,,0
2026-08-09 12:09:18,LAPTOP-GU29EE8S,11.9,1200.0,44.9,8706.77,3.9,0.02,466.65,0.0,0.0,292,System Idle Process,0,MemCompression,3836,,Healthy,0,100,,,,0
2026-08-09 12:09:22,LAPTOP-GU29EE8S,8.2,1200.0,45.1,8681.9,3.9,0.0,194.43,0.0,0.0,292,System Idle Process,0,MemCompression,3836,,Healthy,0,100,,,,0
2026-08-09 12:09:25,LAPTOP-GU29EE8S,9.2,1200.0,45.2,8662.71,3.9,0.0,225.11,0.0,0.0,292,System Idle Process,0,MemCompression,3836,,Healthy,0,100,,,,0
2026-08-09 12:09:29,LAPTOP-GU29EE8S,9.7,1200.0,45.1,8681.19,3.9,0.07,362.42,0.0,0.0,292,System Idle Process,0,MemCompression,3836,,Healthy,0,100,,,,0
2026-08-09 12:09:33,LAPTOP-GU29EE8S,7.8,1200.0,45.2,8663.5,3.9,0.04,168.39,0.0,0.0,292,System Idle Process,0,MemCompression,3836,,Healthy,0,100,,,,0
2026-08-09 12:09:36,LAPTOP-GU29EE8S,8.0,1200.0,45.2,8659.5,3.9,0.03,111.54,0.0,0.0,293,System Idle Process,0,MemCompression,3836,,Healthy,0,100,,,,0
2026-08-09 12:09:40,LAPTOP-GU29EE8S,8.7,1200.0,45.1,8670.86,3.9,0.0,236.76,0.0,0.0,293,System Idle Process,0,MemCompression,3836,,Healthy,0,100,,,,0
2026-08-09 12:09:44,LAPTOP-GU29EE8S,9.4,1200.0,45.2,8657.63,3.9,0.03,344.06,0.0,0.0,293,System Idle Process,0,MemCompression,3836,,Healthy,0,100,,,,0
2026-08-09 12:09:48,LAPTOP-GU29EE8S,7.3,1200.0,45.2,8659.35,3.9,0.0,143.43,0.0,0.0,293,System Idle Process,0,MemCompression,3836,,Healthy,0,100,,,,0
2026-08-09 12:09:52,LAPTOP-GU29EE8S,12.0,1200.0,44.8,8721.75,3.8,0.0,469.72,0.0,0.0,293,System Idle Process,0,MemCompression,3836,,Healthy,0,100,,,,0
2026-08-09 12:09:55,LAPTOP-GU29EE8S,8.4,1200.0,45.2,8667.1,3.9,0.0,185.12,0.0,0.0,293,System Idle Process,0,MemCompression,3836,,Healthy,0,100,,,,0
2026-08-09 12:09:59,LAPTOP-GU29EE8S,9.1,1200.0,45.2,8657.43,3.9,0.02,330.39,0.0,0.0,293,System Idle Process,0,MemCompression,3836,,Healthy,0,100,,,,0
2026-08-09 12:10:03,LAPTOP-GU29EE8S,10.1,1200.0,45.2,8661.7,3.9,0.0,391.58,0.0,0.0,293,System Idle Process,0,MemCompression,3836,,Healthy,0,100,,,,0
2026-08-09 12:10:07,LAPTOP-GU29EE8S,7.8,1200.0,45.2,8662.27,3.9,0.0,105.32,0.0,0.0,293,System Idle Process,0,MemCompression,3836,,Healthy,0,100,,,,0
2026-08-09 12:10:11,LAPTOP-GU29EE8S,6.6,1200.0,45.2,8657.64,3.9,0.0,65.27,0.0,0.0,293,System Idle Process,0,MemCompression,3836,,Healthy,0,100,,,,0
2026-08-09 12:10:15,LAPTOP-GU29EE8S,9.5,1200.0,45.3,8652.79,3.9,0.0,343.21,0.0,0.0,293,System Idle Process,0,MemCompression,3836,,Healthy,0,100,,,,0
2026-08-09 12:10:18,LAPTOP-GU29EE8S,8.6,1200.0,45.1,8679.07,3.9,0.15,182.63,0.0,0.0,293,System Idle Process,0,MemCompression,3836,,Healthy,0,100,,,,0
2026-08-09 12:10:22,LAPTOP-GU29EE8S,8.3,1200.0,45.2,8667.1,3.9,0.01,215.07,0.0,0.0,293,System Idle Process,0,MemCompression,3836,,Healthy,0,100,,,,0
2026-08-09 12:10:26,LAPTOP-GU29EE8S,11.6,1200.0,44.9,8710.62,3.8,0.02,493.85,0.0,0.0,293,System Idle Process,0,MemCompression,3836,,Healthy,0,100,,,,0
2026-08-09 12:10:30,LAPTOP-GU29EE8S,6.9,1200.0,45.3,8652.0,3.9,0.0,118.39,0.0,0.0,293,System Idle Process,0,MemCompression,3836,,Healthy,0,100,,,,0
2026-08-09 12:10:34,LAPTOP-GU29EE8S,10.1,1200.0,45.2,8668.87,3.9,0.0,405.12,0.0,0.0,293,System Idle Process,0,MemCompression,3836,,Healthy,0,100,,,,0
2026-08-09 12:10:37,LAPTOP-GU29EE8S,8.9,1200.0,45.1,8674.07,3.9,0.0,308.08,0.0,0.0,293,System Idle Process,0,MemCompression,3836,,Healthy,0,100,,,,0
2026-08-09 12:10:41,LAPTOP-GU29EE8S,6.9,1200.0,45.2,8654.46,3.9,0.0,114.68,0.0,0.0,293,System Idle Process,0,MemCompression,3836,,Healthy,0,100,,,,0
2026-08-09 12:10:45,LAPTOP-GU29EE8S,7.9,1200.0,45.1,8674.57,3.9,0.0,128.35,0.0,0.0,293,System Idle Process,0,MemCompression,3836,,Healthy,0,100,,,,0
2026-08-09 12:10:49,LAPTOP-GU29EE8S,10.6,1200.0,45.1,8669.49,3.9,0.03,438.77,0.0,0.0,293,System Idle Process,0,MemCompression,3836,,Healthy,0,100,,,,0
2026-08-09 12:10:53,LAPTOP-GU29EE8S,6.6,1200.0,45.2,8657.99,3.9,0.06,69.5,0.0,0.0,293,System Idle Process,0,MemCompression,3836,,Healthy,0,100,,,,0
2026-08-09 12:10:56,LAPTOP-GU29EE8S,11.5,1200.0,45.2,8665.88,3.9,0.0,450.83,0.0,0.0,293,System Idle Process,0,MemCompression,3836,,Healthy,0,100,,,,0
2026-08-09 12:11:00,LAPTOP-GU29EE8S,9.6,1200.0,45.2,8655.83,3.9,0.05,274.97,0.0,0.0,293,System Idle Process,0,MemCompression,3836,,Healthy,0,100,,,,0
2026-08-09 12:11:04,LAPTOP-GU29EE8S,7.8,1200.0,45.3,8651.3,3.9,0.0,188.54,0.0,0.0,293,System Idle Process,0,MemCompression,3836,,Healthy,0,100,,,,0
2026-08-09 12:11:08,LAPTOP-GU29EE8S,10.9,1200.0,44.9,8706.8,3.8,0.0,483.92,0.0,0.0,293,System Idle Process,0,MemCompression,3836,,Healthy,0,100,,,,0
2026-08-09 12:11:11,LAPTOP-GU29EE8S,7.5,1200.0,44.9,8701.96,3.8,0.0,105.33,0.0,0.0,293,System Idle Process,0,MemCompression,3836,,Healthy,0,100,,,,0
2026-08-09 12:11:15,LAPTOP-GU29EE8S,8.2,1200.0,45.2,8663.29,3.9,0.0,115.6,0.0,0.0,293,System Idle Process,0,MemCompression,3836,,Healthy,0,100,,,,0
2026-08-09 12:11:19,LAPTOP-GU29EE8S,9.6,1200.0,45.2,8662.16,3.9,0.0,309.74,0.0,0.0,293,System Idle Process,0,MemCompression,3836,,Healthy,0,100,,,,0
2026-08-09 12:11:23,LAPTOP-GU29EE8S,8.2,1200.0,45.2,8663.67,3.9,0.02,230.94,0.0,0.0,293,System Idle Process,0,MemCompression,3836,,Healthy,0,100,,,,0
2026-08-09 12:11:27,LAPTOP-GU29EE8S,9.4,1200.0,44.8,8723.55,3.8,0.0,202.76,0.0,0.0,293,System Idle Process,0,MemCompression,3836,,Healthy,0,100,,,,0
2026-08-09 12:11:30,LAPTOP-GU29EE8S,11.1,1200.0,45.2,8663.1,3.9,0.0,469.44,0.0,0.0,293,System Idle Process,0,MemCompression,3836,,Healthy,0,100,,,,0
2026-08-09 12:11:34,LAPTOP-GU29EE8S,7.6,1200.0,44.8,8719.11,3.8,0.0,149.89,0.0,0.0,293,System Idle Process,0,MemCompression,3836,,Healthy,0,100,,,,0
2026-08-09 12:11:38,LAPTOP-GU29EE8S,10.6,1200.0,45.1,8684.14,3.8,0.01,381.35,0.0,0.0,293,System Idle Process,0,MemCompression,3836,,Healthy,0,100,,,,0
2026-08-09 12:11:42,LAPTOP-GU29EE8S,8.6,1200.0,44.8,8718.14,3.8,0.0,322.38,0.0,0.0,293,System Idle Process,0,MemCompression,3836,,Healthy,0,100,,,,0
2026-08-09 12:11:45,LAPTOP-GU29EE8S,7.1,1200.0,45.2,8664.5,3.9,0.0,62.63,0.0,0.0,293,System Idle Process,0,MemCompression,3836,,Healthy,0,100,,,,0
2026-08-09 12:11:49,LAPTOP-GU29EE8S,6.9,1200.0,45.1,8676.7,3.9,0.03,102.66,0.0,0.03,293,System Idle Process,0,MemCompression,3836,,Healthy,0,100,,,,0
2026-08-09 12:11:53,LAPTOP-GU29EE8S,9.8,1200.0,44.8,8722.54,3.8,0.04,326.44,0.0,0.0,293,System Idle Process,0,MemCompression,3836,,Healthy,0,100,,,,0
2026-08-09 12:11:57,LAPTOP-GU29EE8S,8.4,1200.0,45.2,8663.86,3.9,0.02,251.33,0.0,0.0,293,System Idle Process,0,MemCompression,3836,,Healthy,0,100,,,,0
2026-08-09 12:12:01,LAPTOP-GU29EE8S,8.9,1200.0,45.0,8694.28,3.8,0.0,320.19,0.0,0.0,293,System Idle Process,0,MemCompression,3836,,Healthy,0,100,,,,0
2026-08-09 12:12:04,LAPTOP-GU29EE8S,11.0,1200.0,45.2,8658.77,3.9,0.02,433.16,0.0,0.0,293,System Idle Process,0,MemCompression,3836,,Healthy,0,100,,,,0
2026-08-09 12:12:08,LAPTOP-GU29EE8S,6.8,1200.0,45.2,8654.38,3.9,0.0,91.46,0.0,0.0,293,System Idle Process,0,MemCompression,3836,,Healthy,0,100,,,,0
2026-08-09 12:12:12,LAPTOP-GU29EE8S,11.9,1200.0,45.2,8668.92,3.9,0.0,476.43,0.0,0.0,293,System Idle Process,0,MemCompression,3836,,Healthy,0,100,,,,0
2026-08-09 12:12:16,LAPTOP-GU29EE8S,8.3,1200.0,45.2,8662.51,3.9,0.0,200.3,0.0,0.0,293,System Idle Process,0,MemCompression,3836,,Healthy,0,100,,,,0
2026-08-09 12:12:20,LAPTOP-GU29EE8S,7.8,1200.0,45.2,8654.01,3.9,0.0,97.7,0.0,0.0,293,System Idle Process,0,MemCompression,3836,,Healthy,0,100,,,,0
2026-08-09 12:12:24,LAPTOP-GU29EE8S,7.0,1200.0,45.2,8654.7,3.9,0.0,100.08,0.0,0.0,293,System Idle Process,0,MemCompression,3836,,Healthy,0,100,,,,0
2026-08-09 12:12:27,LAPTOP-GU29EE8S,10.5,1200.0,45.2,8661.56,3.9,0.09,458.94,0.0,0.0,293,System Idle Process,0,MemCompression,3836,,Healthy,0,100,,,,0
2026-08-09 12:12:31,LAPTOP-GU29EE8S,7.8,1200.0,45.2,8659.18,3.9,0.0,164.01,0.0,0.0,293,System Idle Process,0,MemCompression,3836,,Healthy,0,100,,,,0
2026-08-09 12:12:35,LAPTOP-GU29EE8S,10.6,1200.0,45.1,8669.92,3.9,0.0,473.87,0.0,0.0,293,System Idle Process,0,MemCompression,3836,,Healthy,0,100,,,,0
2026-08-09 12:12:39,LAPTOP-GU29EE8S,8.3,1200.0,45.3,8640.3,3.9,2.04,185.43,0.0,0.01,293,System Idle Process,0,MemCompression,3836,,Healthy,0,100,,,,0
2026-08-09 12:12:43,LAPTOP-GU29EE8S,7.9,1200.0,45.0,8690.13,3.8,0.94,186.73,0.0,0.01,293,System Idle Process,0,MemCompression,3836,,Healthy,0,100,,,,0
2026-08-09 12:12:47,LAPTOP-GU29EE8S,8.6,1200.0,45.5,8620.59,3.9,1.81,236.28,0.0,0.0,293,System Idle Process,0,MemCompression,3836,,Healthy,0,100,,,,0
2026-08-09 12:12:51,LAPTOP-GU29EE8S,9.8,1200.0,45.7,8579.0,3.9,0.21,171.05,0.0,0.0,300,System Idle Process,0,MemCompression,3836,,Healthy,0,100,,,,0
2026-08-09 12:12:55,LAPTOP-GU29EE8S,9.0,1200.0,45.3,8641.3,3.8,0.03,208.51,0.0,0.0,298,System Idle Process,0,MemCompression,3836,,Healthy,0,100,,,,0
2026-08-09 12:12:58,LAPTOP-GU29EE8S,7.2,1200.0,45.7,8576.86,3.9,0.21,65.32,0.0,0.01,298,System Idle Process,0,MemCompression,3836,,Healthy,0,100,,,,0
2026-08-09 12:13:02,LAPTOP-GU29EE8S,11.6,1200.0,45.5,8608.42,3.9,0.03,495.82,0.0,0.0,294,System Idle Process,0,MemCompression,3836,,Healthy,0,100,,,,0
2026-08-09 12:13:06,LAPTOP-GU29EE8S,7.3,1200.0,45.6,8602.11,3.9,0.0,82.45,0.0,0.0,294,System Idle Process,0,MemCompression,3836,,Healthy,0,100,,,,0
2026-08-09 12:13:10,LAPTOP-GU29EE8S,13.6,1200.0,45.9,8548.6,3.9,1.97,349.14,0.0,0.0,295,System Idle Process,0,MemCompression,3836,,Healthy,0,100,,,,0
2026-08-09 12:13:14,LAPTOP-GU29EE8S,8.7,1200.0,45.6,8599.21,3.8,0.02,173.31,0.0,0.0,295,System Idle Process,0,MemCompression,3836,,Healthy,0,100,,,,0
2026-08-09 12:13:18,LAPTOP-GU29EE8S,9.5,1200.0,46.1,8520.52,3.9,0.05,213.82,0.0,0.0,295,System Idle Process,0,MemCompression,3836,,Healthy,0,100,,,,0
2026-08-09 12:13:22,LAPTOP-GU29EE8S,9.2,1200.0,46.0,8530.91,3.9,0.01,286.19,0.0,0.0,295,System Idle Process,0,MemCompression,3836,,Healthy,0,100,,,,0
2026-08-09 12:13:26,LAPTOP-GU29EE8S,10.8,1200.0,45.6,8597.9,3.8,0.04,481.07,0.0,0.0,295,System Idle Process,0,MemCompression,3836,,Healthy,0,100,,,,0
2026-08-09 12:13:30,LAPTOP-GU29EE8S,8.6,1200.0,46.0,8534.06,3.9,0.02,115.82,0.0,0.0,295,System Idle Process,0,MemCompression,3836,,Healthy,0,100,,,,0
2026-08-09 12:13:34,LAPTOP-GU29EE8S,12.0,1200.0,45.9,8553.51,3.8,0.06,373.3,0.0,0.0,295,System Idle Process,0,MemCompression,3836,,Healthy,0,100,,,,0
2026-08-09 12:13:38,LAPTOP-GU29EE8S,9.4,1200.0,46.1,8517.32,3.9,0.0,137.5,0.0,0.0,295,System Idle Process,0,MemCompression,3836,,Healthy,0,100,,,,0
2026-08-09 12:13:42,LAPTOP-GU29EE8S,10.2,1200.0,46.1,8516.35,3.9,0.0,302.16,0.0,0.0,295,System Idle Process,0,MemCompression,3836,,Healthy,0,100,,,,0
2026-08-09 12:13:46,LAPTOP-GU29EE8S,9.2,1200.0,46.2,8508.6,3.9,0.28,89.58,0.0,0.0,296,System Idle Process,0,MemCompression,3836,,Healthy,0,100,,,,0
2026-08-09 12:13:50,LAPTOP-GU29EE8S,11.0,1200.0,46.2,8509.34,3.9,0.07,311.93,0.0,0.0,295,System Idle Process,0,MemCompression,3836,,Healthy,0,100,,,,0
2026-08-09 12:13:54,LAPTOP-GU29EE8S,8.8,1200.0,46.0,8529.51,3.9,0.05,194.24,0.0,0.0,295,System Idle Process,0,MemCompression,3836,,Healthy,0,100,,,,0
2026-08-09 12:13:58,LAPTOP-GU29EE8S,10.5,1200.0,45.9,8543.16,3.9,0.01,220.5,0.0,0.0,295,System Idle Process,0,MemCompression,3836,,Healthy,0,100,,,,0
2026-08-09 12:14:02,LAPTOP-GU29EE8S,10.6,1200.0,46.2,8505.6,3.9,0.07,294.6,0.0,0.0,295,System Idle Process,0,MemCompression,3836,,Healthy,0,100,,,,0
2026-08-09 12:14:06,LAPTOP-GU29EE8S,11.7,1200.0,45.9,8543.17,3.9,0.05,486.73,0.0,0.0,295,System Idle Process,0,MemCompression,3836,,Healthy,0,100,,,,0
2026-08-09 12:14:10,LAPTOP-GU29EE8S,9.0,1200.0,46.0,8532.12,3.9,0.02,228.06,0.0,0.0,295,System Idle Process,0,MemCompression,3836,,Healthy,0,100,,,,0
2026-08-09 12:14:14,LAPTOP-GU29EE8S,9.4,1200.0,45.6,8603.58,3.8,0.09,268.55,0.0,0.0,295,System Idle Process,0,MemCompression,3836,,Healthy,0,100,,,,0
2026-08-09 12:14:18,LAPTOP-GU29EE8S,9.7,1200.0,46.3,8490.81,3.9,5.31,141.71,0.0,0.0,299,System Idle Process,0,MemCompression,3836,,Healthy,0,100,,,,0
2026-08-09 12:14:22,LAPTOP-GU29EE8S,7.4,1200.0,46.1,8511.6,3.9,0.12,107.44,0.0,0.01,298,System Idle Process,0,MemCompression,3836,,Healthy,0,100,,,,0
2026-08-09 12:14:26,LAPTOP-GU29EE8S,8.6,1200.0,46.2,8510.91,3.9,0.0,232.55,0.0,0.0,298,System Idle Process,0,MemCompression,3836,,Healthy,0,100,,,,0
2026-08-09 12:14:30,LAPTOP-GU29EE8S,9.1,1200.0,46.3,8494.19,3.9,0.03,199.14,0.0,0.0,298,System Idle Process,0,MemCompression,3836,,Healthy,0,100,,,,0
2026-08-09 12:14:34,LAPTOP-GU29EE8S,9.9,1200.0,46.2,8500.34,3.9,0.06,305.22,0.0,0.0,298,System Idle Process,0,MemCompression,3836,,Healthy,0,100,,,,0
2026-08-09 12:14:38,LAPTOP-GU29EE8S,8.4,1200.0,46.2,8504.59,3.9,0.0,216.82,0.0,0.0,297,System Idle Process,0,MemCompression,3836,,Healthy,0,100,,,,0
2026-08-09 12:14:42,LAPTOP-GU29EE8S,7.7,1200.0,46.2,8508.43,3.9,0.11,183.83,0.0,0.0,297,System Idle Process,0,MemCompression,3836,,Healthy,0,100,,,,0
2026-08-09 12:14:45,LAPTOP-GU29EE8S,9.5,1200.0,46.1,8512.3,3.9,0.02,316.51,0.0,0.0,297,System Idle Process,0,MemCompression,3836,,Healthy,0,100,,,,0
2026-08-09 12:14:49,LAPTOP-GU29EE8S,8.1,1200.0,45.8,8574.27,3.8,0.01,199.76,0.0,0.0,296,System Idle Process,0,MemCompression,3836,,Healthy,0,100,,,,0
2026-08-09 12:14:53,LAPTOP-GU29EE8S,8.7,1200.0,46.1,8520.38,3.9,0.01,267.18,0.0,0.0,296,System Idle Process,0,MemCompression,3836,,Healthy,0,100,,,,0
2026-08-09 12:14:57,LAPTOP-GU29EE8S,8.4,1200.0,46.1,8522.86,3.9,0.03,165.01,0.0,0.0,295,System Idle Process,0,MemCompression,3836,,Healthy,0,100,,,,0
2026-08-09 12:15:01,LAPTOP-GU29EE8S,9.0,1200.0,46.1,8521.65,3.9,0.01,317.2,0.0,0.01,295,System Idle Process,0,MemCompression,3836,,Healthy,0,100,,,,0
2026-08-09 12:15:05,LAPTOP-GU29EE8S,7.7,1200.0,45.9,8554.94,3.8,0.01,73.62,0.0,0.0,295,System Idle Process,0,MemCompression,3836,,Healthy,0,100,,,,0
2026-08-09 12:15:08,LAPTOP-GU29EE8S,10.1,1200.0,46.0,8535.04,3.9,0.03,267.05,0.0,0.0,294,System Idle Process,0,MemCompression,3836,,Healthy,0,100,,,,0
2026-08-09 12:15:13,LAPTOP-GU29EE8S,9.3,1200.0,46.2,8502.79,3.9,0.02,266.91,0.0,0.0,295,System Idle Process,0,MemCompression,3836,,Healthy,0,100,,,,0
2026-08-09 12:15:17,LAPTOP-GU29EE8S,19.3,1200.0,47.5,8293.1,3.9,0.0,220.73,0.0,0.0,301,System Idle Process,0,MemCompression,3836,,Healthy,0,100,,,,0
2026-08-09 12:15:22,LAPTOP-GU29EE8S,12.5,1200.0,47.7,8264.12,3.8,0.19,246.99,0.0,0.0,305,System Idle Process,0,MemCompression,3836,,Healthy,0,100,,,,0
2026-08-09 12:15:26,LAPTOP-GU29EE8S,11.5,1200.0,47.4,8319.78,3.9,0.04,344.84,0.0,0.0,302,System Idle Process,0,MemCompression,3836,,Healthy,0,100,,,,0
2026-08-09 12:15:30,LAPTOP-GU29EE8S,9.3,1200.0,46.9,8393.55,3.9,0.04,267.12,0.0,0.0,301,System Idle Process,0,MemCompression,3836,,Healthy,0,100,,,,0
2026-08-09 12:15:34,LAPTOP-GU29EE8S,9.5,1200.0,46.4,8475.55,3.9,0.04,93.55,0.0,0.0,297,System Idle Process,0,MemCompression,3836,,Healthy,0,100,,,,0
2026-08-09 12:15:39,LAPTOP-GU29EE8S,10.2,1200.0,46.2,8511.14,3.9,0.0,290.68,0.0,0.0,297,System Idle Process,0,MemCompression,3836,,Healthy,0,100,,,,0
2026-08-09 12:15:42,LAPTOP-GU29EE8S,8.4,1200.0,46.2,8499.81,3.9,0.0,152.54,0.0,0.0,297,System Idle Process,0,MemCompression,3836,,Healthy,0,100,,,,0
2026-08-09 12:15:46,LAPTOP-GU29EE8S,11.4,1200.0,46.2,8499.89,3.9,0.0,473.94,0.0,0.0,297,System Idle Process,0,MemCompression,3836,,Healthy,0,100,,,,0
2026-08-09 12:15:50,LAPTOP-GU29EE8S,7.8,1200.0,46.2,8508.08,3.9,0.01,217.83,0.0,0.0,297,System Idle Process,0,MemCompression,3836,,Healthy,0,100,,,,0
2026-08-09 12:15:54,LAPTOP-GU29EE8S,10.1,1200.0,46.1,8523.05,3.9,0.0,290.38,0.0,0.0,297,System Idle Process,0,MemCompression,3836,,Healthy,0,100,,,,0
2026-08-09 12:15:59,LAPTOP-GU29EE8S,9.4,1200.0,45.7,8584.53,3.8,0.0,247.82,0.0,0.0,296,System Idle Process,0,MemCompression,3836,,Healthy,0,100,,,,0
2026-08-09 12:16:03,LAPTOP-GU29EE8S,9.1,1200.0,45.7,8585.44,3.8,0.3,215.09,0.0,0.0,296,System Idle Process,0,MemCompression,3836,,Healthy,0,100,,,,0
2026-08-09 12:16:07,LAPTOP-GU29EE8S,8.9,1200.0,45.8,8568.89,3.9,0.03,182.47,0.01,0.0,296,System Idle Process,0,MemCompression,3836,,Healthy,0,100,,,,0
2026-08-09 12:16:11,LAPTOP-GU29EE8S,9.8,1200.0,45.8,8566.28,3.9,0.02,288.44,0.0,0.0,296,System Idle Process,0,MemCompression,3836,,Healthy,0,100,,,,0
2026-08-09 12:16:15,LAPTOP-GU29EE8S,7.3,1200.0,45.8,8567.13,3.9,0.03,81.22,0.0,0.0,296,System Idle Process,0,MemCompression,3836,,Healthy,0,100,,,,0
2026-08-09 12:16:19,LAPTOP-GU29EE8S,11.7,1200.0,45.9,8557.77,3.9,0.0,406.54,0.0,0.0,296,System Idle Process,0,MemCompression,3836,,Healthy,0,100,,,,0
2026-08-09 12:16:24,LAPTOP-GU29EE8S,9.8,1200.0,45.8,8563.8,3.9,0.03,340.14,0.0,0.0,295,System Idle Process,0,MemCompression,3836,,Healthy,0,100,,,,0
2026-08-09 12:16:28,LAPTOP-GU29EE8S,8.8,1200.0,45.8,8572.97,3.9,0.0,263.5,0.0,0.0,295,System Idle Process,0,MemCompression,3836,,Healthy,0,100,,,,0
2026-08-09 12:16:32,LAPTOP-GU29EE8S,10.5,1200.0,45.7,8582.76,3.9,0.0,285.95,0.0,0.0,295,System Idle Process,0,MemCompression,3836,,Healthy,0,100,,,,0
2026-08-09 12:16:36,LAPTOP-GU29EE8S,8.7,1200.0,45.7,8583.04,3.9,0.0,262.37,0.0,0.0,295,System Idle Process,0,MemCompression,3836,,Healthy,0,100,,,,0
2026-08-09 12:16:40,LAPTOP-GU29EE8S,7.3,1200.0,45.8,8562.96,3.9,0.0,153.23,0.0,0.0,295,System Idle Process,0,MemCompression,3836,,Healthy,0,100,,,,0
2026-08-09 12:16:44,LAPTOP-GU29EE8S,9.6,1200.0,45.8,8569.39,3.9,0.0,286.46,0.0,0.0,295,System Idle Process,0,MemCompression,3836,,Healthy,0,100,,,,0
2026-08-09 12:16:48,LAPTOP-GU29EE8S,7.9,1200.0,46.1,8524.8,3.9,1.07,73.69,0.0,0.02,301,System Idle Process,0,MemCompression,3836,,Healthy,0,100,,,,0
2026-08-09 12:16:52,LAPTOP-GU29EE8S,9.9,1200.0,46.0,8537.4,3.9,0.04,312.8,0.01,0.01,299,System Idle Process,0,MemCompression,3836,,Healthy,0,100,,,,0
2026-08-09 12:16:56,LAPTOP-GU29EE8S,11.5,1200.0,45.8,8558.88,3.9,0.02,420.51,0.0,0.0,299,System Idle Process,0,MemCompression,3836,,Healthy,0,100,,,,0
2026-08-09 12:17:00,LAPTOP-GU29EE8S,7.4,1200.0,45.9,8557.96,3.9,0.05,93.21,0.0,0.0,299,System Idle Process,0,MemCompression,3836,,Healthy,0,100,,,,0
2026-08-09 12:17:05,LAPTOP-GU29EE8S,11.1,1200.0,45.9,8550.26,3.9,0.0,475.73,0.0,0.0,295,System Idle Process,0,MemCompression,3836,,Healthy,0,100,,,,0
2026-08-09 12:17:08,LAPTOP-GU29EE8S,7.3,1200.0,45.4,8626.06,3.8,0.0,118.31,0.0,0.0,295,System Idle Process,0,MemCompression,3836,,Healthy,0,100,,,,0
2026-08-09 12:17:13,LAPTOP-GU29EE8S,9.6,1200.0,45.8,8563.85,3.9,0.0,311.6,0.0,0.0,295,System Idle Process,0,MemCompression,3836,,Healthy,0,100,,,,0
2026-08-09 12:17:17,LAPTOP-GU29EE8S,9.9,1200.0,45.5,8621.6,3.8,0.01,283.25,0.0,0.0,295,System Idle Process,0,MemCompression,3836,,Healthy,0,100,,,,0
2026-08-09 12:17:21,LAPTOP-GU29EE8S,7.1,1200.0,45.7,8578.47,3.9,0.01,86.81,0.0,0.0,294,System Idle Process,0,MemCompression,3836,,Healthy,0,100,,,,0
2026-08-09 12:17:25,LAPTOP-GU29EE8S,8.5,1200.0,45.9,8555.43,3.9,0.0,277.6,0.0,0.0,294,System Idle Process,0,MemCompression,3836,,Healthy,0,100,,,,0
2026-08-09 12:17:29,LAPTOP-GU29EE8S,10.8,1200.0,45.7,8575.82,3.9,0.0,383.41,0.0,0.0,294,System Idle Process,0,MemCompression,3836,,Healthy,0,100,,,,0
2026-08-09 12:17:33,LAPTOP-GU29EE8S,8.1,1200.0,45.8,8570.27,3.9,0.0,153.4,0.0,0.0,294,System Idle Process,0,MemCompression,3836,,Healthy,0,100,,,,0
2026-08-09 12:17:37,LAPTOP-GU29EE8S,10.8,1200.0,45.7,8583.8,3.9,0.0,419.49,0.0,0.0,294,System Idle Process,0,MemCompression,3836,,Healthy,0,100,,,,0
2026-08-09 12:17:41,LAPTOP-GU29EE8S,7.3,1200.0,45.7,8579.73,3.9,0.0,154.26,0.0,0.0,294,System Idle Process,0,MemCompression,3836,,Healthy,0,100,,,,0
2026-08-09 12:17:45,LAPTOP-GU29EE8S,10.4,1200.0,45.8,8558.85,3.9,0.0,336.76,0.0,0.0,294,System Idle Process,0,MemCompression,3836,,Healthy,0,100,,,,0
2026-08-09 12:17:49,LAPTOP-GU29EE8S,6.9,1200.0,45.7,8582.59,3.9,0.0,96.03,0.0,0.0,294,System Idle Process,0,MemCompression,3836,,Healthy,0,100,,,,0
2026-08-09 12:17:53,LAPTOP-GU29EE8S,10.0,1200.0,45.7,8578.51,3.9,0.02,287.65,0.0,0.0,294,System Idle Process,0,MemCompression,3836,,Healthy,0,100,,,,0
2026-08-09 12:17:57,LAPTOP-GU29EE8S,9.3,1200.0,45.4,8630.15,3.8,0.1,219.42,0.0,0.0,294,System Idle Process,0,MemCompression,3836,,Healthy,0,100,,,,0
2026-08-09 12:18:01,LAPTOP-GU29EE8S,10.9,1200.0,45.8,8568.12,3.9,0.03,483.18,0.0,0.0,294,System Idle Process,0,MemCompression,3836,,Healthy,0,100,,,,0
2026-08-09 12:18:05,LAPTOP-GU29EE8S,7.7,1200.0,45.8,8573.6,3.9,0.0,169.86,0.0,0.0,294,System Idle Process,0,MemCompression,3836,,Healthy,0,100,,,,0
2026-08-09 12:18:08,LAPTOP-GU29EE8S,10.5,1200.0,45.8,8569.59,3.9,0.0,372.31,0.0,0.0,294,System Idle Process,0,MemCompression,3836,,Healthy,0,100,,,,0
2026-08-09 12:18:13,LAPTOP-GU29EE8S,7.5,1200.0,45.8,8571.75,3.9,0.0,199.89,0.0,0.0,294,System Idle Process,0,MemCompression,3836,,Healthy,0,100,,,,0
2026-08-09 12:18:17,LAPTOP-GU29EE8S,10.6,1200.0,45.8,8569.03,3.9,0.0,336.7,0.0,0.0,294,System Idle Process,0,MemCompression,3836,,Healthy,0,100,,,,0
2026-08-09 12:18:21,LAPTOP-GU29EE8S,6.9,1200.0,45.7,8583.36,3.8,0.0,105.69,0.0,0.0,294,System Idle Process,0,MemCompression,3836,,Healthy,0,100,,,,0
2026-08-09 12:18:25,LAPTOP-GU29EE8S,8.9,1200.0,45.8,8571.36,3.9,0.0,243.24,0.0,0.0,294,System Idle Process,0,MemCompression,3836,,Healthy,0,100,,,,0
2026-08-09 12:18:29,LAPTOP-GU29EE8S,7.5,1200.0,45.5,8617.18,3.8,0.02,140.19,0.0,0.0,294,System Idle Process,0,MemCompression,3836,,Healthy,0,100,,,,0
2026-08-09 12:18:33,LAPTOP-GU29EE8S,11.7,1200.0,45.9,8554.45,3.9,0.02,485.78,0.0,0.0,294,System Idle Process,0,MemCompression,3836,,Healthy,0,100,,,,0
2026-08-09 12:18:37,LAPTOP-GU29EE8S,9.4,1200.0,45.7,8577.0,3.9,0.0,250.21,0.0,0.0,294,System Idle Process,0,MemCompression,3836,,Healthy,0,100,,,,0
2026-08-09 12:18:41,LAPTOP-GU29EE8S,9.8,1200.0,45.5,8617.29,3.8,0.0,300.55,0.0,0.0,294,System Idle Process,0,MemCompression,3836,,Healthy,0,100,,,,0
2026-08-09 12:18:45,LAPTOP-GU29EE8S,9.4,1200.0,45.8,8561.27,3.9,0.0,255.46,0.0,0.0,294,System Idle Process,0,MemCompression,3836,,Healthy,0,100,,,,0
2026-08-09 12:18:49,LAPTOP-GU29EE8S,9.7,1200.0,45.8,8559.0,3.9,0.0,313.78,0.0,0.0,294,System Idle Process,0,MemCompression,3836,,Healthy,0,100,,,,0
2026-08-09 12:18:53,LAPTOP-GU29EE8S,7.0,1200.0,45.8,8559.55,3.9,0.0,96.72,0.0,0.0,294,System Idle Process,0,MemCompression,3836,,Healthy,0,100,,,,0
2026-08-09 12:18:57,LAPTOP-GU29EE8S,9.9,1200.0,45.8,8567.73,3.9,0.0,292.47,0.0,0.0,294,System Idle Process,0,MemCompression,3836,,Healthy,0,100,,,,0
2026-08-09 12:19:01,LAPTOP-GU29EE8S,6.9,1200.0,45.8,8568.2,3.9,0.0,113.06,0.0,0.0,294,System Idle Process,0,MemCompression,3836,,Healthy,0,100,,,,0
2026-08-09 12:19:05,LAPTOP-GU29EE8S,9.6,1200.0,45.8,8565.28,3.9,0.02,352.22,0.0,0.0,294,System Idle Process,0,MemCompression,3836,,Healthy,0,100,,,,0
2026-08-09 12:19:09,LAPTOP-GU29EE8S,10.4,1200.0,45.9,8558.21,3.9,0.38,392.84,0.0,0.0,294,System Idle Process,0,MemCompression,3836,,Healthy,0,100,,,,0
2026-08-09 12:19:13,LAPTOP-GU29EE8S,6.9,1200.0,45.7,8583.49,3.9,0.0,63.16,0.0,0.0,294,System Idle Process,0,MemCompression,3836,,Healthy,0,100,,,,0
2026-08-09 12:19:17,LAPTOP-GU29EE8S,8.8,1200.0,45.8,8564.66,3.9,0.0,282.95,0.0,0.0,294,System Idle Process,0,MemCompression,3836,,Healthy,0,100,,,,0
2026-08-09 12:19:21,LAPTOP-GU29EE8S,10.5,1200.0,45.8,8564.59,3.9,0.02,245.46,0.0,0.0,294,System Idle Process,0,MemCompression,3836,,Healthy,0,100,,,,0
2026-08-09 12:19:25,LAPTOP-GU29EE8S,8.9,1200.0,45.4,8623.95,3.8,0.0,242.58,0.0,0.0,294,System Idle Process,0,MemCompression,3836,,Healthy,0,100,,,,0
2026-08-09 12:19:29,LAPTOP-GU29EE8S,7.4,1200.0,45.8,8561.24,3.9,0.0,150.19,0.0,0.0,294,System Idle Process,0,MemCompression,3836,,Healthy,0,100,,,,0
2026-08-09 12:19:33,LAPTOP-GU29EE8S,9.0,1200.0,45.7,8577.3,3.9,0.0,225.66,0.0,0.0,294,System Idle Process,0,MemCompression,3836,,Healthy,0,100,,,,0
2026-08-09 12:19:37,LAPTOP-GU29EE8S,11.4,1200.0,45.4,8624.84,3.8,0.0,509.65,0.0,0.0,293,System Idle Process,0,MemCompression,3836,,Healthy,0,100,,,,0
2026-08-09 12:19:41,LAPTOP-GU29EE8S,12.2,1200.0,45.8,8562.99,3.9,0.0,467.99,0.0,0.0,293,System Idle Process,0,MemCompression,3836,,Healthy,0,100,,,,0
2026-08-09 12:19:45,LAPTOP-GU29EE8S,7.6,1200.0,45.8,8561.25,3.9,0.0,73.53,0.0,0.0,293,System Idle Process,0,MemCompression,3836,,Healthy,0,100,,,,0
2026-08-09 12:19:49,LAPTOP-GU29EE8S,8.7,1200.0,45.5,8617.88,3.8,0.0,202.25,0.0,0.0,293,System Idle Process,0,MemCompression,3836,,Healthy,0,100,,,,0
2026-08-09 12:19:53,LAPTOP-GU29EE8S,8.9,1200.0,45.9,8557.28,3.9,0.0,285.24,0.0,0.0,293,System Idle Process,0,MemCompression,3836,,Healthy,0,100,,,,0
2026-08-09 12:19:57,LAPTOP-GU29EE8S,7.5,1200.0,45.8,8571.29,3.9,0.0,116.87,0.0,0.0,293,System Idle Process,0,MemCompression,3836,,Healthy,0,100,,,,0
2026-08-09 12:20:01,LAPTOP-GU29EE8S,9.9,1200.0,46.2,8503.45,3.9,1.5,277.79,0.01,0.02,293,System Idle Process,0,MemCompression,3836,,Healthy,0,100,,,,0
2026-08-09 12:20:05,LAPTOP-GU29EE8S,10.1,1200.0,46.3,8493.14,3.9,0.02,235.18,0.0,0.0,293,System Idle Process,0,MemCompression,3836,,Healthy,0,100,,,,0
2026-08-09 12:20:09,LAPTOP-GU29EE8S,9.4,1200.0,46.1,8513.7,3.9,0.0,330.72,0.0,0.0,293,System Idle Process,0,MemCompression,3836,,Healthy,0,100,,,,0
2026-08-09 12:20:13,LAPTOP-GU29EE8S,9.0,1200.0,45.8,8558.98,3.8,0.02,270.31,0.0,0.0,293,System Idle Process,0,MemCompression,3836,,Healthy,0,100,,,,0
2026-08-09 12:20:19,LAPTOP-GU29EE8S,8.9,1200.0,45.8,8559.02,3.8,0.04,272.56,0.0,0.0,293,System Idle Process,0,MemCompression,3836,,Healthy,0,100,,,,0
2026-08-09 12:20:24,LAPTOP-GU29EE8S,23.1,1200.0,47.7,8272.04,3.9,0.35,77.34,0.0,0.0,299,System Idle Process,0,MemCompression,3836,,Healthy,0,100,,,,0
2026-08-09 12:20:29,LAPTOP-GU29EE8S,15.6,1200.0,47.9,8236.04,3.9,0.21,166.58,0.0,0.0,303,System Idle Process,0,MemCompression,3836,,Healthy,0,100,,,,0
2026-08-09 12:20:35,LAPTOP-GU29EE8S,16.8,1200.0,47.8,8257.33,3.9,0.02,210.6,0.0,0.0,302,System Idle Process,0,MemCompression,3836,,Healthy,0,100,,,,0
2026-08-09 12:20:40,LAPTOP-GU29EE8S,11.7,1200.0,47.8,8253.75,3.9,0.01,214.12,0.0,0.0,302,System Idle Process,0,MemCompression,3836,,Healthy,0,100,,,,0
2026-08-09 12:20:45,LAPTOP-GU29EE8S,11.1,1200.0,47.0,8378.41,3.9,0.02,126.86,0.0,0.0,300,System Idle Process,0,MemCompression,3836,,Healthy,0,100,,,,0
2026-08-09 12:20:50,LAPTOP-GU29EE8S,13.1,1200.0,46.6,8436.05,3.9,0.0,308.47,0.0,0.0,297,System Idle Process,0,MemCompression,3836,,Healthy,0,100,,,,0
2026-08-09 12:20:55,LAPTOP-GU29EE8S,13.9,1200.0,46.6,8447.21,3.9,0.06,326.57,0.0,0.0,297,System Idle Process,0,MemCompression,3836,,Healthy,0,100,,,,0
2026-08-09 12:21:00,LAPTOP-GU29EE8S,11.7,1200.0,46.5,8455.39,3.9,0.01,247.78,0.0,0.0,297,System Idle Process,0,MemCompression,3836,,Healthy,0,100,,,,0
2026-08-09 12:21:05,LAPTOP-GU29EE8S,10.2,1200.0,46.5,8460.78,3.9,0.04,90.36,0.0,0.0,297,System Idle Process,0,MemCompression,3836,,Healthy,0,100,,,,0
2026-08-09 12:21:10,LAPTOP-GU29EE8S,10.3,1200.0,46.5,8456.73,3.9,0.01,162.15,0.0,0.0,297,System Idle Process,0,MemCompression,3836,,Healthy,0,100,,,,0
2026-08-09 12:21:15,LAPTOP-GU29EE8S,11.9,1200.0,46.2,8501.19,3.9,0.0,226.58,0.0,0.0,296,System Idle Process,0,MemCompression,3836,,Healthy,0,100,,,,0
2026-08-09 12:21:19,LAPTOP-GU29EE8S,10.2,1200.0,46.3,8492.11,3.9,0.0,148.6,0.0,0.0,296,System Idle Process,0,MemCompression,3836,,Healthy,0,100,,,,0
2026-08-09 12:21:25,LAPTOP-GU29EE8S,10.5,1200.0,46.2,8495.41,3.9,0.0,189.77,0.0,0.0,296,System Idle Process,0,MemCompression,3836,,Healthy,0,100,,,,0
2026-08-09 12:21:30,LAPTOP-GU29EE8S,11.2,1200.0,46.2,8500.15,3.9,0.0,237.99,0.0,0.0,296,System Idle Process,0,MemCompression,3836,,Healthy,0,100,,,,0
2026-08-09 12:21:34,LAPTOP-GU29EE8S,13.4,1200.0,46.0,8534.31,3.8,0.01,339.81,0.0,0.0,295,System Idle Process,0,MemCompression,3836,,Healthy,0,100,,,,0
2026-08-09 12:21:39,LAPTOP-GU29EE8S,12.9,1200.0,46.2,8503.55,3.9,0.0,343.65,0.0,0.0,295,System Idle Process,0,MemCompression,3836,,Healthy,0,100,,,,0
2026-08-09 12:21:44,LAPTOP-GU29EE8S,8.2,1200.0,46.0,8540.31,3.8,0.0,80.71,0.0,0.0,295,System Idle Process,0,MemCompression,3836,,Healthy,0,100,,,,0
2026-08-09 12:21:49,LAPTOP-GU29EE8S,10.4,1200.0,46.2,8500.18,3.9,0.03,162.35,0.0,0.02,295,System Idle Process,0,MemCompression,3836,,Healthy,0,100,,,,0
2026-08-09 12:21:54,LAPTOP-GU29EE8S,11.5,1200.0,46.3,8481.75,3.9,0.01,231.46,0.0,0.0,295,System Idle Process,0,MemCompression,3836,,Healthy,0,100,,,,0
2026-08-09 12:21:59,LAPTOP-GU29EE8S,10.3,1200.0,46.2,8510.73,3.9,0.02,149.71,0.0,0.0,294,System Idle Process,0,MemCompression,3836,,Healthy,0,100,,,,0
2026-08-09 12:22:04,LAPTOP-GU29EE8S,10.8,1200.0,46.3,8487.55,3.9,0.41,185.92,0.0,0.0,294,System Idle Process,0,MemCompression,3836,,Healthy,0,100,,,,0
2026-08-09 12:22:09,LAPTOP-GU29EE8S,12.6,1200.0,46.2,8501.19,3.9,0.11,285.21,0.0,0.0,294,System Idle Process,0,MemCompression,3836,,Healthy,0,100,,,,0
2026-08-09 12:22:14,LAPTOP-GU29EE8S,13.3,1200.0,46.3,8492.0,3.9,0.08,322.65,0.0,0.0,294,System Idle Process,0,MemCompression,3836,,Healthy,0,100,,,,0
2026-08-09 12:22:19,LAPTOP-GU29EE8S,12.9,1200.0,46.2,8510.14,3.9,0.08,307.2,0.0,0.0,294,System Idle Process,0,MemCompression,3836,,Healthy,0,100,,,,0
2026-08-09 12:22:24,LAPTOP-GU29EE8S,9.5,1200.0,46.2,8505.52,3.9,0.01,120.13,0.0,0.0,294,System Idle Process,0,MemCompression,3836,,Healthy,0,100,,,,0
2026-08-09 12:22:29,LAPTOP-GU29EE8S,9.6,1200.0,46.2,8502.75,3.9,0.0,126.09,0.0,0.0,294,System Idle Process,0,MemCompression,3836,,Healthy,0,100,,,,0
2026-08-09 12:22:34,LAPTOP-GU29EE8S,11.1,1200.0,46.2,8507.24,3.9,0.01,222.06,0.0,0.0,294,System Idle Process,0,MemCompression,3836,,Healthy,0,100,,,,0
2026-08-09 12:22:38,LAPTOP-GU29EE8S,11.2,1200.0,46.2,8504.76,3.9,0.1,201.34,0.0,0.0,294,System Idle Process,0,MemCompression,3836,,Healthy,0,100,,,,0
2026-08-09 12:22:43,LAPTOP-GU29EE8S,13.1,1200.0,46.2,8508.35,3.9,0.0,336.94,0.0,0.0,294,System Idle Process,0,MemCompression,3836,,Healthy,0,100,,,,0
2026-08-09 12:22:48,LAPTOP-GU29EE8S,13.2,1200.0,46.2,8509.92,3.9,0.0,335.42,0.0,0.0,294,System Idle Process,0,MemCompression,3836,,Healthy,0,100,,,,0
2026-08-09 12:22:53,LAPTOP-GU29EE8S,12.7,1200.0,46.2,8498.91,3.9,0.0,321.46,0.0,0.0,294,System Idle Process,0,MemCompression,3836,,Healthy,0,100,,,,0
2026-08-09 12:22:58,LAPTOP-GU29EE8S,13.5,1200.0,45.9,8551.91,3.8,2.73,100.14,0.0,0.04,294,System Idle Process,0,MemCompression,3836,,Healthy,0,100,,,,0
2026-08-09 12:23:03,LAPTOP-GU29EE8S,10.1,1200.0,46.3,8487.82,3.9,0.01,138.25,0.0,0.0,294,System Idle Process,0,MemCompression,3836,,Healthy,0,100,,,,0
2026-08-09 12:23:08,LAPTOP-GU29EE8S,15.2,1200.0,46.2,8497.21,3.9,1.59,104.58,0.0,0.0,294,System Idle Process,0,MemCompression,3836,,Healthy,0,100,,,,0
2026-08-09 12:23:13,LAPTOP-GU29EE8S,10.9,1200.0,46.3,8485.73,3.9,0.01,217.87,0.0,0.0,294,System Idle Process,0,MemCompression,3836,,Healthy,0,100,,,,0
2026-08-09 12:23:18,LAPTOP-GU29EE8S,10.9,1200.0,46.3,8489.73,3.9,0.01,159.09,0.0,0.0,294,System Idle Process,0,MemCompression,3836,,Healthy,0,100,,,,0
2026-08-09 12:23:23,LAPTOP-GU29EE8S,12.0,1200.0,46.3,8492.29,3.9,0.0,223.09,0.0,0.0,294,System Idle Process,0,MemCompression,3836,,Healthy,0,100,,,,0
2026-08-09 12:23:28,LAPTOP-GU29EE8S,13.0,1200.0,45.9,8543.81,3.8,0.0,322.88,0.0,0.0,294,System Idle Process,0,MemCompression,3836,,Healthy,0,100,,,,0
2026-08-09 12:23:33,LAPTOP-GU29EE8S,13.3,1200.0,46.3,8486.43,3.9,0.0,331.37,0.0,0.0,294,System Idle Process,0,MemCompression,3836,,Healthy,0,100,,,,0
2026-08-09 12:23:38,LAPTOP-GU29EE8S,10.2,1200.0,46.1,8514.17,3.9,0.0,164.41,0.0,0.0,294,System Idle Process,0,MemCompression,3836,,Healthy,0,100,,,,0
2026-08-09 12:23:43,LAPTOP-GU29EE8S,9.0,1200.0,46.2,8500.0,3.9,0.0,110.05,0.0,0.0,294,System Idle Process,0,MemCompression,3836,,Healthy,0,100,,,,0
2026-08-09 12:23:48,LAPTOP-GU29EE8S,10.6,1200.0,46.2,8507.03,3.9,0.0,163.75,0.0,0.0,294,System Idle Process,0,MemCompression,3836,,Healthy,0,100,,,,0
2026-08-09 12:23:52,LAPTOP-GU29EE8S,8.6,1200.0,46.2,8504.1,3.9,0.0,93.24,0.0,0.0,294,System Idle Process,0,MemCompression,3836,,Healthy,0,100,,,,0
2026-08-09 12:23:57,LAPTOP-GU29EE8S,11.2,1200.0,46.2,8502.18,3.9,0.0,178.07,0.0,0.0,294,System Idle Process,0,MemCompression,3836,,Healthy,0,100,,,,0
2026-08-09 12:24:02,LAPTOP-GU29EE8S,12.0,1200.0,46.2,8502.12,3.9,0.02,242.34,0.0,0.0,294,System Idle Process,0,MemCompression,3836,,Healthy,0,100,,,,0
2026-08-09 12:24:07,LAPTOP-GU29EE8S,14.2,1200.0,46.2,8509.51,3.9,0.01,332.77,0.0,0.0,294,System Idle Process,0,MemCompression,3836,,Healthy,0,100,,,,0
2026-08-09 12:24:12,LAPTOP-GU29EE8S,13.5,1200.0,45.9,8553.5,3.8,0.02,328.6,0.0,0.0,294,System Idle Process,0,MemCompression,3836,,Healthy,0,100,,,,0
2026-08-09 12:24:17,LAPTOP-GU29EE8S,11.9,1200.0,46.2,8506.82,3.9,0.01,256.07,0.0,0.0,294,System Idle Process,0,MemCompression,3836,,Healthy,0,100,,,,0
2026-08-09 12:24:22,LAPTOP-GU29EE8S,8.9,1200.0,46.2,8497.26,3.9,0.04,99.83,0.0,0.0,293,System Idle Process,0,MemCompression,3836,,Healthy,0,100,,,,0
2026-08-09 12:24:27,LAPTOP-GU29EE8S,10.0,1200.0,46.2,8497.91,3.9,0.0,180.25,0.0,0.0,293,System Idle Process,0,MemCompression,3836,,Healthy,0,100,,,,0
2026-08-09 12:24:32,LAPTOP-GU29EE8S,9.7,1200.0,46.2,8508.06,3.9,0.0,126.63,0.0,0.0,293,System Idle Process,0,MemCompression,3836,,Healthy,0,100,,,,0
2026-08-09 12:24:37,LAPTOP-GU29EE8S,10.0,1200.0,46.2,8505.93,3.9,0.02,166.92,0.0,0.0,294,System Idle Process,0,MemCompression,3836,,Healthy,0,100,,,,0
2026-08-09 12:24:42,LAPTOP-GU29EE8S,11.7,1200.0,45.9,8544.82,3.8,0.0,224.16,0.0,0.0,294,System Idle Process,0,MemCompression,3836,,Healthy,0,100,,,,0
2026-08-09 12:24:47,LAPTOP-GU29EE8S,13.8,1200.0,45.9,8548.43,3.8,0.0,328.19,0.0,0.0,294,System Idle Process,0,MemCompression,3836,,Healthy,0,100,,,,0
2026-08-09 12:24:54,LAPTOP-GU29EE8S,13.5,1200.0,46.2,8506.01,3.9,0.02,324.63,0.0,0.0,294,System Idle Process,0,MemCompression,3836,,Healthy,0,100,,,,0
2026-08-09 12:25:01,LAPTOP-GU29EE8S,14.9,1200.0,46.3,8490.26,3.9,0.09,193.9,0.0,0.0,295,System Idle Process,0,MemCompression,3836,,Healthy,0,100,,,,0
2026-08-09 12:25:07,LAPTOP-GU29EE8S,10.4,1200.0,46.5,8448.18,3.9,0.01,86.92,0.0,0.0,295,System Idle Process,0,MemCompression,3836,,Healthy,0,100,,,,0
2026-08-09 12:25:14,LAPTOP-GU29EE8S,14.2,1200.0,45.5,8621.8,3.8,0.01,142.77,0.0,0.0,295,System Idle Process,0,MemCompression,3836,,Healthy,0,100,,,,0
2026-08-09 12:25:20,LAPTOP-GU29EE8S,12.6,1200.0,45.9,8544.43,3.9,0.0,172.83,0.0,0.0,295,System Idle Process,0,MemCompression,3836,,Healthy,0,100,,,,0
2026-08-09 12:25:27,LAPTOP-GU29EE8S,10.9,1200.0,45.9,8549.64,3.9,0.01,175.25,0.0,0.0,295,System Idle Process,0,MemCompression,3836,,Healthy,0,100,,,,0
2026-08-09 12:25:33,LAPTOP-GU29EE8S,16.5,1200.0,45.9,8547.03,3.9,0.0,255.17,0.0,0.0,295,System Idle Process,0,MemCompression,3836,,Healthy,0,100,,,,0
2026-08-09 12:25:40,LAPTOP-GU29EE8S,14.2,1200.0,45.8,8559.05,3.9,0.31,261.11,0.0,0.0,295,System Idle Process,0,MemCompression,3836,,Healthy,0,100,,,,0
2026-08-09 12:25:46,LAPTOP-GU29EE8S,12.3,1200.0,45.7,8575.64,3.9,0.01,202.21,0.0,0.0,295,System Idle Process,0,MemCompression,3836,,Healthy,0,100,,,,0
2026-08-09 12:25:53,LAPTOP-GU29EE8S,10.3,1200.0,45.9,8547.3,3.9,0.35,91.09,0.0,0.0,296,System Idle Process,0,MemCompression,3836,,Healthy,0,100,,,,0
2026-08-09 12:25:59,LAPTOP-GU29EE8S,10.6,1200.0,45.8,8563.83,3.9,0.0,145.51,0.0,0.0,295,System Idle Process,0,MemCompression,3836,,Healthy,0,100,,,,0
2026-08-09 12:26:06,LAPTOP-GU29EE8S,12.0,1200.0,45.9,8556.22,3.9,0.02,180.25,0.0,0.0,295,System Idle Process,0,MemCompression,3836,,Healthy,0,100,,,,0
2026-08-09 12:26:13,LAPTOP-GU29EE8S,11.2,1200.0,45.7,8584.45,3.9,0.0,159.47,0.0,0.0,295,System Idle Process,0,MemCompression,3836,,Healthy,0,100,,,,0
2026-08-09 12:26:19,LAPTOP-GU29EE8S,14.2,1200.0,45.6,8595.98,3.8,0.01,254.54,0.0,0.0,295,System Idle Process,0,MemCompression,3836,,Healthy,0,100,,,,0
2026-08-09 12:26:26,LAPTOP-GU29EE8S,13.4,1200.0,45.7,8587.49,3.9,0.0,271.03,0.0,0.0,295,System Idle Process,0,MemCompression,3836,,Healthy,0,100,,,,0
2026-08-09 12:26:32,LAPTOP-GU29EE8S,11.8,1200.0,45.9,8554.07,3.9,0.0,198.93,0.0,0.0,295,System Idle Process,0,MemCompression,3836,,Healthy,0,100,,,,0
2026-08-09 12:26:38,LAPTOP-GU29EE8S,9.1,1200.0,45.9,8556.71,3.9,0.07,87.87,0.0,0.0,295,System Idle Process,0,MemCompression,3836,,Healthy,0,100,,,,0
2026-08-09 12:26:44,LAPTOP-GU29EE8S,11.0,1200.0,45.9,8546.1,3.9,0.0,145.68,0.0,0.0,295,System Idle Process,0,MemCompression,3836,,Healthy,0,100,,,,0
2026-08-09 12:26:50,LAPTOP-GU29EE8S,11.9,1200.0,45.8,8560.47,3.9,0.02,182.87,0.0,0.01,294,System Idle Process,0,MemCompression,3836,,Healthy,0,100,,,,0
2026-08-09 12:26:57,LAPTOP-GU29EE8S,10.1,1200.0,45.4,8625.92,3.8,0.0,94.18,0.0,0.0,294,System Idle Process,0,MemCompression,3836,,Healthy,0,100,,,,0
2026-08-09 12:27:04,LAPTOP-GU29EE8S,14.3,1200.0,45.8,8570.68,3.8,0.0,258.39,0.0,0.0,294,System Idle Process,0,MemCompression,3836,,Healthy,0,100,,,,0
2026-08-09 12:27:11,LAPTOP-GU29EE8S,13.8,1200.0,45.8,8564.19,3.9,0.01,262.02,0.0,0.0,294,System Idle Process,0,MemCompression,3836,,Healthy,0,100,,,,0
2026-08-09 12:27:17,LAPTOP-GU29EE8S,13.4,1200.0,45.8,8565.86,3.9,0.0,243.46,0.0,0.0,294,System Idle Process,0,MemCompression,3836,,Healthy,0,100,,,,0
2026-08-09 12:27:23,LAPTOP-GU29EE8S,9.2,1200.0,45.9,8544.42,3.9,0.0,96.95,0.0,0.0,294,System Idle Process,0,MemCompression,3836,,Healthy,0,100,,,,0
2026-08-09 12:27:29,LAPTOP-GU29EE8S,11.0,1200.0,45.9,8556.33,3.9,0.0,148.88,0.0,0.0,294,System Idle Process,0,MemCompression,3836,,Healthy,0,100,,,,0
2026-08-09 12:27:35,LAPTOP-GU29EE8S,12.0,1200.0,45.5,8606.81,3.8,0.0,188.91,0.0,0.0,294,System Idle Process,0,MemCompression,3836,,Healthy,0,100,,,,0
2026-08-09 12:27:42,LAPTOP-GU29EE8S,9.8,1200.0,45.9,8553.91,3.9,0.0,133.72,0.0,0.0,294,System Idle Process,0,MemCompression,3836,,Healthy,0,100,,,,0
2026-08-09 12:27:48,LAPTOP-GU29EE8S,11.6,1200.0,45.9,8555.24,3.9,0.0,164.25,0.0,0.0,294,System Idle Process,0,MemCompression,3836,,Healthy,0,100,,,,0
2026-08-09 12:27:54,LAPTOP-GU29EE8S,12.4,1200.0,45.8,8559.71,3.9,0.01,205.36,0.0,0.0,294,System Idle Process,0,MemCompression,3836,,Healthy,0,100,,,,0
2026-08-09 12:28:00,LAPTOP-GU29EE8S,14.0,1200.0,45.8,8559.99,3.9,0.0,260.41,0.0,0.0,294,System Idle Process,0,MemCompression,3836,,Healthy,0,100,,,,0
2026-08-09 12:28:07,LAPTOP-GU29EE8S,13.7,1200.0,45.8,8560.84,3.9,0.0,257.93,0.0,0.0,294,System Idle Process,0,MemCompression,3836,,Healthy,0,100,,,,0
2026-08-09 12:28:13,LAPTOP-GU29EE8S,10.0,1200.0,45.6,8599.79,3.8,0.0,135.02,0.0,0.0,294,System Idle Process,0,MemCompression,3836,,Healthy,0,100,,,,0
2026-08-09 12:28:19,LAPTOP-GU29EE8S,10.6,1200.0,45.8,8558.76,3.9,0.0,123.58,0.0,0.0,294,System Idle Process,0,MemCompression,3836,,Healthy,0,100,,,,0
2026-08-09 12:28:25,LAPTOP-GU29EE8S,11.8,1200.0,45.7,8587.27,3.8,0.06,188.78,0.0,0.0,294,System Idle Process,0,MemCompression,3836,,Healthy,0,100,,,,0
2026-08-09 12:28:32,LAPTOP-GU29EE8S,11.9,1200.0,45.8,8571.54,3.9,0.0,174.61,0.0,0.0,294,System Idle Process,0,MemCompression,3836,,Healthy,0,100,,,,0
2026-08-09 12:28:39,LAPTOP-GU29EE8S,12.6,1200.0,45.8,8563.29,3.9,0.02,217.8,0.0,0.0,294,System Idle Process,0,MemCompression,3836,,Healthy,0,100,,,,0
2026-08-09 12:28:45,LAPTOP-GU29EE8S,13.8,1200.0,45.7,8577.5,3.9,0.02,271.2,0.0,0.0,294,System Idle Process,0,MemCompression,3836,,Healthy,0,100,,,,0
2026-08-09 12:28:51,LAPTOP-GU29EE8S,13.2,1200.0,45.8,8570.2,3.9,0.0,238.98,0.0,0.0,294,System Idle Process,0,MemCompression,3836,,Healthy,0,100,,,,0
2026-08-09 12:28:57,LAPTOP-GU29EE8S,10.8,1200.0,45.6,8594.88,3.8,0.0,138.62,0.0,0.0,294,System Idle Process,0,MemCompression,3836,,Healthy,0,100,,,,0
2026-08-09 12:29:03,LAPTOP-GU29EE8S,10.7,1200.0,45.5,8620.57,3.9,0.0,108.31,0.0,0.0,294,System Idle Process,0,MemCompression,3836,,Healthy,0,100,,,,0
2026-08-09 12:29:09,LAPTOP-GU29EE8S,10.9,1200.0,45.8,8565.14,3.9,0.0,152.74,0.0,0.0,294,System Idle Process,0,MemCompression,3836,,Healthy,0,100,,,,0
2026-08-09 12:29:23,LAPTOP-GU29EE8S,8.7,1200.0,45.8,8561.07,3.8,1.27,5.98,0.0,0.0,311,System Idle Process,0,python.exe,3232,,,,,,,,
2026-08-09 12:29:38,LAPTOP-GU29EE8S,66.7,1200.0,87.6,1961.93,3.8,10.26,73.59,0.0,0.0,312,System Idle Process,0,python.exe,3232,,,,,,,,
2026-08-09 12:29:54,LAPTOP-GU29EE8S,66.8,1200.0,97.8,351.42,3.8,5.64,78.62,0.0,0.0,312,System Idle Process,0,python.exe,3232,,,,,,,,
2026-08-09 12:30:09,LAPTOP-GU29EE8S,66.8,1200.0,98.0,310.55,3.8,1.03,13.19,0.0,0.0,312,System Idle Process,0,python.exe,3232,,,,,,,,
2026-08-09 12:30:23,LAPTOP-GU29EE8S,66.8,1200.0,98.0,319.73,3.8,0.96,4.74,0.0,0.0,313,System Idle Process,0,python.exe,3232,,,,,,,,
2026-08-09 12:30:38,LAPTOP-GU29EE8S,66.8,1200.0,97.8,344.04,3.8,0.14,9.59,0.0,0.0,313,System Idle Process,0,python.exe,3232,,,,,,,,
2026-08-09 12:30:53,LAPTOP-GU29EE8S,66.8,1200.0,97.8,354.51,3.8,0.28,7.33,0.0,0.0,314,System Idle Process,0,python.exe,3232,,,,,,,,
2026-08-09 12:31:08,LAPTOP-GU29EE8S,66.8,1200.0,97.5,393.56,3.8,0.3,9.54,0.0,0.0,314,System Idle Process,0,python.exe,3232,,,,,,,,
2026-08-09 12:31:21,LAPTOP-GU29EE8S,66.7,1200.0,96.9,495.45,3.8,0.65,7.16,0.0,0.0,314,System Idle Process,0,python.exe,3232,,,,,,,,
2026-08-09 12:31:35,LAPTOP-GU29EE8S,66.7,1200.0,96.8,512.87,3.8,0.67,12.47,0.0,0.0,314,System Idle Process,0,python.exe,3232,,,,,,,,
2026-08-09 12:31:49,LAPTOP-GU29EE8S,66.7,1200.0,97.0,481.38,3.8,0.33,12.11,0.0,0.0,314,System Idle Process,0,python.exe,3232,,,,,,,,
2026-08-09 12:32:03,LAPTOP-GU29EE8S,66.8,1200.0,96.9,493.97,3.8,0.24,12.47,0.0,0.01,314,System Idle Process,0,python.exe,3232,,,,,,,,
2026-08-09 12:32:18,LAPTOP-GU29EE8S,66.7,1200.0,96.9,482.76,3.8,0.57,12.09,0.0,0.0,316,System Idle Process,0,python.exe,3232,,,,,,,,
2026-08-09 12:32:31,LAPTOP-GU29EE8S,66.7,1200.0,97.0,479.36,3.8,0.3,12.31,0.0,0.0,315,System Idle Process,0,python.exe,3232,,,,,,,,
2026-08-09 12:32:45,LAPTOP-GU29EE8S,66.7,1200.0,96.9,495.57,3.8,0.39,12.43,0.0,0.0,315,System Idle Process,0,python.exe,3232,,,,,,,,
2026-08-09 12:32:59,LAPTOP-GU29EE8S,66.8,1200.0,96.9,485.83,3.8,0.86,10.04,0.0,0.0,316,System Idle Process,0,python.exe,3232,,,,,,,,
2026-08-09 12:33:13,LAPTOP-GU29EE8S,66.8,1200.0,96.8,506.0,3.8,0.37,13.39,0.0,0.0,314,System Idle Process,0,python.exe,3232,,,,,,,,
2026-08-09 12:33:27,LAPTOP-GU29EE8S,66.7,1200.0,97.0,467.83,3.9,0.23,19.58,0.0,0.0,314,System Idle Process,0,python.exe,3232,,,,,,,,
2026-08-09 12:33:40,LAPTOP-GU29EE8S,66.7,1200.0,96.8,501.34,3.8,0.02,19.74,0.0,0.0,314,System Idle Process,0,python.exe,3232,,,,,,,,
2026-08-09 12:33:54,LAPTOP-GU29EE8S,66.8,1200.0,96.9,496.41,3.8,0.02,17.74,0.0,0.0,314,System Idle Process,0,python.exe,3232,,,,,,,,
2026-08-09 12:34:08,LAPTOP-GU29EE8S,66.7,1200.0,96.9,493.49,3.8,0.05,20.14,0.0,0.0,314,System Idle Process,0,python.exe,3232,,,,,,,,
2026-08-09 12:34:21,LAPTOP-GU29EE8S,66.7,1200.0,96.8,503.1,3.8,0.07,10.25,0.0,0.0,314,System Idle Process,0,python.exe,3232,,,,,,,,
2026-08-09 12:34:35,LAPTOP-GU29EE8S,66.7,1200.0,96.8,504.05,3.9,2.35,14.85,0.0,0.0,314,System Idle Process,0,python.exe,3232,,,,,,,,
2026-08-09 12:34:49,LAPTOP-GU29EE8S,66.8,1200.0,96.8,501.81,3.9,0.04,20.16,0.0,0.0,313,System Idle Process,0,python.exe,3232,,,,,,,,
2026-08-09 12:35:04,LAPTOP-GU29EE8S,66.7,1200.0,96.9,493.6,3.9,0.22,21.92,0.0,0.01,313,System Idle Process,0,python.exe,3232,,,,,,,,
2026-08-09 12:35:17,LAPTOP-GU29EE8S,66.8,1200.0,96.7,516.38,3.8,1.1,23.85,0.0,0.01,313,System Idle Process,0,python.exe,3232,,,,,,,,
2026-08-09 12:35:32,LAPTOP-GU29EE8S,66.7,1200.0,97.0,481.47,3.8,0.04,19.8,0.0,0.0,313,System Idle Process,0,python.exe,3232,,,,,,,,
2026-08-09 12:35:46,LAPTOP-GU29EE8S,66.8,1200.0,96.5,545.38,3.8,1.96,19.18,0.0,0.0,313,System Idle Process,0,python.exe,3232,,,,,,,,
2026-08-09 12:36:01,LAPTOP-GU29EE8S,66.8,1200.0,95.9,645.15,3.8,0.7,17.16,0.0,0.0,313,System Idle Process,0,python.exe,3232,,,,,,,,
2026-08-09 12:36:15,LAPTOP-GU29EE8S,66.9,1200.0,96.2,596.93,3.9,0.25,17.88,0.0,0.0,313,System Idle Process,0,python.exe,3232,,,,,,,,
2026-08-09 12:36:30,LAPTOP-GU29EE8S,66.9,1200.0,96.0,630.5,3.8,0.05,22.02,0.0,0.0,313,System Idle Process,0,python.exe,3232,,,,,,,,
2026-08-09 12:36:43,LAPTOP-GU29EE8S,66.8,1200.0,96.2,606.23,3.9,0.05,23.92,0.0,0.0,313,System Idle Process,0,python.exe,3232,,,,,,,,
2026-08-09 12:36:58,LAPTOP-GU29EE8S,67.0,1200.0,95.9,652.25,3.8,0.06,22.36,0.0,0.0,313,System Idle Process,0,python.exe,3232,,,,,,,,
2026-08-09 12:37:15,LAPTOP-GU29EE8S,67.0,1200.0,88.6,1809.67,3.9,2.09,31.79,0.0,0.01,314,System Idle Process,0,python.exe,3232,,,,,,,,
2026-08-09 12:37:31,LAPTOP-GU29EE8S,67.0,1200.0,88.0,1892.91,3.8,0.05,107.51,0.0,0.0,313,System Idle Process,0,python.exe,3232,,,,,,,,
2026-08-09 12:37:48,LAPTOP-GU29EE8S,67.0,1200.0,88.3,1853.27,3.8,0.27,105.19,0.0,0.0,313,System Idle Process,0,python.exe,3232,,,,,,,,
2026-08-09 12:38:05,LAPTOP-GU29EE8S,67.0,1200.0,88.7,1785.93,3.9,1.46,105.33,0.0,0.0,315,System Idle Process,0,python.exe,3232,,,,,,,,
2026-08-09 12:38:22,LAPTOP-GU29EE8S,67.0,1200.0,88.4,1829.5,3.8,0.88,104.44,0.0,0.0,316,System Idle Process,0,python.exe,3232,,,,,,,,
2026-08-09 12:38:37,LAPTOP-GU29EE8S,67.1,1200.0,88.3,1848.43,3.8,0.45,105.72,0.0,0.0,315,System Idle Process,0,python.exe,3232,,,,,,,,
2026-08-09 12:39:18,LAPTOP-GU29EE8S,66.9,1200.0,88.8,1769.7,3.9,0.26,102.49,0.0,0.0,315,System Idle Process,0,python.exe,3232,,,,,,,,
2026-08-09 12:39:35,LAPTOP-GU29EE8S,67.0,1200.0,88.8,1773.54,3.9,0.16,111.23,0.0,0.0,315,System Idle Process,0,python.exe,3232,,,,,,,,
2026-08-09 12:39:51,LAPTOP-GU29EE8S,67.0,1200.0,88.9,1759.95,3.9,0.72,107.15,0.0,0.0,315,System Idle Process,0,python.exe,3232,,,,,,,,
2026-08-09 12:40:09,LAPTOP-GU29EE8S,67.0,1200.0,88.6,1802.8,3.8,0.11,103.51,0.0,0.0,314,System Idle Process,0,python.exe,3232,,,,,,,,
2026-08-09 12:40:25,LAPTOP-GU29EE8S,67.0,1200.0,88.5,1816.8,3.8,0.52,106.09,0.0,0.0,314,System Idle Process,0,python.exe,3232,,,,,,,,
2026-08-09 12:40:42,LAPTOP-GU29EE8S,66.9,1200.0,89.3,1685.08,3.9,0.36,93.23,0.0,0.0,314,System Idle Process,0,python.exe,3232,,,,,,,,
2026-08-09 12:40:58,LAPTOP-GU29EE8S,67.0,1200.0,89.3,1683.69,3.9,0.02,105.2,0.0,0.0,314,System Idle Process,0,python.exe,3232,,,,,,,,
2026-08-09 12:41:15,LAPTOP-GU29EE8S,67.0,1200.0,89.0,1737.71,3.8,0.06,99.37,0.0,0.0,314,System Idle Process,0,python.exe,3232,,,,,,,,
2026-08-09 12:41:31,LAPTOP-GU29EE8S,66.9,1200.0,89.4,1674.69,3.9,0.11,104.51,0.0,0.0,314,System Idle Process,0,python.exe,3232,,,,,,,,
2026-08-09 12:41:48,LAPTOP-GU29EE8S,67.1,1200.0,89.0,1734.4,3.8,0.01,111.21,0.0,0.0,314,System Idle Process,0,python.exe,3232,,,,,,,,
2026-08-09 12:42:05,LAPTOP-GU29EE8S,67.0,1200.0,89.3,1688.45,3.9,0.03,105.12,0.0,0.01,316,System Idle Process,0,python.exe,3232,,,,,,,,
2026-08-09 12:42:22,LAPTOP-GU29EE8S,67.0,1200.0,89.4,1679.03,3.9,0.05,106.65,0.0,0.0,315,System Idle Process,0,python.exe,3232,,,,,,,,
2026-08-09 12:43:32,LAPTOP-GU29EE8S,67.0,1200.0,89.4,1676.04,3.9,0.07,109.52,0.0,0.0,315,System Idle Process,0,python.exe,3232,,,,,,,,
2026-08-09 12:43:48,LAPTOP-GU29EE8S,66.9,1200.0,89.8,1615.41,3.9,0.35,125.5,0.0,0.0,315,System Idle Process,0,python.exe,3232,,,,,,,,
2026-08-09 12:44:04,LAPTOP-GU29EE8S,67.0,1200.0,89.8,1610.0,3.9,0.01,161.1,0.0,0.0,314,System Idle Process,0,python.exe,3232,,,,,,,,
2026-08-09 12:44:20,LAPTOP-GU29EE8S,66.8,1200.0,89.9,1596.5,3.9,0.01,161.17,0.0,0.0,314,System Idle Process,0,python.exe,3232,,,,,,,,
2026-08-09 12:44:35,LAPTOP-GU29EE8S,66.9,1200.0,89.7,1635.01,3.8,0.49,161.53,0.0,0.0,313,System Idle Process,0,python.exe,3232,,,,,,,,
2026-08-09 12:44:50,LAPTOP-GU29EE8S,66.9,1200.0,89.9,1601.47,3.9,0.03,160.05,0.0,0.0,313,System Idle Process,0,python.exe,3232,,,,,,,,
2026-08-09 12:45:06,LAPTOP-GU29EE8S,66.9,1200.0,89.8,1610.15,3.9,0.02,147.73,0.0,0.0,313,System Idle Process,0,python.exe,3232,,,,,,,,
2026-08-09 12:45:22,LAPTOP-GU29EE8S,66.9,1200.0,89.7,1623.91,3.9,0.07,159.42,0.0,0.0,313,System Idle Process,0,python.exe,3232,,,,,,,,
2026-08-09 12:45:37,LAPTOP-GU29EE8S,66.9,1200.0,89.8,1617.75,3.9,0.02,160.08,0.0,0.0,313,System Idle Process,0,python.exe,3232,,,,,,,,
2026-08-09 12:45:53,LAPTOP-GU29EE8S,66.9,1200.0,89.7,1621.21,3.8,0.03,157.91,0.0,0.0,313,System Idle Process,0,python.exe,3232,,,,,,,,
2026-08-09 12:46:08,LAPTOP-GU29EE8S,66.9,1200.0,89.7,1626.28,3.9,0.02,142.42,0.0,0.0,313,System Idle Process,0,python.exe,3232,,,,,,,,
2026-08-09 12:46:24,LAPTOP-GU29EE8S,66.9,1200.0,89.6,1647.87,3.8,0.02,145.83,0.0,0.0,313,System Idle Process,0,python.exe,3232,,,,,,,,
2026-08-09 12:46:39,LAPTOP-GU29EE8S,66.8,1200.0,89.3,1690.25,3.8,0.01,153.35,0.0,0.0,313,System Idle Process,0,python.exe,3232,,,,,,,,
2026-08-09 12:46:55,LAPTOP-GU29EE8S,67.0,1200.0,89.7,1625.92,3.9,0.02,152.89,0.0,0.0,313,System Idle Process,0,python.exe,3232,,,,,,,,
2026-08-09 12:47:11,LAPTOP-GU29EE8S,66.9,1200.0,89.7,1630.88,3.9,0.02,156.67,0.0,0.01,313,System Idle Process,0,python.exe,3232,,,,,,,,
2026-08-09 12:47:27,LAPTOP-GU29EE8S,67.0,1200.0,89.9,1592.15,3.9,0.04,133.02,0.0,0.0,314,System Idle Process,0,python.exe,3232,,,,,,,,
2026-08-09 12:47:43,LAPTOP-GU29EE8S,67.0,1200.0,89.8,1610.87,3.8,0.01,133.77,0.0,0.0,314,System Idle Process,0,python.exe,3232,,,,,,,,
2026-08-09 12:47:59,LAPTOP-GU29EE8S,66.9,1200.0,89.6,1641.48,3.8,0.06,151.02,0.0,0.0,314,System Idle Process,0,python.exe,3232,,,,,,,,
2026-08-09 12:48:15,LAPTOP-GU29EE8S,66.9,1200.0,89.7,1626.93,3.9,0.02,159.9,0.0,0.0,314,System Idle Process,0,python.exe,3232,,,,,,,,
2026-08-09 12:48:31,LAPTOP-GU29EE8S,66.9,1200.0,89.8,1613.91,3.9,0.01,156.86,0.0,0.0,314,System Idle Process,0,python.exe,3232,,,,,,,,
2026-08-09 12:48:46,LAPTOP-GU29EE8S,66.9,1200.0,89.8,1618.82,3.9,0.02,168.01,0.0,0.0,314,System Idle Process,0,python.exe,3232,,,,,,,,
2026-08-09 12:49:02,LAPTOP-GU29EE8S,66.9,1200.0,89.7,1627.11,3.9,0.01,147.6,0.0,0.0,313,System Idle Process,0,python.exe,3232,,,,,,,,
2026-08-09 12:49:17,LAPTOP-GU29EE8S,66.9,1200.0,89.6,1639.35,3.8,0.01,145.62,0.0,0.0,313,System Idle Process,0,python.exe,3232,,,,,,,,
2026-08-09 12:49:33,LAPTOP-GU29EE8S,66.9,1200.0,89.7,1624.5,3.9,0.02,147.73,0.0,0.0,313,System Idle Process,0,python.exe,3232,,,,,,,,
2026-08-09 12:49:48,LAPTOP-GU29EE8S,66.9,1200.0,89.7,1629.21,3.9,0.0,144.5,0.0,0.0,312,System Idle Process,0,python.exe,3232,,,,,,,,
2026-08-09 12:50:04,LAPTOP-GU29EE8S,66.9,1200.0,89.6,1645.09,3.8,0.03,152.07,0.0,0.0,312,System Idle Process,0,python.exe,3232,,,,,,,,
2026-08-09 12:50:20,LAPTOP-GU29EE8S,66.8,1200.0,89.5,1656.3,3.8,0.11,151.16,0.0,0.0,312,System Idle Process,0,python.exe,3232,,,,,,,,
2026-08-09 12:50:36,LAPTOP-GU29EE8S,66.9,1200.0,89.8,1612.16,3.9,0.02,140.55,0.0,0.0,312,System Idle Process,0,python.exe,3232,,,,,,,,
2026-08-09 12:50:53,LAPTOP-GU29EE8S,67.0,1200.0,89.9,1600.54,3.9,23.57,157.06,0.0,0.0,312,System Idle Process,0,python.exe,3232,,,,,,,,
2026-08-09 12:51:09,LAPTOP-GU29EE8S,66.7,1200.0,90.6,1488.3,3.8,8.51,136.59,0.0,0.0,314,System Idle Process,0,python.exe,3232,,,,,,,,
2026-08-09 12:51:24,LAPTOP-GU29EE8S,66.8,1200.0,90.0,1576.93,3.9,0.03,124.45,0.0,0.0,314,System Idle Process,0,python.exe,3232,,,,,,,,
2026-08-09 12:51:42,LAPTOP-GU29EE8S,66.8,1200.0,89.7,1628.27,3.9,0.06,164.24,0.0,0.0,314,System Idle Process,0,python.exe,3232,,,,,,,,
2026-08-09 12:51:58,LAPTOP-GU29EE8S,66.9,1200.0,89.8,1610.68,3.9,0.05,108.79,0.0,0.0,313,System Idle Process,0,python.exe,3232,,,,,,,,
2026-08-09 12:52:14,LAPTOP-GU29EE8S,66.8,1200.0,89.8,1617.56,3.9,0.02,106.42,0.0,0.01,313,System Idle Process,0,python.exe,3232,,,,,,,,
2026-08-09 12:52:30,LAPTOP-GU29EE8S,66.8,1200.0,89.8,1618.91,3.9,0.03,110.32,0.0,0.0,313,System Idle Process,0,python.exe,3232,,,,,,,,
2026-08-09 12:52:46,LAPTOP-GU29EE8S,66.8,1200.0,89.8,1618.67,3.9,0.01,113.09,0.0,0.0,313,System Idle Process,0,python.exe,3232,,,,,,,,
2026-08-09 12:53:02,LAPTOP-GU29EE8S,66.8,1200.0,89.7,1629.99,3.9,0.01,108.27,0.0,0.0,312,System Idle Process,0,python.exe,3232,,,,,,,,
2026-08-09 12:53:18,LAPTOP-GU29EE8S,66.8,1200.0,89.7,1627.78,3.9,0.01,104.97,0.0,0.0,312,System Idle Process,0,python.exe,3232,,,,,,,,
2026-08-09 12:53:33,LAPTOP-GU29EE8S,66.8,1200.0,89.4,1677.82,3.8,0.03,109.28,0.0,0.0,312,System Idle Process,0,python.exe,3232,,,,,,,,
2026-08-09 12:53:49,LAPTOP-GU29EE8S,66.8,1200.0,89.6,1647.91,3.9,0.15,103.83,0.0,0.0,312,System Idle Process,0,python.exe,3232,,,,,,,,
2026-08-09 12:54:05,LAPTOP-GU29EE8S,66.8,1200.0,89.6,1651.19,3.9,0.1,114.59,0.0,0.0,312,System Idle Process,0,python.exe,3232,,,,,,,,
2026-08-09 12:54:20,LAPTOP-GU29EE8S,66.7,1200.0,89.3,1684.36,3.9,0.12,147.02,0.0,0.0,312,System Idle Process,0,python.exe,3232,,,,,,,,
2026-08-09 12:54:35,LAPTOP-GU29EE8S,66.7,1200.0,89.7,1633.68,3.9,0.11,155.21,0.0,0.0,312,System Idle Process,0,python.exe,3232,,,,,,,,
2026-08-09 12:54:50,LAPTOP-GU29EE8S,66.8,1200.0,89.7,1630.61,3.9,0.2,161.08,0.0,0.0,314,System Idle Process,0,python.exe,3232,,,,,,,,
2026-08-09 12:55:05,LAPTOP-GU29EE8S,66.8,1200.0,89.8,1619.03,3.9,0.98,162.15,0.0,0.0,314,System Idle Process,0,python.exe,3232,,,,,,,,
2026-08-09 12:55:20,LAPTOP-GU29EE8S,66.7,1200.0,89.6,1638.64,3.8,0.04,166.69,0.0,0.0,314,System Idle Process,0,python.exe,3232,,,,,,,,
2026-08-09 12:55:35,LAPTOP-GU29EE8S,66.7,1200.0,89.6,1649.0,3.9,0.01,153.45,0.0,0.0,314,System Idle Process,0,python.exe,3232,,,,,,,,
2026-08-09 12:55:51,LAPTOP-GU29EE8S,66.8,1200.0,89.5,1655.53,3.8,0.01,163.03,0.0,0.0,314,System Idle Process,0,python.exe,3232,,,,,,,,
2026-08-09 12:56:06,LAPTOP-GU29EE8S,66.7,1200.0,89.5,1654.85,3.9,0.0,165.57,0.0,0.0,314,System Idle Process,0,python.exe,3232,,,,,,,,
2026-08-09 12:56:21,LAPTOP-GU29EE8S,66.8,1200.0,89.3,1694.83,3.8,0.03,167.04,0.0,0.0,314,System Idle Process,0,python.exe,3232,,,,,,,,
2026-08-09 12:56:37,LAPTOP-GU29EE8S,66.8,1200.0,89.2,1710.24,3.8,0.0,167.27,0.0,0.0,314,System Idle Process,0,python.exe,3232,,,,,,,,
2026-08-09 12:56:52,LAPTOP-GU29EE8S,66.8,1200.0,89.4,1670.8,3.8,0.01,165.52,0.0,0.0,314,System Idle Process,0,python.exe,3232,,,,,,,,
2026-08-09 12:57:07,LAPTOP-GU29EE8S,66.8,1200.0,89.5,1656.69,3.9,0.08,156.66,0.0,0.01,313,System Idle Process,0,python.exe,3232,,,,,,,,
2026-08-09 12:57:23,LAPTOP-GU29EE8S,66.7,1200.0,89.4,1670.91,3.9,0.0,165.93,0.0,0.0,313,System Idle Process,0,python.exe,3232,,,,,,,,
2026-08-09 12:57:37,LAPTOP-GU29EE8S,66.8,1200.0,89.5,1656.2,3.9,0.03,150.09,0.0,0.0,313,System Idle Process,0,python.exe,3232,,,,,,,,
2026-08-09 12:57:52,LAPTOP-GU29EE8S,66.7,1200.0,89.5,1652.67,3.9,0.16,158.27,0.0,0.0,313,System Idle Process,0,python.exe,3232,,,,,,,,
2026-08-09 12:58:08,LAPTOP-GU29EE8S,66.8,1200.0,89.5,1658.8,3.8,0.21,152.78,0.0,0.0,313,System Idle Process,0,python.exe,3232,,,,,,,,
2026-08-09 12:58:23,LAPTOP-GU29EE8S,66.8,1200.0,90.5,1499.99,3.9,0.25,143.92,0.0,0.0,313,System Idle Process,0,python.exe,3232,,,,,,,,
2026-08-09 12:58:38,LAPTOP-GU29EE8S,66.7,1200.0,90.7,1464.2,3.9,0.04,145.75,0.0,0.0,313,System Idle Process,0,python.exe,3232,,,,,,,,
2026-08-09 12:58:54,LAPTOP-GU29EE8S,66.7,1200.0,90.7,1468.77,3.8,0.0,153.1,0.0,0.0,313,System Idle Process,0,python.exe,3232,,,,,,,,
2026-08-09 12:59:09,LAPTOP-GU29EE8S,66.8,1200.0,90.7,1477.47,3.8,0.0,165.96,0.0,0.0,313,System Idle Process,0,python.exe,3232,,,,,,,,
2026-08-09 12:59:17,LAPTOP-GU29EE8S,66.7,1200.0,90.5,1498.62,3.8,0.02,154.57,0.0,0.0,313,System Idle Process,0,Code.exe,13420,,Healthy,0,100,,,,0
