timestamp,hostname,cpu_percent,cpu_frequency_mhz,memory_percent,memory_available_mb,disk_percent,disk_read_mbps,disk_write_mbps,network_upload_mbps,network_download_mbps,process_count,top_cpu_process,top_cpu_pid,top_mem_process,top_mem_pid,ssd_model,ssd_health_status,ssd_percentage_used,ssd_available_spare,ssd_temperature,ssd_data_written_tb,ssd_power_on_hours,ssd_media_errors
2026-08-08 23:37:40,LAPTOP-UA90UR9H,9.8,2400.0,56.3,6996.88,89.6,0.01,2.22,0.0,0.0,264,System Idle Process,0,msedgewebview2.exe,24064,,Healthy,0,100,,,,0
2026-08-08 23:37:44,LAPTOP-UA90UR9H,25.6,2400.0,56.5,6968.27,89.6,1.2,2.05,0.0,0.0,265,System Idle Process,0,msedgewebview2.exe,24064,,Healthy,0,100,,,,0
2026-08-08 23:37:51,LAPTOP-UA90UR9H,87.4,2400.0,57.6,6791.61,89.6,0.17,6.59,0.0,0.0,281,System Idle Process,0,msedgewebview2.exe,24064,,Healthy,0,100,,,,0
2026-08-08 23:37:56,LAPTOP-UA90UR9H,100.0,2400.0,56.9,6893.58,89.6,0.4,7.1,0.0,0.0,280,OneDrive.exe,28452,msedgewebview2.exe,24064,,Healthy,0,100,,,,0
2026-08-08 23:38:02,LAPTOP-UA90UR9H,100.0,2400.0,57.0,6876.87,89.6,0.3,1.63,0.0,0.0,281,python.exe,20564,msedgewebview2.exe,24064,,Healthy,0,100,,,,0
2026-08-08 23:38:09,LAPTOP-UA90UR9H,100.0,2400.0,57.0,6876.61,89.6,0.28,1.0,0.0,0.0,281,python.exe,26400,msedgewebview2.exe,24064,,Healthy,0,100,,,,0
2026-08-08 23:38:15,LAPTOP-UA90UR9H,100.0,2400.0,57.3,6827.1,89.6,2.44,2.29,0.0,0.04,282,python.exe,12568,msedgewebview2.exe,24064,,Healthy,0,100,,,,0
2026-08-08 23:38:22,LAPTOP-UA90UR9H,100.0,2400.0,57.4,6822.02,89.6,4.53,4.07,0.01,0.01,284,python.exe,20564,msedgewebview2.exe,24064,,Healthy,0,100,,,,0
2026-08-08 23:38:29,LAPTOP-UA90UR9H,100.0,2400.0,57.3,6826.67,89.6,1.55,5.57,0.0,0.0,284,python.exe,6424,msedgewebview2.exe,24064,,Healthy,0,100,,,,0
2026-08-08 23:38:36,LAPTOP-UA90UR9H,100.0,2400.0,58.0,6723.03,89.7,9.97,2.95,0.0,0.01,286,python.exe,20564,msedgewebview2.exe,24064,,Healthy,0,100,,,,0
2026-08-08 23:38:42,LAPTOP-UA90UR9H,100.0,2400.0,58.1,6705.1,89.7,4.53,1.75,0.0,0.0,287,python.exe,9960,msedgewebview2.exe,24064,,Healthy,0,100,,,,0
2026-08-08 23:38:47,LAPTOP-UA90UR9H,100.0,2400.0,58.4,6660.3,89.7,0.03,1.4,0.01,0.0,284,python.exe,9960,msedgewebview2.exe,24064,,Healthy,0,100,,,,0
2026-08-08 23:38:54,LAPTOP-UA90UR9H,100.0,2400.0,58.3,6679.38,89.7,0.01,3.93,0.0,0.0,287,python.exe,2180,msedgewebview2.exe,24064,,Healthy,0,100,,,,0
2026-08-08 23:39:01,LAPTOP-UA90UR9H,100.0,2400.0,58.2,6688.81,89.7,0.19,0.65,0.0,0.02,288,python.exe,2180,msedgewebview2.exe,24064,,Healthy,0,100,,,,0
2026-08-08 23:39:07,LAPTOP-UA90UR9H,100.0,2400.0,58.4,6660.45,89.7,0.26,1.13,0.0,0.0,288,python.exe,2180,msedgewebview2.exe,24064,,Healthy,0,100,,,,0
2026-08-08 23:39:13,LAPTOP-UA90UR9H,100.0,2400.0,58.6,6622.55,89.7,0.11,4.76,0.01,0.0,289,python.exe,9960,msedgewebview2.exe,24064,,Healthy,0,100,,,,0
2026-08-08 23:39:18,LAPTOP-UA90UR9H,100.0,2400.0,59.2,6527.88,89.7,0.29,1.58,0.0,0.01,290,python.exe,13160,msedgewebview2.exe,24064,,Healthy,0,100,,,,0
2026-08-08 23:39:25,LAPTOP-UA90UR9H,100.0,2400.0,59.0,6554.86,89.7,0.74,7.78,0.0,0.0,290,python.exe,13160,msedgewebview2.exe,24064,,Healthy,0,100,,,,0
2026-08-08 23:39:30,LAPTOP-UA90UR9H,100.0,2400.0,59.1,6552.56,89.7,0.12,7.29,0.0,0.0,289,python.exe,13160,msedgewebview2.exe,24064,,Healthy,0,100,,,,0
2026-08-08 23:39:37,LAPTOP-UA90UR9H,100.0,2400.0,59.0,6565.07,89.7,0.13,0.91,0.0,0.0,287,python.exe,19580,msedgewebview2.exe,24064,,Healthy,0,100,,,,0
2026-08-08 23:39:44,LAPTOP-UA90UR9H,100.0,2400.0,58.9,6584.84,89.7,0.02,4.05,0.0,0.0,287,python.exe,9960,msedgewebview2.exe,24064,,Healthy,0,100,,,,0
2026-08-08 23:39:50,LAPTOP-UA90UR9H,100.0,2400.0,58.9,6580.05,89.7,0.07,1.18,0.0,0.01,287,python.exe,19580,msedgewebview2.exe,24064,,Healthy,0,100,,,,0
2026-08-08 23:39:56,LAPTOP-UA90UR9H,100.0,2400.0,58.8,6593.08,89.7,0.0,0.86,0.0,0.0,288,python.exe,20564,msedgewebview2.exe,24064,,Healthy,0,100,,,,0
2026-08-08 23:40:02,LAPTOP-UA90UR9H,100.0,2400.0,58.1,6699.74,89.7,0.03,4.06,0.0,0.0,285,python.exe,14312,msedgewebview2.exe,24064,,Healthy,0,100,,,,0
2026-08-08 23:40:08,LAPTOP-UA90UR9H,100.0,2400.0,58.0,6713.55,89.7,0.0,0.93,0.0,0.0,285,python.exe,9960,msedgewebview2.exe,24064,,Healthy,0,100,,,,0
2026-08-08 23:40:15,LAPTOP-UA90UR9H,100.0,2400.0,58.1,6712.4,89.7,0.03,1.21,0.0,0.0,285,python.exe,19580,msedgewebview2.exe,24064,,,,,,,,
2026-08-08 23:40:21,LAPTOP-UA90UR9H,100.0,2400.0,58.2,6693.73,89.7,0.01,2.26,0.0,0.0,287,python.exe,19580,msedgewebview2.exe,24064,,Healthy,0,100,,,,0
2026-08-08 23:40:26,LAPTOP-UA90UR9H,100.0,2400.0,58.2,6689.7,89.7,0.0,1.88,0.0,0.0,287,python.exe,2180,msedgewebview2.exe,24064,,Healthy,0,100,,,,0
2026-08-08 23:40:32,LAPTOP-UA90UR9H,100.0,2400.0,57.9,6736.19,89.7,0.01,1.28,0.0,0.01,282,python.exe,2180,msedgewebview2.exe,24064,,Healthy,0,100,,,,0
2026-08-08 23:40:38,LAPTOP-UA90UR9H,100.0,2400.0,58.2,6684.01,89.7,0.11,3.69,0.0,0.0,282,python.exe,9960,msedgewebview2.exe,24064,,Healthy,0,100,,,,0
2026-08-08 23:40:45,LAPTOP-UA90UR9H,100.0,2400.0,57.3,6827.59,89.7,0.0,0.75,0.0,0.0,282,python.exe,14372,msedgewebview2.exe,24064,,Healthy,0,100,,,,0
2026-08-08 23:40:51,LAPTOP-UA90UR9H,100.0,2400.0,57.3,6833.37,89.7,0.06,1.21,0.0,0.0,283,python.exe,14312,msedgewebview2.exe,24064,,Healthy,0,100,,,,0
2026-08-08 23:40:57,LAPTOP-UA90UR9H,100.0,2400.0,57.4,6814.95,89.7,0.0,2.85,0.0,0.0,284,python.exe,20564,msedgewebview2.exe,24064,,Healthy,0,100,,,,0
2026-08-08 23:41:03,LAPTOP-UA90UR9H,100.0,2400.0,57.6,6787.52,89.7,0.0,1.09,0.0,0.01,284,python.exe,14312,msedgewebview2.exe,24064,,Healthy,0,100,,,,0
2026-08-08 23:41:09,LAPTOP-UA90UR9H,100.0,2400.0,57.9,6741.19,89.7,0.1,3.53,0.0,0.0,283,python.exe,14372,msedgewebview2.exe,24064,,Healthy,0,100,,,,0
2026-08-08 23:41:17,LAPTOP-UA90UR9H,100.0,2400.0,57.6,6789.23,89.7,0.01,1.16,0.0,0.0,283,python.exe,2180,msedgewebview2.exe,24064,,,,,,,,
2026-08-08 23:41:23,LAPTOP-UA90UR9H,100.0,2400.0,57.6,6791.01,89.7,0.01,0.99,0.0,0.0,284,python.exe,6424,msedgewebview2.exe,24064,,Healthy,0,100,,,,0
2026-08-08 23:41:28,LAPTOP-UA90UR9H,100.0,2400.0,57.6,6791.21,89.7,0.45,0.49,0.0,0.0,284,python.exe,14372,msedgewebview2.exe,24064,,Healthy,0,100,,,,0
2026-08-08 23:41:34,LAPTOP-UA90UR9H,100.0,2400.0,57.8,6756.12,89.7,0.19,1.14,0.01,0.01,285,python.exe,17024,msedgewebview2.exe,24064,,Healthy,0,100,,,,0
2026-08-08 23:41:40,LAPTOP-UA90UR9H,100.0,2400.0,58.2,6685.62,89.7,0.01,0.74,0.0,0.0,285,python.exe,9960,msedgewebview2.exe,24064,,Healthy,0,100,,,,0
2026-08-08 23:41:47,LAPTOP-UA90UR9H,100.0,2400.0,58.1,6698.49,89.7,0.02,3.88,0.0,0.0,282,python.exe,6424,msedgewebview2.exe,24064,,Healthy,0,100,,,,0
2026-08-08 23:41:54,LAPTOP-UA90UR9H,100.0,2400.0,57.6,6790.55,89.7,0.02,1.03,0.0,0.0,283,python.exe,17024,msedgewebview2.exe,24064,,Healthy,0,100,,,,0
2026-08-08 23:42:01,LAPTOP-UA90UR9H,100.0,2400.0,57.6,6788.75,89.7,0.01,0.8,0.0,0.0,284,python.exe,13160,msedgewebview2.exe,24064,,Healthy,0,100,,,,0
2026-08-08 23:42:08,LAPTOP-UA90UR9H,100.0,2400.0,57.6,6782.07,89.7,0.01,2.93,0.0,0.01,285,python.exe,26400,msedgewebview2.exe,24064,,Healthy,0,100,,,,0
2026-08-08 23:42:13,LAPTOP-UA90UR9H,100.0,2400.0,57.7,6769.45,89.7,0.0,1.9,0.0,0.0,285,python.exe,14312,msedgewebview2.exe,24064,,Healthy,0,100,,,,0
2026-08-08 23:42:19,LAPTOP-UA90UR9H,100.0,2400.0,58.3,6674.89,89.7,0.02,0.84,0.0,0.0,285,python.exe,14312,msedgewebview2.exe,24064,,Healthy,0,100,,,,0
2026-08-08 23:42:26,LAPTOP-UA90UR9H,100.0,2400.0,58.5,6643.19,89.7,0.08,7.54,0.0,0.0,287,python.exe,14312,msedgewebview2.exe,24064,,Healthy,0,100,,,,0
2026-08-08 23:42:32,LAPTOP-UA90UR9H,100.0,2400.0,58.4,6653.0,89.7,0.0,1.74,0.0,0.1,288,python.exe,26400,msedgewebview2.exe,24064,,Healthy,0,100,,,,0
2026-08-08 23:42:38,LAPTOP-UA90UR9H,100.0,2400.0,58.6,6631.64,89.7,0.01,3.41,0.0,0.0,288,python.exe,17024,msedgewebview2.exe,24064,,Healthy,0,100,,,,0
2026-08-08 23:42:45,LAPTOP-UA90UR9H,100.0,2400.0,58.3,6673.56,89.7,0.01,3.37,0.0,0.0,285,python.exe,26400,msedgewebview2.exe,24064,,Healthy,0,100,,,,0
2026-08-08 23:42:51,LAPTOP-UA90UR9H,100.0,2400.0,58.3,6672.62,89.7,0.0,1.77,0.0,0.0,284,python.exe,6424,msedgewebview2.exe,24064,,Healthy,0,100,,,,0
2026-08-08 23:42:56,LAPTOP-UA90UR9H,100.0,2400.0,58.7,6602.82,89.7,0.0,1.21,0.0,0.01,287,python.exe,6424,msedgewebview2.exe,24064,,Healthy,0,100,,,,0
2026-08-08 23:43:02,LAPTOP-UA90UR9H,100.0,2400.0,60.1,6388.43,89.7,0.04,4.25,0.0,0.0,289,python.exe,27200,msedgewebview2.exe,24064,,Healthy,0,100,,,,0
2026-08-08 23:43:09,LAPTOP-UA90UR9H,100.0,2400.0,58.8,6601.26,89.7,0.01,2.69,0.0,0.0,287,python.exe,19580,msedgewebview2.exe,24064,,Healthy,0,100,,,,0
2026-08-08 23:43:16,LAPTOP-UA90UR9H,100.0,2400.0,58.6,6617.63,89.7,0.01,2.03,0.0,0.0,287,python.exe,6424,msedgewebview2.exe,24064,,Healthy,0,100,,,,0
2026-08-08 23:43:22,LAPTOP-UA90UR9H,100.0,2400.0,58.7,6615.0,89.7,0.0,3.47,0.0,0.0,286,python.exe,17024,msedgewebview2.exe,24064,,Healthy,0,100,,,,0
2026-08-08 23:43:28,LAPTOP-UA90UR9H,100.0,2400.0,59.3,6509.38,89.7,0.0,4.05,0.0,0.01,288,python.exe,27200,msedgewebview2.exe,24064,,Healthy,0,100,,,,0
2026-08-08 23:43:34,LAPTOP-UA90UR9H,100.0,2400.0,59.2,6523.35,89.7,0.0,4.93,0.0,0.0,286,python.exe,14372,msedgewebview2.exe,24064,,Healthy,0,100,,,,0
2026-08-08 23:43:39,LAPTOP-UA90UR9H,100.0,2400.0,58.1,6700.3,89.7,0.01,1.19,0.0,0.0,286,python.exe,12568,msedgewebview2.exe,24064,,Healthy,0,100,,,,0
2026-08-08 23:43:47,LAPTOP-UA90UR9H,100.0,2400.0,57.9,6740.93,89.7,0.01,0.65,0.0,0.0,284,python.exe,6424,msedgewebview2.exe,24064,,Healthy,0,100,,,,0
2026-08-08 23:43:53,LAPTOP-UA90UR9H,100.0,2400.0,57.9,6744.41,89.7,0.05,2.44,0.0,0.0,283,python.exe,17024,msedgewebview2.exe,24064,,Healthy,0,100,,,,0
2026-08-08 23:43:59,LAPTOP-UA90UR9H,100.0,2400.0,57.9,6740.53,89.7,0.01,2.32,0.0,0.0,285,python.exe,12568,msedgewebview2.exe,24064,,Healthy,0,100,,,,0
2026-08-08 23:44:06,LAPTOP-UA90UR9H,100.0,2400.0,58.0,6724.23,89.7,0.21,0.8,0.0,0.0,291,python.exe,17024,msedgewebview2.exe,24064,,Healthy,0,100,,,,0
2026-08-08 23:44:12,LAPTOP-UA90UR9H,100.0,2400.0,58.6,6625.85,89.7,3.05,1.05,0.01,0.01,290,python.exe,17024,msedgewebview2.exe,24064,,Healthy,0,100,,,,0
2026-08-08 23:44:20,LAPTOP-UA90UR9H,100.0,2400.0,59.0,6556.93,89.7,4.09,4.58,0.0,0.0,290,python.exe,9960,msedgewebview2.exe,24064,,Healthy,0,100,,,,0
2026-08-08 23:44:26,LAPTOP-UA90UR9H,100.0,2400.0,58.4,6653.01,89.7,0.5,1.05,0.0,0.0,290,python.exe,17092,msedgewebview2.exe,24064,,Healthy,0,100,,,,0
2026-08-08 23:44:33,LAPTOP-UA90UR9H,100.0,2400.0,58.2,6683.46,89.7,0.01,0.68,0.0,0.0,290,python.exe,28352,msedgewebview2.exe,24064,,Healthy,0,100,,,,0
2026-08-08 23:44:40,LAPTOP-UA90UR9H,100.0,2400.0,58.2,6683.01,89.7,0.02,2.84,0.0,0.0,291,python.exe,28352,msedgewebview2.exe,24064,,Healthy,0,100,,,,0
2026-08-08 23:44:46,LAPTOP-UA90UR9H,100.0,2400.0,58.2,6695.62,89.7,0.01,2.21,0.0,0.0,291,python.exe,17092,msedgewebview2.exe,24064,,Healthy,0,100,,,,0
2026-08-08 23:44:52,LAPTOP-UA90UR9H,100.0,2400.0,58.2,6683.72,89.7,0.02,0.69,0.0,0.0,291,python.exe,14312,msedgewebview2.exe,24064,,Healthy,0,100,,,,0
2026-08-08 23:44:58,LAPTOP-UA90UR9H,100.0,2400.0,58.3,6668.4,89.7,0.7,1.06,0.01,0.01,290,python.exe,9960,msedgewebview2.exe,24064,,Healthy,0,100,,,,0
2026-08-08 23:45:03,LAPTOP-UA90UR9H,100.0,2400.0,58.0,6714.52,89.7,1.43,1.41,0.0,0.0,289,python.exe,19916,msedgewebview2.exe,24064,,Healthy,0,100,,,,0
2026-08-08 23:45:09,LAPTOP-UA90UR9H,100.0,2400.0,58.2,6682.09,89.7,1.77,3.27,0.0,0.0,289,python.exe,28352,msedgewebview2.exe,24064,,Healthy,0,100,,,,0
2026-08-08 23:45:15,LAPTOP-UA90UR9H,100.0,2400.0,59.2,6521.74,89.7,1.85,1.65,0.0,0.0,289,python.exe,19916,msedgewebview2.exe,24064,,Healthy,0,100,,,,0
2026-08-08 23:45:22,LAPTOP-UA90UR9H,100.0,2400.0,59.5,6487.36,89.7,2.6,0.97,0.01,0.01,289,python.exe,19916,msedgewebview2.exe,24064,,Healthy,0,100,,,,0
2026-08-08 23:45:28,LAPTOP-UA90UR9H,100.0,2400.0,59.5,6481.94,89.7,1.25,5.63,0.01,0.27,291,python.exe,28352,msedgewebview2.exe,24064,,Healthy,0,100,,,,0
2026-08-08 23:45:34,LAPTOP-UA90UR9H,100.0,2400.0,59.2,6523.89,89.7,0.11,1.32,0.0,0.0,293,python.exe,17024,msedgewebview2.exe,24064,,Healthy,0,100,,,,0
2026-08-08 23:45:41,LAPTOP-UA90UR9H,100.0,2400.0,59.7,6455.8,89.7,0.18,1.07,0.0,0.01,292,python.exe,9960,msedgewebview2.exe,24064,,Healthy,0,100,,,,0
2026-08-08 23:45:48,LAPTOP-UA90UR9H,100.0,2400.0,59.2,6523.57,89.7,0.08,3.62,0.0,0.0,292,python.exe,13160,msedgewebview2.exe,24064,,Healthy,0,100,,,,0
2026-08-08 23:45:54,LAPTOP-UA90UR9H,100.0,2400.0,59.3,6517.46,89.7,0.24,0.68,0.0,0.03,292,python.exe,26400,msedgewebview2.exe,24064,,Healthy,0,100,,,,0
2026-08-08 23:46:00,LAPTOP-UA90UR9H,100.0,2400.0,59.4,6496.21,89.7,0.06,0.79,0.0,0.02,292,python.exe,13160,msedgewebview2.exe,24064,,Healthy,0,100,,,,0
2026-08-08 23:46:06,LAPTOP-UA90UR9H,100.0,2400.0,59.3,6515.57,89.7,0.17,1.68,0.0,0.0,292,python.exe,28352,msedgewebview2.exe,24064,,Healthy,0,100,,,,0
2026-08-08 23:46:12,LAPTOP-UA90UR9H,100.0,2400.0,59.4,6489.66,89.7,0.15,0.94,0.01,0.01,292,python.exe,13160,msedgewebview2.exe,24064,,Healthy,0,100,,,,0
2026-08-08 23:46:19,LAPTOP-UA90UR9H,100.0,2400.0,59.5,6488.1,89.7,0.14,1.11,0.0,0.0,292,python.exe,14312,msedgewebview2.exe,24064,,Healthy,0,100,,,,0
2026-08-08 23:46:25,LAPTOP-UA90UR9H,100.0,2400.0,60.4,6338.07,89.7,0.01,1.01,0.01,0.01,292,python.exe,28352,msedgewebview2.exe,24064,,Healthy,0,100,,,,0
2026-08-08 23:46:32,LAPTOP-UA90UR9H,100.0,2400.0,60.8,6273.89,89.7,3.66,3.18,0.0,0.01,296,python.exe,14312,msedgewebview2.exe,24064,,Healthy,0,100,,,,0
2026-08-08 23:46:38,LAPTOP-UA90UR9H,100.0,2400.0,60.0,6404.79,89.7,0.04,1.54,0.0,0.0,295,python.exe,12568,msedgewebview2.exe,24064,,Healthy,0,100,,,,0
2026-08-08 23:46:44,LAPTOP-UA90UR9H,100.0,2400.0,60.0,6405.66,89.7,0.06,1.2,0.0,0.0,295,python.exe,14312,msedgewebview2.exe,24064,,Healthy,0,100,,,,0
2026-08-08 23:46:50,LAPTOP-UA90UR9H,100.0,2400.0,59.8,6433.17,89.7,0.06,0.78,0.0,0.0,293,python.exe,26400,msedgewebview2.exe,24064,,Healthy,0,100,,,,0
2026-08-08 23:46:57,LAPTOP-UA90UR9H,100.0,2400.0,59.8,6436.37,89.7,0.04,1.1,0.0,0.0,292,python.exe,19916,msedgewebview2.exe,24064,,Healthy,0,100,,,,0
2026-08-08 23:47:03,LAPTOP-UA90UR9H,100.0,2400.0,60.2,6372.35,89.7,0.08,1.12,0.01,0.01,293,python.exe,9960,msedgewebview2.exe,24064,,Healthy,0,100,,,,0
2026-08-08 23:47:09,LAPTOP-UA90UR9H,100.0,2400.0,60.2,6365.58,89.7,0.1,3.09,0.0,0.01,292,python.exe,2180,msedgewebview2.exe,24064,,Healthy,0,100,,,,0
2026-08-08 23:47:15,LAPTOP-UA90UR9H,100.0,2400.0,60.4,6332.1,89.7,0.0,1.85,0.0,0.0,291,python.exe,17024,msedgewebview2.exe,24064,,Healthy,0,100,,,,0
2026-08-08 23:47:22,LAPTOP-UA90UR9H,100.0,2400.0,59.5,6479.59,89.7,0.0,0.97,0.0,0.0,290,python.exe,14312,msedgewebview2.exe,24064,,Healthy,0,100,,,,0
2026-08-08 23:47:28,LAPTOP-UA90UR9H,100.0,2400.0,59.2,6536.48,89.7,0.01,0.99,0.0,0.0,290,python.exe,17024,msedgewebview2.exe,24064,,Healthy,0,100,,,,0
2026-08-08 23:47:35,LAPTOP-UA90UR9H,100.0,2400.0,59.2,6530.89,89.7,0.03,0.8,0.0,0.0,290,python.exe,2180,msedgewebview2.exe,24064,,Healthy,0,100,,,,0
2026-08-08 23:47:41,LAPTOP-UA90UR9H,100.0,2400.0,59.5,6474.93,89.7,0.02,2.14,0.01,0.01,291,python.exe,9960,msedgewebview2.exe,24064,,Healthy,0,100,,,,0
2026-08-08 23:47:48,LAPTOP-UA90UR9H,100.0,2400.0,60.0,6402.7,89.7,0.01,1.75,0.0,0.0,291,python.exe,2180,msedgewebview2.exe,24064,,Healthy,0,100,,,,0
2026-08-08 23:47:55,LAPTOP-UA90UR9H,100.0,2400.0,57.8,6760.93,89.7,0.02,1.54,0.0,0.0,289,python.exe,17024,msedgewebview2.exe,24064,,Healthy,0,100,,,,0
2026-08-08 23:48:01,LAPTOP-UA90UR9H,100.0,2400.0,57.6,6779.74,89.7,0.01,0.83,0.0,0.01,289,python.exe,2180,msedgewebview2.exe,24064,,Healthy,0,100,,,,0
2026-08-08 23:48:08,LAPTOP-UA90UR9H,100.0,2400.0,57.6,6792.28,89.7,0.01,0.94,0.0,0.0,289,python.exe,2180,msedgewebview2.exe,24064,,Healthy,0,100,,,,0
2026-08-08 23:48:15,LAPTOP-UA90UR9H,100.0,2400.0,57.6,6791.39,89.7,0.0,1.51,0.0,0.0,289,python.exe,19880,msedgewebview2.exe,24064,,Healthy,0,100,,,,0
2026-08-08 23:48:21,LAPTOP-UA90UR9H,100.0,2400.0,57.6,6792.69,89.7,0.0,2.09,0.01,0.01,289,python.exe,19880,msedgewebview2.exe,24064,,Healthy,0,100,,,,0
2026-08-08 23:48:26,LAPTOP-UA90UR9H,100.0,2400.0,58.0,6728.58,89.7,0.01,1.63,0.0,0.01,289,python.exe,17024,msedgewebview2.exe,24064,,Healthy,0,100,,,,0
2026-08-08 23:48:32,LAPTOP-UA90UR9H,100.0,2400.0,58.0,6726.03,89.7,0.04,0.91,0.0,0.0,289,python.exe,13160,msedgewebview2.exe,24064,,Healthy,0,100,,,,0
2026-08-08 23:48:37,LAPTOP-UA90UR9H,100.0,2400.0,58.7,6606.24,89.7,0.0,1.04,0.0,0.0,291,python.exe,13160,msedgewebview2.exe,24064,,Healthy,0,100,,,,0
2026-08-08 23:48:44,LAPTOP-UA90UR9H,100.0,2400.0,58.3,6666.47,89.7,0.02,2.79,0.0,0.0,291,python.exe,2180,msedgewebview2.exe,24064,,Healthy,0,100,,,,0
2026-08-08 23:48:51,LAPTOP-UA90UR9H,100.0,2400.0,58.1,6699.26,89.7,0.0,0.72,0.0,0.0,289,python.exe,27200,msedgewebview2.exe,24064,,,,,,,,
2026-08-08 23:48:58,LAPTOP-UA90UR9H,100.0,2400.0,58.1,6697.64,89.7,0.01,3.41,0.0,0.0,289,python.exe,19880,msedgewebview2.exe,24064,,Healthy,0,100,,,,0
2026-08-08 23:49:03,LAPTOP-UA90UR9H,100.0,2400.0,58.3,6679.47,89.7,0.02,3.62,0.0,0.01,290,python.exe,17024,msedgewebview2.exe,24064,,Healthy,0,100,,,,0
2026-08-08 23:49:09,LAPTOP-UA90UR9H,100.0,2400.0,58.7,6603.16,89.7,0.01,0.85,0.0,0.0,291,python.exe,19916,msedgewebview2.exe,24064,,Healthy,0,100,,,,0
2026-08-08 23:49:15,LAPTOP-UA90UR9H,100.0,2400.0,58.3,6677.46,89.7,0.01,3.89,0.0,0.0,288,python.exe,9960,msedgewebview2.exe,24064,,Healthy,0,100,,,,0
2026-08-08 23:49:22,LAPTOP-UA90UR9H,100.0,2400.0,57.6,6787.34,89.7,0.0,0.96,0.0,0.0,287,python.exe,19916,msedgewebview2.exe,24064,,Healthy,0,100,,,,0
2026-08-08 23:49:29,LAPTOP-UA90UR9H,100.0,2400.0,57.5,6800.58,89.7,0.01,0.87,0.0,0.0,287,python.exe,19880,msedgewebview2.exe,24064,,Healthy,0,100,,,,0
2026-08-08 23:49:34,LAPTOP-UA90UR9H,100.0,2400.0,57.7,6773.43,89.7,0.02,2.51,0.01,0.01,289,python.exe,9960,msedgewebview2.exe,24064,,Healthy,0,100,,,,0
2026-08-08 23:49:40,LAPTOP-UA90UR9H,100.0,2400.0,58.2,6685.77,89.7,0.01,1.07,0.0,0.0,289,python.exe,27200,msedgewebview2.exe,24064,,Healthy,0,100,,,,0
2026-08-08 23:49:46,LAPTOP-UA90UR9H,100.0,2400.0,58.5,6636.28,89.7,0.0,3.93,0.0,0.0,289,python.exe,19916,msedgewebview2.exe,24064,,Healthy,0,100,,,,0
2026-08-08 23:49:52,LAPTOP-UA90UR9H,100.0,2400.0,57.8,6760.41,89.7,0.0,0.98,0.0,0.02,289,python.exe,19916,msedgewebview2.exe,24064,,Healthy,0,100,,,,0
2026-08-08 23:49:59,LAPTOP-UA90UR9H,100.0,2400.0,58.2,6688.01,89.7,0.12,0.96,0.0,0.01,290,python.exe,9960,msedgewebview2.exe,24064,,Healthy,0,100,,,,0
2026-08-08 23:50:06,LAPTOP-UA90UR9H,100.0,2400.0,58.3,6666.75,89.7,0.06,1.28,0.0,0.0,290,python.exe,9960,msedgewebview2.exe,24064,,Healthy,0,100,,,,0
2026-08-08 23:50:11,LAPTOP-UA90UR9H,100.0,2400.0,58.2,6681.93,89.7,0.0,0.68,0.0,0.0,290,python.exe,19916,msedgewebview2.exe,24064,,Healthy,0,100,,,,0
2026-08-08 23:50:17,LAPTOP-UA90UR9H,100.0,2400.0,58.5,6642.64,89.7,0.02,0.86,0.0,0.01,291,python.exe,9960,msedgewebview2.exe,24064,,Healthy,0,100,,,,0
2026-08-08 23:50:22,LAPTOP-UA90UR9H,100.0,2400.0,59.1,6547.46,89.7,0.0,2.28,0.0,0.0,291,python.exe,19580,msedgewebview2.exe,24064,,Healthy,0,100,,,,0
2026-08-08 23:50:29,LAPTOP-UA90UR9H,100.0,2400.0,59.1,6539.39,89.7,0.01,2.45,0.0,0.0,291,python.exe,19880,msedgewebview2.exe,24064,,Healthy,0,100,,,,0
2026-08-08 23:50:36,LAPTOP-UA90UR9H,100.0,2400.0,57.7,6774.59,89.7,0.01,1.16,0.0,0.0,286,python.exe,9960,msedgewebview2.exe,24064,,Healthy,0,100,,,,0
2026-08-08 23:50:41,LAPTOP-UA90UR9H,100.0,2400.0,57.6,6780.61,89.7,0.01,0.79,0.0,0.0,288,python.exe,19916,msedgewebview2.exe,24064,,Healthy,0,100,,,,0
2026-08-08 23:50:47,LAPTOP-UA90UR9H,100.0,2400.0,57.8,6751.06,89.7,0.0,3.27,0.0,0.0,288,python.exe,9960,msedgewebview2.exe,24064,,Healthy,0,100,,,,0
2026-08-08 23:50:53,LAPTOP-UA90UR9H,100.0,2400.0,57.8,6751.84,89.7,0.63,1.39,0.0,0.01,285,python.exe,17024,msedgewebview2.exe,24064,,Healthy,0,100,,,,0
2026-08-08 23:50:59,LAPTOP-UA90UR9H,100.0,2400.0,58.4,6650.34,89.7,0.0,6.65,0.0,0.0,285,python.exe,27200,msedgewebview2.exe,24064,,Healthy,0,100,,,,0
2026-08-08 23:51:04,LAPTOP-UA90UR9H,100.0,2400.0,57.6,6783.29,89.7,0.0,2.35,0.0,0.0,285,python.exe,19580,msedgewebview2.exe,24064,,Healthy,0,100,,,,0
2026-08-08 23:51:10,LAPTOP-UA90UR9H,100.0,2400.0,57.6,6781.65,89.7,0.01,0.72,0.0,0.0,287,python.exe,19880,msedgewebview2.exe,24064,,Healthy,0,100,,,,0
2026-08-08 23:51:17,LAPTOP-UA90UR9H,100.0,2400.0,57.7,6771.82,89.7,0.0,1.42,0.0,0.0,288,python.exe,9960,msedgewebview2.exe,24064,,Healthy,0,100,,,,0
2026-08-08 23:51:23,LAPTOP-UA90UR9H,100.0,2400.0,57.8,6757.2,89.7,0.0,1.28,0.0,0.01,288,python.exe,27200,msedgewebview2.exe,24064,,Healthy,0,100,,,,0
2026-08-08 23:51:30,LAPTOP-UA90UR9H,100.0,2400.0,57.9,6741.14,89.7,0.01,0.55,0.0,0.0,288,python.exe,19880,msedgewebview2.exe,24064,,Healthy,0,100,,,,0
2026-08-08 23:51:36,LAPTOP-UA90UR9H,100.0,2400.0,57.9,6741.65,89.7,0.02,1.21,0.01,0.01,286,python.exe,19880,msedgewebview2.exe,24064,,Healthy,0,100,,,,0
2026-08-08 23:51:42,LAPTOP-UA90UR9H,100.0,2400.0,58.1,6710.32,89.7,0.0,0.89,0.0,0.0,287,python.exe,19580,msedgewebview2.exe,24064,,Healthy,0,100,,,,0
2026-08-08 23:51:47,LAPTOP-UA90UR9H,100.0,2400.0,58.9,6572.63,89.7,0.0,3.83,0.0,0.0,288,python.exe,12568,msedgewebview2.exe,24064,,Healthy,0,100,,,,0
2026-08-08 23:51:53,LAPTOP-UA90UR9H,100.0,2400.0,60.6,6301.29,89.7,0.0,1.01,0.0,0.0,288,python.exe,17024,msedgewebview2.exe,24064,,Healthy,0,100,,,,0
2026-08-08 23:51:59,LAPTOP-UA90UR9H,100.0,2400.0,59.7,6444.57,89.7,0.14,1.64,0.0,0.0,288,python.exe,19880,msedgewebview2.exe,24064,,Healthy,0,100,,,,0
2026-08-08 23:52:06,LAPTOP-UA90UR9H,100.0,2400.0,59.4,6493.9,89.7,0.33,6.39,0.0,0.0,285,python.exe,19880,msedgewebview2.exe,24064,,Healthy,0,100,,,,0
2026-08-08 23:52:13,LAPTOP-UA90UR9H,100.0,2400.0,59.4,6502.92,89.7,0.0,1.06,0.0,0.0,286,python.exe,17024,msedgewebview2.exe,24064,,Healthy,0,100,,,,0
2026-08-08 23:52:18,LAPTOP-UA90UR9H,100.0,2400.0,59.5,6478.25,89.7,0.0,0.75,0.0,0.01,287,python.exe,12568,msedgewebview2.exe,24064,,Healthy,0,100,,,,0
2026-08-08 23:52:24,LAPTOP-UA90UR9H,100.0,2400.0,59.8,6438.23,89.7,0.01,0.59,0.0,0.0,287,python.exe,19916,msedgewebview2.exe,24064,,Healthy,0,100,,,,0
2026-08-08 23:52:31,LAPTOP-UA90UR9H,100.0,2400.0,57.8,6754.62,89.7,0.01,3.73,0.0,0.0,287,python.exe,17024,msedgewebview2.exe,24064,,Healthy,0,100,,,,0
2026-08-08 23:52:38,LAPTOP-UA90UR9H,100.0,2400.0,57.5,6797.88,89.7,0.06,0.71,0.0,0.0,285,python.exe,27200,msedgewebview2.exe,24064,,Healthy,0,100,,,,0
2026-08-08 23:52:45,LAPTOP-UA90UR9H,100.0,2400.0,57.5,6804.02,89.7,0.0,0.72,0.0,0.0,286,python.exe,27200,msedgewebview2.exe,24064,,Healthy,0,100,,,,0
2026-08-08 23:52:51,LAPTOP-UA90UR9H,100.0,2400.0,57.5,6802.97,89.7,0.01,0.81,0.0,0.0,287,python.exe,17024,msedgewebview2.exe,24064,,Healthy,0,100,,,,0
2026-08-08 23:52:57,LAPTOP-UA90UR9H,100.0,2400.0,57.7,6762.29,89.7,0.02,3.26,0.0,0.01,287,python.exe,17024,msedgewebview2.exe,24064,,Healthy,0,100,,,,0
2026-08-08 23:53:03,LAPTOP-UA90UR9H,100.0,2400.0,58.0,6721.13,89.7,0.01,1.0,0.0,0.01,286,python.exe,13160,msedgewebview2.exe,24064,,Healthy,0,100,,,,0
2026-08-08 23:53:10,LAPTOP-UA90UR9H,100.0,2400.0,57.0,6876.68,89.7,0.0,3.97,0.0,0.0,284,python.exe,12568,msedgewebview2.exe,24064,,Healthy,0,100,,,,0
2026-08-08 23:53:16,LAPTOP-UA90UR9H,100.0,2400.0,57.0,6880.05,89.7,0.0,0.82,0.0,0.0,285,python.exe,13160,msedgewebview2.exe,24064,,Healthy,0,100,,,,0
2026-08-08 23:53:22,LAPTOP-UA90UR9H,100.0,2400.0,57.0,6880.75,89.7,0.07,0.76,0.0,0.0,286,python.exe,9960,msedgewebview2.exe,24064,,Healthy,0,100,,,,0
2026-08-08 23:53:29,LAPTOP-UA90UR9H,100.0,2400.0,57.5,6794.4,89.7,0.01,2.84,0.01,0.01,287,python.exe,13160,msedgewebview2.exe,24064,,Healthy,0,100,,,,0
2026-08-08 23:53:34,LAPTOP-UA90UR9H,100.0,2400.0,57.5,6808.68,89.7,0.0,1.6,0.0,0.0,287,python.exe,12568,msedgewebview2.exe,24064,,Healthy,0,100,,,,0
2026-08-08 23:53:39,LAPTOP-UA90UR9H,100.0,2400.0,57.9,6741.29,89.7,0.0,1.15,0.0,0.0,287,python.exe,12568,msedgewebview2.exe,24064,,Healthy,0,100,,,,0
2026-08-08 23:53:45,LAPTOP-UA90UR9H,100.0,2400.0,57.6,6779.23,89.7,0.0,1.23,0.0,0.0,289,python.exe,9960,msedgewebview2.exe,24064,,Healthy,0,100,,,,0
2026-08-08 23:53:50,LAPTOP-UA90UR9H,100.0,2400.0,57.7,6765.9,89.7,0.0,0.94,0.0,0.0,288,python.exe,17024,msedgewebview2.exe,24064,,Healthy,0,100,,,,0
2026-08-08 23:53:57,LAPTOP-UA90UR9H,100.0,2400.0,57.9,6743.31,89.7,0.01,0.98,0.0,0.0,288,python.exe,13160,msedgewebview2.exe,24064,,Healthy,0,100,,,,0
2026-08-08 23:54:04,LAPTOP-UA90UR9H,100.0,2400.0,57.4,6816.08,89.7,0.0,0.71,0.0,0.0,286,python.exe,17024,msedgewebview2.exe,24064,,Healthy,0,100,,,,0
2026-08-08 23:54:10,LAPTOP-UA90UR9H,100.0,2400.0,57.4,6818.59,89.7,0.0,1.62,0.0,0.0,285,python.exe,19916,msedgewebview2.exe,24064,,Healthy,0,100,,,,0
2026-08-08 23:54:16,LAPTOP-UA90UR9H,100.0,2400.0,57.4,6820.23,89.7,0.0,0.73,0.0,0.0,286,python.exe,19916,msedgewebview2.exe,24064,,Healthy,0,100,,,,0
2026-08-08 23:54:21,LAPTOP-UA90UR9H,100.0,2400.0,57.5,6800.79,89.7,0.0,3.35,0.0,0.01,286,python.exe,9960,msedgewebview2.exe,24064,,Healthy,0,100,,,,0
2026-08-08 23:54:27,LAPTOP-UA90UR9H,100.0,2400.0,57.6,6781.69,89.7,0.01,1.23,0.0,0.0,286,python.exe,13160,msedgewebview2.exe,24064,,Healthy,0,100,,,,0
2026-08-08 23:54:33,LAPTOP-UA90UR9H,100.0,2400.0,57.0,6881.62,89.7,0.0,1.2,0.0,0.0,284,python.exe,9960,msedgewebview2.exe,24064,,Healthy,0,100,,,,0
2026-08-08 23:54:40,LAPTOP-UA90UR9H,100.0,2400.0,57.0,6880.8,89.7,0.0,0.64,0.0,0.0,283,python.exe,19880,msedgewebview2.exe,24064,,Healthy,0,100,,,,0
2026-08-08 23:54:47,LAPTOP-UA90UR9H,100.0,2400.0,57.0,6883.52,89.7,0.01,0.75,0.0,0.0,285,python.exe,17024,msedgewebview2.exe,24064,,Healthy,0,100,,,,0
2026-08-08 23:54:53,LAPTOP-UA90UR9H,100.0,2400.0,57.1,6866.51,89.7,0.0,0.84,0.0,0.0,285,python.exe,13160,msedgewebview2.exe,24064,,Healthy,0,100,,,,0
2026-08-08 23:55:00,LAPTOP-UA90UR9H,100.0,2400.0,57.4,6812.31,89.7,0.0,3.61,0.0,0.0,285,python.exe,13160,msedgewebview2.exe,24064,,Healthy,0,100,,,,0
2026-08-08 23:55:06,LAPTOP-UA90UR9H,100.0,2400.0,57.2,6856.28,89.7,0.01,2.07,0.0,0.0,283,python.exe,19916,msedgewebview2.exe,24064,,Healthy,0,100,,,,0
2026-08-08 23:55:13,LAPTOP-UA90UR9H,100.0,2400.0,57.2,6855.54,89.7,0.06,0.83,0.0,0.0,284,python.exe,13160,msedgewebview2.exe,24064,,Healthy,0,100,,,,0
2026-08-08 23:55:20,LAPTOP-UA90UR9H,100.0,2400.0,57.2,6850.27,89.7,0.08,0.69,0.0,0.0,285,python.exe,19916,msedgewebview2.exe,24064,,,,,,,,
2026-08-08 23:55:27,LAPTOP-UA90UR9H,100.0,2400.0,57.2,6848.88,89.7,0.06,0.68,0.0,0.0,285,python.exe,26400,msedgewebview2.exe,24064,,Healthy,0,100,,,,0
2026-08-08 23:55:32,LAPTOP-UA90UR9H,100.0,2400.0,57.2,6851.57,89.7,0.0,0.77,0.0,0.0,285,python.exe,13160,msedgewebview2.exe,24064,,Healthy,0,100,,,,0
2026-08-08 23:55:37,LAPTOP-UA90UR9H,100.0,2400.0,57.3,6833.0,89.7,0.01,1.05,0.0,0.0,285,python.exe,9960,msedgewebview2.exe,24064,,Healthy,0,100,,,,0
2026-08-08 23:55:44,LAPTOP-UA90UR9H,100.0,2400.0,57.4,6823.8,89.7,0.01,0.86,0.0,0.0,286,python.exe,26400,msedgewebview2.exe,24064,,Healthy,0,100,,,,0
2026-08-08 23:55:49,LAPTOP-UA90UR9H,100.0,2400.0,57.1,6858.68,89.7,0.01,1.07,0.0,0.0,285,python.exe,6424,msedgewebview2.exe,24064,,Healthy,0,100,,,,0
2026-08-08 23:55:54,LAPTOP-UA90UR9H,100.0,2400.0,57.3,6839.03,89.7,0.0,0.67,0.0,0.0,285,python.exe,14372,msedgewebview2.exe,24064,,Healthy,0,100,,,,0
2026-08-08 23:56:01,LAPTOP-UA90UR9H,100.0,2400.0,57.1,6857.75,89.7,0.0,0.87,0.0,0.01,284,python.exe,26400,msedgewebview2.exe,24064,,Healthy,0,100,,,,0
2026-08-08 23:56:08,LAPTOP-UA90UR9H,100.0,2400.0,57.2,6856.79,89.7,0.0,0.89,0.0,0.0,283,python.exe,19880,msedgewebview2.exe,24064,,Healthy,0,100,,,,0
2026-08-08 23:56:14,LAPTOP-UA90UR9H,100.0,2400.0,57.1,6860.86,89.7,0.0,0.73,0.0,0.0,284,python.exe,6424,msedgewebview2.exe,24064,,Healthy,0,100,,,,0
2026-08-08 23:56:21,LAPTOP-UA90UR9H,100.0,2400.0,57.1,6862.7,89.7,0.01,0.92,0.0,0.0,285,python.exe,26400,msedgewebview2.exe,24064,,Healthy,0,100,,,,0
2026-08-08 23:56:28,LAPTOP-UA90UR9H,100.0,2400.0,57.0,6881.21,89.7,0.0,0.72,0.0,0.0,285,python.exe,26400,msedgewebview2.exe,24064,,Healthy,0,100,,,,0
2026-08-08 23:56:35,LAPTOP-UA90UR9H,100.0,2400.0,57.0,6875.37,89.7,0.01,0.76,0.0,0.0,286,python.exe,26400,msedgewebview2.exe,24064,,Healthy,0,100,,,,0
2026-08-08 23:56:41,LAPTOP-UA90UR9H,100.0,2400.0,57.2,6854.36,89.7,0.35,0.7,0.0,0.0,286,python.exe,13160,msedgewebview2.exe,24064,,Healthy,0,100,,,,0
2026-08-08 23:56:47,LAPTOP-UA90UR9H,100.0,2400.0,57.1,6859.7,89.7,2.16,0.79,0.0,0.0,287,python.exe,14312,msedgewebview2.exe,24064,,Healthy,0,100,,,,0
2026-08-08 23:56:54,LAPTOP-UA90UR9H,100.0,2400.0,57.1,6865.92,89.7,0.01,0.58,0.0,0.0,286,python.exe,14312,msedgewebview2.exe,24064,,Healthy,0,100,,,,0
2026-08-08 23:57:01,LAPTOP-UA90UR9H,100.0,2400.0,57.2,6857.28,89.7,0.0,0.76,0.0,0.0,286,python.exe,14372,msedgewebview2.exe,24064,,Healthy,0,100,,,,0
2026-08-08 23:57:07,LAPTOP-UA90UR9H,100.0,2400.0,57.1,6870.05,89.7,0.01,0.87,0.0,0.0,285,python.exe,13160,msedgewebview2.exe,24064,,Healthy,0,100,,,,0
2026-08-08 23:57:14,LAPTOP-UA90UR9H,100.0,2400.0,57.5,6799.52,89.7,0.0,0.81,0.0,0.0,288,python.exe,19880,msedgewebview2.exe,24064,,Healthy,0,100,,,,0
2026-08-08 23:57:21,LAPTOP-UA90UR9H,100.0,2400.0,57.4,6819.29,89.7,0.0,0.69,0.0,0.0,287,python.exe,13160,msedgewebview2.exe,24064,,Healthy,0,100,,,,0
2026-08-08 23:57:27,LAPTOP-UA90UR9H,100.0,2400.0,57.4,6818.02,89.7,0.0,0.71,0.0,0.0,287,python.exe,14372,msedgewebview2.exe,24064,,Healthy,0,100,,,,0
2026-08-08 23:57:33,LAPTOP-UA90UR9H,100.0,2400.0,57.4,6819.88,89.7,0.01,0.73,0.0,0.0,287,python.exe,13160,msedgewebview2.exe,24064,,Healthy,0,100,,,,0
2026-08-08 23:57:40,LAPTOP-UA90UR9H,100.0,2400.0,57.6,6789.68,89.7,0.0,0.87,0.0,0.0,287,python.exe,13160,msedgewebview2.exe,24064,,,,,,,,
2026-08-08 23:57:47,LAPTOP-UA90UR9H,100.0,2400.0,57.4,6809.44,89.7,0.02,0.06,0.0,0.0,287,python.exe,19880,msedgewebview2.exe,24064,,Healthy,0,100,,,,0
2026-08-08 23:57:54,LAPTOP-UA90UR9H,100.0,2400.0,57.3,6837.62,89.7,0.0,0.72,0.0,0.0,286,python.exe,13160,msedgewebview2.exe,24064,,Healthy,0,100,,,,0
2026-08-08 23:58:00,LAPTOP-UA90UR9H,100.0,2400.0,57.1,6868.86,89.7,0.01,0.47,0.0,0.0,285,python.exe,14312,msedgewebview2.exe,24064,,Healthy,0,100,,,,0
2026-08-08 23:58:07,LAPTOP-UA90UR9H,100.0,2400.0,57.2,6851.07,89.7,1.4,1.08,0.0,0.0,291,python.exe,28352,msedgewebview2.exe,24064,,Healthy,0,100,,,,0
2026-08-08 23:58:13,LAPTOP-UA90UR9H,100.0,2400.0,57.3,6829.98,89.7,1.4,0.98,0.0,0.0,292,python.exe,14312,msedgewebview2.exe,24064,,Healthy,0,100,,,,0
2026-08-08 23:58:20,LAPTOP-UA90UR9H,100.0,2400.0,57.6,6786.68,89.7,1.0,0.82,0.0,0.0,297,python.exe,28352,msedgewebview2.exe,24064,,,,,,,,
2026-08-08 23:58:27,LAPTOP-UA90UR9H,100.0,2400.0,57.5,6805.76,89.7,0.28,0.1,0.0,0.0,294,python.exe,14312,msedgewebview2.exe,24064,,Healthy,0,100,,,,0
2026-08-08 23:58:34,LAPTOP-UA90UR9H,100.0,2400.0,57.5,6799.89,89.7,0.2,1.08,0.0,0.0,294,python.exe,26400,msedgewebview2.exe,24064,,Healthy,0,100,,,,0
2026-08-08 23:58:41,LAPTOP-UA90UR9H,100.0,2400.0,57.5,6807.92,89.7,0.01,0.59,0.0,0.0,290,python.exe,2180,msedgewebview2.exe,24064,,Healthy,0,100,,,,0
2026-08-08 23:58:46,LAPTOP-UA90UR9H,100.0,2400.0,57.5,6801.07,89.7,0.02,0.84,0.0,0.0,291,python.exe,2180,msedgewebview2.exe,24064,,Healthy,0,100,,,,0
2026-08-08 23:58:53,LAPTOP-UA90UR9H,100.0,2400.0,57.5,6806.55,89.7,6.77,0.95,0.0,0.0,290,python.exe,2180,msedgewebview2.exe,24064,,Healthy,0,100,,,,0
2026-08-08 23:58:59,LAPTOP-UA90UR9H,100.0,2400.0,57.6,6784.09,89.7,0.05,0.64,0.0,0.0,290,python.exe,6424,msedgewebview2.exe,24064,,Healthy,0,100,,,,0
2026-08-08 23:59:05,LAPTOP-UA90UR9H,100.0,2400.0,57.4,6821.18,89.7,0.04,0.88,0.0,0.0,288,python.exe,6424,msedgewebview2.exe,24064,,Healthy,0,100,,,,0
2026-08-08 23:59:12,LAPTOP-UA90UR9H,100.0,2400.0,57.3,6828.79,89.7,0.04,0.89,0.0,0.0,287,python.exe,28352,msedgewebview2.exe,24064,,Healthy,0,100,,,,0
2026-08-08 23:59:18,LAPTOP-UA90UR9H,100.0,2400.0,57.4,6820.29,89.7,0.06,0.76,0.0,0.0,289,python.exe,19916,msedgewebview2.exe,24064,,Healthy,0,100,,,,0
2026-08-08 23:59:24,LAPTOP-UA90UR9H,100.0,2400.0,58.1,6708.96,89.7,2.5,0.74,0.0,0.0,289,python.exe,12568,msedgewebview2.exe,24064,,Healthy,0,100,,,,0
2026-08-08 23:59:30,LAPTOP-UA90UR9H,100.0,2400.0,58.0,6717.16,89.7,4.02,0.68,0.0,0.0,288,python.exe,17024,msedgewebview2.exe,24064,,Healthy,0,100,,,,0
2026-08-08 23:59:37,LAPTOP-UA90UR9H,100.0,2400.0,58.0,6717.66,89.7,0.14,1.02,0.0,0.0,287,python.exe,14312,msedgewebview2.exe,24064,,Healthy,0,100,,,,0
2026-08-08 23:59:44,LAPTOP-UA90UR9H,100.0,2400.0,58.0,6715.28,89.7,0.59,0.77,0.0,0.0,288,python.exe,27200,msedgewebview2.exe,24064,,Healthy,0,100,,,,0
2026-08-08 23:59:50,LAPTOP-UA90UR9H,100.0,2400.0,58.1,6707.64,89.7,0.07,0.59,0.0,0.0,289,python.exe,20564,msedgewebview2.exe,24064,,Healthy,0,100,,,,0
2026-08-08 23:59:57,LAPTOP-UA90UR9H,100.0,2400.0,58.2,6684.7,89.7,0.41,1.03,0.0,0.0,290,python.exe,9960,msedgewebview2.exe,24064,,Healthy,0,100,,,,0
2026-08-09 00:00:04,LAPTOP-UA90UR9H,100.0,2400.0,58.3,6680.42,89.7,0.39,0.56,0.0,0.0,290,python.exe,20564,msedgewebview2.exe,24064,,Healthy,0,100,,,,0
2026-08-09 00:00:10,LAPTOP-UA90UR9H,100.0,2400.0,58.0,6729.27,89.7,0.06,0.82,0.0,0.0,293,python.exe,14312,msedgewebview2.exe,24064,,Healthy,0,100,,,,0
2026-08-09 00:00:16,LAPTOP-UA90UR9H,100.0,2400.0,58.0,6728.93,89.7,0.0,0.83,0.0,0.0,292,python.exe,17024,msedgewebview2.exe,24064,,Healthy,0,100,,,,0
2026-08-09 00:00:23,LAPTOP-UA90UR9H,100.0,2400.0,57.9,6744.4,89.7,0.09,0.7,0.0,0.0,294,python.exe,28352,msedgewebview2.exe,24064,,Healthy,0,100,,,,0
2026-08-09 00:00:29,LAPTOP-UA90UR9H,100.0,2400.0,57.8,6747.35,89.7,0.0,0.91,0.0,0.0,293,python.exe,14312,msedgewebview2.exe,24064,,Healthy,0,100,,,,0
2026-08-09 00:00:36,LAPTOP-UA90UR9H,100.0,2400.0,57.8,6754.32,89.7,1.6,1.55,0.0,0.0,292,python.exe,9960,msedgewebview2.exe,24064,,Healthy,0,100,,,,0
2026-08-09 00:00:42,LAPTOP-UA90UR9H,100.0,2400.0,57.6,6786.63,89.7,0.48,0.86,0.0,0.01,290,python.exe,13160,msedgewebview2.exe,24064,,Healthy,0,100,,,,0
2026-08-09 00:00:48,LAPTOP-UA90UR9H,100.0,2400.0,57.9,6734.97,89.7,0.12,0.93,0.0,0.0,293,python.exe,19880,msedgewebview2.exe,24064,,Healthy,0,100,,,,0
2026-08-09 00:00:56,LAPTOP-UA90UR9H,100.0,2400.0,58.0,6713.71,89.7,0.09,0.83,0.0,0.0,293,python.exe,17092,msedgewebview2.exe,24064,,Healthy,0,100,,,,0
2026-08-09 00:01:02,LAPTOP-UA90UR9H,100.0,2400.0,58.1,6707.46,89.7,0.52,0.72,0.0,0.0,296,python.exe,6424,msedgewebview2.exe,24064,,Healthy,0,100,,,,0
2026-08-09 00:01:07,LAPTOP-UA90UR9H,100.0,2400.0,58.2,6687.09,89.7,0.06,0.8,0.0,0.01,295,python.exe,19880,msedgewebview2.exe,24064,,Healthy,0,100,,,,0
2026-08-09 00:01:15,LAPTOP-UA90UR9H,100.0,2400.0,58.1,6709.93,89.7,13.03,0.93,0.0,0.0,292,python.exe,6424,msedgewebview2.exe,24064,,Healthy,0,100,,,,0
2026-08-09 00:01:22,LAPTOP-UA90UR9H,100.0,2400.0,57.9,6733.35,89.6,0.02,0.91,0.0,0.0,291,python.exe,17092,msedgewebview2.exe,24064,,Healthy,0,100,,,,0
2026-08-09 00:01:28,LAPTOP-UA90UR9H,100.0,2400.0,57.5,6797.47,89.6,0.01,0.8,0.0,0.0,289,python.exe,12568,msedgewebview2.exe,24064,,Healthy,0,100,,,,0
2026-08-09 00:01:34,LAPTOP-UA90UR9H,100.0,2400.0,57.5,6795.77,89.6,0.41,0.72,0.0,0.0,289,python.exe,9960,msedgewebview2.exe,24064,,Healthy,0,100,,,,0
2026-08-09 00:01:40,LAPTOP-UA90UR9H,100.0,2400.0,57.7,6774.39,89.6,0.0,0.86,0.0,0.0,289,python.exe,13160,msedgewebview2.exe,24064,,Healthy,0,100,,,,0
2026-08-09 00:01:47,LAPTOP-UA90UR9H,100.0,2400.0,57.7,6767.27,89.6,0.0,0.7,0.0,0.0,289,python.exe,6424,msedgewebview2.exe,24064,,Healthy,0,100,,,,0
2026-08-09 00:01:53,LAPTOP-UA90UR9H,100.0,2400.0,57.5,6794.84,89.6,0.0,0.82,0.0,0.0,289,python.exe,6424,msedgewebview2.exe,24064,,Healthy,0,100,,,,0
2026-08-09 00:02:00,LAPTOP-UA90UR9H,100.0,2400.0,57.5,6796.99,89.6,0.01,0.94,0.0,0.0,289,python.exe,6424,msedgewebview2.exe,24064,,Healthy,0,100,,,,0
2026-08-09 00:02:07,LAPTOP-UA90UR9H,100.0,2400.0,57.6,6789.91,89.6,0.0,0.77,0.0,0.0,289,python.exe,17092,msedgewebview2.exe,24064,,Healthy,0,100,,,,0
2026-08-09 00:02:14,LAPTOP-UA90UR9H,100.0,2400.0,57.5,6795.68,89.6,0.01,0.75,0.0,0.0,289,python.exe,17092,msedgewebview2.exe,24064,,Healthy,0,100,,,,0
2026-08-09 00:02:21,LAPTOP-UA90UR9H,100.0,2400.0,57.5,6795.19,89.6,0.0,0.72,0.0,0.0,290,python.exe,13160,msedgewebview2.exe,24064,,Healthy,0,100,,,,0
2026-08-09 00:02:27,LAPTOP-UA90UR9H,100.0,2400.0,57.5,6794.01,89.6,0.0,0.72,0.0,0.0,290,python.exe,17092,msedgewebview2.exe,24064,,Healthy,0,100,,,,0
2026-08-09 00:02:33,LAPTOP-UA90UR9H,100.0,2400.0,57.6,6792.97,89.6,0.02,0.83,0.0,0.0,291,python.exe,9960,msedgewebview2.exe,24064,,Healthy,0,100,,,,0
2026-08-09 00:02:40,LAPTOP-UA90UR9H,100.0,2400.0,57.6,6777.93,89.6,0.0,0.51,0.0,0.0,291,python.exe,9960,msedgewebview2.exe,24064,,Healthy,0,100,,,,0
2026-08-09 00:02:45,LAPTOP-UA90UR9H,100.0,2400.0,57.8,6757.01,89.6,0.0,1.04,0.0,0.0,292,python.exe,6424,msedgewebview2.exe,24064,,Healthy,0,100,,,,0
2026-08-09 00:02:52,LAPTOP-UA90UR9H,100.0,2400.0,57.7,6770.39,89.6,0.03,0.67,0.0,0.0,291,python.exe,13160,msedgewebview2.exe,24064,,Healthy,0,100,,,,0
2026-08-09 00:02:58,LAPTOP-UA90UR9H,100.0,2400.0,58.0,6727.58,89.6,0.0,0.96,0.0,0.0,290,python.exe,12568,msedgewebview2.exe,24064,,Healthy,0,100,,,,0
2026-08-09 00:03:05,LAPTOP-UA90UR9H,100.0,2400.0,57.3,6838.82,89.6,0.0,1.09,0.0,0.0,290,python.exe,6424,msedgewebview2.exe,24064,,Healthy,0,100,,,,0
2026-08-09 00:03:12,LAPTOP-UA90UR9H,100.0,2400.0,57.2,6849.49,89.6,0.02,0.51,0.0,0.0,289,python.exe,17092,msedgewebview2.exe,24064,,Healthy,0,100,,,,0
2026-08-09 00:03:19,LAPTOP-UA90UR9H,100.0,2400.0,57.2,6846.18,89.6,0.02,0.97,0.0,0.0,288,python.exe,9960,msedgewebview2.exe,24064,,Healthy,0,100,,,,0
2026-08-09 00:03:26,LAPTOP-UA90UR9H,100.0,2400.0,57.2,6844.27,89.6,0.0,0.62,0.0,0.0,290,python.exe,9960,msedgewebview2.exe,24064,,Healthy,0,100,,,,0
2026-08-09 00:03:33,LAPTOP-UA90UR9H,100.0,2400.0,57.0,6881.1,89.6,0.01,0.9,0.0,0.01,289,python.exe,6424,msedgewebview2.exe,24064,,Healthy,0,100,,,,0
2026-08-09 00:03:39,LAPTOP-UA90UR9H,100.0,2400.0,57.0,6877.62,89.6,0.01,0.95,0.0,0.0,289,python.exe,12568,msedgewebview2.exe,24064,,Healthy,0,100,,,,0
2026-08-09 00:03:46,LAPTOP-UA90UR9H,100.0,2400.0,57.1,6864.06,89.6,0.08,0.39,0.0,0.0,290,python.exe,19880,msedgewebview2.exe,24064,,Healthy,0,100,,,,0
2026-08-09 00:03:53,LAPTOP-UA90UR9H,100.0,2400.0,57.2,6852.58,89.6,0.85,0.98,0.0,0.0,290,python.exe,6424,msedgewebview2.exe,24064,,Healthy,0,100,,,,0
2026-08-09 00:03:59,LAPTOP-UA90UR9H,100.0,2400.0,57.0,6882.4,89.6,0.0,0.62,0.0,0.0,288,python.exe,2180,msedgewebview2.exe,24064,,Healthy,0,100,,,,0
2026-08-09 00:04:06,LAPTOP-UA90UR9H,100.0,2400.0,57.0,6878.37,89.6,0.0,0.75,0.0,0.0,288,python.exe,6424,msedgewebview2.exe,24064,,Healthy,0,100,,,,0
2026-08-09 00:04:13,LAPTOP-UA90UR9H,100.0,2400.0,57.0,6878.45,89.6,0.0,0.81,0.0,0.0,288,python.exe,2180,msedgewebview2.exe,24064,,Healthy,0,100,,,,0
2026-08-09 00:04:19,LAPTOP-UA90UR9H,100.0,2400.0,57.1,6865.44,89.6,0.01,0.78,0.0,0.01,289,python.exe,2180,msedgewebview2.exe,24064,,Healthy,0,100,,,,0
2026-08-09 00:04:27,LAPTOP-UA90UR9H,100.0,2400.0,57.5,6796.47,89.6,0.01,2.94,0.0,0.0,292,python.exe,19880,msedgewebview2.exe,24064,,Healthy,0,100,,,,0
2026-08-09 00:04:34,LAPTOP-UA90UR9H,100.0,2400.0,57.6,6786.15,89.6,0.04,0.63,0.0,0.0,292,python.exe,13160,msedgewebview2.exe,24064,,Healthy,0,100,,,,0
2026-08-09 00:04:41,LAPTOP-UA90UR9H,100.0,2400.0,57.6,6782.68,89.6,0.02,0.72,0.0,0.0,290,python.exe,6424,msedgewebview2.exe,24064,,Healthy,0,100,,,,0
2026-08-09 00:04:47,LAPTOP-UA90UR9H,100.0,2400.0,57.5,6808.14,89.6,0.06,0.73,0.0,0.01,288,python.exe,2180,msedgewebview2.exe,24064,,Healthy,0,100,,,,0
2026-08-09 00:04:54,LAPTOP-UA90UR9H,100.0,2400.0,57.5,6808.55,89.6,0.0,0.67,0.0,0.01,289,python.exe,19880,msedgewebview2.exe,24064,,Healthy,0,100,,,,0
2026-08-09 00:05:01,LAPTOP-UA90UR9H,100.0,2400.0,57.1,6866.26,89.6,0.0,0.95,0.0,0.0,288,python.exe,12568,msedgewebview2.exe,24064,,Healthy,0,100,,,,0
2026-08-09 00:05:06,LAPTOP-UA90UR9H,100.0,2400.0,57.1,6865.59,89.6,0.0,0.72,0.0,0.0,288,python.exe,2180,msedgewebview2.exe,24064,,Healthy,0,100,,,,0
2026-08-09 00:05:14,LAPTOP-UA90UR9H,100.0,2400.0,57.2,6841.54,89.6,0.0,0.5,0.0,0.0,288,python.exe,6424,msedgewebview2.exe,24064,,Healthy,0,100,,,,0
2026-08-09 00:05:20,LAPTOP-UA90UR9H,100.0,2400.0,57.1,6859.54,89.6,0.0,0.94,0.0,0.01,287,python.exe,2180,msedgewebview2.exe,24064,,Healthy,0,100,,,,0
2026-08-09 00:05:27,LAPTOP-UA90UR9H,100.0,2400.0,57.1,6871.6,89.6,0.0,0.8,0.0,0.0,287,python.exe,6424,msedgewebview2.exe,24064,,Healthy,0,100,,,,0
2026-08-09 00:05:34,LAPTOP-UA90UR9H,100.0,2400.0,57.0,6876.89,89.6,0.0,0.59,0.0,0.0,288,python.exe,6424,msedgewebview2.exe,24064,,Healthy,0,100,,,,0
2026-08-09 00:05:40,LAPTOP-UA90UR9H,100.0,2400.0,57.0,6875.48,89.6,0.0,0.88,0.0,0.0,288,python.exe,2180,msedgewebview2.exe,24064,,Healthy,0,100,,,,0
2026-08-09 00:05:47,LAPTOP-UA90UR9H,100.0,2400.0,57.1,6861.02,89.6,0.01,0.62,0.0,0.0,287,python.exe,13160,msedgewebview2.exe,24064,,Healthy,0,100,,,,0
2026-08-09 00:05:54,LAPTOP-UA90UR9H,100.0,2400.0,57.0,6882.82,89.6,0.01,0.73,0.0,0.0,286,python.exe,13160,msedgewebview2.exe,24064,,Healthy,0,100,,,,0
2026-08-09 00:06:01,LAPTOP-UA90UR9H,100.0,2400.0,57.0,6881.05,89.6,0.0,0.9,0.0,0.0,286,python.exe,26400,msedgewebview2.exe,24064,,Healthy,0,100,,,,0
2026-08-09 00:06:08,LAPTOP-UA90UR9H,100.0,2400.0,57.0,6878.92,89.6,0.0,0.7,0.0,0.0,287,python.exe,19880,msedgewebview2.exe,24064,,Healthy,0,100,,,,0
2026-08-09 00:06:14,LAPTOP-UA90UR9H,100.0,2400.0,57.0,6882.5,89.6,0.0,0.68,0.0,0.0,287,python.exe,2180,msedgewebview2.exe,24064,,Healthy,0,100,,,,0
2026-08-09 00:06:21,LAPTOP-UA90UR9H,100.0,2400.0,57.1,6859.85,89.6,0.01,0.57,0.0,0.0,287,python.exe,19880,msedgewebview2.exe,24064,,Healthy,0,100,,,,0
2026-08-09 00:06:28,LAPTOP-UA90UR9H,100.0,2400.0,57.2,6853.5,89.6,0.01,0.93,0.0,0.0,288,python.exe,12568,msedgewebview2.exe,24064,,Healthy,0,100,,,,0
2026-08-09 00:06:35,LAPTOP-UA90UR9H,100.0,2400.0,57.2,6845.93,89.6,0.0,0.7,0.0,0.0,289,python.exe,6424,msedgewebview2.exe,24064,,Healthy,0,100,,,,0
2026-08-09 00:06:41,LAPTOP-UA90UR9H,100.0,2400.0,57.2,6841.77,89.6,0.01,0.58,0.0,0.01,289,python.exe,12568,msedgewebview2.exe,24064,,Healthy,0,100,,,,0
2026-08-09 00:06:47,LAPTOP-UA90UR9H,100.0,2400.0,57.1,6858.22,89.6,0.0,0.97,0.0,0.0,288,python.exe,2180,msedgewebview2.exe,24064,,Healthy,0,100,,,,0
2026-08-09 00:06:54,LAPTOP-UA90UR9H,100.0,2400.0,57.1,6864.98,89.6,0.0,0.89,0.0,0.01,286,python.exe,6424,msedgewebview2.exe,24064,,Healthy,0,100,,,,0
2026-08-09 00:07:00,LAPTOP-UA90UR9H,100.0,2400.0,57.0,6879.22,89.6,0.01,0.83,0.0,0.01,286,python.exe,12568,msedgewebview2.exe,24064,,Healthy,0,100,,,,0
2026-08-09 00:07:07,LAPTOP-UA90UR9H,100.0,2400.0,57.0,6877.54,89.6,0.01,0.91,0.0,0.0,287,python.exe,2180,msedgewebview2.exe,24064,,Healthy,0,100,,,,0
2026-08-09 00:07:14,LAPTOP-UA90UR9H,100.0,2400.0,57.0,6879.39,89.6,0.0,0.5,0.0,0.0,287,python.exe,12568,msedgewebview2.exe,24064,,Healthy,0,100,,,,0
2026-08-09 00:07:20,LAPTOP-UA90UR9H,100.0,2400.0,57.1,6870.9,89.6,0.0,0.85,0.0,0.0,287,python.exe,26400,msedgewebview2.exe,24064,,Healthy,0,100,,,,0
2026-08-09 00:07:27,LAPTOP-UA90UR9H,100.0,2400.0,57.2,6852.73,89.6,0.02,0.53,0.0,0.0,287,python.exe,26400,msedgewebview2.exe,24064,,Healthy,0,100,,,,0
2026-08-09 00:07:34,LAPTOP-UA90UR9H,100.0,2400.0,57.2,6849.9,89.6,0.0,1.01,0.0,0.0,289,python.exe,19880,msedgewebview2.exe,24064,,Healthy,0,100,,,,0
2026-08-09 00:07:41,LAPTOP-UA90UR9H,100.0,2400.0,57.2,6844.2,89.6,0.01,0.66,0.0,0.01,289,python.exe,19880,msedgewebview2.exe,24064,,,,,,,,
2026-08-09 00:07:44,LAPTOP-UA90UR9H,100.0,2400.0,57.2,6845.21,89.6,0.02,1.32,0.0,0.0,288,python.exe,2180,msedgewebview2.exe,24064,,Healthy,0,100,,,,0
2026-08-09 00:07:47,LAPTOP-UA90UR9H,49.5,2400.0,56.4,6978.67,89.6,20.18,10.78,0.0,0.01,274,System Idle Process,0,msedgewebview2.exe,24064,,Healthy,0,100,,,,0
2026-08-09 00:07:49,LAPTOP-UA90UR9H,19.8,2400.0,57.1,6862.04,89.6,7.6,2.13,0.01,0.06,274,System Idle Process,0,msedgewebview2.exe,24064,,Healthy,0,100,,,,0
2026-08-09 00:07:52,LAPTOP-UA90UR9H,18.6,1520.0,69.2,4931.26,89.6,0.81,2.51,0.0,0.0,274,System Idle Process,0,python.exe,1880,,Healthy,0,100,,,,0
2026-08-09 00:07:55,LAPTOP-UA90UR9H,27.8,2400.0,81.3,2985.47,89.6,0.26,1.76,0.01,0.04,276,System Idle Process,0,python.exe,1880,,Healthy,0,100,,,,0
2026-08-09 00:07:58,LAPTOP-UA90UR9H,28.4,2400.0,93.6,1031.89,89.6,14.8,4.78,0.0,0.12,276,System Idle Process,0,python.exe,1880,,Healthy,0,100,,,,0
2026-08-09 00:08:01,LAPTOP-UA90UR9H,24.6,2400.0,100.0,5.0,91.5,17.79,44.34,0.0,0.0,276,System Idle Process,0,python.exe,1880,,Healthy,0,100,,,,0
2026-08-09 00:08:04,LAPTOP-UA90UR9H,21.4,1520.0,97.9,329.68,91.5,85.57,221.8,0.0,0.0,275,System Idle Process,0,python.exe,1880,,Healthy,0,100,,,,0
2026-08-09 00:08:06,LAPTOP-UA90UR9H,14.3,1520.0,97.9,330.79,93.2,37.89,3.55,0.0,0.0,275,System Idle Process,0,python.exe,1880,,Healthy,0,100,,,,0
2026-08-09 00:08:08,LAPTOP-UA90UR9H,9.6,1520.0,98.1,307.59,93.2,17.71,1.9,0.0,0.0,275,System Idle Process,0,python.exe,1880,,Healthy,0,100,,,,0
2026-08-09 00:08:11,LAPTOP-UA90UR9H,7.8,2400.0,98.2,288.28,93.2,28.9,2.44,0.0,0.0,275,System Idle Process,0,python.exe,1880,,Healthy,0,100,,,,0
2026-08-09 00:08:14,LAPTOP-UA90UR9H,7.6,1520.0,98.3,272.78,93.2,4.63,1.82,0.0,0.0,275,System Idle Process,0,python.exe,1880,,Healthy,0,100,,,,0
2026-08-09 00:08:17,LAPTOP-UA90UR9H,24.9,2400.0,99.3,106.49,93.2,156.63,3.43,0.0,0.0,293,System Idle Process,0,python.exe,1880,,Healthy,0,100,,,,0
2026-08-09 00:08:20,LAPTOP-UA90UR9H,44.8,2400.0,94.4,896.2,93.2,117.63,146.1,0.0,0.0,285,System Idle Process,0,python.exe,1880,,Healthy,0,100,,,,0
2026-08-09 00:08:23,LAPTOP-UA90UR9H,23.3,2400.0,95.6,700.61,93.2,44.69,9.11,0.0,0.0,287,System Idle Process,0,python.exe,1880,,Healthy,0,100,,,,0
2026-08-09 00:08:25,LAPTOP-UA90UR9H,27.0,2400.0,96.6,536.54,93.2,198.05,5.6,0.02,0.06,285,System Idle Process,0,python.exe,1880,,Healthy,0,100,,,,0
2026-08-09 00:08:28,LAPTOP-UA90UR9H,26.3,2400.0,96.5,562.84,93.2,53.93,3.31,0.02,0.14,285,System Idle Process,0,python.exe,1880,,Healthy,0,100,,,,0
2026-08-09 00:08:31,LAPTOP-UA90UR9H,25.8,2400.0,96.8,510.21,93.2,22.02,1.94,0.0,0.03,285,System Idle Process,0,python.exe,1880,,Healthy,0,100,,,,0
2026-08-09 00:08:34,LAPTOP-UA90UR9H,25.4,2400.0,96.3,584.18,93.2,21.18,2.92,0.0,0.0,283,System Idle Process,0,python.exe,1880,,Healthy,0,100,,,,0
2026-08-09 00:08:36,LAPTOP-UA90UR9H,22.3,1520.0,96.4,570.19,93.2,42.86,4.14,0.0,0.0,282,System Idle Process,0,python.exe,1880,,Healthy,0,100,,,,0
2026-08-09 00:08:39,LAPTOP-UA90UR9H,23.8,1520.0,96.3,588.84,93.1,49.39,24.96,0.0,0.0,282,System Idle Process,0,python.exe,1880,,Healthy,0,100,,,,0
2026-08-09 00:08:41,LAPTOP-UA90UR9H,11.9,2400.0,96.4,582.92,93.1,10.92,3.82,0.0,0.0,282,System Idle Process,0,python.exe,1880,,Healthy,0,100,,,,0
2026-08-09 00:08:44,LAPTOP-UA90UR9H,18.3,2400.0,96.3,588.04,93.1,34.53,4.59,0.0,0.0,281,System Idle Process,0,python.exe,1880,,Healthy,0,100,,,,0
2026-08-09 00:08:46,LAPTOP-UA90UR9H,11.6,1520.0,96.5,564.37,93.1,28.89,16.74,0.0,0.0,281,System Idle Process,0,python.exe,1880,,Healthy,0,100,,,,0
2026-08-09 00:08:49,LAPTOP-UA90UR9H,19.2,2400.0,96.3,592.07,93.1,11.67,2.35,0.0,0.0,281,System Idle Process,0,python.exe,1880,,Healthy,0,100,,,,0
2026-08-09 00:08:51,LAPTOP-UA90UR9H,16.3,2400.0,96.5,567.8,93.1,42.08,3.72,0.0,0.0,280,System Idle Process,0,python.exe,1880,,Healthy,0,100,,,,0
2026-08-09 00:08:54,LAPTOP-UA90UR9H,15.9,2400.0,96.6,536.21,93.1,32.31,5.21,0.0,0.0,280,System Idle Process,0,python.exe,1880,,Healthy,0,100,,,,0
2026-08-09 00:08:56,LAPTOP-UA90UR9H,17.7,2400.0,96.4,574.5,93.1,80.79,5.54,0.0,0.0,280,System Idle Process,0,python.exe,1880,,Healthy,0,100,,,,0
2026-08-09 00:08:59,LAPTOP-UA90UR9H,12.4,2400.0,96.1,623.84,93.1,76.97,3.7,0.0,0.0,279,System Idle Process,0,python.exe,1880,,Healthy,0,100,,,,0
2026-08-09 00:09:01,LAPTOP-UA90UR9H,15.0,2400.0,96.5,562.52,93.1,62.8,6.69,0.0,0.02,279,System Idle Process,0,python.exe,1880,,Healthy,0,100,,,,0
2026-08-09 00:09:04,LAPTOP-UA90UR9H,13.1,1520.0,96.6,551.7,93.1,71.15,3.14,0.0,0.02,279,System Idle Process,0,python.exe,1880,,Healthy,0,100,,,,0
2026-08-09 00:09:06,LAPTOP-UA90UR9H,10.8,1520.0,96.8,506.36,93.1,77.15,4.18,0.0,0.0,278,System Idle Process,0,python.exe,1880,,Healthy,0,100,,,,0
2026-08-09 00:09:09,LAPTOP-UA90UR9H,14.5,2400.0,96.0,644.48,93.1,81.61,4.87,0.0,0.0,277,System Idle Process,0,python.exe,1880,,Healthy,0,100,,,,0
2026-08-09 00:09:11,LAPTOP-UA90UR9H,12.9,1520.0,96.5,560.85,93.1,62.2,3.52,0.0,0.0,276,System Idle Process,0,python.exe,1880,,Healthy,0,100,,,,0
2026-08-09 00:09:14,LAPTOP-UA90UR9H,12.6,2400.0,96.2,602.93,93.1,46.03,3.95,0.0,0.0,276,System Idle Process,0,python.exe,1880,,Healthy,0,100,,,,0
2026-08-09 00:09:16,LAPTOP-UA90UR9H,11.1,2400.0,96.3,590.96,93.1,49.32,5.43,0.0,0.0,276,System Idle Process,0,python.exe,1880,,Healthy,0,100,,,,0
2026-08-09 00:09:19,LAPTOP-UA90UR9H,10.3,1520.0,96.1,619.94,93.1,56.82,2.7,0.0,0.0,276,System Idle Process,0,python.exe,1880,,Healthy,0,100,,,,0
2026-08-09 00:09:21,LAPTOP-UA90UR9H,14.7,2400.0,96.0,637.37,93.1,44.94,3.34,0.0,0.0,275,System Idle Process,0,python.exe,1880,,Healthy,0,100,,,,0
2026-08-09 00:09:24,LAPTOP-UA90UR9H,12.5,2400.0,95.8,672.95,93.1,56.64,3.49,0.0,0.0,275,System Idle Process,0,python.exe,1880,,Healthy,0,100,,,,0
2026-08-09 00:09:26,LAPTOP-UA90UR9H,13.6,2400.0,94.9,811.26,93.1,71.05,4.15,0.0,0.0,273,System Idle Process,0,python.exe,1880,,Healthy,0,100,,,,0
2026-08-09 00:09:28,LAPTOP-UA90UR9H,7.3,2400.0,94.9,811.99,93.1,0.33,1.82,0.0,0.0,273,System Idle Process,0,python.exe,1880,,Healthy,0,100,,,,0
2026-08-09 00:09:31,LAPTOP-UA90UR9H,6.0,2400.0,94.8,827.4,93.1,3.7,2.68,0.0,0.0,273,System Idle Process,0,python.exe,1880,,Healthy,0,100,,,,0
2026-08-09 00:09:33,LAPTOP-UA90UR9H,9.3,2400.0,94.9,822.87,93.2,0.5,4.14,0.0,0.0,273,System Idle Process,0,python.exe,1880,,Healthy,0,100,,,,0
2026-08-09 00:09:36,LAPTOP-UA90UR9H,8.0,2400.0,94.9,817.9,93.2,0.38,2.75,0.0,0.0,273,System Idle Process,0,python.exe,1880,,Healthy,0,100,,,,0
2026-08-09 00:09:38,LAPTOP-UA90UR9H,6.7,2400.0,94.9,815.18,93.2,0.42,2.42,0.0,0.02,273,System Idle Process,0,python.exe,1880,,Healthy,0,100,,,,0
2026-08-09 00:09:41,LAPTOP-UA90UR9H,6.0,2400.0,94.8,824.24,93.2,1.16,4.84,0.0,0.0,273,System Idle Process,0,python.exe,1880,,Healthy,0,100,,,,0
2026-08-09 00:09:43,LAPTOP-UA90UR9H,4.9,2400.0,94.9,823.99,93.2,0.36,2.02,0.0,0.0,273,System Idle Process,0,python.exe,1880,,Healthy,0,100,,,,0
2026-08-09 00:09:45,LAPTOP-UA90UR9H,5.3,2400.0,94.9,822.25,93.2,0.83,2.68,0.0,0.0,273,System Idle Process,0,python.exe,1880,,Healthy,0,100,,,,0
2026-08-09 00:09:48,LAPTOP-UA90UR9H,5.5,2400.0,94.8,827.37,93.2,0.47,3.16,0.0,0.0,273,System Idle Process,0,python.exe,1880,,Healthy,0,100,,,,0
2026-08-09 00:09:50,LAPTOP-UA90UR9H,6.1,2400.0,94.7,840.29,93.2,0.86,2.28,0.0,0.0,273,System Idle Process,0,python.exe,1880,,Healthy,0,100,,,,0
2026-08-09 00:09:53,LAPTOP-UA90UR9H,7.1,2400.0,94.5,885.37,93.2,3.05,2.86,0.0,0.0,272,System Idle Process,0,python.exe,1880,,Healthy,0,100,,,,0
2026-08-09 00:09:55,LAPTOP-UA90UR9H,9.6,1520.0,94.8,826.22,93.2,10.45,2.56,0.0,0.0,274,System Idle Process,0,python.exe,1880,,Healthy,0,100,,,,0
2026-08-09 00:09:58,LAPTOP-UA90UR9H,8.5,1520.0,94.4,901.38,93.2,0.28,25.58,0.0,0.0,272,System Idle Process,0,python.exe,1880,,Healthy,0,100,,,,0
2026-08-09 00:10:00,LAPTOP-UA90UR9H,8.3,2400.0,94.5,882.21,93.2,10.49,2.98,0.0,0.0,272,System Idle Process,0,python.exe,1880,,Healthy,0,100,,,,0
2026-08-09 00:10:02,LAPTOP-UA90UR9H,9.5,2400.0,94.5,874.91,93.2,8.27,5.24,0.0,0.0,272,System Idle Process,0,python.exe,1880,,Healthy,0,100,,,,0
2026-08-09 00:10:05,LAPTOP-UA90UR9H,13.4,2400.0,94.6,856.43,93.2,27.56,2.39,0.0,0.0,272,System Idle Process,0,python.exe,1880,,Healthy,0,100,,,,0
2026-08-09 00:41:43,LAPTOP-UA90UR9H,20.0,2400.0,95.6,699.28,93.1,167.21,2.1,0.01,0.01,272,System Idle Process,0,python.exe,1880,,Healthy,0,100,,,,0
2026-08-09 00:41:46,LAPTOP-UA90UR9H,0.8,2400.0,96.1,617.36,93.1,0.53,0.16,0.0,0.0,279,System Idle Process,0,python.exe,1880,,Healthy,0,100,,,,0
2026-08-09 00:41:49,LAPTOP-UA90UR9H,37.2,2400.0,95.3,753.49,93.1,122.65,10.3,0.01,0.03,279,System Idle Process,0,python.exe,1880,,Healthy,0,100,,,,0
2026-08-09 00:41:52,LAPTOP-UA90UR9H,34.3,1520.0,94.8,832.94,93.1,14.9,4.95,0.0,0.0,277,System Idle Process,0,python.exe,1880,,Healthy,0,100,,,,0
2026-08-09 00:44:25,LAPTOP-UA90UR9H,38.5,2400.0,95.0,796.02,93.1,23.98,9.18,0.0,0.01,278,System Idle Process,0,python.exe,1880,,,,,,,,
2026-08-09 00:44:29,LAPTOP-UA90UR9H,1.2,2400.0,96.9,496.51,93.1,1.4,0.23,0.0,0.0,286,System Idle Process,0,python.exe,1880,,Healthy,0,100,,,,0
2026-08-09 00:44:32,LAPTOP-UA90UR9H,44.1,2400.0,96.6,549.82,93.1,90.06,13.5,0.03,0.05,284,System Idle Process,0,python.exe,1880,,Healthy,0,100,,,,0
2026-08-09 00:44:35,LAPTOP-UA90UR9H,30.6,2400.0,95.8,669.09,93.1,64.3,9.52,0.02,0.06,283,System Idle Process,0,python.exe,1880,,Healthy,0,100,,,,0
2026-08-09 00:44:38,LAPTOP-UA90UR9H,34.9,2400.0,95.7,693.98,93.1,14.75,8.04,0.0,0.0,282,System Idle Process,0,python.exe,1880,,Healthy,0,100,,,,0
2026-08-09 00:44:41,LAPTOP-UA90UR9H,36.8,2400.0,96.4,576.95,93.1,23.11,6.73,0.02,0.01,284,System Idle Process,0,python.exe,1880,,Healthy,0,100,,,,0
2026-08-09 00:44:44,LAPTOP-UA90UR9H,39.6,2400.0,96.4,576.79,93.1,31.72,2.33,0.04,0.02,286,System Idle Process,0,python.exe,1880,,Healthy,0,100,,,,0
2026-08-09 00:44:47,LAPTOP-UA90UR9H,19.6,2400.0,96.2,600.27,93.1,33.36,3.29,0.0,0.01,290,System Idle Process,0,python.exe,1880,,Healthy,0,100,,,,0
2026-08-09 00:44:50,LAPTOP-UA90UR9H,33.6,2400.0,96.4,576.68,93.1,26.27,4.68,0.01,0.63,289,System Idle Process,0,python.exe,1880,,Healthy,0,100,,,,0
2026-08-09 00:44:53,LAPTOP-UA90UR9H,33.4,2400.0,96.5,563.05,93.1,6.25,7.07,0.0,0.0,289,System Idle Process,0,python.exe,1880,,Healthy,0,100,,,,0
2026-08-09 00:44:56,LAPTOP-UA90UR9H,25.0,2400.0,96.3,593.46,93.1,6.93,2.66,0.01,0.0,288,System Idle Process,0,python.exe,1880,,Healthy,0,100,,,,0
2026-08-09 00:44:59,LAPTOP-UA90UR9H,30.1,2400.0,96.4,575.02,93.1,23.25,2.96,0.01,0.01,285,System Idle Process,0,python.exe,1880,,Healthy,0,100,,,,0
2026-08-09 00:45:02,LAPTOP-UA90UR9H,28.9,2400.0,96.2,613.31,93.1,11.37,3.04,0.0,0.0,284,System Idle Process,0,python.exe,1880,,Healthy,0,100,,,,0
2026-08-09 00:45:04,LAPTOP-UA90UR9H,27.4,2400.0,96.1,623.64,93.1,24.73,2.37,0.0,0.0,284,System Idle Process,0,python.exe,1880,,Healthy,0,100,,,,0
2026-08-09 00:45:07,LAPTOP-UA90UR9H,30.0,2400.0,96.2,603.16,93.1,12.81,3.01,0.0,0.01,284,System Idle Process,0,python.exe,1880,,Healthy,0,100,,,,0
2026-08-09 00:45:11,LAPTOP-UA90UR9H,34.0,2400.0,97.1,463.85,93.1,21.8,2.92,0.01,0.08,290,System Idle Process,0,python.exe,1880,,Healthy,0,100,,,,0
2026-08-09 00:45:13,LAPTOP-UA90UR9H,31.6,1520.0,96.0,638.14,93.1,17.0,3.74,0.01,0.08,285,System Idle Process,0,python.exe,1880,,Healthy,0,100,,,,0
2026-08-09 00:45:16,LAPTOP-UA90UR9H,13.8,1520.0,96.0,641.38,93.1,2.62,2.59,0.0,0.0,284,System Idle Process,0,python.exe,1880,,Healthy,0,100,,,,0
2026-08-09 00:45:19,LAPTOP-UA90UR9H,15.3,1520.0,96.0,638.31,93.1,1.14,2.05,0.0,0.0,284,System Idle Process,0,python.exe,1880,,Healthy,0,100,,,,0
2026-08-09 00:45:21,LAPTOP-UA90UR9H,14.1,2400.0,96.0,639.77,93.1,0.19,1.87,0.0,0.0,283,System Idle Process,0,python.exe,1880,,Healthy,0,100,,,,0
2026-08-09 00:45:24,LAPTOP-UA90UR9H,15.0,2400.0,95.9,658.02,93.1,0.12,2.39,0.01,0.0,280,System Idle Process,0,python.exe,1880,,Healthy,0,100,,,,0
2026-08-09 00:45:27,LAPTOP-UA90UR9H,11.1,1520.0,95.9,654.86,93.1,0.11,2.21,0.0,0.0,280,System Idle Process,0,python.exe,1880,,Healthy,0,100,,,,0
2026-08-09 00:45:30,LAPTOP-UA90UR9H,17.5,2400.0,95.7,690.81,93.1,18.87,1.99,0.0,0.0,279,System Idle Process,0,python.exe,1880,,Healthy,0,100,,,,0
2026-08-09 00:45:33,LAPTOP-UA90UR9H,21.2,2400.0,95.4,731.07,93.1,108.03,2.17,0.0,0.01,278,System Idle Process,0,python.exe,1880,,Healthy,0,100,,,,0
2026-08-09 00:45:35,LAPTOP-UA90UR9H,12.6,2400.0,95.4,734.38,93.1,0.55,2.77,0.0,0.0,278,System Idle Process,0,python.exe,1880,,Healthy,0,100,,,,0
2026-08-09 00:45:38,LAPTOP-UA90UR9H,14.2,2400.0,95.4,732.59,93.1,0.94,1.93,0.0,0.0,278,System Idle Process,0,python.exe,1880,,Healthy,0,100,,,,0
2026-08-09 00:45:41,LAPTOP-UA90UR9H,16.0,2400.0,95.5,725.27,93.1,0.45,1.47,0.01,0.0,277,System Idle Process,0,python.exe,1880,,Healthy,0,100,,,,0
2026-08-09 00:45:43,LAPTOP-UA90UR9H,17.9,2400.0,95.6,707.23,93.1,4.24,2.15,0.01,0.0,277,System Idle Process,0,python.exe,1880,,Healthy,0,100,,,,0
2026-08-09 00:45:46,LAPTOP-UA90UR9H,15.7,2400.0,95.5,712.85,93.1,0.3,2.18,0.0,0.01,277,System Idle Process,0,python.exe,1880,,Healthy,0,100,,,,0
2026-08-09 00:45:49,LAPTOP-UA90UR9H,20.2,2400.0,95.4,740.2,93.1,5.94,1.52,0.0,0.0,277,System Idle Process,0,python.exe,1880,,Healthy,0,100,,,,0
2026-08-09 00:45:51,LAPTOP-UA90UR9H,15.0,2400.0,94.2,924.13,93.1,0.27,3.69,0.01,0.01,275,System Idle Process,0,python.exe,1880,,Healthy,0,100,,,,0
2026-08-09 00:45:54,LAPTOP-UA90UR9H,12.5,2400.0,94.2,935.54,93.1,0.67,1.76,0.0,0.0,275,System Idle Process,0,python.exe,1880,,Healthy,0,100,,,,0
2026-08-09 00:45:57,LAPTOP-UA90UR9H,15.4,2400.0,94.2,924.61,93.1,0.1,1.77,0.0,0.0,275,System Idle Process,0,python.exe,1880,,Healthy,0,100,,,,0
2026-08-09 00:45:59,LAPTOP-UA90UR9H,21.6,2400.0,94.3,906.02,93.1,21.51,2.48,0.0,0.0,275,System Idle Process,0,python.exe,1880,,Healthy,0,100,,,,0
2026-08-09 00:46:02,LAPTOP-UA90UR9H,14.7,2400.0,93.9,969.99,93.1,0.15,2.12,0.0,0.0,272,System Idle Process,0,python.exe,1880,,Healthy,0,100,,,,0
2026-08-09 00:46:05,LAPTOP-UA90UR9H,13.7,2400.0,93.8,988.76,93.1,0.17,2.67,0.0,0.0,272,System Idle Process,0,python.exe,1880,,Healthy,0,100,,,,0
2026-08-09 00:46:07,LAPTOP-UA90UR9H,15.3,2400.0,93.9,969.17,93.1,0.25,1.71,0.0,0.0,272,System Idle Process,0,python.exe,1880,,Healthy,0,100,,,,0
2026-08-09 00:46:10,LAPTOP-UA90UR9H,12.3,2400.0,93.6,1019.02,93.1,0.28,2.26,0.0,0.0,271,System Idle Process,0,python.exe,1880,,Healthy,0,100,,,,0
2026-08-09 00:46:12,LAPTOP-UA90UR9H,12.3,2400.0,93.6,1026.41,93.1,0.15,1.71,0.0,0.0,271,System Idle Process,0,python.exe,1880,,Healthy,0,100,,,,0
2026-08-09 00:46:15,LAPTOP-UA90UR9H,10.7,2400.0,93.5,1045.68,93.1,6.31,1.8,0.0,0.0,271,System Idle Process,0,python.exe,1880,,Healthy,0,100,,,,0
2026-08-09 00:46:17,LAPTOP-UA90UR9H,11.7,2400.0,93.4,1057.95,93.1,0.19,2.4,0.0,0.0,270,System Idle Process,0,python.exe,1880,,Healthy,0,100,,,,0
2026-08-09 00:46:20,LAPTOP-UA90UR9H,9.9,2400.0,93.4,1055.79,93.1,0.16,1.42,0.0,0.0,270,System Idle Process,0,python.exe,1880,,Healthy,0,100,,,,0
2026-08-09 00:46:23,LAPTOP-UA90UR9H,11.6,2400.0,93.5,1036.1,93.1,0.03,1.91,0.0,0.0,270,System Idle Process,0,python.exe,1880,,Healthy,0,100,,,,0
2026-08-09 00:46:25,LAPTOP-UA90UR9H,14.3,2400.0,93.6,1026.62,93.1,0.6,2.07,0.0,0.0,269,System Idle Process,0,python.exe,1880,,Healthy,0,100,,,,0
2026-08-09 00:46:28,LAPTOP-UA90UR9H,21.0,2400.0,94.0,954.27,93.1,2.38,2.16,0.0,0.0,273,System Idle Process,0,python.exe,1880,,Healthy,0,100,,,,0
2026-08-09 00:46:30,LAPTOP-UA90UR9H,15.0,2400.0,93.8,990.98,93.1,0.62,1.67,0.0,0.0,271,System Idle Process,0,python.exe,1880,,Healthy,0,100,,,,0
2026-08-09 00:46:33,LAPTOP-UA90UR9H,10.8,2400.0,93.8,986.25,93.1,0.04,2.06,0.0,0.0,271,System Idle Process,0,python.exe,1880,,Healthy,0,100,,,,0
2026-08-09 00:46:36,LAPTOP-UA90UR9H,11.9,2400.0,93.8,990.73,93.1,0.11,1.51,0.0,0.0,271,System Idle Process,0,python.exe,1880,,Healthy,0,100,,,,0
2026-08-09 00:46:38,LAPTOP-UA90UR9H,10.0,2400.0,93.8,993.16,93.1,0.06,2.08,0.0,0.0,271,System Idle Process,0,python.exe,1880,,Healthy,0,100,,,,0
2026-08-09 00:46:41,LAPTOP-UA90UR9H,9.8,2400.0,93.8,995.74,93.1,0.04,1.96,0.0,0.0,271,System Idle Process,0,python.exe,1880,,Healthy,0,100,,,,0
2026-08-09 00:46:44,LAPTOP-UA90UR9H,14.0,2400.0,93.8,987.7,93.1,0.05,2.15,0.0,0.0,271,System Idle Process,0,python.exe,1880,,Healthy,0,100,,,,0
2026-08-09 00:46:46,LAPTOP-UA90UR9H,13.1,2400.0,93.8,993.34,93.1,0.06,1.58,0.0,0.0,271,System Idle Process,0,python.exe,1880,,Healthy,0,100,,,,0
2026-08-09 00:46:49,LAPTOP-UA90UR9H,10.1,2400.0,93.7,1005.88,93.1,0.19,1.74,0.0,0.0,271,System Idle Process,0,python.exe,1880,,Healthy,0,100,,,,0
2026-08-09 00:46:51,LAPTOP-UA90UR9H,12.0,1520.0,93.7,1003.16,93.1,0.1,2.19,0.0,0.0,271,System Idle Process,0,python.exe,1880,,Healthy,0,100,,,,0
2026-08-09 00:46:54,LAPTOP-UA90UR9H,11.9,1520.0,93.8,994.6,93.1,0.13,2.2,0.0,0.0,270,System Idle Process,0,python.exe,1880,,Healthy,0,100,,,,0
2026-08-09 00:46:56,LAPTOP-UA90UR9H,9.1,2400.0,93.7,1012.79,93.1,0.06,1.6,0.0,0.0,270,System Idle Process,0,python.exe,1880,,Healthy,0,100,,,,0
2026-08-09 00:46:59,LAPTOP-UA90UR9H,16.0,2400.0,93.7,1011.49,93.1,0.61,2.51,0.0,0.0,270,System Idle Process,0,python.exe,1880,,Healthy,0,100,,,,0
2026-08-09 00:47:01,LAPTOP-UA90UR9H,14.0,1520.0,93.6,1017.23,93.1,0.04,1.37,0.0,0.0,270,System Idle Process,0,python.exe,1880,,Healthy,0,100,,,,0
2026-08-09 00:47:04,LAPTOP-UA90UR9H,9.0,2400.0,93.6,1024.52,93.1,0.04,2.09,0.0,0.0,270,System Idle Process,0,python.exe,1880,,Healthy,0,100,,,,0
2026-08-09 00:47:06,LAPTOP-UA90UR9H,12.8,1520.0,93.6,1028.05,93.1,0.0,2.48,0.0,0.0,270,System Idle Process,0,python.exe,1880,,Healthy,0,100,,,,0
2026-08-09 00:47:09,LAPTOP-UA90UR9H,12.1,2400.0,93.4,1053.88,93.1,1.49,5.45,0.0,0.0,269,System Idle Process,0,python.exe,1880,,Healthy,0,100,,,,0
2026-08-09 00:47:11,LAPTOP-UA90UR9H,9.5,2400.0,93.4,1063.33,93.1,0.07,1.63,0.0,0.0,269,System Idle Process,0,python.exe,1880,,Healthy,0,100,,,,0
2026-08-09 00:47:14,LAPTOP-UA90UR9H,11.7,1520.0,93.3,1068.79,93.1,0.04,2.11,0.0,0.0,269,System Idle Process,0,python.exe,1880,,Healthy,0,100,,,,0
2026-08-09 00:47:16,LAPTOP-UA90UR9H,10.9,2400.0,93.3,1064.64,93.1,0.03,1.24,0.0,0.0,269,System Idle Process,0,python.exe,1880,,Healthy,0,100,,,,0
2026-08-09 00:47:19,LAPTOP-UA90UR9H,11.6,2400.0,93.3,1068.18,93.1,0.04,2.95,0.0,0.0,269,System Idle Process,0,python.exe,1880,,Healthy,0,100,,,,0
2026-08-09 00:47:21,LAPTOP-UA90UR9H,11.4,2400.0,93.3,1065.41,93.1,0.06,1.33,0.0,0.0,269,System Idle Process,0,python.exe,1880,,Healthy,0,100,,,,0
2026-08-09 00:47:24,LAPTOP-UA90UR9H,11.2,2400.0,93.2,1085.84,93.1,0.18,2.47,0.0,0.0,269,System Idle Process,0,python.exe,1880,,Healthy,0,100,,,,0
2026-08-09 00:47:26,LAPTOP-UA90UR9H,11.5,1520.0,93.2,1094.41,93.1,0.49,1.72,0.0,0.0,269,System Idle Process,0,python.exe,1880,,Healthy,0,100,,,,0
2026-08-09 00:47:29,LAPTOP-UA90UR9H,16.1,2400.0,93.2,1095.22,93.1,0.46,2.29,0.0,0.0,269,System Idle Process,0,python.exe,1880,,Healthy,0,100,,,,0
2026-08-09 00:47:31,LAPTOP-UA90UR9H,8.7,2400.0,93.0,1124.31,93.1,0.03,8.85,0.0,0.0,269,System Idle Process,0,python.exe,1880,,Healthy,0,100,,,,0
2026-08-09 00:47:34,LAPTOP-UA90UR9H,14.8,2400.0,93.0,1125.34,93.1,0.06,2.42,0.0,0.0,269,System Idle Process,0,python.exe,1880,,Healthy,0,100,,,,0
2026-08-09 00:47:36,LAPTOP-UA90UR9H,12.5,2400.0,93.0,1115.56,93.1,0.06,1.46,0.0,0.0,269,System Idle Process,0,python.exe,1880,,Healthy,0,100,,,,0
2026-08-09 00:47:39,LAPTOP-UA90UR9H,11.1,1520.0,92.9,1128.81,93.1,0.06,1.81,0.0,0.0,268,System Idle Process,0,python.exe,1880,,Healthy,0,100,,,,0
2026-08-09 00:47:41,LAPTOP-UA90UR9H,11.0,1520.0,92.9,1129.75,93.1,0.04,2.68,0.0,0.0,268,System Idle Process,0,python.exe,1880,,Healthy,0,100,,,,0
2026-08-09 00:47:44,LAPTOP-UA90UR9H,9.8,1520.0,92.9,1128.8,93.1,0.0,2.13,0.0,0.0,268,System Idle Process,0,python.exe,1880,,Healthy,0,100,,,,0
2026-08-09 00:47:46,LAPTOP-UA90UR9H,11.8,1520.0,93.0,1119.79,93.1,2.96,1.94,0.0,0.0,268,System Idle Process,0,python.exe,1880,,Healthy,0,100,,,,0
2026-08-09 00:47:49,LAPTOP-UA90UR9H,12.1,2400.0,93.0,1116.33,93.1,0.09,1.77,0.0,0.0,268,System Idle Process,0,python.exe,1880,,Healthy,0,100,,,,0
2026-08-09 00:47:51,LAPTOP-UA90UR9H,11.1,2400.0,93.1,1109.17,93.1,1.53,2.29,0.0,0.0,268,System Idle Process,0,python.exe,1880,,Healthy,0,100,,,,0
2026-08-09 00:47:54,LAPTOP-UA90UR9H,9.8,1520.0,93.0,1113.27,93.1,0.03,1.17,0.0,0.0,268,System Idle Process,0,python.exe,1880,,Healthy,0,100,,,,0
2026-08-09 00:47:56,LAPTOP-UA90UR9H,11.2,2400.0,93.1,1107.73,93.1,0.01,2.07,0.0,0.0,267,System Idle Process,0,python.exe,1880,,Healthy,0,100,,,,0
2026-08-09 00:47:59,LAPTOP-UA90UR9H,16.5,2400.0,93.2,1088.48,93.1,6.16,2.5,0.0,0.01,268,System Idle Process,0,python.exe,1880,,Healthy,0,100,,,,0
2026-08-09 00:48:01,LAPTOP-UA90UR9H,13.5,2400.0,93.4,1055.96,93.1,0.95,1.79,0.0,0.0,269,System Idle Process,0,python.exe,1880,,Healthy,0,100,,,,0
2026-08-09 00:48:04,LAPTOP-UA90UR9H,12.7,1520.0,93.4,1056.46,93.1,0.0,2.37,0.0,0.0,269,System Idle Process,0,python.exe,1880,,Healthy,0,100,,,,0
2026-08-09 00:48:06,LAPTOP-UA90UR9H,12.1,2400.0,93.4,1060.83,93.1,0.03,1.71,0.0,0.0,269,System Idle Process,0,python.exe,1880,,Healthy,0,100,,,,0
2026-08-09 00:48:08,LAPTOP-UA90UR9H,14.2,1520.0,93.4,1051.46,93.1,1.84,1.93,0.0,0.0,269,System Idle Process,0,python.exe,1880,,Healthy,0,100,,,,0
2026-08-09 00:48:11,LAPTOP-UA90UR9H,13.3,2400.0,93.5,1046.89,93.1,0.0,2.24,0.0,0.0,269,System Idle Process,0,python.exe,1880,,Healthy,0,100,,,,0
2026-08-09 00:48:13,LAPTOP-UA90UR9H,13.0,1520.0,93.5,1034.34,93.1,0.13,3.02,0.0,0.0,269,System Idle Process,0,python.exe,1880,,Healthy,0,100,,,,0
2026-08-09 00:48:16,LAPTOP-UA90UR9H,12.9,2400.0,93.5,1036.23,93.1,0.05,1.48,0.0,0.0,269,System Idle Process,0,python.exe,1880,,Healthy,0,100,,,,0
2026-08-09 00:48:18,LAPTOP-UA90UR9H,11.5,1520.0,93.4,1050.67,93.1,0.04,1.66,0.0,0.0,269,System Idle Process,0,python.exe,1880,,Healthy,0,100,,,,0
2026-08-09 00:48:21,LAPTOP-UA90UR9H,11.9,2400.0,93.4,1057.41,93.1,0.12,2.14,0.0,0.0,268,System Idle Process,0,python.exe,1880,,Healthy,0,100,,,,0
2026-08-09 00:48:23,LAPTOP-UA90UR9H,8.4,1520.0,93.4,1050.32,93.1,0.03,2.08,0.0,0.0,268,System Idle Process,0,python.exe,1880,,Healthy,0,100,,,,0
2026-08-09 00:48:26,LAPTOP-UA90UR9H,12.3,2400.0,93.4,1051.23,93.1,0.04,1.85,0.0,0.0,268,System Idle Process,0,python.exe,1880,,Healthy,0,100,,,,0
2026-08-09 00:48:28,LAPTOP-UA90UR9H,20.8,2400.0,93.6,1031.67,93.1,16.9,2.3,0.0,0.02,270,System Idle Process,0,python.exe,1880,,Healthy,0,100,,,,0
2026-08-09 00:48:31,LAPTOP-UA90UR9H,15.9,1520.0,93.3,1072.46,93.1,0.77,3.39,0.0,0.0,268,System Idle Process,0,python.exe,1880,,Healthy,0,100,,,,0
2026-08-09 00:48:33,LAPTOP-UA90UR9H,13.1,1520.0,93.2,1089.43,93.1,0.01,2.18,0.0,0.0,268,System Idle Process,0,python.exe,1880,,Healthy,0,100,,,,0
2026-08-09 00:48:36,LAPTOP-UA90UR9H,11.0,2400.0,93.3,1072.29,93.1,0.02,1.28,0.0,0.0,268,System Idle Process,0,python.exe,1880,,Healthy,0,100,,,,0
2026-08-09 00:48:38,LAPTOP-UA90UR9H,11.3,2400.0,93.2,1090.61,93.1,0.0,1.89,0.0,0.0,268,System Idle Process,0,python.exe,1880,,Healthy,0,100,,,,0
2026-08-09 00:48:41,LAPTOP-UA90UR9H,11.5,2400.0,93.2,1089.71,93.1,0.17,2.33,0.0,0.01,268,System Idle Process,0,python.exe,1880,,Healthy,0,100,,,,0
2026-08-09 00:48:43,LAPTOP-UA90UR9H,10.2,2400.0,93.2,1080.93,93.1,0.03,1.71,0.0,0.0,268,System Idle Process,0,python.exe,1880,,Healthy,0,100,,,,0
2026-08-09 00:48:46,LAPTOP-UA90UR9H,13.1,1520.0,93.2,1087.0,93.1,0.02,2.69,0.0,0.0,268,System Idle Process,0,python.exe,1880,,Healthy,0,100,,,,0
2026-08-09 00:48:48,LAPTOP-UA90UR9H,9.1,1520.0,93.2,1089.31,93.1,0.05,1.45,0.0,0.0,268,System Idle Process,0,python.exe,1880,,Healthy,0,100,,,,0
2026-08-09 00:48:51,LAPTOP-UA90UR9H,11.1,1520.0,93.2,1090.73,93.1,0.03,1.91,0.0,0.0,268,System Idle Process,0,python.exe,1880,,Healthy,0,100,,,,0
2026-08-09 00:48:53,LAPTOP-UA90UR9H,11.5,2400.0,93.3,1079.75,93.1,0.01,2.17,0.0,0.0,268,System Idle Process,0,python.exe,1880,,Healthy,0,100,,,,0
2026-08-09 00:48:56,LAPTOP-UA90UR9H,17.4,1520.0,93.7,1003.39,93.1,18.23,2.29,0.0,0.0,270,System Idle Process,0,python.exe,1880,,Healthy,0,100,,,,0
2026-08-09 00:48:58,LAPTOP-UA90UR9H,19.4,2400.0,93.4,1049.59,93.1,1.85,12.65,0.0,0.01,269,System Idle Process,0,python.exe,1880,,Healthy,0,100,,,,0
2026-08-09 00:49:01,LAPTOP-UA90UR9H,12.6,2400.0,93.4,1064.15,93.1,0.04,1.33,0.0,0.0,269,System Idle Process,0,python.exe,1880,,Healthy,0,100,,,,0
2026-08-09 00:49:03,LAPTOP-UA90UR9H,10.2,2400.0,93.3,1071.59,93.1,0.04,1.9,0.0,0.0,269,System Idle Process,0,python.exe,1880,,Healthy,0,100,,,,0
2026-08-09 00:49:06,LAPTOP-UA90UR9H,10.0,1520.0,93.1,1097.28,93.1,0.01,1.69,0.0,0.0,268,System Idle Process,0,python.exe,1880,,Healthy,0,100,,,,0
2026-08-09 00:49:08,LAPTOP-UA90UR9H,14.2,2400.0,93.2,1089.1,93.1,0.01,1.76,0.0,0.0,268,System Idle Process,0,python.exe,1880,,Healthy,0,100,,,,0
2026-08-09 00:49:11,LAPTOP-UA90UR9H,11.1,2400.0,93.2,1082.33,93.1,0.0,2.41,0.0,0.0,268,System Idle Process,0,python.exe,1880,,Healthy,0,100,,,,0
2026-08-09 00:49:13,LAPTOP-UA90UR9H,11.2,2400.0,93.2,1086.98,93.1,0.13,1.89,0.0,0.0,268,System Idle Process,0,python.exe,1880,,Healthy,0,100,,,,0
2026-08-09 00:49:16,LAPTOP-UA90UR9H,13.4,2400.0,93.2,1085.49,93.1,0.1,2.17,0.0,0.0,268,System Idle Process,0,python.exe,1880,,Healthy,0,100,,,,0
2026-08-09 00:49:18,LAPTOP-UA90UR9H,12.6,1520.0,93.2,1083.26,93.1,0.04,2.11,0.0,0.0,268,System Idle Process,0,python.exe,1880,,Healthy,0,100,,,,0
2026-08-09 00:49:20,LAPTOP-UA90UR9H,8.2,1520.0,93.2,1090.11,93.1,0.04,2.3,0.0,0.0,268,System Idle Process,0,python.exe,1880,,Healthy,0,100,,,,0
2026-08-09 00:49:23,LAPTOP-UA90UR9H,12.7,2400.0,93.2,1084.47,93.1,0.13,2.19,0.0,0.0,268,System Idle Process,0,python.exe,1880,,Healthy,0,100,,,,0
2026-08-09 00:49:25,LAPTOP-UA90UR9H,10.9,2400.0,93.3,1073.24,93.1,0.01,1.86,0.0,0.0,268,System Idle Process,0,python.exe,1880,,Healthy,0,100,,,,0
2026-08-09 00:49:28,LAPTOP-UA90UR9H,14.6,2400.0,93.5,1037.87,93.1,0.08,1.72,0.0,0.0,270,System Idle Process,0,python.exe,1880,,Healthy,0,100,,,,0
2026-08-09 00:49:30,LAPTOP-UA90UR9H,14.9,2400.0,92.9,1134.83,93.1,0.08,2.79,0.0,0.0,268,System Idle Process,0,python.exe,1880,,Healthy,0,100,,,,0
2026-08-09 00:49:33,LAPTOP-UA90UR9H,14.3,2400.0,92.8,1145.89,93.1,0.01,1.79,0.0,0.0,267,System Idle Process,0,python.exe,1880,,Healthy,0,100,,,,0
2026-08-09 00:49:35,LAPTOP-UA90UR9H,9.0,2400.0,92.7,1161.56,93.1,0.05,2.37,0.0,0.0,266,System Idle Process,0,python.exe,1880,,Healthy,0,100,,,,0
2026-08-09 00:49:38,LAPTOP-UA90UR9H,13.7,2400.0,92.8,1159.88,93.1,0.01,1.42,0.0,0.0,266,System Idle Process,0,python.exe,1880,,Healthy,0,100,,,,0
2026-08-09 00:49:40,LAPTOP-UA90UR9H,11.2,2400.0,92.8,1154.23,93.1,0.0,2.85,0.0,0.0,266,System Idle Process,0,python.exe,1880,,Healthy,0,100,,,,0
2026-08-09 00:49:43,LAPTOP-UA90UR9H,7.8,2400.0,92.7,1163.46,93.1,0.13,1.03,0.0,0.02,266,System Idle Process,0,python.exe,1880,,Healthy,0,100,,,,0
2026-08-09 00:49:45,LAPTOP-UA90UR9H,12.3,2400.0,92.7,1162.89,93.1,0.1,2.07,0.0,0.0,265,System Idle Process,0,python.exe,1880,,Healthy,0,100,,,,0
2026-08-09 00:49:47,LAPTOP-UA90UR9H,13.4,2400.0,92.8,1158.84,93.1,0.21,1.67,0.0,0.0,265,System Idle Process,0,python.exe,1880,,Healthy,0,100,,,,0
2026-08-09 00:49:50,LAPTOP-UA90UR9H,7.9,2400.0,92.7,1166.93,93.1,0.0,2.47,0.0,0.0,265,System Idle Process,0,python.exe,1880,,Healthy,0,100,,,,0
2026-08-09 00:49:52,LAPTOP-UA90UR9H,11.3,2400.0,92.8,1156.44,93.1,0.03,1.65,0.0,0.0,265,System Idle Process,0,python.exe,1880,,Healthy,0,100,,,,0
2026-08-09 00:49:55,LAPTOP-UA90UR9H,10.8,2400.0,92.7,1169.29,93.1,0.23,2.18,0.0,0.0,264,System Idle Process,0,python.exe,1880,,Healthy,0,100,,,,0
2026-08-09 00:49:57,LAPTOP-UA90UR9H,12.0,2400.0,92.9,1135.35,93.1,0.01,2.2,0.0,0.0,266,System Idle Process,0,python.exe,1880,,Healthy,0,100,,,,0
2026-08-09 00:50:00,LAPTOP-UA90UR9H,14.7,2400.0,92.7,1173.71,93.1,0.13,1.86,0.0,0.0,264,System Idle Process,0,python.exe,1880,,Healthy,0,100,,,,0
2026-08-09 00:50:02,LAPTOP-UA90UR9H,11.3,2400.0,92.7,1170.77,93.1,0.07,2.67,0.0,0.0,264,System Idle Process,0,python.exe,1880,,Healthy,0,100,,,,0
2026-08-09 00:50:05,LAPTOP-UA90UR9H,11.1,2400.0,92.7,1171.71,93.1,0.15,1.77,0.0,0.0,264,System Idle Process,0,python.exe,1880,,Healthy,0,100,,,,0
2026-08-09 00:50:08,LAPTOP-UA90UR9H,14.2,2400.0,93.2,1080.34,93.1,0.05,1.63,0.0,0.0,264,System Idle Process,0,python.exe,1880,,Healthy,0,100,,,,0
2026-08-09 00:50:10,LAPTOP-UA90UR9H,18.6,2400.0,93.3,1069.55,93.1,0.01,1.3,0.0,0.0,264,System Idle Process,0,python.exe,1880,,Healthy,0,100,,,,0
2026-08-09 00:50:13,LAPTOP-UA90UR9H,19.1,2400.0,93.4,1057.13,93.1,0.05,2.45,0.01,0.01,264,System Idle Process,0,python.exe,1880,,Healthy,0,100,,,,0
2026-08-09 00:50:15,LAPTOP-UA90UR9H,20.2,2400.0,93.4,1049.38,93.1,1.38,6.36,0.0,0.01,265,System Idle Process,0,python.exe,1880,,Healthy,0,100,,,,0
2026-08-09 00:50:18,LAPTOP-UA90UR9H,14.7,2400.0,93.3,1064.41,93.1,0.33,2.84,0.0,0.0,265,System Idle Process,0,python.exe,1880,,Healthy,0,100,,,,0
2026-08-09 00:50:20,LAPTOP-UA90UR9H,16.7,2400.0,91.1,1422.09,93.1,0.0,2.42,0.0,0.0,265,System Idle Process,0,python.exe,1880,,Healthy,0,100,,,,0
2026-08-09 00:50:23,LAPTOP-UA90UR9H,15.7,2400.0,80.3,3159.09,93.1,0.04,1.72,0.0,0.0,265,System Idle Process,0,python.exe,1880,,Healthy,0,100,,,,0
2026-08-09 00:50:25,LAPTOP-UA90UR9H,17.5,2400.0,69.6,4868.23,93.1,0.0,2.24,0.0,0.0,265,System Idle Process,0,python.exe,1880,,Healthy,0,100,,,,0
2026-08-09 00:50:28,LAPTOP-UA90UR9H,21.2,1520.0,59.6,6459.52,93.1,1.01,1.83,0.0,0.0,265,System Idle Process,0,python.exe,1880,,Healthy,0,100,,,,0
2026-08-09 00:50:30,LAPTOP-UA90UR9H,18.6,1520.0,49.9,8017.28,93.1,0.06,2.05,0.0,0.0,265,System Idle Process,0,msedgewebview2.exe,24064,,Healthy,0,100,,,,0
2026-08-09 00:50:33,LAPTOP-UA90UR9H,10.5,2400.0,44.0,8954.64,93.1,0.03,2.4,0.0,0.02,265,System Idle Process,0,msedgewebview2.exe,24064,,Healthy,0,100,,,,0
2026-08-09 00:50:35,LAPTOP-UA90UR9H,10.2,2400.0,44.1,8946.57,93.1,0.01,1.26,0.0,0.0,265,System Idle Process,0,msedgewebview2.exe,24064,,Healthy,0,100,,,,0
2026-08-09 00:50:38,LAPTOP-UA90UR9H,11.9,1520.0,44.1,8943.45,93.1,0.01,2.1,0.0,0.0,265,System Idle Process,0,msedgewebview2.exe,24064,,Healthy,0,100,,,,0
2026-08-09 00:50:40,LAPTOP-UA90UR9H,7.8,2400.0,44.1,8942.74,93.1,0.07,1.71,0.0,0.0,265,System Idle Process,0,msedgewebview2.exe,24064,,Healthy,0,100,,,,0
2026-08-09 00:50:43,LAPTOP-UA90UR9H,10.9,2400.0,44.1,8944.83,93.1,0.09,1.33,0.0,0.0,265,System Idle Process,0,msedgewebview2.exe,24064,,Healthy,0,100,,,,0
2026-08-09 00:50:45,LAPTOP-UA90UR9H,12.3,1520.0,44.1,8940.46,93.1,0.0,2.58,0.0,0.0,265,System Idle Process,0,msedgewebview2.exe,24064,,Healthy,0,100,,,,0
2026-08-09 00:50:48,LAPTOP-UA90UR9H,7.9,2400.0,44.1,8946.03,93.1,0.0,1.82,0.0,0.0,265,System Idle Process,0,msedgewebview2.exe,24064,,Healthy,0,100,,,,0
2026-08-09 00:50:50,LAPTOP-UA90UR9H,14.8,2400.0,44.2,8928.68,93.1,22.95,2.14,0.0,0.0,265,System Idle Process,0,msedgewebview2.exe,24064,,Healthy,0,100,,,,0
2026-08-09 00:50:52,LAPTOP-UA90UR9H,18.3,2400.0,44.2,8927.67,93.1,29.92,2.04,0.0,0.0,265,System Idle Process,0,msedgewebview2.exe,24064,,Healthy,0,100,,,,0
2026-08-09 00:50:55,LAPTOP-UA90UR9H,19.7,2400.0,44.4,8899.87,93.1,27.51,2.05,0.0,0.0,264,System Idle Process,0,msedgewebview2.exe,24064,,Healthy,0,100,,,,0
2026-08-09 00:50:58,LAPTOP-UA90UR9H,24.4,2400.0,44.7,8842.73,93.1,5.82,2.12,0.0,0.0,266,System Idle Process,0,msedgewebview2.exe,24064,,Healthy,0,100,,,,0
2026-08-09 00:51:00,LAPTOP-UA90UR9H,21.5,2400.0,44.5,8886.11,93.1,0.05,2.43,0.0,0.0,264,System Idle Process,0,msedgewebview2.exe,24064,,Healthy,0,100,,,,0
2026-08-09 00:51:03,LAPTOP-UA90UR9H,19.4,2400.0,44.5,8876.09,93.1,0.38,2.0,0.0,0.0,264,System Idle Process,0,msedgewebview2.exe,24064,,Healthy,0,100,,,,0
2026-08-09 00:51:05,LAPTOP-UA90UR9H,19.4,2400.0,44.5,8880.23,93.1,0.0,2.01,0.0,0.0,264,System Idle Process,0,msedgewebview2.exe,24064,,Healthy,0,100,,,,0
2026-08-09 00:51:08,LAPTOP-UA90UR9H,18.4,2400.0,44.5,8884.96,93.1,0.03,2.13,0.0,0.0,264,System Idle Process,0,msedgewebview2.exe,24064,,Healthy,0,100,,,,0
2026-08-09 00:51:10,LAPTOP-UA90UR9H,24.2,2400.0,44.5,8881.84,93.1,0.11,1.39,0.0,0.0,264,System Idle Process,0,msedgewebview2.exe,24064,,Healthy,0,100,,,,0
2026-08-09 00:51:13,LAPTOP-UA90UR9H,19.3,2400.0,44.5,8882.59,93.1,0.03,1.65,0.0,0.0,264,System Idle Process,0,msedgewebview2.exe,24064,,Healthy,0,100,,,,0
2026-08-09 00:51:15,LAPTOP-UA90UR9H,19.1,2400.0,44.5,8882.42,93.1,0.04,1.63,0.0,0.0,264,System Idle Process,0,msedgewebview2.exe,24064,,Healthy,0,100,,,,0
2026-08-09 00:51:18,LAPTOP-UA90UR9H,19.8,2400.0,44.5,8882.46,93.1,0.05,2.32,0.0,0.0,264,System Idle Process,0,msedgewebview2.exe,24064,,Healthy,0,100,,,,0
2026-08-09 00:51:20,LAPTOP-UA90UR9H,18.5,2400.0,44.5,8882.37,93.1,0.06,2.34,0.0,0.0,264,System Idle Process,0,msedgewebview2.exe,24064,,Healthy,0,100,,,,0
2026-08-09 00:51:23,LAPTOP-UA90UR9H,18.4,2400.0,44.5,8880.95,93.1,0.01,1.4,0.0,0.0,264,System Idle Process,0,msedgewebview2.exe,24064,,Healthy,0,100,,,,0
2026-08-09 00:51:25,LAPTOP-UA90UR9H,21.7,2400.0,44.5,8878.29,93.1,0.01,2.48,0.0,0.0,264,System Idle Process,0,msedgewebview2.exe,24064,,Healthy,0,100,,,,0
2026-08-09 00:51:28,LAPTOP-UA90UR9H,21.9,2400.0,44.8,8834.09,93.1,1.73,2.15,0.0,0.0,266,System Idle Process,0,msedgewebview2.exe,24064,,Healthy,0,100,,,,0
2026-08-09 00:51:30,LAPTOP-UA90UR9H,19.8,2400.0,44.6,8863.51,93.1,0.06,1.81,0.0,0.0,265,System Idle Process,0,msedgewebview2.exe,24064,,Healthy,0,100,,,,0
2026-08-09 00:51:33,LAPTOP-UA90UR9H,26.2,2400.0,45.0,8804.8,93.1,0.18,1.83,0.01,0.01,266,System Idle Process,0,msedgewebview2.exe,24064,,Healthy,0,100,,,,0
2026-08-09 00:51:35,LAPTOP-UA90UR9H,19.0,2400.0,45.0,8809.09,93.1,0.03,2.01,0.0,0.0,266,System Idle Process,0,msedgewebview2.exe,24064,,Healthy,0,100,,,,0
2026-08-09 00:51:38,LAPTOP-UA90UR9H,18.9,2400.0,44.9,8812.52,93.1,0.01,2.06,0.0,0.0,266,System Idle Process,0,msedgewebview2.exe,24064,,Healthy,0,100,,,,0
2026-08-09 00:51:40,LAPTOP-UA90UR9H,20.9,2400.0,44.9,8812.29,93.1,0.03,1.28,0.0,0.0,266,System Idle Process,0,msedgewebview2.exe,24064,,Healthy,0,100,,,,0
2026-08-09 00:51:43,LAPTOP-UA90UR9H,19.9,2400.0,45.0,8809.1,93.1,0.0,2.45,0.0,0.0,266,System Idle Process,0,msedgewebview2.exe,24064,,Healthy,0,100,,,,0
2026-08-09 00:51:45,LAPTOP-UA90UR9H,17.0,2400.0,44.9,8811.84,93.1,0.04,2.03,0.0,0.0,266,System Idle Process,0,msedgewebview2.exe,24064,,Healthy,0,100,,,,0
2026-08-09 00:51:48,LAPTOP-UA90UR9H,21.4,2400.0,44.9,8814.63,93.1,0.03,1.76,0.0,0.0,266,System Idle Process,0,msedgewebview2.exe,24064,,Healthy,0,100,,,,0
2026-08-09 00:51:50,LAPTOP-UA90UR9H,19.9,2400.0,44.9,8823.59,93.1,0.01,2.24,0.0,0.0,266,System Idle Process,0,msedgewebview2.exe,24064,,Healthy,0,100,,,,0
2026-08-09 00:51:53,LAPTOP-UA90UR9H,17.3,2400.0,44.9,8819.57,93.1,0.05,1.34,0.0,0.0,266,System Idle Process,0,msedgewebview2.exe,24064,,Healthy,0,100,,,,0
2026-08-09 00:51:55,LAPTOP-UA90UR9H,23.2,2400.0,45.0,8803.62,93.1,3.31,2.12,0.0,0.0,267,System Idle Process,0,msedgewebview2.exe,24064,,Healthy,0,100,,,,0
2026-08-09 00:51:58,LAPTOP-UA90UR9H,22.8,2400.0,45.2,8762.86,93.1,0.03,2.16,0.0,0.0,269,System Idle Process,0,msedgewebview2.exe,24064,,Healthy,0,100,,,,0
2026-08-09 00:52:00,LAPTOP-UA90UR9H,19.0,2400.0,45.0,8806.4,93.1,0.06,1.46,0.0,0.0,267,System Idle Process,0,msedgewebview2.exe,24064,,Healthy,0,100,,,,0
2026-08-09 00:52:03,LAPTOP-UA90UR9H,20.8,2400.0,44.6,8867.18,93.1,0.05,1.77,0.0,0.0,265,System Idle Process,0,msedgewebview2.exe,24064,,Healthy,0,100,,,,0
2026-08-09 00:52:05,LAPTOP-UA90UR9H,18.8,2400.0,44.6,8863.59,93.1,0.06,2.05,0.0,0.0,265,System Idle Process,0,msedgewebview2.exe,24064,,Healthy,0,100,,,,0
2026-08-09 00:52:08,LAPTOP-UA90UR9H,19.0,2400.0,44.6,8871.52,93.1,0.04,2.38,0.0,0.0,265,System Idle Process,0,msedgewebview2.exe,24064,,Healthy,0,100,,,,0
2026-08-09 00:52:10,LAPTOP-UA90UR9H,19.3,2400.0,44.6,8867.87,93.1,0.04,2.42,0.0,0.0,265,System Idle Process,0,msedgewebview2.exe,24064,,Healthy,0,100,,,,0
2026-08-09 00:52:13,LAPTOP-UA90UR9H,19.6,2400.0,44.6,8868.2,93.1,0.03,1.95,0.0,0.0,265,System Idle Process,0,msedgewebview2.exe,24064,,Healthy,0,100,,,,0
2026-08-09 00:52:15,LAPTOP-UA90UR9H,18.0,2400.0,44.5,8873.79,93.1,0.0,1.25,0.0,0.0,265,System Idle Process,0,msedgewebview2.exe,24064,,Healthy,0,100,,,,0
2026-08-09 00:52:18,LAPTOP-UA90UR9H,19.8,2400.0,44.5,8874.95,93.1,0.01,1.74,0.0,0.0,265,System Idle Process,0,msedgewebview2.exe,24064,,Healthy,0,100,,,,0
2026-08-09 00:52:20,LAPTOP-UA90UR9H,19.2,2400.0,44.6,8869.96,93.1,0.0,1.93,0.0,0.0,265,System Idle Process,0,msedgewebview2.exe,24064,,Healthy,0,100,,,,0
2026-08-09 00:52:23,LAPTOP-UA90UR9H,21.8,2400.0,44.5,8876.33,93.1,0.06,2.89,0.0,0.0,265,System Idle Process,0,msedgewebview2.exe,24064,,Healthy,0,100,,,,0
2026-08-09 00:52:25,LAPTOP-UA90UR9H,20.3,2400.0,44.6,8872.97,93.1,0.01,2.3,0.0,0.0,265,System Idle Process,0,msedgewebview2.exe,24064,,Healthy,0,100,,,,0
2026-08-09 00:52:28,LAPTOP-UA90UR9H,22.2,2400.0,44.9,8818.86,93.1,0.06,1.37,0.0,0.0,267,System Idle Process,0,msedgewebview2.exe,24064,,Healthy,0,100,,,,0
2026-08-09 00:52:30,LAPTOP-UA90UR9H,21.6,2400.0,44.6,8867.05,93.1,0.01,2.09,0.0,0.0,265,System Idle Process,0,msedgewebview2.exe,24064,,Healthy,0,100,,,,0
2026-08-09 00:52:33,LAPTOP-UA90UR9H,19.7,2400.0,44.6,8872.77,93.1,0.01,2.69,0.0,0.0,265,System Idle Process,0,msedgewebview2.exe,24064,,Healthy,0,100,,,,0
2026-08-09 00:52:35,LAPTOP-UA90UR9H,18.1,2400.0,44.6,8868.2,93.1,0.04,1.67,0.0,0.0,265,System Idle Process,0,msedgewebview2.exe,24064,,Healthy,0,100,,,,0
2026-08-09 00:52:38,LAPTOP-UA90UR9H,21.1,2400.0,44.5,8874.44,93.1,0.01,1.95,0.0,0.0,265,System Idle Process,0,msedgewebview2.exe,24064,,Healthy,0,100,,,,0
2026-08-09 00:52:40,LAPTOP-UA90UR9H,19.9,2400.0,44.6,8870.59,93.1,0.02,2.19,0.0,0.0,265,System Idle Process,0,msedgewebview2.exe,24064,,Healthy,0,100,,,,0
2026-08-09 00:52:43,LAPTOP-UA90UR9H,17.4,2400.0,44.5,8877.68,93.1,0.05,1.78,0.0,0.0,265,System Idle Process,0,msedgewebview2.exe,24064,,Healthy,0,100,,,,0
2026-08-09 00:52:45,LAPTOP-UA90UR9H,19.5,2400.0,44.6,8873.0,93.1,0.03,1.6,0.0,0.0,265,System Idle Process,0,msedgewebview2.exe,24064,,Healthy,0,100,,,,0
2026-08-09 00:52:47,LAPTOP-UA90UR9H,18.9,2400.0,44.6,8872.18,93.1,0.0,2.1,0.0,0.0,265,System Idle Process,0,msedgewebview2.exe,24064,,Healthy,0,100,,,,0
2026-08-09 00:52:50,LAPTOP-UA90UR9H,17.7,2400.0,44.6,8872.92,93.1,0.05,2.46,0.0,0.0,265,System Idle Process,0,msedgewebview2.exe,24064,,Healthy,0,100,,,,0
2026-08-09 00:52:53,LAPTOP-UA90UR9H,20.4,2400.0,44.4,8893.34,93.1,0.15,1.99,0.0,0.0,265,System Idle Process,0,msedgewebview2.exe,24064,,Healthy,0,100,,,,0
2026-08-09 00:52:55,LAPTOP-UA90UR9H,20.2,1520.0,44.4,8891.89,93.1,0.03,2.5,0.0,0.0,264,System Idle Process,0,msedgewebview2.exe,24064,,Healthy,0,100,,,,0
2026-08-09 00:52:57,LAPTOP-UA90UR9H,20.4,2400.0,44.7,8851.6,93.1,0.04,1.27,0.0,0.0,266,System Idle Process,0,msedgewebview2.exe,24064,,Healthy,0,100,,,,0
2026-08-09 00:53:00,LAPTOP-UA90UR9H,23.3,2400.0,44.5,8882.34,93.1,0.83,4.01,0.0,0.0,264,System Idle Process,0,msedgewebview2.exe,24064,,Healthy,0,100,,,,0
2026-08-09 00:53:02,LAPTOP-UA90UR9H,21.1,2400.0,44.5,8879.05,93.1,0.42,2.74,0.0,0.0,264,System Idle Process,0,msedgewebview2.exe,24064,,Healthy,0,100,,,,0
2026-08-09 00:53:05,LAPTOP-UA90UR9H,18.0,2400.0,44.5,8880.19,93.1,0.02,2.48,0.0,0.0,264,System Idle Process,0,msedgewebview2.exe,24064,,Healthy,0,100,,,,0
2026-08-09 00:53:07,LAPTOP-UA90UR9H,19.3,2400.0,44.5,8880.02,93.1,0.01,1.33,0.0,0.0,264,System Idle Process,0,msedgewebview2.exe,24064,,Healthy,0,100,,,,0
2026-08-09 00:53:10,LAPTOP-UA90UR9H,19.8,2400.0,44.5,8882.23,93.1,0.06,2.13,0.0,0.0,264,System Idle Process,0,msedgewebview2.exe,24064,,Healthy,0,100,,,,0
2026-08-09 00:53:12,LAPTOP-UA90UR9H,19.7,2400.0,44.5,8884.84,93.1,0.04,2.41,0.0,0.0,264,System Idle Process,0,msedgewebview2.exe,24064,,Healthy,0,100,,,,0
2026-08-09 00:53:15,LAPTOP-UA90UR9H,19.0,2400.0,44.5,8884.02,93.1,0.01,1.51,0.0,0.0,264,System Idle Process,0,msedgewebview2.exe,24064,,Healthy,0,100,,,,0
2026-08-09 00:53:17,LAPTOP-UA90UR9H,20.5,2400.0,44.5,8882.44,93.1,0.01,2.23,0.0,0.0,264,System Idle Process,0,msedgewebview2.exe,24064,,Healthy,0,100,,,,0
2026-08-09 00:53:20,LAPTOP-UA90UR9H,18.3,2400.0,44.5,8884.54,93.1,0.01,1.46,0.0,0.0,264,System Idle Process,0,msedgewebview2.exe,24064,,Healthy,0,100,,,,0
2026-08-09 00:53:22,LAPTOP-UA90UR9H,21.3,2400.0,44.5,8886.66,93.1,0.21,1.63,0.0,0.0,264,System Idle Process,0,msedgewebview2.exe,24064,,Healthy,0,100,,,,0
2026-08-09 00:53:25,LAPTOP-UA90UR9H,20.1,2400.0,44.5,8880.31,93.1,0.0,1.95,0.0,0.0,264,System Idle Process,0,msedgewebview2.exe,24064,,Healthy,0,100,,,,0
2026-08-09 00:53:27,LAPTOP-UA90UR9H,19.7,2400.0,44.7,8848.0,93.1,0.01,1.76,0.0,0.0,266,System Idle Process,0,msedgewebview2.exe,24064,,Healthy,0,100,,,,0
2026-08-09 00:53:30,LAPTOP-UA90UR9H,21.6,2400.0,44.5,8886.27,93.1,0.01,2.42,0.0,0.0,264,System Idle Process,0,msedgewebview2.exe,24064,,Healthy,0,100,,,,0
2026-08-09 00:53:33,LAPTOP-UA90UR9H,18.4,2400.0,44.5,8884.17,93.1,0.03,2.1,0.0,0.0,264,System Idle Process,0,msedgewebview2.exe,24064,,Healthy,0,100,,,,0
2026-08-09 00:53:35,LAPTOP-UA90UR9H,21.9,2400.0,44.5,8880.93,93.1,0.01,1.7,0.0,0.0,264,System Idle Process,0,msedgewebview2.exe,24064,,Healthy,0,100,,,,0
2026-08-09 00:53:38,LAPTOP-UA90UR9H,20.3,2400.0,44.5,8887.15,93.1,0.02,2.27,0.0,0.0,264,System Idle Process,0,msedgewebview2.exe,24064,,Healthy,0,100,,,,0
2026-08-09 00:53:40,LAPTOP-UA90UR9H,19.3,2400.0,44.5,8881.64,93.1,1.47,2.2,0.0,0.0,264,System Idle Process,0,msedgewebview2.exe,24064,,Healthy,0,100,,,,0
2026-08-09 00:53:42,LAPTOP-UA90UR9H,20.6,2400.0,44.5,8879.74,93.1,0.02,1.36,0.0,0.0,264,System Idle Process,0,msedgewebview2.exe,24064,,Healthy,0,100,,,,0
2026-08-09 00:53:45,LAPTOP-UA90UR9H,20.5,2400.0,44.6,8872.45,93.1,0.01,2.36,0.0,0.0,264,System Idle Process,0,msedgewebview2.exe,24064,,Healthy,0,100,,,,0
2026-08-09 00:53:47,LAPTOP-UA90UR9H,17.8,2400.0,44.5,8882.11,93.1,0.0,1.49,0.0,0.0,264,System Idle Process,0,msedgewebview2.exe,24064,,Healthy,0,100,,,,0
2026-08-09 00:53:50,LAPTOP-UA90UR9H,24.5,2400.0,44.5,8887.82,93.1,0.13,1.97,0.0,0.0,264,System Idle Process,0,msedgewebview2.exe,24064,,Healthy,0,100,,,,0
2026-08-09 00:53:52,LAPTOP-UA90UR9H,18.7,2400.0,44.5,8887.11,93.1,0.11,2.41,0.0,0.0,263,System Idle Process,0,msedgewebview2.exe,24064,,Healthy,0,100,,,,0
2026-08-09 00:53:55,LAPTOP-UA90UR9H,18.5,2400.0,44.5,8888.57,93.1,0.03,1.8,0.0,0.0,263,System Idle Process,0,msedgewebview2.exe,24064,,Healthy,0,100,,,,0
2026-08-09 00:53:57,LAPTOP-UA90UR9H,22.1,2400.0,44.7,8854.64,93.1,0.06,1.71,0.0,0.0,265,System Idle Process,0,msedgewebview2.exe,24064,,Healthy,0,100,,,,0
2026-08-09 00:54:00,LAPTOP-UA90UR9H,20.0,2400.0,44.5,8887.48,93.1,0.03,2.24,0.0,0.0,263,System Idle Process,0,msedgewebview2.exe,24064,,Healthy,0,100,,,,0
2026-08-09 00:54:02,LAPTOP-UA90UR9H,20.8,2400.0,44.5,8886.03,93.1,0.0,1.64,0.0,0.0,263,System Idle Process,0,msedgewebview2.exe,24064,,Healthy,0,100,,,,0
2026-08-09 00:54:05,LAPTOP-UA90UR9H,22.7,2400.0,44.5,8887.79,93.1,0.04,2.03,0.0,0.0,263,System Idle Process,0,msedgewebview2.exe,24064,,Healthy,0,100,,,,0
2026-08-09 00:54:07,LAPTOP-UA90UR9H,18.4,2400.0,44.4,8892.07,93.1,0.0,2.0,0.0,0.0,263,System Idle Process,0,msedgewebview2.exe,24064,,Healthy,0,100,,,,0
2026-08-09 00:54:10,LAPTOP-UA90UR9H,18.7,2400.0,44.5,8887.56,93.1,0.02,1.73,0.0,0.0,263,System Idle Process,0,msedgewebview2.exe,24064,,Healthy,0,100,,,,0
2026-08-09 00:54:12,LAPTOP-UA90UR9H,21.7,2400.0,44.5,8885.06,93.1,0.0,1.98,0.0,0.0,263,System Idle Process,0,msedgewebview2.exe,24064,,Healthy,0,100,,,,0
2026-08-09 00:54:15,LAPTOP-UA90UR9H,20.1,2400.0,44.4,8891.51,93.1,0.03,1.53,0.0,0.0,263,System Idle Process,0,msedgewebview2.exe,24064,,Healthy,0,100,,,,0
2026-08-09 00:54:17,LAPTOP-UA90UR9H,17.4,2400.0,44.5,8889.05,93.1,0.01,1.89,0.0,0.0,263,System Idle Process,0,msedgewebview2.exe,24064,,Healthy,0,100,,,,0
2026-08-09 00:54:20,LAPTOP-UA90UR9H,21.0,2400.0,44.5,8889.22,93.1,0.0,2.14,0.0,0.0,263,System Idle Process,0,msedgewebview2.exe,24064,,Healthy,0,100,,,,0
2026-08-09 00:54:22,LAPTOP-UA90UR9H,20.9,2400.0,44.5,8885.9,93.1,0.02,1.92,0.0,0.0,263,System Idle Process,0,msedgewebview2.exe,24064,,Healthy,0,100,,,,0
2026-08-09 00:54:25,LAPTOP-UA90UR9H,16.7,2400.0,44.4,8890.47,93.1,0.0,1.7,0.0,0.0,263,System Idle Process,0,msedgewebview2.exe,24064,,Healthy,0,100,,,,0
2026-08-09 00:54:27,LAPTOP-UA90UR9H,24.6,2400.0,44.7,8854.84,93.1,0.21,1.95,0.0,0.01,265,System Idle Process,0,msedgewebview2.exe,24064,,Healthy,0,100,,,,0
2026-08-09 00:54:30,LAPTOP-UA90UR9H,23.1,2400.0,44.5,8885.79,93.1,1.04,2.17,0.0,0.0,263,System Idle Process,0,msedgewebview2.exe,24064,,Healthy,0,100,,,,0
2026-08-09 00:54:32,LAPTOP-UA90UR9H,19.8,2400.0,44.5,8879.59,93.1,0.07,2.01,0.0,0.0,263,System Idle Process,0,msedgewebview2.exe,24064,,Healthy,0,100,,,,0
2026-08-09 00:54:35,LAPTOP-UA90UR9H,22.2,2400.0,44.5,8880.39,93.1,0.04,1.93,0.0,0.0,263,System Idle Process,0,msedgewebview2.exe,24064,,Healthy,0,100,,,,0
2026-08-09 00:54:37,LAPTOP-UA90UR9H,19.0,2400.0,44.6,8869.7,93.1,0.02,1.6,0.0,0.0,263,System Idle Process,0,msedgewebview2.exe,24064,,Healthy,0,100,,,,0
2026-08-09 00:54:40,LAPTOP-UA90UR9H,20.1,2400.0,44.7,8847.93,93.1,1.57,1.95,0.0,0.0,266,System Idle Process,0,msedgewebview2.exe,24064,,Healthy,0,100,,,,0
2026-08-09 00:54:42,LAPTOP-UA90UR9H,22.5,2400.0,45.0,8795.05,93.1,0.12,2.05,0.0,0.0,266,System Idle Process,0,msedgewebview2.exe,24064,,Healthy,0,100,,,,0
2026-08-09 00:54:45,LAPTOP-UA90UR9H,20.7,2400.0,45.0,8804.68,93.1,0.02,2.53,0.0,0.0,265,System Idle Process,0,msedgewebview2.exe,24064,,Healthy,0,100,,,,0
2026-08-09 00:54:47,LAPTOP-UA90UR9H,19.4,2400.0,45.0,8807.76,93.1,0.89,1.33,0.0,0.0,265,System Idle Process,0,msedgewebview2.exe,24064,,Healthy,0,100,,,,0
2026-08-09 00:54:50,LAPTOP-UA90UR9H,20.0,2400.0,44.9,8818.07,93.1,0.38,2.4,0.0,0.02,264,System Idle Process,0,msedgewebview2.exe,24064,,Healthy,0,100,,,,0
2026-08-09 00:54:52,LAPTOP-UA90UR9H,16.4,2400.0,44.9,8817.49,93.1,0.05,1.66,0.0,0.0,264,System Idle Process,0,msedgewebview2.exe,24064,,Healthy,0,100,,,,0
2026-08-09 00:54:55,LAPTOP-UA90UR9H,17.0,1520.0,44.8,8833.98,93.1,42.54,1.93,0.0,0.0,264,System Idle Process,0,msedgewebview2.exe,24064,,Healthy,0,100,,,,0
2026-08-09 00:54:57,LAPTOP-UA90UR9H,21.0,2400.0,44.8,8826.68,93.1,34.43,1.82,0.0,0.0,266,System Idle Process,0,msedgewebview2.exe,24064,,Healthy,0,100,,,,0
2026-08-09 00:55:00,LAPTOP-UA90UR9H,23.4,2400.0,44.9,8815.16,93.1,4.8,2.07,0.0,0.0,264,System Idle Process,0,msedgewebview2.exe,24064,,Healthy,0,100,,,,0
2026-08-09 00:55:03,LAPTOP-UA90UR9H,24.2,2400.0,45.0,8795.84,93.1,0.04,2.19,0.0,0.0,265,System Idle Process,0,msedgewebview2.exe,24064,,Healthy,0,100,,,,0
2026-08-09 00:55:05,LAPTOP-UA90UR9H,22.8,2400.0,45.4,8739.23,93.1,0.11,1.39,0.0,0.0,266,System Idle Process,0,msedgewebview2.exe,24064,,Healthy,0,100,,,,0
2026-08-09 00:55:08,LAPTOP-UA90UR9H,16.4,2400.0,45.3,8746.98,93.1,0.02,2.41,0.0,0.0,266,System Idle Process,0,msedgewebview2.exe,24064,,Healthy,0,100,,,,0
2026-08-09 00:55:10,LAPTOP-UA90UR9H,19.5,2400.0,45.3,8751.66,93.1,0.0,1.59,0.0,0.0,265,System Idle Process,0,msedgewebview2.exe,24064,,Healthy,0,100,,,,0
2026-08-09 00:55:13,LAPTOP-UA90UR9H,19.9,2400.0,45.3,8753.32,93.1,0.0,1.41,0.0,0.0,265,System Idle Process,0,msedgewebview2.exe,24064,,Healthy,0,100,,,,0
2026-08-09 00:55:15,LAPTOP-UA90UR9H,16.5,2400.0,45.3,8751.3,93.1,0.03,2.31,0.0,0.0,265,System Idle Process,0,msedgewebview2.exe,24064,,Healthy,0,100,,,,0
2026-08-09 00:55:18,LAPTOP-UA90UR9H,21.1,2400.0,45.3,8757.38,93.1,0.92,1.62,0.0,0.0,265,System Idle Process,0,msedgewebview2.exe,24064,,Healthy,0,100,,,,0
2026-08-09 00:55:20,LAPTOP-UA90UR9H,21.1,2400.0,45.3,8761.22,93.1,0.0,1.95,0.0,0.0,264,System Idle Process,0,msedgewebview2.exe,24064,,Healthy,0,100,,,,0
2026-08-09 00:55:22,LAPTOP-UA90UR9H,17.5,2400.0,45.2,8762.0,93.1,0.01,2.23,0.0,0.0,264,System Idle Process,0,msedgewebview2.exe,24064,,Healthy,0,100,,,,0
2026-08-09 00:55:25,LAPTOP-UA90UR9H,20.3,2400.0,45.3,8757.29,93.1,0.0,2.26,0.0,0.0,264,System Idle Process,0,msedgewebview2.exe,24064,,Healthy,0,100,,,,0
2026-08-09 00:55:27,LAPTOP-UA90UR9H,21.9,2400.0,45.4,8732.12,93.1,0.01,2.17,0.0,0.0,266,System Idle Process,0,msedgewebview2.exe,24064,,Healthy,0,100,,,,0
2026-08-09 00:55:30,LAPTOP-UA90UR9H,21.5,2400.0,45.3,8756.41,93.1,0.03,2.5,0.0,0.0,264,System Idle Process,0,msedgewebview2.exe,24064,,Healthy,0,100,,,,0
2026-08-09 00:55:33,LAPTOP-UA90UR9H,21.3,2400.0,45.3,8759.31,93.1,0.08,1.65,0.0,0.0,264,System Idle Process,0,msedgewebview2.exe,24064,,Healthy,0,100,,,,0
2026-08-09 00:55:35,LAPTOP-UA90UR9H,20.3,2400.0,44.9,8817.3,93.1,0.52,2.12,0.0,0.0,262,System Idle Process,0,msedgewebview2.exe,24064,,Healthy,0,100,,,,0
2026-08-09 00:55:38,LAPTOP-UA90UR9H,16.2,2400.0,44.9,8816.17,93.1,0.01,1.89,0.0,0.0,262,System Idle Process,0,msedgewebview2.exe,24064,,Healthy,0,100,,,,0
2026-08-09 00:55:40,LAPTOP-UA90UR9H,20.5,2400.0,44.9,8814.72,93.1,0.01,1.89,0.0,0.0,262,System Idle Process,0,msedgewebview2.exe,24064,,Healthy,0,100,,,,0
2026-08-09 00:55:43,LAPTOP-UA90UR9H,19.4,1520.0,44.9,8816.0,93.1,0.05,1.55,0.0,0.0,262,System Idle Process,0,msedgewebview2.exe,24064,,Healthy,0,100,,,,0
2026-08-09 00:55:45,LAPTOP-UA90UR9H,22.8,1520.0,44.9,8813.27,93.1,0.0,1.29,0.0,0.0,262,System Idle Process,0,msedgewebview2.exe,24064,,Healthy,0,100,,,,0
2026-08-09 00:55:47,LAPTOP-UA90UR9H,18.9,2400.0,44.9,8821.05,93.1,0.0,2.16,0.0,0.0,262,System Idle Process,0,msedgewebview2.exe,24064,,Healthy,0,100,,,,0
2026-08-09 00:55:50,LAPTOP-UA90UR9H,18.9,2400.0,44.9,8822.42,93.1,0.15,2.25,0.0,0.0,262,System Idle Process,0,msedgewebview2.exe,24064,,Healthy,0,100,,,,0
2026-08-09 00:55:52,LAPTOP-UA90UR9H,19.9,2400.0,45.0,8809.32,93.1,4.32,2.62,0.0,0.0,262,System Idle Process,0,msedgewebview2.exe,24064,,Healthy,0,100,,,,0
2026-08-09 00:55:55,LAPTOP-UA90UR9H,18.8,2400.0,45.0,8809.1,93.1,0.0,1.25,0.0,0.0,262,System Idle Process,0,msedgewebview2.exe,24064,,Healthy,0,100,,,,0
2026-08-09 00:55:57,LAPTOP-UA90UR9H,19.8,2400.0,45.0,8794.41,93.1,0.03,1.96,0.0,0.0,264,System Idle Process,0,msedgewebview2.exe,24064,,Healthy,0,100,,,,0
2026-08-09 00:56:00,LAPTOP-UA90UR9H,24.5,2400.0,44.9,8812.14,93.1,0.12,2.19,0.0,0.0,262,System Idle Process,0,msedgewebview2.exe,24064,,Healthy,0,100,,,,0
2026-08-09 00:56:02,LAPTOP-UA90UR9H,19.9,2400.0,45.0,8805.36,93.1,0.07,1.4,0.0,0.0,262,System Idle Process,0,msedgewebview2.exe,24064,,Healthy,0,100,,,,0
2026-08-09 00:56:05,LAPTOP-UA90UR9H,17.9,2400.0,45.0,8807.98,93.1,0.73,2.0,0.0,0.0,262,System Idle Process,0,msedgewebview2.exe,24064,,Healthy,0,100,,,,0
2026-08-09 00:56:07,LAPTOP-UA90UR9H,19.8,2400.0,45.0,8807.9,93.1,0.02,2.26,0.0,0.0,262,System Idle Process,0,msedgewebview2.exe,24064,,Healthy,0,100,,,,0
2026-08-09 00:56:10,LAPTOP-UA90UR9H,18.8,2400.0,44.9,8811.37,93.1,0.01,1.68,0.0,0.0,262,System Idle Process,0,msedgewebview2.exe,24064,,Healthy,0,100,,,,0
2026-08-09 00:56:12,LAPTOP-UA90UR9H,18.8,2400.0,45.0,8804.91,93.1,0.01,2.35,0.0,0.0,262,System Idle Process,0,msedgewebview2.exe,24064,,Healthy,0,100,,,,0
2026-08-09 00:56:15,LAPTOP-UA90UR9H,19.5,2400.0,45.0,8806.27,93.1,0.01,2.44,0.0,0.03,262,System Idle Process,0,msedgewebview2.exe,24064,,Healthy,0,100,,,,0
2026-08-09 00:56:17,LAPTOP-UA90UR9H,17.9,2400.0,45.0,8802.92,93.1,0.01,1.15,0.0,0.0,262,System Idle Process,0,msedgewebview2.exe,24064,,Healthy,0,100,,,,0
2026-08-09 00:56:20,LAPTOP-UA90UR9H,19.7,2400.0,44.9,8811.33,93.1,0.01,2.38,0.0,0.0,262,System Idle Process,0,msedgewebview2.exe,24064,,Healthy,0,100,,,,0
2026-08-09 00:56:22,LAPTOP-UA90UR9H,20.0,2400.0,45.0,8809.37,93.1,0.02,2.07,0.0,0.0,262,System Idle Process,0,msedgewebview2.exe,24064,,Healthy,0,100,,,,0
2026-08-09 00:56:25,LAPTOP-UA90UR9H,21.0,2400.0,45.0,8800.12,93.1,3.29,1.42,0.0,0.0,263,System Idle Process,0,msedgewebview2.exe,24064,,Healthy,0,100,,,,0
2026-08-09 00:56:27,LAPTOP-UA90UR9H,22.5,2400.0,45.0,8797.65,93.1,5.88,1.94,0.0,0.0,263,System Idle Process,0,msedgewebview2.exe,24064,,Healthy,0,100,,,,0
2026-08-09 00:56:30,LAPTOP-UA90UR9H,24.1,2400.0,45.0,8800.49,93.1,0.01,2.26,0.0,0.0,263,System Idle Process,0,msedgewebview2.exe,24064,,Healthy,0,100,,,,0
2026-08-09 00:56:32,LAPTOP-UA90UR9H,20.2,2400.0,45.0,8802.28,93.1,0.03,2.01,0.0,0.0,263,System Idle Process,0,msedgewebview2.exe,24064,,Healthy,0,100,,,,0
2026-08-09 00:56:35,LAPTOP-UA90UR9H,17.8,2400.0,45.0,8795.84,93.1,0.21,1.28,0.0,0.0,263,System Idle Process,0,msedgewebview2.exe,24064,,Healthy,0,100,,,,0
2026-08-09 00:56:37,LAPTOP-UA90UR9H,20.2,2400.0,45.0,8796.05,93.1,0.02,2.34,0.0,0.0,263,System Idle Process,0,msedgewebview2.exe,24064,,Healthy,0,100,,,,0
2026-08-09 00:56:40,LAPTOP-UA90UR9H,20.6,2400.0,45.0,8797.71,93.1,0.0,1.24,0.0,0.0,263,System Idle Process,0,msedgewebview2.exe,24064,,Healthy,0,100,,,,0
2026-08-09 00:56:42,LAPTOP-UA90UR9H,18.8,2400.0,45.1,8789.24,93.1,0.15,2.1,0.0,0.0,263,System Idle Process,0,msedgewebview2.exe,24064,,Healthy,0,100,,,,0
2026-08-09 00:56:45,LAPTOP-UA90UR9H,23.1,2400.0,45.1,8788.97,93.1,0.21,1.86,0.01,0.0,263,System Idle Process,0,msedgewebview2.exe,24064,,Healthy,0,100,,,,0
2026-08-09 00:56:47,LAPTOP-UA90UR9H,19.4,1520.0,45.0,8808.56,93.1,0.08,4.13,0.0,0.0,264,System Idle Process,0,msedgewebview2.exe,24064,,Healthy,0,100,,,,0
2026-08-09 00:56:50,LAPTOP-UA90UR9H,12.2,2400.0,44.7,8849.98,93.1,0.01,1.75,0.0,0.0,264,System Idle Process,0,msedgewebview2.exe,24064,,Healthy,0,100,,,,0
2026-08-09 00:56:52,LAPTOP-UA90UR9H,11.1,2400.0,44.7,8846.76,93.1,0.03,1.25,0.0,0.0,264,System Idle Process,0,msedgewebview2.exe,24064,,Healthy,0,100,,,,0
2026-08-09 00:56:55,LAPTOP-UA90UR9H,12.0,1520.0,44.7,8842.55,93.1,0.0,2.35,0.0,0.0,264,System Idle Process,0,msedgewebview2.exe,24064,,Healthy,0,100,,,,0
2026-08-09 00:56:57,LAPTOP-UA90UR9H,12.8,2400.0,44.7,8848.65,93.1,0.03,2.14,0.0,0.0,264,System Idle Process,0,msedgewebview2.exe,24064,,Healthy,0,100,,,,0
2026-08-09 00:57:00,LAPTOP-UA90UR9H,17.4,2400.0,44.8,8839.87,93.1,0.1,2.77,0.0,0.0,264,System Idle Process,0,msedgewebview2.exe,24064,,Healthy,0,100,,,,0
2026-08-09 00:57:02,LAPTOP-UA90UR9H,12.5,2400.0,44.8,8835.36,93.1,0.03,1.72,0.0,0.0,264,System Idle Process,0,msedgewebview2.exe,24064,,Healthy,0,100,,,,0
2026-08-09 00:57:04,LAPTOP-UA90UR9H,9.2,2400.0,44.7,8849.02,93.1,0.01,2.06,0.0,0.0,264,System Idle Process,0,msedgewebview2.exe,24064,,Healthy,0,100,,,,0
2026-08-09 00:57:07,LAPTOP-UA90UR9H,9.5,2400.0,44.7,8851.07,93.1,0.03,1.47,0.0,0.0,264,System Idle Process,0,msedgewebview2.exe,24064,,Healthy,0,100,,,,0
2026-08-09 00:57:09,LAPTOP-UA90UR9H,12.2,2400.0,44.8,8841.17,93.1,0.03,1.77,0.0,0.0,264,System Idle Process,0,msedgewebview2.exe,24064,,Healthy,0,100,,,,0
2026-08-09 00:57:12,LAPTOP-UA90UR9H,12.9,1520.0,44.7,8847.23,93.1,0.02,2.06,0.0,0.0,264,System Idle Process,0,msedgewebview2.exe,24064,,Healthy,0,100,,,,0
2026-08-09 00:57:14,LAPTOP-UA90UR9H,9.7,1520.0,44.7,8842.46,93.1,0.01,2.09,0.0,0.0,264,System Idle Process,0,msedgewebview2.exe,24064,,Healthy,0,100,,,,0
2026-08-09 00:57:17,LAPTOP-UA90UR9H,9.6,1520.0,44.7,8847.73,93.1,0.01,2.13,0.0,0.0,264,System Idle Process,0,msedgewebview2.exe,24064,,Healthy,0,100,,,,0
2026-08-09 00:57:19,LAPTOP-UA90UR9H,10.6,1520.0,44.7,8846.68,93.1,0.0,1.64,0.0,0.0,264,System Idle Process,0,msedgewebview2.exe,24064,,Healthy,0,100,,,,0
2026-08-09 00:57:22,LAPTOP-UA90UR9H,10.4,2400.0,44.7,8850.05,93.1,0.06,2.31,0.0,0.0,264,System Idle Process,0,msedgewebview2.exe,24064,,Healthy,0,100,,,,0
2026-08-09 00:57:24,LAPTOP-UA90UR9H,8.8,2400.0,44.7,8851.33,93.1,0.01,1.39,0.0,0.0,264,System Idle Process,0,msedgewebview2.exe,24064,,Healthy,0,100,,,,0
2026-08-09 00:57:27,LAPTOP-UA90UR9H,12.2,2400.0,44.7,8851.33,93.1,0.01,1.81,0.0,0.0,264,System Idle Process,0,msedgewebview2.exe,24064,,Healthy,0,100,,,,0
2026-08-09 00:57:29,LAPTOP-UA90UR9H,16.0,2400.0,44.7,8842.48,93.1,0.02,1.85,0.0,0.0,264,System Idle Process,0,msedgewebview2.exe,24064,,Healthy,0,100,,,,0
2026-08-09 00:57:31,LAPTOP-UA90UR9H,10.9,2400.0,44.7,8844.23,93.1,0.06,2.17,0.0,0.0,264,System Idle Process,0,msedgewebview2.exe,24064,,Healthy,0,100,,,,0
2026-08-09 00:57:34,LAPTOP-UA90UR9H,10.3,2400.0,44.7,8849.44,93.1,0.01,1.62,0.0,0.0,264,System Idle Process,0,msedgewebview2.exe,24064,,Healthy,0,100,,,,0
2026-08-09 00:57:36,LAPTOP-UA90UR9H,10.8,2400.0,44.7,8852.84,93.1,0.03,1.78,0.0,0.0,264,System Idle Process,0,msedgewebview2.exe,24064,,Healthy,0,100,,,,0
2026-08-09 00:57:39,LAPTOP-UA90UR9H,9.1,2400.0,44.7,8853.79,93.1,0.01,2.2,0.0,0.0,264,System Idle Process,0,msedgewebview2.exe,24064,,Healthy,0,100,,,,0
2026-08-09 00:57:41,LAPTOP-UA90UR9H,11.8,2400.0,44.7,8849.35,93.1,0.0,1.57,0.0,0.0,264,System Idle Process,0,msedgewebview2.exe,24064,,Healthy,0,100,,,,0
2026-08-09 00:57:44,LAPTOP-UA90UR9H,11.8,2400.0,44.7,8848.92,93.1,0.08,2.41,0.0,0.0,264,System Idle Process,0,msedgewebview2.exe,24064,,Healthy,0,100,,,,0
2026-08-09 00:57:46,LAPTOP-UA90UR9H,11.4,2400.0,44.7,8853.65,93.1,0.06,1.96,0.0,0.0,264,System Idle Process,0,msedgewebview2.exe,24064,,Healthy,0,100,,,,0
2026-08-09 00:57:49,LAPTOP-UA90UR9H,11.2,2400.0,44.7,8852.12,93.1,0.0,1.48,0.0,0.0,264,System Idle Process,0,msedgewebview2.exe,24064,,Healthy,0,100,,,,0
2026-08-09 00:57:51,LAPTOP-UA90UR9H,10.8,2400.0,44.7,8853.85,93.1,0.0,2.29,0.0,0.0,264,System Idle Process,0,msedgewebview2.exe,24064,,Healthy,0,100,,,,0
2026-08-09 00:57:54,LAPTOP-UA90UR9H,10.8,2400.0,44.7,8851.72,93.1,0.01,1.56,0.0,0.0,264,System Idle Process,0,msedgewebview2.exe,24064,,Healthy,0,100,,,,0
2026-08-09 00:57:56,LAPTOP-UA90UR9H,12.0,2400.0,44.7,8846.81,93.1,0.04,1.98,0.0,0.02,264,System Idle Process,0,msedgewebview2.exe,24064,,Healthy,0,100,,,,0
2026-08-09 00:57:59,LAPTOP-UA90UR9H,19.2,2400.0,45.2,8776.98,93.1,20.2,1.82,0.0,0.0,271,System Idle Process,0,msedgewebview2.exe,24064,,Healthy,0,100,,,,0
2026-08-09 00:58:01,LAPTOP-UA90UR9H,14.7,2400.0,45.5,8719.53,93.1,19.53,2.76,0.0,0.01,271,System Idle Process,0,msedgewebview2.exe,24064,,Healthy,0,100,,,,0
2026-08-09 00:58:04,LAPTOP-UA90UR9H,12.2,2400.0,44.9,8817.83,93.1,0.22,1.79,0.0,0.0,268,System Idle Process,0,msedgewebview2.exe,24064,,Healthy,0,100,,,,0
2026-08-09 00:58:06,LAPTOP-UA90UR9H,10.1,2400.0,44.9,8824.0,93.1,0.0,0.64,0.0,0.0,268,System Idle Process,0,msedgewebview2.exe,24064,,Healthy,0,100,,,,0
2026-08-09 00:58:09,LAPTOP-UA90UR9H,8.9,2400.0,44.9,8820.78,93.1,0.01,3.45,0.0,0.0,268,System Idle Process,0,msedgewebview2.exe,24064,,Healthy,0,100,,,,0
2026-08-09 00:58:11,LAPTOP-UA90UR9H,10.0,2400.0,44.9,8822.25,93.1,0.03,1.62,0.0,0.0,268,System Idle Process,0,msedgewebview2.exe,24064,,Healthy,0,100,,,,0
2026-08-09 00:58:13,LAPTOP-UA90UR9H,13.3,2400.0,44.8,8836.39,93.1,0.0,1.59,0.0,0.0,264,System Idle Process,0,msedgewebview2.exe,24064,,Healthy,0,100,,,,0
2026-08-09 00:58:16,LAPTOP-UA90UR9H,9.8,2400.0,44.8,8838.51,93.1,0.0,2.16,0.0,0.0,264,System Idle Process,0,msedgewebview2.exe,24064,,Healthy,0,100,,,,0
2026-08-09 00:58:18,LAPTOP-UA90UR9H,12.7,2400.0,44.8,8839.04,93.1,0.05,1.69,0.0,0.0,264,System Idle Process,0,msedgewebview2.exe,24064,,Healthy,0,100,,,,0
2026-08-09 00:58:21,LAPTOP-UA90UR9H,12.9,2400.0,44.8,8839.24,93.1,0.01,2.24,0.0,0.0,264,System Idle Process,0,msedgewebview2.exe,24064,,Healthy,0,100,,,,0
2026-08-09 00:58:23,LAPTOP-UA90UR9H,8.9,2400.0,44.8,8840.5,93.1,0.0,1.7,0.0,0.0,264,System Idle Process,0,msedgewebview2.exe,24064,,Healthy,0,100,,,,0
2026-08-09 00:58:26,LAPTOP-UA90UR9H,11.0,2400.0,44.8,8839.18,93.1,0.11,1.86,0.0,0.02,264,System Idle Process,0,msedgewebview2.exe,24064,,Healthy,0,100,,,,0
2026-08-09 00:58:28,LAPTOP-UA90UR9H,15.8,2400.0,44.8,8828.52,93.1,0.01,2.82,0.0,0.0,264,System Idle Process,0,msedgewebview2.exe,24064,,Healthy,0,100,,,,0
2026-08-09 00:58:31,LAPTOP-UA90UR9H,7.8,2400.0,44.8,8840.06,93.1,0.01,1.36,0.0,0.0,264,System Idle Process,0,msedgewebview2.exe,24064,,Healthy,0,100,,,,0
2026-08-09 00:58:33,LAPTOP-UA90UR9H,9.6,2400.0,44.7,8842.39,93.1,0.03,2.47,0.0,0.0,264,System Idle Process,0,msedgewebview2.exe,24064,,Healthy,0,100,,,,0
2026-08-09 00:58:35,LAPTOP-UA90UR9H,18.9,2400.0,45.2,8776.31,93.1,0.07,1.83,0.01,0.01,266,System Idle Process,0,msedgewebview2.exe,24064,,Healthy,0,100,,,,0
2026-08-09 00:58:38,LAPTOP-UA90UR9H,9.4,2400.0,45.1,8782.26,93.1,0.01,2.14,0.0,0.0,266,System Idle Process,0,msedgewebview2.exe,24064,,Healthy,0,100,,,,0
2026-08-09 00:58:40,LAPTOP-UA90UR9H,10.5,2400.0,45.2,8777.44,93.1,0.01,1.67,0.0,0.0,266,System Idle Process,0,msedgewebview2.exe,24064,,Healthy,0,100,,,,0
2026-08-09 00:58:43,LAPTOP-UA90UR9H,12.1,2400.0,45.1,8780.73,93.1,0.01,2.08,0.0,0.0,266,System Idle Process,0,msedgewebview2.exe,24064,,Healthy,0,100,,,,0
2026-08-09 00:58:45,LAPTOP-UA90UR9H,9.6,2400.0,45.1,8784.86,93.1,0.03,1.23,0.0,0.0,266,System Idle Process,0,msedgewebview2.exe,24064,,Healthy,0,100,,,,0
2026-08-09 00:58:48,LAPTOP-UA90UR9H,9.6,2400.0,45.1,8784.95,93.1,0.0,2.52,0.0,0.0,266,System Idle Process,0,msedgewebview2.exe,24064,,Healthy,0,100,,,,0
2026-08-09 00:58:50,LAPTOP-UA90UR9H,12.1,2400.0,45.1,8781.37,93.1,0.02,2.55,0.0,0.0,266,System Idle Process,0,msedgewebview2.exe,24064,,Healthy,0,100,,,,0
2026-08-09 00:58:53,LAPTOP-UA90UR9H,12.6,1520.0,45.1,8788.96,93.1,0.03,1.57,0.0,0.0,266,System Idle Process,0,msedgewebview2.exe,24064,,Healthy,0,100,,,,0
2026-08-09 00:58:55,LAPTOP-UA90UR9H,10.3,2400.0,45.1,8790.79,93.1,0.0,2.19,0.0,0.0,266,System Idle Process,0,msedgewebview2.exe,24064,,Healthy,0,100,,,,0
2026-08-09 00:58:58,LAPTOP-UA90UR9H,13.2,2400.0,45.3,8750.35,93.1,0.01,1.86,0.0,0.0,268,System Idle Process,0,msedgewebview2.exe,24064,,Healthy,0,100,,,,0
2026-08-09 00:59:00,LAPTOP-UA90UR9H,12.6,1520.0,45.1,8789.54,93.1,0.0,1.99,0.0,0.0,266,System Idle Process,0,msedgewebview2.exe,24064,,Healthy,0,100,,,,0
2026-08-09 00:59:03,LAPTOP-UA90UR9H,10.0,2400.0,45.1,8790.16,93.1,0.03,1.7,0.0,0.0,266,System Idle Process,0,msedgewebview2.exe,24064,,Healthy,0,100,,,,0
2026-08-09 00:59:05,LAPTOP-UA90UR9H,10.8,1520.0,44.7,8843.13,93.1,0.01,2.3,0.0,0.0,264,System Idle Process,0,msedgewebview2.exe,24064,,Healthy,0,100,,,,0
2026-08-09 00:59:08,LAPTOP-UA90UR9H,13.8,1520.0,44.7,8849.56,93.1,0.0,2.34,0.0,0.0,264,System Idle Process,0,msedgewebview2.exe,24064,,Healthy,0,100,,,,0
2026-08-09 00:59:10,LAPTOP-UA90UR9H,9.4,2400.0,44.7,8845.39,93.1,0.05,1.69,0.0,0.0,264,System Idle Process,0,msedgewebview2.exe,24064,,Healthy,0,100,,,,0
2026-08-09 00:59:13,LAPTOP-UA90UR9H,11.8,2400.0,44.7,8844.52,93.1,0.01,2.77,0.0,0.0,264,System Idle Process,0,msedgewebview2.exe,24064,,Healthy,0,100,,,,0
2026-08-09 00:59:15,LAPTOP-UA90UR9H,11.4,2400.0,44.7,8846.73,93.1,0.0,1.24,0.0,0.0,264,System Idle Process,0,msedgewebview2.exe,24064,,Healthy,0,100,,,,0
2026-08-09 00:59:17,LAPTOP-UA90UR9H,9.7,1520.0,44.7,8850.51,93.1,0.0,1.99,0.0,0.0,264,System Idle Process,0,msedgewebview2.exe,24064,,Healthy,0,100,,,,0
2026-08-09 00:59:20,LAPTOP-UA90UR9H,8.4,1520.0,44.7,8847.74,93.1,0.0,1.85,0.0,0.0,264,System Idle Process,0,msedgewebview2.exe,24064,,Healthy,0,100,,,,0
2026-08-09 00:59:22,LAPTOP-UA90UR9H,11.3,2400.0,44.7,8843.55,93.1,0.0,1.71,0.0,0.0,264,System Idle Process,0,msedgewebview2.exe,24064,,Healthy,0,100,,,,0
2026-08-09 00:59:25,LAPTOP-UA90UR9H,9.0,2400.0,44.7,8848.01,93.1,0.0,1.54,0.0,0.0,264,System Idle Process,0,msedgewebview2.exe,24064,,Healthy,0,100,,,,0
2026-08-09 00:59:27,LAPTOP-UA90UR9H,11.2,2400.0,44.7,8847.29,93.1,0.01,2.22,0.0,0.0,264,System Idle Process,0,msedgewebview2.exe,24064,,Healthy,0,100,,,,0
2026-08-09 00:59:30,LAPTOP-UA90UR9H,17.0,1520.0,44.7,8848.27,93.1,0.07,2.27,0.0,0.0,264,System Idle Process,0,msedgewebview2.exe,24064,,Healthy,0,100,,,,0
2026-08-09 00:59:32,LAPTOP-UA90UR9H,9.6,2400.0,44.7,8845.48,93.1,0.0,2.12,0.0,0.0,264,System Idle Process,0,msedgewebview2.exe,24064,,Healthy,0,100,,,,0
2026-08-09 00:59:35,LAPTOP-UA90UR9H,14.1,2400.0,45.1,8791.84,93.1,11.29,2.37,0.01,0.01,267,System Idle Process,0,msedgewebview2.exe,24064,,Healthy,0,100,,,,0
2026-08-09 00:59:37,LAPTOP-UA90UR9H,13.3,2400.0,45.0,8808.54,93.1,0.38,1.66,0.0,0.0,266,System Idle Process,0,msedgewebview2.exe,24064,,Healthy,0,100,,,,0
2026-08-09 00:59:40,LAPTOP-UA90UR9H,18.2,2400.0,45.0,8804.84,93.1,0.02,1.88,0.0,0.0,266,System Idle Process,0,msedgewebview2.exe,24064,,Healthy,0,100,,,,0
2026-08-09 00:59:42,LAPTOP-UA90UR9H,16.8,2400.0,45.0,8805.19,93.1,0.31,2.08,0.0,0.0,266,System Idle Process,0,msedgewebview2.exe,24064,,Healthy,0,100,,,,0
2026-08-09 00:59:45,LAPTOP-UA90UR9H,16.4,2400.0,45.0,8808.75,93.1,0.0,2.36,0.0,0.0,266,System Idle Process,0,msedgewebview2.exe,24064,,Healthy,0,100,,,,0
2026-08-09 00:59:47,LAPTOP-UA90UR9H,9.0,2400.0,44.9,8815.69,93.1,0.01,2.07,0.0,0.0,266,System Idle Process,0,msedgewebview2.exe,24064,,Healthy,0,100,,,,0
2026-08-09 00:59:50,LAPTOP-UA90UR9H,10.9,2400.0,44.9,8814.61,93.1,0.0,1.67,0.0,0.0,266,System Idle Process,0,msedgewebview2.exe,24064,,Healthy,0,100,,,,0
2026-08-09 00:59:52,LAPTOP-UA90UR9H,12.0,2400.0,44.9,8815.16,93.1,0.0,2.18,0.0,0.0,266,System Idle Process,0,msedgewebview2.exe,24064,,Healthy,0,100,,,,0
2026-08-09 00:59:55,LAPTOP-UA90UR9H,12.0,1520.0,44.9,8811.14,93.1,0.0,1.66,0.0,0.0,266,System Idle Process,0,msedgewebview2.exe,24064,,Healthy,0,100,,,,0
2026-08-09 00:59:57,LAPTOP-UA90UR9H,8.4,1520.0,44.9,8815.57,93.1,0.07,2.61,0.0,0.0,266,System Idle Process,0,msedgewebview2.exe,24064,,Healthy,0,100,,,,0
2026-08-09 01:00:00,LAPTOP-UA90UR9H,17.8,1520.0,44.9,8824.16,93.1,0.02,1.28,0.0,0.0,265,System Idle Process,0,msedgewebview2.exe,24064,,Healthy,0,100,,,,0
2026-08-09 01:00:02,LAPTOP-UA90UR9H,16.2,1520.0,45.0,8809.17,93.1,3.1,14.56,0.0,0.0,266,System Idle Process,0,msedgewebview2.exe,24064,,Healthy,0,100,,,,0
2026-08-09 01:00:05,LAPTOP-UA90UR9H,9.1,1520.0,44.9,8816.61,93.1,0.04,3.05,0.0,0.0,266,System Idle Process,0,msedgewebview2.exe,24064,,Healthy,0,100,,,,0
2026-08-09 01:00:07,LAPTOP-UA90UR9H,12.7,1520.0,44.9,8820.53,93.1,0.0,1.72,0.0,0.0,266,System Idle Process,0,msedgewebview2.exe,24064,,Healthy,0,100,,,,0
2026-08-09 01:00:10,LAPTOP-UA90UR9H,11.2,1520.0,44.9,8811.02,93.1,0.04,1.37,0.0,0.0,266,System Idle Process,0,msedgewebview2.exe,24064,,Healthy,0,100,,,,0
2026-08-09 01:00:12,LAPTOP-UA90UR9H,12.2,2400.0,45.0,8798.73,93.1,4.45,2.67,0.0,0.0,267,System Idle Process,0,msedgewebview2.exe,24064,,Healthy,0,100,,,,0
2026-08-09 01:00:15,LAPTOP-UA90UR9H,14.4,1520.0,44.9,8812.15,93.1,0.33,1.93,0.0,0.0,266,System Idle Process,0,msedgewebview2.exe,24064,,Healthy,0,100,,,,0
2026-08-09 01:00:17,LAPTOP-UA90UR9H,11.8,1520.0,45.0,8807.62,93.1,0.01,1.77,0.0,0.0,266,System Idle Process,0,msedgewebview2.exe,24064,,Healthy,0,100,,,,0
2026-08-09 01:00:19,LAPTOP-UA90UR9H,11.8,2400.0,44.9,8818.08,93.1,0.0,2.39,0.0,0.0,266,System Idle Process,0,msedgewebview2.exe,24064,,Healthy,0,100,,,,0
2026-08-09 01:00:22,LAPTOP-UA90UR9H,11.5,2400.0,44.9,8816.04,93.1,0.01,1.78,0.0,0.0,266,System Idle Process,0,msedgewebview2.exe,24064,,Healthy,0,100,,,,0
2026-08-09 01:00:24,LAPTOP-UA90UR9H,10.8,1520.0,44.9,8813.0,93.1,0.0,1.67,0.0,0.0,266,System Idle Process,0,msedgewebview2.exe,24064,,Healthy,0,100,,,,0
2026-08-09 01:00:27,LAPTOP-UA90UR9H,8.1,1520.0,44.9,8817.72,93.1,0.0,1.8,0.0,0.0,266,System Idle Process,0,msedgewebview2.exe,24064,,Healthy,0,100,,,,0
2026-08-09 01:00:29,LAPTOP-UA90UR9H,15.7,1520.0,44.9,8815.98,93.1,0.11,2.51,0.0,0.0,266,System Idle Process,0,msedgewebview2.exe,24064,,Healthy,0,100,,,,0
2026-08-09 01:00:32,LAPTOP-UA90UR9H,10.2,2400.0,44.9,8813.0,93.1,0.0,1.74,0.0,0.0,266,System Idle Process,0,msedgewebview2.exe,24064,,Healthy,0,100,,,,0
2026-08-09 01:00:35,LAPTOP-UA90UR9H,15.4,2400.0,44.9,8819.29,93.1,1.67,2.8,0.0,0.0,265,System Idle Process,0,msedgewebview2.exe,24064,,Healthy,0,100,,,,0
2026-08-09 01:00:37,LAPTOP-UA90UR9H,10.2,2400.0,44.9,8815.93,93.1,0.0,1.38,0.0,0.0,265,System Idle Process,0,msedgewebview2.exe,24064,,Healthy,0,100,,,,0
2026-08-09 01:00:39,LAPTOP-UA90UR9H,8.9,1520.0,44.9,8814.88,93.1,0.03,0.86,0.0,0.0,265,System Idle Process,0,msedgewebview2.exe,24064,,Healthy,0,100,,,,0
2026-08-09 01:00:42,LAPTOP-UA90UR9H,9.7,2400.0,44.9,8820.1,93.1,0.02,3.54,0.0,0.0,265,System Idle Process,0,msedgewebview2.exe,24064,,Healthy,0,100,,,,0
2026-08-09 01:00:44,LAPTOP-UA90UR9H,12.4,2400.0,44.9,8817.29,93.1,0.01,1.58,0.0,0.0,265,System Idle Process,0,msedgewebview2.exe,24064,,Healthy,0,100,,,,0
2026-08-09 01:00:47,LAPTOP-UA90UR9H,9.2,2400.0,44.9,8818.28,93.1,0.2,2.12,0.0,0.0,265,System Idle Process,0,msedgewebview2.exe,24064,,Healthy,0,100,,,,0
2026-08-09 01:00:49,LAPTOP-UA90UR9H,10.3,1520.0,44.9,8817.73,93.1,0.01,1.86,0.0,0.0,265,System Idle Process,0,msedgewebview2.exe,24064,,Healthy,0,100,,,,0
2026-08-09 01:00:52,LAPTOP-UA90UR9H,9.2,1520.0,44.9,8824.55,93.1,0.02,2.52,0.0,0.0,265,System Idle Process,0,msedgewebview2.exe,24064,,Healthy,0,100,,,,0
2026-08-09 01:00:54,LAPTOP-UA90UR9H,9.7,1520.0,44.8,8826.86,93.1,0.02,1.73,0.0,0.0,265,System Idle Process,0,msedgewebview2.exe,24064,,Healthy,0,100,,,,0
2026-08-09 01:00:57,LAPTOP-UA90UR9H,11.2,2400.0,44.8,8825.89,93.1,0.04,2.34,0.0,0.0,265,System Idle Process,0,msedgewebview2.exe,24064,,Healthy,0,100,,,,0
2026-08-09 01:00:59,LAPTOP-UA90UR9H,16.0,2400.0,44.8,8826.7,93.1,0.07,1.92,0.0,0.0,265,System Idle Process,0,msedgewebview2.exe,24064,,Healthy,0,100,,,,0
2026-08-09 01:01:02,LAPTOP-UA90UR9H,10.6,1520.0,44.9,8820.01,93.1,0.0,2.34,0.0,0.0,265,System Idle Process,0,msedgewebview2.exe,24064,,Healthy,0,100,,,,0
2026-08-09 01:01:04,LAPTOP-UA90UR9H,13.1,2400.0,44.9,8825.29,93.1,0.0,2.21,0.0,0.0,264,System Idle Process,0,msedgewebview2.exe,24064,,Healthy,0,100,,,,0
2026-08-09 01:01:07,LAPTOP-UA90UR9H,10.1,2400.0,44.8,8830.88,93.1,0.02,1.27,0.0,0.0,264,System Idle Process,0,msedgewebview2.exe,24064,,Healthy,0,100,,,,0
2026-08-09 01:01:09,LAPTOP-UA90UR9H,9.8,1520.0,44.8,8832.16,93.1,0.01,2.23,0.0,0.0,264,System Idle Process,0,msedgewebview2.exe,24064,,Healthy,0,100,,,,0
2026-08-09 01:01:11,LAPTOP-UA90UR9H,10.3,2400.0,44.8,8833.28,93.1,0.02,1.44,0.0,0.0,264,System Idle Process,0,msedgewebview2.exe,24064,,Healthy,0,100,,,,0
2026-08-09 01:01:14,LAPTOP-UA90UR9H,11.1,2400.0,44.8,8838.02,93.1,0.0,2.18,0.0,0.0,264,System Idle Process,0,msedgewebview2.exe,24064,,Healthy,0,100,,,,0
2026-08-09 01:01:16,LAPTOP-UA90UR9H,9.9,1520.0,44.8,8833.09,93.1,0.0,1.71,0.0,0.0,264,System Idle Process,0,msedgewebview2.exe,24064,,Healthy,0,100,,,,0
2026-08-09 01:01:19,LAPTOP-UA90UR9H,9.9,2400.0,44.8,8833.27,93.1,0.01,1.6,0.0,0.0,264,System Idle Process,0,msedgewebview2.exe,24064,,Healthy,0,100,,,,0
2026-08-09 01:01:21,LAPTOP-UA90UR9H,15.0,2400.0,44.8,8835.61,93.1,0.22,3.0,0.0,0.0,264,System Idle Process,0,msedgewebview2.exe,24064,,Healthy,0,100,,,,0
2026-08-09 01:01:24,LAPTOP-UA90UR9H,7.5,2400.0,44.8,8836.22,93.1,0.01,2.18,0.0,0.0,264,System Idle Process,0,msedgewebview2.exe,24064,,Healthy,0,100,,,,0
2026-08-09 01:01:26,LAPTOP-UA90UR9H,10.6,2400.0,44.8,8834.62,93.1,0.03,1.73,0.0,0.0,264,System Idle Process,0,msedgewebview2.exe,24064,,Healthy,0,100,,,,0
2026-08-09 01:01:29,LAPTOP-UA90UR9H,16.6,2400.0,44.9,8822.39,93.1,0.08,1.32,0.0,0.0,264,System Idle Process,0,msedgewebview2.exe,24064,,Healthy,0,100,,,,0
2026-08-09 01:01:31,LAPTOP-UA90UR9H,8.8,2400.0,44.8,8836.82,93.1,0.0,2.17,0.0,0.0,264,System Idle Process,0,msedgewebview2.exe,24064,,Healthy,0,100,,,,0
2026-08-09 01:01:34,LAPTOP-UA90UR9H,16.2,2400.0,45.0,8801.5,93.1,0.04,3.01,0.0,0.0,266,System Idle Process,0,msedgewebview2.exe,24064,,Healthy,0,100,,,,0
2026-08-09 01:01:36,LAPTOP-UA90UR9H,14.6,2400.0,45.0,8797.45,93.1,0.02,1.96,0.0,0.0,266,System Idle Process,0,msedgewebview2.exe,24064,,Healthy,0,100,,,,0
2026-08-09 01:01:39,LAPTOP-UA90UR9H,8.8,2400.0,45.0,8807.68,93.1,0.0,1.86,0.0,0.0,266,System Idle Process,0,msedgewebview2.exe,24064,,Healthy,0,100,,,,0
2026-08-09 01:01:41,LAPTOP-UA90UR9H,11.3,2400.0,45.0,8802.36,93.1,0.11,2.32,0.0,0.0,266,System Idle Process,0,msedgewebview2.exe,24064,,Healthy,0,100,,,,0
2026-08-09 01:01:44,LAPTOP-UA90UR9H,12.5,2400.0,45.1,8791.23,93.1,0.0,1.53,0.0,0.0,266,System Idle Process,0,msedgewebview2.exe,24064,,Healthy,0,100,,,,0
2026-08-09 01:01:46,LAPTOP-UA90UR9H,10.2,2400.0,45.0,8800.92,93.1,0.03,2.52,0.0,0.0,266,System Idle Process,0,msedgewebview2.exe,24064,,Healthy,0,100,,,,0
2026-08-09 01:01:49,LAPTOP-UA90UR9H,10.7,2400.0,45.0,8802.07,93.1,0.0,1.46,0.0,0.0,266,System Idle Process,0,msedgewebview2.exe,24064,,Healthy,0,100,,,,0
2026-08-09 01:01:51,LAPTOP-UA90UR9H,11.0,2400.0,45.0,8801.24,93.1,0.02,2.22,0.0,0.0,266,System Idle Process,0,msedgewebview2.exe,24064,,Healthy,0,100,,,,0
2026-08-09 01:01:54,LAPTOP-UA90UR9H,8.6,2400.0,45.0,8803.71,93.1,0.0,2.13,0.0,0.0,266,System Idle Process,0,msedgewebview2.exe,24064,,Healthy,0,100,,,,0
2026-08-09 01:01:56,LAPTOP-UA90UR9H,10.3,2400.0,45.0,8799.33,93.1,0.03,1.64,0.0,0.0,266,System Idle Process,0,msedgewebview2.exe,24064,,Healthy,0,100,,,,0
2026-08-09 01:01:59,LAPTOP-UA90UR9H,16.4,1520.0,45.0,8796.48,93.1,0.01,1.67,0.0,0.0,266,System Idle Process,0,msedgewebview2.exe,24064,,Healthy,0,100,,,,0
2026-08-09 01:02:01,LAPTOP-UA90UR9H,13.5,2400.0,45.2,8770.6,93.1,8.18,1.98,0.0,0.0,267,System Idle Process,0,msedgewebview2.exe,24064,,Healthy,0,100,,,,0
2026-08-09 01:02:04,LAPTOP-UA90UR9H,10.8,2400.0,45.3,8761.38,93.1,5.83,2.12,0.0,0.0,267,System Idle Process,0,msedgewebview2.exe,24064,,Healthy,0,100,,,,0
2026-08-09 01:02:06,LAPTOP-UA90UR9H,11.6,2400.0,45.5,8722.05,93.1,0.11,2.03,0.0,0.0,268,System Idle Process,0,msedgewebview2.exe,24064,,Healthy,0,100,,,,0
2026-08-09 01:02:09,LAPTOP-UA90UR9H,13.8,2400.0,45.5,8718.57,93.1,0.07,2.09,0.0,0.0,268,System Idle Process,0,msedgewebview2.exe,24064,,Healthy,0,100,,,,0
2026-08-09 01:02:11,LAPTOP-UA90UR9H,8.8,2400.0,45.5,8720.3,93.1,0.03,2.07,0.0,0.0,268,System Idle Process,0,msedgewebview2.exe,24064,,Healthy,0,100,,,,0
2026-08-09 01:02:14,LAPTOP-UA90UR9H,10.3,2400.0,45.5,8723.95,93.1,0.0,2.2,0.0,0.0,268,System Idle Process,0,msedgewebview2.exe,24064,,Healthy,0,100,,,,0
2026-08-09 01:02:16,LAPTOP-UA90UR9H,12.3,2400.0,45.5,8718.5,93.1,0.03,1.85,0.0,0.0,268,System Idle Process,0,msedgewebview2.exe,24064,,Healthy,0,100,,,,0
2026-08-09 01:02:19,LAPTOP-UA90UR9H,10.1,2400.0,45.5,8717.07,93.1,0.0,1.68,0.0,0.0,268,System Idle Process,0,msedgewebview2.exe,24064,,Healthy,0,100,,,,0
2026-08-09 01:02:21,LAPTOP-UA90UR9H,11.0,2400.0,45.5,8725.11,93.1,0.0,2.38,0.0,0.0,268,System Idle Process,0,msedgewebview2.exe,24064,,Healthy,0,100,,,,0
2026-08-09 01:02:24,LAPTOP-UA90UR9H,13.0,2400.0,45.5,8714.07,93.1,0.02,1.83,0.0,0.0,268,System Idle Process,0,msedgewebview2.exe,24064,,Healthy,0,100,,,,0
2026-08-09 01:02:26,LAPTOP-UA90UR9H,10.2,2400.0,45.5,8720.12,93.1,0.03,2.13,0.0,0.0,268,System Idle Process,0,msedgewebview2.exe,24064,,Healthy,0,100,,,,0
2026-08-09 01:02:29,LAPTOP-UA90UR9H,14.6,2400.0,45.5,8724.52,93.1,0.0,2.63,0.0,0.0,268,System Idle Process,0,msedgewebview2.exe,24064,,Healthy,0,100,,,,0
2026-08-09 01:02:31,LAPTOP-UA90UR9H,11.5,2400.0,45.5,8723.85,93.1,0.0,1.54,0.0,0.0,268,System Idle Process,0,msedgewebview2.exe,24064,,Healthy,0,100,,,,0
2026-08-09 01:02:34,LAPTOP-UA90UR9H,11.2,2400.0,45.5,8728.0,93.1,0.03,1.84,0.0,0.0,268,System Idle Process,0,msedgewebview2.exe,24064,,Healthy,0,100,,,,0
2026-08-09 01:02:36,LAPTOP-UA90UR9H,8.5,2400.0,45.5,8729.52,93.1,0.03,2.51,0.0,0.0,268,System Idle Process,0,msedgewebview2.exe,24064,,Healthy,0,100,,,,0
2026-08-09 01:02:39,LAPTOP-UA90UR9H,10.5,2400.0,45.1,8790.46,93.1,0.03,1.35,0.0,0.0,265,System Idle Process,0,msedgewebview2.exe,24064,,Healthy,0,100,,,,0
2026-08-09 01:02:41,LAPTOP-UA90UR9H,11.0,2400.0,45.1,8786.6,93.1,0.01,0.97,0.0,0.0,265,System Idle Process,0,msedgewebview2.exe,24064,,Healthy,0,100,,,,0
2026-08-09 01:02:44,LAPTOP-UA90UR9H,8.5,2400.0,45.1,8787.38,93.1,0.0,2.94,0.0,0.0,265,System Idle Process,0,msedgewebview2.exe,24064,,Healthy,0,100,,,,0
2026-08-09 01:02:46,LAPTOP-UA90UR9H,9.8,2400.0,45.1,8792.18,93.1,0.03,1.83,0.0,0.0,265,System Idle Process,0,msedgewebview2.exe,24064,,Healthy,0,100,,,,0
2026-08-09 01:02:49,LAPTOP-UA90UR9H,11.7,2400.0,45.1,8791.67,93.1,0.0,1.88,0.0,0.0,265,System Idle Process,0,msedgewebview2.exe,24064,,Healthy,0,100,,,,0
2026-08-09 01:02:51,LAPTOP-UA90UR9H,9.6,1520.0,45.1,8792.54,93.1,0.0,1.71,0.0,0.0,265,System Idle Process,0,msedgewebview2.exe,24064,,Healthy,0,100,,,,0
2026-08-09 01:02:53,LAPTOP-UA90UR9H,12.8,2400.0,45.1,8790.28,93.1,0.0,2.34,0.0,0.0,265,System Idle Process,0,msedgewebview2.exe,24064,,Healthy,0,100,,,,0
2026-08-09 01:02:56,LAPTOP-UA90UR9H,12.3,1520.0,45.1,8790.48,93.1,0.03,1.81,0.0,0.0,265,System Idle Process,0,msedgewebview2.exe,24064,,Healthy,0,100,,,,0
2026-08-09 01:02:58,LAPTOP-UA90UR9H,14.2,1520.0,45.1,8781.17,93.1,0.04,1.49,0.0,0.0,265,System Idle Process,0,msedgewebview2.exe,24064,,Healthy,0,100,,,,0
2026-08-09 01:03:01,LAPTOP-UA90UR9H,10.6,2400.0,45.1,8792.39,93.1,0.01,2.34,0.0,0.0,265,System Idle Process,0,msedgewebview2.exe,24064,,Healthy,0,100,,,,0
2026-08-09 01:03:03,LAPTOP-UA90UR9H,11.4,2400.0,44.9,8821.02,93.1,0.02,2.07,0.0,0.0,264,System Idle Process,0,msedgewebview2.exe,24064,,Healthy,0,100,,,,0
2026-08-09 01:03:06,LAPTOP-UA90UR9H,9.5,2400.0,44.8,8828.74,93.1,0.05,1.87,0.0,0.0,264,System Idle Process,0,msedgewebview2.exe,24064,,Healthy,0,100,,,,0
2026-08-09 01:03:08,LAPTOP-UA90UR9H,12.2,2400.0,44.9,8823.86,93.1,0.0,1.86,0.0,0.0,264,System Idle Process,0,msedgewebview2.exe,24064,,Healthy,0,100,,,,0
2026-08-09 01:03:11,LAPTOP-UA90UR9H,11.4,2400.0,44.9,8820.6,93.1,0.0,2.47,0.0,0.0,264,System Idle Process,0,msedgewebview2.exe,24064,,Healthy,0,100,,,,0
2026-08-09 01:03:13,LAPTOP-UA90UR9H,13.0,2400.0,44.8,8827.15,93.1,0.0,1.87,0.0,0.0,264,System Idle Process,0,msedgewebview2.exe,24064,,Healthy,0,100,,,,0
2026-08-09 01:03:16,LAPTOP-UA90UR9H,12.1,2400.0,44.9,8824.27,93.1,0.05,2.2,0.0,0.0,264,System Idle Process,0,msedgewebview2.exe,24064,,Healthy,0,100,,,,0
2026-08-09 01:03:18,LAPTOP-UA90UR9H,10.7,2400.0,44.9,8822.27,93.1,0.0,1.74,0.0,0.0,264,System Idle Process,0,msedgewebview2.exe,24064,,Healthy,0,100,,,,0
2026-08-09 01:03:21,LAPTOP-UA90UR9H,9.8,2400.0,44.9,8822.99,93.1,0.86,1.26,0.0,0.0,264,System Idle Process,0,msedgewebview2.exe,24064,,Healthy,0,100,,,,0
2026-08-09 01:03:23,LAPTOP-UA90UR9H,9.8,2400.0,44.9,8825.43,93.1,0.0,2.47,0.0,0.0,264,System Idle Process,0,msedgewebview2.exe,24064,,Healthy,0,100,,,,0
2026-08-09 01:03:26,LAPTOP-UA90UR9H,11.3,2400.0,44.9,8819.61,93.1,0.03,2.51,0.0,0.0,264,System Idle Process,0,msedgewebview2.exe,24064,,Healthy,0,100,,,,0
2026-08-09 01:03:28,LAPTOP-UA90UR9H,15.3,1520.0,45.2,8773.1,93.1,0.03,1.39,0.0,0.0,266,System Idle Process,0,msedgewebview2.exe,24064,,Healthy,0,100,,,,0
2026-08-09 01:03:30,LAPTOP-UA90UR9H,12.1,2400.0,44.8,8826.18,93.1,0.01,2.27,0.0,0.0,264,System Idle Process,0,msedgewebview2.exe,24064,,Healthy,0,100,,,,0
2026-08-09 01:03:33,LAPTOP-UA90UR9H,9.6,1520.0,44.9,8822.32,93.1,0.0,2.3,0.0,0.0,264,System Idle Process,0,msedgewebview2.exe,24064,,Healthy,0,100,,,,0
2026-08-09 01:03:35,LAPTOP-UA90UR9H,11.1,2400.0,44.8,8825.87,93.1,0.03,1.95,0.0,0.0,264,System Idle Process,0,msedgewebview2.exe,24064,,Healthy,0,100,,,,0
2026-08-09 01:03:38,LAPTOP-UA90UR9H,11.9,2400.0,44.8,8827.06,93.1,0.0,1.46,0.0,0.0,264,System Idle Process,0,msedgewebview2.exe,24064,,Healthy,0,100,,,,0
2026-08-09 01:03:40,LAPTOP-UA90UR9H,8.7,1520.0,44.9,8823.47,93.1,0.0,2.14,0.0,0.0,264,System Idle Process,0,msedgewebview2.exe,24064,,Healthy,0,100,,,,0
2026-08-09 01:03:43,LAPTOP-UA90UR9H,11.7,2400.0,44.9,8821.95,93.1,0.0,2.05,0.0,0.02,264,System Idle Process,0,msedgewebview2.exe,24064,,Healthy,0,100,,,,0
2026-08-09 01:03:45,LAPTOP-UA90UR9H,8.4,2400.0,44.9,8821.35,93.1,0.03,1.9,0.0,0.0,264,System Idle Process,0,msedgewebview2.exe,24064,,Healthy,0,100,,,,0
2026-08-09 01:03:48,LAPTOP-UA90UR9H,11.1,2400.0,44.9,8817.32,93.1,6.95,1.74,0.0,0.0,264,System Idle Process,0,msedgewebview2.exe,24064,,Healthy,0,100,,,,0
2026-08-09 01:03:50,LAPTOP-UA90UR9H,13.2,1520.0,44.9,8823.01,93.1,0.17,2.28,0.0,0.0,264,System Idle Process,0,msedgewebview2.exe,24064,,Healthy,0,100,,,,0
2026-08-09 01:03:53,LAPTOP-UA90UR9H,13.9,2400.0,45.4,8739.92,93.1,4.23,10.73,0.0,0.0,266,System Idle Process,0,msedgewebview2.exe,24064,,Healthy,0,100,,,,0
2026-08-09 01:03:55,LAPTOP-UA90UR9H,11.0,1520.0,45.4,8740.49,93.1,0.03,2.29,0.0,0.0,266,System Idle Process,0,msedgewebview2.exe,24064,,Healthy,0,100,,,,0
2026-08-09 01:03:58,LAPTOP-UA90UR9H,14.3,1520.0,45.6,8706.65,93.1,0.0,2.61,0.0,0.0,268,System Idle Process,0,msedgewebview2.exe,24064,,Healthy,0,100,,,,0
2026-08-09 01:04:00,LAPTOP-UA90UR9H,12.3,2400.0,45.4,8739.43,93.1,0.77,1.31,0.0,0.0,266,System Idle Process,0,msedgewebview2.exe,24064,,Healthy,0,100,,,,0
2026-08-09 01:04:03,LAPTOP-UA90UR9H,10.1,1520.0,45.4,8734.45,93.1,0.06,0.23,0.0,0.0,266,System Idle Process,0,msedgewebview2.exe,24064,,Healthy,0,100,,,,0
2026-08-09 01:04:05,LAPTOP-UA90UR9H,11.9,1520.0,45.4,8738.63,93.1,0.06,3.72,0.0,0.0,266,System Idle Process,0,msedgewebview2.exe,24064,,Healthy,0,100,,,,0
2026-08-09 01:04:08,LAPTOP-UA90UR9H,9.5,1520.0,45.4,8738.77,93.1,0.01,2.55,0.0,0.0,266,System Idle Process,0,msedgewebview2.exe,24064,,Healthy,0,100,,,,0
2026-08-09 01:04:10,LAPTOP-UA90UR9H,11.0,1520.0,45.3,8746.1,93.1,0.03,2.22,0.0,0.0,266,System Idle Process,0,msedgewebview2.exe,24064,,Healthy,0,100,,,,0
2026-08-09 01:04:13,LAPTOP-UA90UR9H,12.3,1520.0,45.4,8743.96,93.1,0.05,2.1,0.0,0.0,266,System Idle Process,0,msedgewebview2.exe,24064,,Healthy,0,100,,,,0
2026-08-09 01:04:15,LAPTOP-UA90UR9H,12.4,1520.0,45.4,8738.02,93.1,0.0,2.06,0.0,0.0,266,System Idle Process,0,msedgewebview2.exe,24064,,Healthy,0,100,,,,0
2026-08-09 01:04:17,LAPTOP-UA90UR9H,11.0,2400.0,45.4,8742.02,93.1,0.0,1.32,0.0,0.0,266,System Idle Process,0,msedgewebview2.exe,24064,,Healthy,0,100,,,,0
2026-08-09 01:04:20,LAPTOP-UA90UR9H,10.8,2400.0,45.4,8744.12,93.1,0.01,2.43,0.0,0.0,266,System Idle Process,0,msedgewebview2.exe,24064,,Healthy,0,100,,,,0
2026-08-09 01:04:22,LAPTOP-UA90UR9H,12.4,2400.0,45.1,8788.97,93.1,0.1,2.48,0.0,0.0,265,System Idle Process,0,msedgewebview2.exe,24064,,Healthy,0,100,,,,0
2026-08-09 01:04:25,LAPTOP-UA90UR9H,10.0,2400.0,45.0,8804.72,93.1,0.04,1.65,0.0,0.0,264,System Idle Process,0,msedgewebview2.exe,24064,,Healthy,0,100,,,,0
2026-08-09 01:04:27,LAPTOP-UA90UR9H,12.7,2400.0,45.0,8805.21,93.1,0.03,2.08,0.0,0.0,264,System Idle Process,0,msedgewebview2.exe,24064,,Healthy,0,100,,,,0
2026-08-09 01:04:30,LAPTOP-UA90UR9H,17.6,2400.0,45.0,8799.63,93.1,0.04,2.33,0.0,0.0,264,System Idle Process,0,msedgewebview2.exe,24064,,Healthy,0,100,,,,0
2026-08-09 01:04:32,LAPTOP-UA90UR9H,7.3,2400.0,45.0,8804.04,93.1,0.01,1.5,0.0,0.0,264,System Idle Process,0,msedgewebview2.exe,24064,,Healthy,0,100,,,,0
2026-08-09 01:04:35,LAPTOP-UA90UR9H,11.1,2400.0,44.9,8809.88,93.1,0.01,2.36,0.0,0.0,264,System Idle Process,0,msedgewebview2.exe,24064,,Healthy,0,100,,,,0
2026-08-09 01:04:37,LAPTOP-UA90UR9H,11.2,1520.0,45.0,8799.48,93.1,0.0,1.47,0.0,0.0,264,System Idle Process,0,msedgewebview2.exe,24064,,Healthy,0,100,,,,0
2026-08-09 01:04:40,LAPTOP-UA90UR9H,8.9,1520.0,45.0,8806.66,93.1,0.05,2.22,0.0,0.0,264,System Idle Process,0,msedgewebview2.exe,24064,,Healthy,0,100,,,,0
2026-08-09 01:04:42,LAPTOP-UA90UR9H,9.5,1520.0,45.0,8809.12,93.1,0.01,2.14,0.0,0.0,264,System Idle Process,0,msedgewebview2.exe,24064,,Healthy,0,100,,,,0
2026-08-09 01:04:45,LAPTOP-UA90UR9H,13.0,2400.0,45.0,8800.14,93.1,0.01,1.7,0.0,0.0,264,System Idle Process,0,msedgewebview2.exe,24064,,Healthy,0,100,,,,0
2026-08-09 01:04:47,LAPTOP-UA90UR9H,9.9,1520.0,44.9,8815.86,93.1,0.0,1.34,0.0,0.0,264,System Idle Process,0,msedgewebview2.exe,24064,,Healthy,0,100,,,,0
2026-08-09 01:04:50,LAPTOP-UA90UR9H,10.4,1520.0,44.9,8811.27,93.1,0.01,2.19,0.0,0.0,264,System Idle Process,0,msedgewebview2.exe,24064,,Healthy,0,100,,,,0
2026-08-09 01:04:52,LAPTOP-UA90UR9H,12.8,1520.0,45.0,8802.86,93.1,0.0,2.07,0.0,0.0,264,System Idle Process,0,msedgewebview2.exe,24064,,Healthy,0,100,,,,0
2026-08-09 01:04:55,LAPTOP-UA90UR9H,11.6,2400.0,45.0,8808.57,93.1,0.04,1.33,0.0,0.0,264,System Idle Process,0,msedgewebview2.exe,24064,,Healthy,0,100,,,,0
2026-08-09 01:04:57,LAPTOP-UA90UR9H,10.4,2400.0,45.0,8803.32,93.1,0.03,2.07,0.0,0.0,264,System Idle Process,0,msedgewebview2.exe,24064,,Healthy,0,100,,,,0
2026-08-09 01:05:00,LAPTOP-UA90UR9H,17.1,1520.0,45.2,8762.48,93.1,0.06,2.41,0.0,0.0,265,System Idle Process,0,msedgewebview2.exe,24064,,Healthy,0,100,,,,0
2026-08-09 01:05:02,LAPTOP-UA90UR9H,10.0,1520.0,45.2,8765.88,93.1,0.02,2.13,0.0,0.0,265,System Idle Process,0,msedgewebview2.exe,24064,,Healthy,0,100,,,,0
2026-08-09 01:05:05,LAPTOP-UA90UR9H,10.0,1520.0,45.2,8766.32,93.1,0.39,3.25,0.0,0.0,265,System Idle Process,0,msedgewebview2.exe,24064,,Healthy,0,100,,,,0
2026-08-09 01:05:07,LAPTOP-UA90UR9H,10.6,1520.0,45.2,8765.41,93.1,0.0,1.66,0.0,0.0,265,System Idle Process,0,msedgewebview2.exe,24064,,Healthy,0,100,,,,0
2026-08-09 01:05:09,LAPTOP-UA90UR9H,13.1,1520.0,45.3,8761.51,93.1,0.0,1.75,0.0,0.0,265,System Idle Process,0,msedgewebview2.exe,24064,,Healthy,0,100,,,,0
2026-08-09 01:05:12,LAPTOP-UA90UR9H,12.3,2400.0,45.2,8766.28,93.1,0.01,2.54,0.0,0.0,265,System Idle Process,0,msedgewebview2.exe,24064,,Healthy,0,100,,,,0
2026-08-09 01:05:14,LAPTOP-UA90UR9H,9.7,1520.0,45.2,8767.54,93.1,0.0,1.37,0.0,0.0,265,System Idle Process,0,msedgewebview2.exe,24064,,Healthy,0,100,,,,0
2026-08-09 01:05:17,LAPTOP-UA90UR9H,11.8,1520.0,45.2,8761.77,93.1,0.15,3.53,0.0,0.02,265,System Idle Process,0,msedgewebview2.exe,24064,,Healthy,0,100,,,,0
2026-08-09 01:05:19,LAPTOP-UA90UR9H,9.5,2400.0,45.2,8767.0,93.1,0.0,1.81,0.0,0.0,265,System Idle Process,0,msedgewebview2.exe,24064,,Healthy,0,100,,,,0
2026-08-09 01:05:22,LAPTOP-UA90UR9H,10.9,2400.0,45.2,8765.88,93.1,0.0,1.69,0.0,0.0,265,System Idle Process,0,msedgewebview2.exe,24064,,Healthy,0,100,,,,0
2026-08-09 01:05:24,LAPTOP-UA90UR9H,12.1,2400.0,45.2,8765.79,93.1,0.0,2.18,0.0,0.0,265,System Idle Process,0,msedgewebview2.exe,24064,,Healthy,0,100,,,,0
2026-08-09 01:05:27,LAPTOP-UA90UR9H,8.9,2400.0,45.2,8766.31,93.1,0.09,2.47,0.0,0.0,265,System Idle Process,0,msedgewebview2.exe,24064,,Healthy,0,100,,,,0
2026-08-09 01:05:29,LAPTOP-UA90UR9H,15.5,2400.0,45.3,8759.37,93.1,0.01,1.76,0.0,0.0,265,System Idle Process,0,msedgewebview2.exe,24064,,Healthy,0,100,,,,0
2026-08-09 01:05:32,LAPTOP-UA90UR9H,10.6,2400.0,44.9,8812.76,93.1,0.01,2.22,0.0,0.0,264,System Idle Process,0,msedgewebview2.exe,24064,,Healthy,0,100,,,,0
2026-08-09 01:05:34,LAPTOP-UA90UR9H,16.7,2400.0,45.2,8776.11,93.1,0.0,1.64,0.0,0.0,264,System Idle Process,0,msedgewebview2.exe,24064,,Healthy,0,100,,,,0
2026-08-09 01:05:37,LAPTOP-UA90UR9H,15.6,2400.0,44.8,8838.39,93.1,0.0,2.04,0.0,0.0,264,System Idle Process,0,msedgewebview2.exe,24064,,Healthy,0,100,,,,0
2026-08-09 01:05:39,LAPTOP-UA90UR9H,18.8,2400.0,45.2,8768.96,93.1,0.08,1.67,0.01,0.01,266,System Idle Process,0,msedgewebview2.exe,24064,,Healthy,0,100,,,,0
2026-08-09 01:05:41,LAPTOP-UA90UR9H,11.9,2400.0,45.2,8768.41,93.1,0.0,2.38,0.0,0.0,266,System Idle Process,0,msedgewebview2.exe,24064,,Healthy,0,100,,,,0
2026-08-09 01:05:44,LAPTOP-UA90UR9H,10.0,2400.0,45.2,8776.06,93.1,0.01,1.8,0.0,0.0,266,System Idle Process,0,msedgewebview2.exe,24064,,Healthy,0,100,,,,0
2026-08-09 01:05:47,LAPTOP-UA90UR9H,9.6,2400.0,45.2,8772.6,93.1,0.0,2.06,0.0,0.0,266,System Idle Process,0,msedgewebview2.exe,24064,,Healthy,0,100,,,,0
2026-08-09 01:05:49,LAPTOP-UA90UR9H,10.5,2400.0,45.2,8768.2,93.1,0.0,1.78,0.0,0.0,266,System Idle Process,0,msedgewebview2.exe,24064,,Healthy,0,100,,,,0
2026-08-09 01:05:51,LAPTOP-UA90UR9H,9.5,2400.0,45.2,8774.14,93.1,0.03,1.81,0.0,0.0,266,System Idle Process,0,msedgewebview2.exe,24064,,Healthy,0,100,,,,0
2026-08-09 01:05:54,LAPTOP-UA90UR9H,11.5,2400.0,45.2,8762.78,93.1,0.11,1.71,0.0,0.0,266,System Idle Process,0,msedgewebview2.exe,24064,,Healthy,0,100,,,,0
2026-08-09 01:05:56,LAPTOP-UA90UR9H,13.0,2400.0,45.2,8775.3,93.1,0.07,2.46,0.0,0.01,266,System Idle Process,0,msedgewebview2.exe,24064,,Healthy,0,100,,,,0
2026-08-09 01:05:59,LAPTOP-UA90UR9H,13.7,2400.0,45.2,8770.99,93.1,0.05,1.52,0.0,0.0,266,System Idle Process,0,msedgewebview2.exe,24064,,Healthy,0,100,,,,0
2026-08-09 01:06:01,LAPTOP-UA90UR9H,10.8,1520.0,45.2,8771.45,93.1,0.06,2.16,0.0,0.0,266,System Idle Process,0,msedgewebview2.exe,24064,,Healthy,0,100,,,,0
2026-08-09 01:06:04,LAPTOP-UA90UR9H,11.3,2400.0,45.2,8771.09,93.1,0.01,2.48,0.0,0.0,266,System Idle Process,0,msedgewebview2.exe,24064,,Healthy,0,100,,,,0
2026-08-09 01:06:06,LAPTOP-UA90UR9H,10.9,1520.0,45.2,8774.89,93.1,0.0,1.46,0.0,0.0,266,System Idle Process,0,msedgewebview2.exe,24064,,Healthy,0,100,,,,0
2026-08-09 01:06:09,LAPTOP-UA90UR9H,13.1,2400.0,44.9,8810.32,93.1,0.0,2.47,0.0,0.0,265,System Idle Process,0,msedgewebview2.exe,24064,,Healthy,0,100,,,,0
2026-08-09 01:06:11,LAPTOP-UA90UR9H,12.7,1520.0,44.9,8823.68,93.1,0.0,1.82,0.0,0.0,264,System Idle Process,0,msedgewebview2.exe,24064,,Healthy,0,100,,,,0
2026-08-09 01:06:13,LAPTOP-UA90UR9H,10.8,1520.0,44.9,8825.27,93.1,0.0,1.77,0.0,0.0,264,System Idle Process,0,msedgewebview2.exe,24064,,Healthy,0,100,,,,0
2026-08-09 01:06:16,LAPTOP-UA90UR9H,10.7,2400.0,44.8,8832.7,93.1,0.0,1.95,0.0,0.0,264,System Idle Process,0,msedgewebview2.exe,24064,,Healthy,0,100,,,,0
2026-08-09 01:06:18,LAPTOP-UA90UR9H,11.3,2400.0,44.8,8830.34,93.1,0.0,2.22,0.0,0.0,264,System Idle Process,0,msedgewebview2.exe,24064,,Healthy,0,100,,,,0
2026-08-09 01:06:21,LAPTOP-UA90UR9H,9.6,1520.0,44.8,8833.7,93.1,0.0,1.91,0.0,0.0,264,System Idle Process,0,msedgewebview2.exe,24064,,Healthy,0,100,,,,0
2026-08-09 01:06:23,LAPTOP-UA90UR9H,11.5,2400.0,44.8,8834.86,93.1,0.0,1.98,0.0,0.0,264,System Idle Process,0,msedgewebview2.exe,24064,,Healthy,0,100,,,,0
2026-08-09 01:06:26,LAPTOP-UA90UR9H,11.9,2400.0,44.8,8829.21,93.1,0.0,1.88,0.0,0.0,264,System Idle Process,0,msedgewebview2.exe,24064,,Healthy,0,100,,,,0
2026-08-09 01:06:28,LAPTOP-UA90UR9H,12.6,2400.0,45.1,8788.79,93.1,0.0,1.84,0.0,0.0,266,System Idle Process,0,msedgewebview2.exe,24064,,Healthy,0,100,,,,0
2026-08-09 01:06:31,LAPTOP-UA90UR9H,9.7,2400.0,44.8,8836.11,93.1,0.03,1.86,0.0,0.0,264,System Idle Process,0,msedgewebview2.exe,24064,,Healthy,0,100,,,,0
2026-08-09 01:06:33,LAPTOP-UA90UR9H,10.8,2400.0,44.8,8827.17,93.1,0.0,1.77,0.0,0.0,264,System Idle Process,0,msedgewebview2.exe,24064,,Healthy,0,100,,,,0
2026-08-09 01:06:36,LAPTOP-UA90UR9H,12.1,2400.0,44.8,8834.51,93.1,0.0,1.99,0.0,0.02,264,System Idle Process,0,msedgewebview2.exe,24064,,Healthy,0,100,,,,0
2026-08-09 01:06:38,LAPTOP-UA90UR9H,10.7,1520.0,44.8,8834.94,93.1,0.0,2.23,0.0,0.0,264,System Idle Process,0,msedgewebview2.exe,24064,,Healthy,0,100,,,,0
2026-08-09 01:06:41,LAPTOP-UA90UR9H,9.2,2400.0,44.8,8837.32,93.1,0.0,1.95,0.0,0.0,264,System Idle Process,0,msedgewebview2.exe,24064,,Healthy,0,100,,,,0
2026-08-09 01:06:43,LAPTOP-UA90UR9H,10.3,2400.0,44.8,8836.95,93.1,0.0,1.39,0.0,0.0,264,System Idle Process,0,msedgewebview2.exe,24064,,Healthy,0,100,,,,0
2026-08-09 01:06:46,LAPTOP-UA90UR9H,13.2,2400.0,44.8,8840.62,93.1,0.0,2.51,0.0,0.0,263,System Idle Process,0,msedgewebview2.exe,24064,,Healthy,0,100,,,,0
2026-08-09 01:06:48,LAPTOP-UA90UR9H,10.7,2400.0,44.8,8840.96,93.1,0.03,1.04,0.0,0.0,263,System Idle Process,0,msedgewebview2.exe,24064,,Healthy,0,100,,,,0
2026-08-09 01:06:51,LAPTOP-UA90UR9H,12.9,2400.0,44.8,8840.45,93.1,0.01,2.19,0.0,0.0,263,System Idle Process,0,msedgewebview2.exe,24064,,Healthy,0,100,,,,0
2026-08-09 01:06:53,LAPTOP-UA90UR9H,10.4,1520.0,44.8,8834.98,93.1,0.05,1.7,0.0,0.0,263,System Idle Process,0,msedgewebview2.exe,24064,,Healthy,0,100,,,,0
2026-08-09 01:06:56,LAPTOP-UA90UR9H,10.8,2400.0,44.8,8836.38,93.1,0.0,2.45,0.0,0.0,263,System Idle Process,0,msedgewebview2.exe,24064,,Healthy,0,100,,,,0
2026-08-09 01:06:58,LAPTOP-UA90UR9H,14.7,1520.0,45.1,8786.91,93.1,0.03,1.78,0.0,0.0,265,System Idle Process,0,msedgewebview2.exe,24064,,Healthy,0,100,,,,0
2026-08-09 01:07:01,LAPTOP-UA90UR9H,11.2,2400.0,44.8,8833.96,93.1,0.0,2.53,0.0,0.0,263,System Idle Process,0,msedgewebview2.exe,24064,,Healthy,0,100,,,,0
2026-08-09 01:07:03,LAPTOP-UA90UR9H,10.6,2400.0,44.8,8837.04,93.1,0.0,2.06,0.0,0.0,263,System Idle Process,0,msedgewebview2.exe,24064,,Healthy,0,100,,,,0
2026-08-09 01:07:06,LAPTOP-UA90UR9H,13.5,1520.0,44.8,8827.71,93.1,0.01,1.9,0.0,0.0,263,System Idle Process,0,msedgewebview2.exe,24064,,Healthy,0,100,,,,0
2026-08-09 01:07:08,LAPTOP-UA90UR9H,10.6,1520.0,44.8,8834.11,93.1,0.02,1.24,0.0,0.0,263,System Idle Process,0,msedgewebview2.exe,24064,,Healthy,0,100,,,,0
2026-08-09 01:07:11,LAPTOP-UA90UR9H,9.4,2400.0,44.8,8838.68,93.1,0.03,2.42,0.0,0.0,263,System Idle Process,0,msedgewebview2.exe,24064,,Healthy,0,100,,,,0
2026-08-09 01:07:13,LAPTOP-UA90UR9H,14.2,1520.0,44.8,8825.86,93.1,0.0,1.41,0.0,0.0,263,System Idle Process,0,msedgewebview2.exe,24064,,Healthy,0,100,,,,0
2026-08-09 01:07:15,LAPTOP-UA90UR9H,9.6,2400.0,44.8,8834.76,93.1,0.0,2.56,0.0,0.0,263,System Idle Process,0,msedgewebview2.exe,24064,,Healthy,0,100,,,,0
2026-08-09 01:07:18,LAPTOP-UA90UR9H,9.4,2400.0,44.8,8831.71,93.1,0.0,1.74,0.0,0.0,263,System Idle Process,0,msedgewebview2.exe,24064,,Healthy,0,100,,,,0
2026-08-09 01:07:20,LAPTOP-UA90UR9H,13.7,2400.0,44.8,8833.44,93.1,0.19,2.01,0.0,0.0,263,System Idle Process,0,msedgewebview2.exe,24064,,Healthy,0,100,,,,0
2026-08-09 01:07:23,LAPTOP-UA90UR9H,12.0,1520.0,44.9,8824.14,93.1,0.01,1.68,0.0,0.0,263,System Idle Process,0,msedgewebview2.exe,24064,,Healthy,0,100,,,,0
2026-08-09 01:07:25,LAPTOP-UA90UR9H,8.8,1520.0,44.8,8838.43,93.1,0.0,2.55,0.0,0.0,262,System Idle Process,0,msedgewebview2.exe,24064,,Healthy,0,100,,,,0
2026-08-09 01:07:28,LAPTOP-UA90UR9H,12.4,1520.0,44.9,8816.41,93.1,0.01,2.07,0.0,0.0,264,System Idle Process,0,msedgewebview2.exe,24064,,Healthy,0,100,,,,0
2026-08-09 01:07:30,LAPTOP-UA90UR9H,13.2,2400.0,44.8,8839.86,93.1,0.0,1.58,0.0,0.0,262,System Idle Process,0,msedgewebview2.exe,24064,,Healthy,0,100,,,,0
2026-08-09 01:07:33,LAPTOP-UA90UR9H,11.3,2400.0,44.8,8837.77,93.1,0.0,2.12,0.0,0.0,262,System Idle Process,0,msedgewebview2.exe,24064,,Healthy,0,100,,,,0
2026-08-09 01:07:35,LAPTOP-UA90UR9H,13.9,2400.0,44.8,8839.61,93.1,0.0,2.3,0.0,0.0,262,System Idle Process,0,msedgewebview2.exe,24064,,Healthy,0,100,,,,0
2026-08-09 01:07:37,LAPTOP-UA90UR9H,12.3,2400.0,44.8,8839.55,93.1,0.0,2.54,0.0,0.0,262,System Idle Process,0,msedgewebview2.exe,24064,,Healthy,0,100,,,,0
2026-08-09 01:07:40,LAPTOP-UA90UR9H,9.2,2400.0,44.7,8847.93,93.1,0.01,1.9,0.0,0.0,262,System Idle Process,0,msedgewebview2.exe,24064,,Healthy,0,100,,,,0
2026-08-09 01:07:42,LAPTOP-UA90UR9H,10.2,2400.0,44.7,8844.72,93.1,0.0,2.09,0.0,0.0,262,System Idle Process,0,msedgewebview2.exe,24064,,Healthy,0,100,,,,0
2026-08-09 01:07:45,LAPTOP-UA90UR9H,11.7,2400.0,44.8,8841.56,93.1,0.0,1.89,0.0,0.0,262,System Idle Process,0,msedgewebview2.exe,24064,,Healthy,0,100,,,,0
2026-08-09 01:07:47,LAPTOP-UA90UR9H,8.6,1520.0,44.7,8846.39,93.1,0.0,2.11,0.0,0.0,262,System Idle Process,0,msedgewebview2.exe,24064,,Healthy,0,100,,,,0
2026-08-09 01:07:50,LAPTOP-UA90UR9H,9.7,2400.0,44.7,8844.64,93.1,0.0,1.67,0.0,0.0,262,System Idle Process,0,msedgewebview2.exe,24064,,Healthy,0,100,,,,0
2026-08-09 01:07:52,LAPTOP-UA90UR9H,13.8,2400.0,44.7,8846.33,93.1,0.0,2.42,0.0,0.0,262,System Idle Process,0,msedgewebview2.exe,24064,,Healthy,0,100,,,,0
2026-08-09 01:07:55,LAPTOP-UA90UR9H,9.2,1520.0,44.7,8843.21,93.1,0.0,1.74,0.0,0.0,262,System Idle Process,0,msedgewebview2.exe,24064,,Healthy,0,100,,,,0
2026-08-09 01:07:57,LAPTOP-UA90UR9H,10.5,2400.0,44.8,8834.89,93.1,0.0,2.6,0.0,0.0,262,System Idle Process,0,msedgewebview2.exe,24064,,Healthy,0,100,,,,0
2026-08-09 01:07:59,LAPTOP-UA90UR9H,18.2,2400.0,44.8,8838.29,93.1,0.0,2.07,0.0,0.0,262,System Idle Process,0,msedgewebview2.exe,24064,,Healthy,0,100,,,,0
2026-08-09 01:08:02,LAPTOP-UA90UR9H,9.4,1520.0,44.8,8836.21,93.1,0.0,1.36,0.0,0.0,262,System Idle Process,0,msedgewebview2.exe,24064,,Healthy,0,100,,,,0
2026-08-09 01:08:04,LAPTOP-UA90UR9H,11.3,2400.0,44.8,8841.04,93.1,0.05,2.51,0.0,0.0,262,System Idle Process,0,msedgewebview2.exe,24064,,Healthy,0,100,,,,0
2026-08-09 01:08:07,LAPTOP-UA90UR9H,13.3,2400.0,44.8,8830.39,93.1,0.04,1.25,0.0,0.0,262,System Idle Process,0,msedgewebview2.exe,24064,,Healthy,0,100,,,,0
2026-08-09 01:08:09,LAPTOP-UA90UR9H,8.9,2400.0,44.8,8833.54,93.1,0.0,2.07,0.0,0.0,262,System Idle Process,0,msedgewebview2.exe,24064,,Healthy,0,100,,,,0
2026-08-09 01:08:12,LAPTOP-UA90UR9H,9.4,2400.0,44.8,8840.96,93.1,0.04,2.25,0.0,0.0,262,System Idle Process,0,msedgewebview2.exe,24064,,Healthy,0,100,,,,0
2026-08-09 01:08:14,LAPTOP-UA90UR9H,13.3,1520.0,44.7,8841.86,93.1,0.01,1.9,0.0,0.0,262,System Idle Process,0,msedgewebview2.exe,24064,,Healthy,0,100,,,,0
2026-08-09 01:08:17,LAPTOP-UA90UR9H,8.7,1520.0,44.8,8838.62,93.1,0.88,1.63,0.0,0.0,262,System Idle Process,0,msedgewebview2.exe,24064,,Healthy,0,100,,,,0
2026-08-09 01:08:19,LAPTOP-UA90UR9H,9.9,2400.0,44.8,8835.9,93.1,0.0,1.29,0.0,0.0,262,System Idle Process,0,msedgewebview2.exe,24064,,Healthy,0,100,,,,0
2026-08-09 01:08:22,LAPTOP-UA90UR9H,11.8,2400.0,44.8,8830.53,93.1,0.01,2.77,0.0,0.0,262,System Idle Process,0,msedgewebview2.exe,24064,,Healthy,0,100,,,,0
2026-08-09 01:08:24,LAPTOP-UA90UR9H,8.5,1520.0,44.8,8839.29,93.1,0.0,2.24,0.0,0.0,262,System Idle Process,0,msedgewebview2.exe,24064,,Healthy,0,100,,,,0
2026-08-09 01:08:27,LAPTOP-UA90UR9H,9.5,2400.0,44.8,8837.47,93.1,0.0,1.73,0.0,0.0,262,System Idle Process,0,msedgewebview2.exe,24064,,Healthy,0,100,,,,0
2026-08-09 01:08:29,LAPTOP-UA90UR9H,17.1,1520.0,44.8,8831.25,93.1,0.05,2.02,0.0,0.0,262,System Idle Process,0,msedgewebview2.exe,24064,,Healthy,0,100,,,,0
2026-08-09 01:08:32,LAPTOP-UA90UR9H,11.8,2400.0,44.8,8837.27,93.1,0.04,1.66,0.0,0.0,262,System Idle Process,0,msedgewebview2.exe,24064,,Healthy,0,100,,,,0
2026-08-09 01:08:34,LAPTOP-UA90UR9H,8.6,1520.0,44.8,8833.89,93.1,0.0,1.89,0.0,0.0,262,System Idle Process,0,msedgewebview2.exe,24064,,Healthy,0,100,,,,0
2026-08-09 01:08:36,LAPTOP-UA90UR9H,9.9,1520.0,44.8,8833.23,93.1,0.09,2.02,0.0,0.0,262,System Idle Process,0,msedgewebview2.exe,24064,,Healthy,0,100,,,,0
2026-08-09 01:08:39,LAPTOP-UA90UR9H,9.3,1520.0,44.7,8843.39,93.1,0.19,2.64,0.0,0.0,262,System Idle Process,0,msedgewebview2.exe,24064,,Healthy,0,100,,,,0
2026-08-09 01:08:41,LAPTOP-UA90UR9H,9.5,2400.0,44.8,8841.65,93.1,0.24,2.11,0.0,0.0,262,System Idle Process,0,msedgewebview2.exe,24064,,Healthy,0,100,,,,0
2026-08-09 01:08:44,LAPTOP-UA90UR9H,11.0,2400.0,44.8,8835.41,93.1,0.16,2.87,0.0,0.0,262,System Idle Process,0,msedgewebview2.exe,24064,,Healthy,0,100,,,,0
2026-08-09 01:08:46,LAPTOP-UA90UR9H,13.5,1520.0,44.8,8839.27,93.1,0.06,1.42,0.0,0.0,262,System Idle Process,0,msedgewebview2.exe,24064,,Healthy,0,100,,,,0
2026-08-09 01:08:49,LAPTOP-UA90UR9H,12.6,2400.0,44.8,8838.11,93.1,0.07,2.65,0.0,0.0,262,System Idle Process,0,msedgewebview2.exe,24064,,Healthy,0,100,,,,0
2026-08-09 01:08:51,LAPTOP-UA90UR9H,9.3,1520.0,44.8,8839.88,93.1,0.05,1.84,0.0,0.0,262,System Idle Process,0,msedgewebview2.exe,24064,,Healthy,0,100,,,,0
2026-08-09 01:08:54,LAPTOP-UA90UR9H,10.8,1520.0,44.8,8837.05,93.1,0.01,1.8,0.0,0.0,262,System Idle Process,0,msedgewebview2.exe,24064,,Healthy,0,100,,,,0
2026-08-09 01:08:56,LAPTOP-UA90UR9H,8.5,1520.0,44.7,8842.49,93.1,0.02,2.41,0.0,0.0,262,System Idle Process,0,msedgewebview2.exe,24064,,Healthy,0,100,,,,0
2026-08-09 01:08:58,LAPTOP-UA90UR9H,12.2,1520.0,45.0,8795.11,93.1,0.03,1.47,0.0,0.0,264,System Idle Process,0,msedgewebview2.exe,24064,,Healthy,0,100,,,,0
2026-08-09 01:09:01,LAPTOP-UA90UR9H,15.0,1520.0,44.8,8840.68,93.1,0.04,2.62,0.0,0.0,262,System Idle Process,0,msedgewebview2.exe,24064,,Healthy,0,100,,,,0
2026-08-09 01:09:03,LAPTOP-UA90UR9H,9.9,2400.0,44.8,8841.54,93.1,0.08,1.66,0.0,0.0,262,System Idle Process,0,msedgewebview2.exe,24064,,Healthy,0,100,,,,0
2026-08-09 01:09:06,LAPTOP-UA90UR9H,9.7,2400.0,44.7,8844.65,93.1,0.03,2.43,0.0,0.0,262,System Idle Process,0,msedgewebview2.exe,24064,,Healthy,0,100,,,,0
2026-08-09 01:09:08,LAPTOP-UA90UR9H,12.1,2400.0,44.8,8837.73,93.1,0.0,1.64,0.0,0.0,262,System Idle Process,0,msedgewebview2.exe,24064,,Healthy,0,100,,,,0
2026-08-09 01:09:11,LAPTOP-UA90UR9H,13.9,2400.0,45.2,8767.38,93.1,0.0,1.66,0.0,0.01,264,System Idle Process,0,msedgewebview2.exe,24064,,Healthy,0,100,,,,0
2026-08-09 01:09:13,LAPTOP-UA90UR9H,11.9,2400.0,45.2,8769.12,93.1,0.06,2.25,0.0,0.0,264,System Idle Process,0,msedgewebview2.exe,24064,,Healthy,0,100,,,,0
2026-08-09 01:09:16,LAPTOP-UA90UR9H,12.0,1520.0,45.2,8771.23,93.1,0.03,2.51,0.0,0.0,264,System Idle Process,0,msedgewebview2.exe,24064,,Healthy,0,100,,,,0
2026-08-09 01:09:18,LAPTOP-UA90UR9H,9.5,1520.0,45.2,8769.08,93.1,0.01,1.87,0.0,0.0,264,System Idle Process,0,msedgewebview2.exe,24064,,Healthy,0,100,,,,0
2026-08-09 01:09:21,LAPTOP-UA90UR9H,9.2,2400.0,45.2,8775.55,93.1,0.01,2.09,0.0,0.0,264,System Idle Process,0,msedgewebview2.exe,24064,,Healthy,0,100,,,,0
2026-08-09 01:09:23,LAPTOP-UA90UR9H,12.9,2400.0,45.2,8767.6,93.1,0.04,0.13,0.0,0.0,265,System Idle Process,0,msedgewebview2.exe,24064,,Healthy,0,100,,,,0
2026-08-09 01:09:26,LAPTOP-UA90UR9H,15.3,2400.0,45.3,8752.04,93.1,4.32,9.68,0.0,0.0,265,System Idle Process,0,msedgewebview2.exe,24064,,Healthy,0,100,,,,0
2026-08-09 01:09:28,LAPTOP-UA90UR9H,15.2,2400.0,45.5,8724.86,93.1,0.3,3.72,0.0,0.03,267,System Idle Process,0,msedgewebview2.exe,24064,,Healthy,0,100,,,,0
2026-08-09 01:09:31,LAPTOP-UA90UR9H,15.7,2400.0,45.2,8762.32,93.1,0.11,1.59,0.0,0.0,265,System Idle Process,0,msedgewebview2.exe,24064,,Healthy,0,100,,,,0
2026-08-09 01:09:33,LAPTOP-UA90UR9H,10.8,2400.0,45.3,8761.68,93.1,0.02,2.22,0.0,0.0,265,System Idle Process,0,msedgewebview2.exe,24064,,Healthy,0,100,,,,0
2026-08-09 01:09:36,LAPTOP-UA90UR9H,10.4,2400.0,45.3,8759.02,93.1,0.0,1.34,0.0,0.0,265,System Idle Process,0,msedgewebview2.exe,24064,,Healthy,0,100,,,,0
2026-08-09 01:09:38,LAPTOP-UA90UR9H,11.3,2400.0,45.3,8753.21,93.1,0.0,1.96,0.0,0.0,265,System Idle Process,0,msedgewebview2.exe,24064,,Healthy,0,100,,,,0
2026-08-09 01:09:40,LAPTOP-UA90UR9H,11.1,2400.0,44.9,8818.17,93.1,0.0,2.38,0.0,0.0,263,System Idle Process,0,msedgewebview2.exe,24064,,Healthy,0,100,,,,0
2026-08-09 01:09:43,LAPTOP-UA90UR9H,9.2,2400.0,44.8,8828.23,93.1,0.05,1.53,0.0,0.0,263,System Idle Process,0,msedgewebview2.exe,24064,,Healthy,0,100,,,,0
2026-08-09 01:09:45,LAPTOP-UA90UR9H,11.3,2400.0,44.8,8826.2,93.1,0.02,1.67,0.0,0.0,263,System Idle Process,0,msedgewebview2.exe,24064,,Healthy,0,100,,,,0
2026-08-09 01:09:48,LAPTOP-UA90UR9H,11.0,2400.0,44.8,8827.71,93.1,0.05,2.06,0.0,0.0,263,System Idle Process,0,msedgewebview2.exe,24064,,Healthy,0,100,,,,0
2026-08-09 01:09:50,LAPTOP-UA90UR9H,7.5,2400.0,44.8,8828.8,93.1,0.0,1.65,0.0,0.0,263,System Idle Process,0,msedgewebview2.exe,24064,,Healthy,0,100,,,,0
2026-08-09 01:09:53,LAPTOP-UA90UR9H,10.1,2400.0,44.8,8829.77,93.1,0.0,1.82,0.0,0.0,263,System Idle Process,0,msedgewebview2.exe,24064,,Healthy,0,100,,,,0
2026-08-09 01:09:55,LAPTOP-UA90UR9H,12.8,2400.0,44.9,8821.73,93.1,0.05,2.02,0.0,0.0,263,System Idle Process,0,msedgewebview2.exe,24064,,Healthy,0,100,,,,0
2026-08-09 01:09:58,LAPTOP-UA90UR9H,9.3,2400.0,45.0,8798.98,93.1,0.03,2.22,0.0,0.0,265,System Idle Process,0,msedgewebview2.exe,24064,,Healthy,0,100,,,,0
2026-08-09 01:10:00,LAPTOP-UA90UR9H,14.7,2400.0,44.8,8825.93,93.1,0.0,1.6,0.0,0.0,263,System Idle Process,0,msedgewebview2.exe,24064,,Healthy,0,100,,,,0
2026-08-09 01:10:03,LAPTOP-UA90UR9H,12.2,2400.0,44.8,8828.09,93.1,0.0,2.08,0.0,0.0,263,System Idle Process,0,msedgewebview2.exe,24064,,Healthy,0,100,,,,0
2026-08-09 01:10:05,LAPTOP-UA90UR9H,7.7,2400.0,44.8,8827.29,93.1,0.0,2.19,0.0,0.0,263,System Idle Process,0,msedgewebview2.exe,24064,,Healthy,0,100,,,,0
2026-08-09 01:10:08,LAPTOP-UA90UR9H,11.9,2400.0,44.8,8826.3,93.1,0.0,2.23,0.0,0.0,263,System Idle Process,0,msedgewebview2.exe,24064,,Healthy,0,100,,,,0
2026-08-09 01:10:10,LAPTOP-UA90UR9H,11.1,2400.0,44.9,8821.32,93.1,0.03,2.01,0.0,0.0,263,System Idle Process,0,msedgewebview2.exe,24064,,Healthy,0,100,,,,0
2026-08-09 01:10:13,LAPTOP-UA90UR9H,9.4,2400.0,44.9,8820.55,93.1,0.07,2.61,0.0,0.0,263,System Idle Process,0,msedgewebview2.exe,24064,,Healthy,0,100,,,,0
2026-08-09 01:10:15,LAPTOP-UA90UR9H,10.1,2400.0,44.8,8827.95,93.1,0.03,1.38,0.0,0.0,263,System Idle Process,0,msedgewebview2.exe,24064,,Healthy,0,100,,,,0
2026-08-09 01:10:17,LAPTOP-UA90UR9H,10.9,2400.0,44.9,8817.16,93.1,0.46,1.67,0.0,0.0,263,System Idle Process,0,msedgewebview2.exe,24064,,Healthy,0,100,,,,0
2026-08-09 01:10:20,LAPTOP-UA90UR9H,8.0,2400.0,44.8,8829.14,93.1,0.01,2.13,0.0,0.0,263,System Idle Process,0,msedgewebview2.exe,24064,,Healthy,0,100,,,,0
2026-08-09 01:10:22,LAPTOP-UA90UR9H,10.3,2400.0,44.9,8823.7,93.1,0.03,1.78,0.0,0.0,263,System Idle Process,0,msedgewebview2.exe,24064,,Healthy,0,100,,,,0
2026-08-09 01:10:25,LAPTOP-UA90UR9H,10.7,2400.0,44.9,8815.61,93.1,0.0,1.85,0.0,0.0,263,System Idle Process,0,msedgewebview2.exe,24064,,Healthy,0,100,,,,0
2026-08-09 01:10:27,LAPTOP-UA90UR9H,11.0,1520.0,44.9,8820.39,93.1,0.03,2.13,0.0,0.0,263,System Idle Process,0,msedgewebview2.exe,24064,,Healthy,0,100,,,,0
2026-08-09 01:10:30,LAPTOP-UA90UR9H,16.9,2400.0,44.9,8823.27,93.1,0.01,2.24,0.0,0.0,263,System Idle Process,0,msedgewebview2.exe,24064,,Healthy,0,100,,,,0
2026-08-09 01:10:32,LAPTOP-UA90UR9H,9.7,1520.0,44.9,8816.23,93.1,0.01,1.72,0.0,0.0,263,System Idle Process,0,msedgewebview2.exe,24064,,Healthy,0,100,,,,0
2026-08-09 01:10:35,LAPTOP-UA90UR9H,8.9,1520.0,44.9,8823.44,93.1,0.0,2.79,0.0,0.0,263,System Idle Process,0,msedgewebview2.exe,24064,,Healthy,0,100,,,,0
2026-08-09 01:10:37,LAPTOP-UA90UR9H,10.7,2400.0,44.9,8823.12,93.1,0.0,1.64,0.0,0.0,263,System Idle Process,0,msedgewebview2.exe,24064,,Healthy,0,100,,,,0
2026-08-09 01:10:40,LAPTOP-UA90UR9H,11.4,1520.0,44.9,8819.98,93.1,0.0,2.18,0.0,0.0,263,System Idle Process,0,msedgewebview2.exe,24064,,Healthy,0,100,,,,0
2026-08-09 01:10:42,LAPTOP-UA90UR9H,12.1,1520.0,44.9,8819.52,93.1,0.0,1.98,0.0,0.0,263,System Idle Process,0,msedgewebview2.exe,24064,,Healthy,0,100,,,,0
2026-08-09 01:10:45,LAPTOP-UA90UR9H,11.9,2400.0,44.9,8825.07,93.1,0.0,1.91,0.0,0.0,263,System Idle Process,0,msedgewebview2.exe,24064,,Healthy,0,100,,,,0
2026-08-09 01:10:47,LAPTOP-UA90UR9H,12.7,2400.0,44.7,8847.91,93.1,0.12,1.82,0.0,0.0,263,System Idle Process,0,msedgewebview2.exe,24064,,Healthy,0,100,,,,0
2026-08-09 01:10:50,LAPTOP-UA90UR9H,12.2,2400.0,44.7,8850.39,89.8,0.03,2.4,0.0,0.0,263,System Idle Process,0,msedgewebview2.exe,24064,,Healthy,0,100,,,,0
2026-08-09 01:10:52,LAPTOP-UA90UR9H,11.3,2400.0,45.1,8793.53,89.8,1.9,15.29,0.0,0.0,263,System Idle Process,0,msedgewebview2.exe,24064,,Healthy,0,100,,,,0
2026-08-09 01:10:55,LAPTOP-UA90UR9H,17.0,2400.0,45.1,8790.72,89.9,1.74,685.56,0.0,0.0,263,System Idle Process,0,msedgewebview2.exe,24064,,Healthy,0,100,,,,0
2026-08-09 01:10:57,LAPTOP-UA90UR9H,17.3,2400.0,45.0,8794.79,89.9,0.11,654.9,0.0,0.0,263,System Idle Process,0,msedgewebview2.exe,24064,,Healthy,0,100,,,,0
2026-08-09 01:11:00,LAPTOP-UA90UR9H,22.7,1520.0,45.1,8785.59,89.9,0.11,643.27,0.0,0.0,263,System Idle Process,0,msedgewebview2.exe,24064,,Healthy,0,100,,,,0
2026-08-09 01:11:03,LAPTOP-UA90UR9H,16.8,2400.0,45.1,8785.52,89.9,0.07,674.21,0.0,0.0,263,System Idle Process,0,msedgewebview2.exe,24064,,Healthy,0,100,,,,0
2026-08-09 01:11:05,LAPTOP-UA90UR9H,18.4,1520.0,45.0,8800.13,89.8,0.05,624.82,0.0,0.0,263,System Idle Process,0,msedgewebview2.exe,24064,,Healthy,0,100,,,,0
2026-08-09 01:11:08,LAPTOP-UA90UR9H,21.2,1520.0,45.2,8772.43,89.9,0.1,667.32,0.0,0.0,263,System Idle Process,0,msedgewebview2.exe,24064,,Healthy,0,100,,,,0
2026-08-09 01:11:10,LAPTOP-UA90UR9H,15.7,2400.0,45.1,8787.08,89.9,0.01,644.59,0.0,0.0,263,System Idle Process,0,msedgewebview2.exe,24064,,Healthy,0,100,,,,0
2026-08-09 01:11:13,LAPTOP-UA90UR9H,18.6,1520.0,45.1,8783.84,89.9,0.05,663.01,0.0,0.0,263,System Idle Process,0,msedgewebview2.exe,24064,,Healthy,0,100,,,,0
2026-08-09 01:11:15,LAPTOP-UA90UR9H,20.3,1520.0,45.2,8773.06,89.9,0.05,635.16,0.0,0.0,263,System Idle Process,0,msedgewebview2.exe,24064,,Healthy,0,100,,,,0
2026-08-09 01:11:18,LAPTOP-UA90UR9H,15.6,2400.0,44.9,8811.39,89.8,0.02,667.46,0.0,0.0,263,System Idle Process,0,msedgewebview2.exe,24064,,Healthy,0,100,,,,0
2026-08-09 01:11:21,LAPTOP-UA90UR9H,18.5,1520.0,45.0,8798.48,89.8,0.01,624.55,0.0,0.0,263,System Idle Process,0,msedgewebview2.exe,24064,,Healthy,0,100,,,,0
2026-08-09 01:11:23,LAPTOP-UA90UR9H,19.4,2400.0,44.8,8837.68,89.8,0.13,682.25,0.0,0.0,263,System Idle Process,0,msedgewebview2.exe,24064,,Healthy,0,100,,,,0
2026-08-09 01:11:26,LAPTOP-UA90UR9H,22.1,1520.0,45.2,8763.61,89.9,0.04,625.1,0.0,0.0,263,System Idle Process,0,msedgewebview2.exe,24064,,Healthy,0,100,,,,0
2026-08-09 01:11:28,LAPTOP-UA90UR9H,21.8,2400.0,45.5,8720.73,89.9,0.02,658.75,0.0,0.0,265,System Idle Process,0,msedgewebview2.exe,24064,,Healthy,0,100,,,,0
2026-08-09 01:11:31,LAPTOP-UA90UR9H,18.5,1520.0,45.2,8763.75,89.9,0.0,647.06,0.0,0.0,263,System Idle Process,0,msedgewebview2.exe,24064,,Healthy,0,100,,,,0
2026-08-09 01:11:34,LAPTOP-UA90UR9H,18.8,1520.0,45.2,8764.9,89.9,0.03,665.04,0.0,0.0,263,System Idle Process,0,msedgewebview2.exe,24064,,Healthy,0,100,,,,0
2026-08-09 01:11:36,LAPTOP-UA90UR9H,17.3,2400.0,44.9,8823.85,89.8,0.02,638.31,0.0,0.0,263,System Idle Process,0,msedgewebview2.exe,24064,,Healthy,0,100,,,,0
2026-08-09 01:11:39,LAPTOP-UA90UR9H,18.3,1520.0,45.1,8785.95,89.9,0.04,653.59,0.0,0.0,263,System Idle Process,0,msedgewebview2.exe,24064,,Healthy,0,100,,,,0
2026-08-09 01:11:41,LAPTOP-UA90UR9H,18.6,2400.0,45.1,8793.19,89.8,0.05,620.86,0.0,0.0,263,System Idle Process,0,msedgewebview2.exe,24064,,Healthy,0,100,,,,0
2026-08-09 01:11:44,LAPTOP-UA90UR9H,18.7,2400.0,45.0,8808.2,89.8,0.04,666.11,0.0,0.02,263,System Idle Process,0,msedgewebview2.exe,24064,,Healthy,0,100,,,,0
2026-08-09 01:11:46,LAPTOP-UA90UR9H,19.5,2400.0,44.9,8812.51,89.8,0.06,635.51,0.0,0.0,264,System Idle Process,0,msedgewebview2.exe,24064,,Healthy,0,100,,,,0
2026-08-09 01:11:49,LAPTOP-UA90UR9H,18.2,2400.0,44.8,8829.66,89.8,0.09,669.58,0.0,0.01,264,System Idle Process,0,msedgewebview2.exe,24064,,Healthy,0,100,,,,0
2026-08-09 01:11:52,LAPTOP-UA90UR9H,18.2,2400.0,44.9,8822.74,89.8,0.01,622.91,0.0,0.0,264,System Idle Process,0,msedgewebview2.exe,24064,,Healthy,0,100,,,,0
2026-08-09 01:11:54,LAPTOP-UA90UR9H,17.3,2400.0,45.2,8776.03,89.9,0.04,651.99,0.0,0.0,264,System Idle Process,0,msedgewebview2.exe,24064,,Healthy,0,100,,,,0
2026-08-09 01:11:57,LAPTOP-UA90UR9H,19.0,2400.0,45.1,8784.71,89.8,0.05,618.8,0.0,0.0,264,System Idle Process,0,msedgewebview2.exe,24064,,Healthy,0,100,,,,0
2026-08-09 01:11:59,LAPTOP-UA90UR9H,23.9,2400.0,45.2,8769.31,89.9,0.07,662.77,0.0,0.0,264,System Idle Process,0,msedgewebview2.exe,24064,,Healthy,0,100,,,,0
2026-08-09 01:12:02,LAPTOP-UA90UR9H,19.3,1520.0,45.3,8755.33,89.9,0.03,628.38,0.0,0.0,264,System Idle Process,0,msedgewebview2.exe,24064,,Healthy,0,100,,,,0
2026-08-09 01:12:05,LAPTOP-UA90UR9H,18.3,1520.0,45.1,8783.79,89.9,0.11,659.53,0.0,0.0,264,System Idle Process,0,msedgewebview2.exe,24064,,Healthy,0,100,,,,0
2026-08-09 01:12:07,LAPTOP-UA90UR9H,16.8,2400.0,45.0,8804.3,89.8,0.1,624.5,0.0,0.0,264,System Idle Process,0,msedgewebview2.exe,24064,,Healthy,0,100,,,,0
2026-08-09 01:12:10,LAPTOP-UA90UR9H,19.9,1520.0,45.2,8766.75,89.9,0.05,656.36,0.0,0.0,264,System Idle Process,0,msedgewebview2.exe,24064,,Healthy,0,100,,,,0
2026-08-09 01:12:12,LAPTOP-UA90UR9H,17.6,1520.0,45.3,8757.41,89.9,0.01,628.48,0.0,0.0,264,System Idle Process,0,msedgewebview2.exe,24064,,Healthy,0,100,,,,0
2026-08-09 01:12:15,LAPTOP-UA90UR9H,16.9,1520.0,45.1,8791.58,89.8,0.06,661.59,0.0,0.0,264,System Idle Process,0,msedgewebview2.exe,24064,,Healthy,0,100,,,,0
2026-08-09 01:12:17,LAPTOP-UA90UR9H,18.1,2400.0,45.1,8778.15,89.9,0.21,632.46,0.0,0.0,264,System Idle Process,0,msedgewebview2.exe,24064,,Healthy,0,100,,,,0
2026-08-09 01:12:20,LAPTOP-UA90UR9H,19.8,1520.0,45.2,8771.85,89.9,0.06,655.44,0.0,0.0,264,System Idle Process,0,msedgewebview2.exe,24064,,Healthy,0,100,,,,0
2026-08-09 01:12:23,LAPTOP-UA90UR9H,17.8,1520.0,45.2,8774.7,89.9,0.02,627.36,0.0,0.0,264,System Idle Process,0,msedgewebview2.exe,24064,,Healthy,0,100,,,,0
2026-08-09 01:12:25,LAPTOP-UA90UR9H,18.2,2400.0,45.0,8795.63,89.8,0.04,659.52,0.0,0.0,264,System Idle Process,0,msedgewebview2.exe,24064,,Healthy,0,100,,,,0
2026-08-09 01:12:28,LAPTOP-UA90UR9H,19.8,1520.0,45.1,8778.65,89.8,0.02,619.59,0.0,0.0,266,System Idle Process,0,msedgewebview2.exe,24064,,Healthy,0,100,,,,0
2026-08-09 01:12:30,LAPTOP-UA90UR9H,22.0,1520.0,44.9,8824.72,89.8,0.0,660.94,0.0,0.0,264,System Idle Process,0,msedgewebview2.exe,24064,,Healthy,0,100,,,,0
2026-08-09 01:12:33,LAPTOP-UA90UR9H,16.9,2400.0,45.2,8765.71,89.9,0.09,624.58,0.0,0.0,264,System Idle Process,0,msedgewebview2.exe,24064,,Healthy,0,100,,,,0
2026-08-09 01:12:36,LAPTOP-UA90UR9H,18.7,2400.0,45.2,8775.38,89.9,0.04,665.72,0.0,0.0,264,System Idle Process,0,msedgewebview2.exe,24064,,Healthy,0,100,,,,0
2026-08-09 01:12:38,LAPTOP-UA90UR9H,19.9,2400.0,45.2,8765.53,89.9,0.05,615.87,0.0,0.0,264,System Idle Process,0,msedgewebview2.exe,24064,,Healthy,0,100,,,,0
2026-08-09 01:12:41,LAPTOP-UA90UR9H,17.0,1520.0,45.2,8770.8,89.9,0.04,669.8,0.0,0.0,264,System Idle Process,0,msedgewebview2.exe,24064,,Healthy,0,100,,,,0
2026-08-09 01:12:43,LAPTOP-UA90UR9H,20.1,2400.0,45.5,8719.35,89.9,0.14,626.4,0.0,0.0,265,System Idle Process,0,msedgewebview2.exe,24064,,Healthy,0,100,,,,0
2026-08-09 01:12:46,LAPTOP-UA90UR9H,21.4,2400.0,45.7,8692.32,89.9,0.81,649.68,0.01,0.01,266,System Idle Process,0,msedgewebview2.exe,24064,,Healthy,0,100,,,,0
2026-08-09 01:12:49,LAPTOP-UA90UR9H,29.1,1520.0,45.6,8709.39,89.8,0.72,611.75,0.0,0.01,268,System Idle Process,0,msedgewebview2.exe,24064,,Healthy,0,100,,,,0
2026-08-09 01:12:52,LAPTOP-UA90UR9H,23.1,2400.0,45.8,8672.05,89.9,0.34,649.8,0.0,0.02,268,System Idle Process,0,msedgewebview2.exe,24064,,Healthy,0,100,,,,0
2026-08-09 01:12:54,LAPTOP-UA90UR9H,27.2,2400.0,45.9,8655.56,89.9,1.6,618.6,0.0,0.0,268,System Idle Process,0,msedgewebview2.exe,24064,,Healthy,0,100,,,,0
2026-08-09 01:12:57,LAPTOP-UA90UR9H,18.8,1520.0,45.9,8651.26,89.9,0.11,661.83,0.0,0.0,268,System Idle Process,0,msedgewebview2.exe,24064,,Healthy,0,100,,,,0
2026-08-09 01:12:59,LAPTOP-UA90UR9H,23.0,2400.0,45.8,8666.56,89.9,0.13,646.09,0.0,0.0,268,System Idle Process,0,msedgewebview2.exe,24064,,Healthy,0,100,,,,0
2026-08-09 01:13:02,LAPTOP-UA90UR9H,18.1,2400.0,45.9,8656.89,89.9,0.09,615.91,0.0,0.0,268,System Idle Process,0,msedgewebview2.exe,24064,,Healthy,0,100,,,,0
2026-08-09 01:13:05,LAPTOP-UA90UR9H,18.5,1520.0,45.9,8656.06,89.9,0.09,668.43,0.0,0.0,268,System Idle Process,0,msedgewebview2.exe,24064,,Healthy,0,100,,,,0
2026-08-09 01:13:07,LAPTOP-UA90UR9H,18.9,1520.0,45.5,8723.62,89.8,0.05,616.14,0.0,0.0,267,System Idle Process,0,msedgewebview2.exe,24064,,Healthy,0,100,,,,0
2026-08-09 01:13:10,LAPTOP-UA90UR9H,18.5,1520.0,45.6,8709.62,89.8,0.08,662.07,0.0,0.0,267,System Idle Process,0,msedgewebview2.exe,24064,,Healthy,0,100,,,,0
2026-08-09 01:13:12,LAPTOP-UA90UR9H,17.8,2400.0,45.5,8717.8,89.9,0.08,620.68,0.0,0.0,267,System Idle Process,0,msedgewebview2.exe,24064,,Healthy,0,100,,,,0
2026-08-09 01:13:15,LAPTOP-UA90UR9H,19.1,2400.0,45.3,8750.6,89.9,0.07,659.44,0.0,0.0,265,System Idle Process,0,msedgewebview2.exe,24064,,Healthy,0,100,,,,0
2026-08-09 01:13:18,LAPTOP-UA90UR9H,16.2,1520.0,45.0,8795.45,89.8,0.12,625.99,0.0,0.0,265,System Idle Process,0,msedgewebview2.exe,24064,,Healthy,0,100,,,,0
2026-08-09 01:13:20,LAPTOP-UA90UR9H,16.0,1520.0,45.4,8745.12,89.9,0.13,655.55,0.0,0.0,265,System Idle Process,0,msedgewebview2.exe,24064,,Healthy,0,100,,,,0
2026-08-09 01:13:23,LAPTOP-UA90UR9H,18.2,2400.0,45.2,8763.37,89.9,0.05,610.6,0.0,0.0,265,System Idle Process,0,msedgewebview2.exe,24064,,Healthy,0,100,,,,0
2026-08-09 01:13:25,LAPTOP-UA90UR9H,19.6,2400.0,45.4,8735.61,89.9,0.06,661.29,0.0,0.0,265,System Idle Process,0,msedgewebview2.exe,24064,,Healthy,0,100,,,,0
2026-08-09 01:13:28,LAPTOP-UA90UR9H,18.3,2400.0,45.3,8761.47,89.8,0.05,624.41,0.0,0.0,267,System Idle Process,0,msedgewebview2.exe,24064,,Healthy,0,100,,,,0
2026-08-09 01:13:31,LAPTOP-UA90UR9H,24.5,1520.0,45.4,8742.49,89.9,0.07,651.83,0.0,0.0,265,System Idle Process,0,msedgewebview2.exe,24064,,Healthy,0,100,,,,0
2026-08-09 01:13:33,LAPTOP-UA90UR9H,19.2,2400.0,45.4,8731.09,89.9,3.11,628.07,0.0,0.0,266,System Idle Process,0,msedgewebview2.exe,24064,,Healthy,0,100,,,,0
2026-08-09 01:13:36,LAPTOP-UA90UR9H,18.3,2400.0,45.3,8753.39,89.8,1.13,653.5,0.0,0.0,266,System Idle Process,0,msedgewebview2.exe,24064,,Healthy,0,100,,,,0
2026-08-09 01:13:38,LAPTOP-UA90UR9H,22.7,2400.0,45.7,8681.87,89.8,3.93,615.88,0.0,0.0,268,System Idle Process,0,msedgewebview2.exe,24064,,Healthy,0,100,,,,0
2026-08-09 01:13:41,LAPTOP-UA90UR9H,36.5,2400.0,45.9,8658.95,89.8,14.27,641.78,0.0,0.01,271,System Idle Process,0,msedgewebview2.exe,24064,,Healthy,0,100,,,,0
2026-08-09 01:13:44,LAPTOP-UA90UR9H,36.7,2400.0,46.4,8584.64,89.9,7.39,560.27,0.01,0.0,272,System Idle Process,0,msedgewebview2.exe,24064,,Healthy,0,100,,,,0
2026-08-09 01:13:47,LAPTOP-UA90UR9H,37.4,2400.0,46.4,8584.44,89.9,9.77,617.3,0.0,0.0,272,System Idle Process,0,msedgewebview2.exe,24064,,Healthy,0,100,,,,0
2026-08-09 01:13:50,LAPTOP-UA90UR9H,34.9,2400.0,46.1,8633.46,89.8,3.37,592.1,0.0,0.0,271,System Idle Process,0,msedgewebview2.exe,24064,,Healthy,0,100,,,,0
2026-08-09 01:13:52,LAPTOP-UA90UR9H,36.1,1520.0,46.5,8565.85,89.9,14.33,620.96,0.0,0.0,273,System Idle Process,0,msedgewebview2.exe,24064,,Healthy,0,100,,,,0
2026-08-09 01:13:55,LAPTOP-UA90UR9H,35.8,1520.0,46.8,8516.99,89.9,1.89,621.13,0.0,0.0,274,System Idle Process,0,msedgewebview2.exe,24064,,Healthy,0,100,,,,0
2026-08-09 01:13:58,LAPTOP-UA90UR9H,33.5,1520.0,46.5,8568.26,89.8,1.84,613.46,0.05,0.0,274,System Idle Process,0,msedgewebview2.exe,24064,,Healthy,0,100,,,,0
2026-08-09 01:14:00,LAPTOP-UA90UR9H,34.8,1520.0,46.8,8507.67,89.9,1.6,627.55,0.0,0.0,274,System Idle Process,0,msedgewebview2.exe,24064,,Healthy,0,100,,,,0
2026-08-09 01:14:03,LAPTOP-UA90UR9H,32.2,2400.0,46.8,8517.2,89.9,1.8,620.37,0.0,0.0,274,System Idle Process,0,msedgewebview2.exe,24064,,Healthy,0,100,,,,0
2026-08-09 01:14:06,LAPTOP-UA90UR9H,33.4,1520.0,46.7,8535.82,89.9,1.83,642.12,0.0,0.0,274,System Idle Process,0,msedgewebview2.exe,24064,,Healthy,0,100,,,,0
2026-08-09 01:14:08,LAPTOP-UA90UR9H,32.2,2400.0,46.8,8515.53,89.9,1.55,611.97,0.0,0.0,274,System Idle Process,0,msedgewebview2.exe,24064,,Healthy,0,100,,,,0
2026-08-09 01:14:11,LAPTOP-UA90UR9H,33.6,1520.0,46.5,8556.11,89.9,1.67,648.89,0.0,0.01,274,System Idle Process,0,msedgewebview2.exe,24064,,Healthy,0,100,,,,0
2026-08-09 01:14:14,LAPTOP-UA90UR9H,29.2,1520.0,46.7,8521.98,89.8,0.11,626.54,0.0,0.06,274,System Idle Process,0,msedgewebview2.exe,24064,,Healthy,0,100,,,,0
2026-08-09 01:14:17,LAPTOP-UA90UR9H,20.9,1520.0,46.7,8524.8,89.8,0.69,656.56,0.0,0.06,274,System Idle Process,0,msedgewebview2.exe,24064,,Healthy,0,100,,,,0
2026-08-09 01:14:19,LAPTOP-UA90UR9H,27.1,1520.0,46.6,8551.82,89.8,0.22,611.0,0.0,0.0,273,System Idle Process,0,msedgewebview2.exe,24064,,Healthy,0,100,,,,0
2026-08-09 01:14:22,LAPTOP-UA90UR9H,19.3,1520.0,46.6,8541.13,89.8,0.16,648.98,0.05,0.02,272,System Idle Process,0,msedgewebview2.exe,24064,,Healthy,0,100,,,,0
2026-08-09 01:14:25,LAPTOP-UA90UR9H,17.1,2400.0,46.4,8584.43,89.8,0.1,631.19,0.0,0.08,271,System Idle Process,0,msedgewebview2.exe,24064,,Healthy,0,100,,,,0
2026-08-09 01:14:27,LAPTOP-UA90UR9H,19.2,2400.0,46.3,8586.7,89.8,0.05,646.1,0.01,0.07,271,System Idle Process,0,msedgewebview2.exe,24064,,Healthy,0,100,,,,0
2026-08-09 01:14:30,LAPTOP-UA90UR9H,28.5,2400.0,46.3,8592.68,89.8,0.28,607.56,0.0,0.02,271,System Idle Process,0,msedgewebview2.exe,24064,,Healthy,0,100,,,,0
2026-08-09 01:14:33,LAPTOP-UA90UR9H,17.7,2400.0,46.3,8601.16,89.8,0.04,668.26,0.06,0.0,270,System Idle Process,0,msedgewebview2.exe,24064,,Healthy,0,100,,,,0
2026-08-09 01:14:35,LAPTOP-UA90UR9H,22.0,2400.0,45.9,8654.05,89.8,0.05,623.48,0.01,0.0,270,System Idle Process,0,msedgewebview2.exe,24064,,Healthy,0,100,,,,0
2026-08-09 01:14:38,LAPTOP-UA90UR9H,19.1,2400.0,46.3,8598.8,89.8,0.05,653.06,0.0,0.0,270,System Idle Process,0,msedgewebview2.exe,24064,,Healthy,0,100,,,,0
2026-08-09 01:14:41,LAPTOP-UA90UR9H,16.1,1520.0,46.0,8644.02,89.8,0.18,631.01,0.0,0.08,270,System Idle Process,0,msedgewebview2.exe,24064,,Healthy,0,100,,,,0
2026-08-09 01:14:43,LAPTOP-UA90UR9H,22.7,2400.0,46.3,8598.42,89.8,0.21,656.96,0.0,0.06,269,System Idle Process,0,msedgewebview2.exe,24064,,Healthy,0,100,,,,0
2026-08-09 01:14:46,LAPTOP-UA90UR9H,22.2,2400.0,46.0,8634.5,89.8,0.1,637.11,0.04,0.0,269,System Idle Process,0,msedgewebview2.exe,24064,,Healthy,0,100,,,,0
2026-08-09 01:14:49,LAPTOP-UA90UR9H,25.6,2400.0,45.9,8656.96,89.8,0.05,656.54,0.01,0.0,269,System Idle Process,0,msedgewebview2.exe,24064,,Healthy,0,100,,,,0
2026-08-09 01:14:51,LAPTOP-UA90UR9H,24.0,2400.0,46.4,8583.3,89.8,6.79,631.65,0.0,0.0,269,System Idle Process,0,msedgewebview2.exe,24064,,Healthy,0,100,,,,0
2026-08-09 01:14:54,LAPTOP-UA90UR9H,24.5,1520.0,46.4,8579.65,89.8,1.33,612.87,0.0,0.0,269,System Idle Process,0,msedgewebview2.exe,24064,,Healthy,0,100,,,,0
2026-08-09 01:14:57,LAPTOP-UA90UR9H,29.0,2400.0,46.2,8605.07,89.8,1.81,670.48,0.0,0.0,269,System Idle Process,0,msedgewebview2.exe,24064,,Healthy,0,100,,,,0
2026-08-09 01:15:00,LAPTOP-UA90UR9H,31.0,1520.0,46.2,8604.22,89.8,0.26,591.42,0.0,0.0,269,System Idle Process,0,msedgewebview2.exe,24064,,Healthy,0,100,,,,0
2026-08-09 01:15:02,LAPTOP-UA90UR9H,25.0,1520.0,46.5,8563.08,89.8,0.03,640.75,0.0,0.0,269,System Idle Process,0,msedgewebview2.exe,24064,,Healthy,0,100,,,,0
2026-08-09 01:15:05,LAPTOP-UA90UR9H,25.7,1520.0,46.1,8633.21,89.8,0.11,627.3,0.0,0.0,269,System Idle Process,0,msedgewebview2.exe,24064,,Healthy,0,100,,,,0
2026-08-09 01:15:08,LAPTOP-UA90UR9H,24.3,2400.0,46.4,8579.42,89.8,0.17,669.44,0.0,0.0,269,System Idle Process,0,msedgewebview2.exe,24064,,Healthy,0,100,,,,0
2026-08-09 01:15:10,LAPTOP-UA90UR9H,27.0,2400.0,46.4,8575.04,89.8,0.1,609.45,0.0,0.0,269,System Idle Process,0,msedgewebview2.exe,24064,,Healthy,0,100,,,,0
2026-08-09 01:15:13,LAPTOP-UA90UR9H,26.1,2400.0,46.1,8630.43,89.8,0.23,661.97,0.0,0.0,269,System Idle Process,0,msedgewebview2.exe,24064,,Healthy,0,100,,,,0
2026-08-09 01:15:16,LAPTOP-UA90UR9H,25.0,1520.0,46.4,8581.25,89.8,0.17,626.34,0.0,0.0,269,System Idle Process,0,msedgewebview2.exe,24064,,Healthy,0,100,,,,0
2026-08-09 01:15:18,LAPTOP-UA90UR9H,27.1,2400.0,46.2,8612.3,89.8,0.12,661.48,0.0,0.0,269,System Idle Process,0,msedgewebview2.exe,24064,,Healthy,0,100,,,,0
2026-08-09 01:15:21,LAPTOP-UA90UR9H,26.1,2400.0,46.4,8574.95,89.8,0.08,616.94,0.0,0.0,269,System Idle Process,0,msedgewebview2.exe,24064,,Healthy,0,100,,,,0
2026-08-09 01:15:24,LAPTOP-UA90UR9H,26.6,2400.0,46.4,8585.16,89.8,0.14,676.94,0.0,0.0,269,System Idle Process,0,msedgewebview2.exe,24064,,Healthy,0,100,,,,0
2026-08-09 01:15:26,LAPTOP-UA90UR9H,25.9,2400.0,46.4,8582.09,89.8,0.34,624.63,0.0,0.0,269,System Idle Process,0,msedgewebview2.exe,24064,,Healthy,0,100,,,,0
2026-08-09 01:15:29,LAPTOP-UA90UR9H,29.6,2400.0,46.4,8585.59,89.8,0.06,657.97,0.0,0.0,269,System Idle Process,0,msedgewebview2.exe,24064,,Healthy,0,100,,,,0
2026-08-09 01:15:31,LAPTOP-UA90UR9H,27.8,1520.0,46.3,8589.72,89.8,0.12,616.16,0.0,0.0,269,System Idle Process,0,msedgewebview2.exe,24064,,Healthy,0,100,,,,0
2026-08-09 01:15:34,LAPTOP-UA90UR9H,26.3,2400.0,46.4,8584.45,89.8,0.11,669.43,0.0,0.0,269,System Idle Process,0,msedgewebview2.exe,24064,,Healthy,0,100,,,,0
2026-08-09 01:15:37,LAPTOP-UA90UR9H,24.4,2400.0,46.4,8579.83,89.8,0.06,637.07,0.0,0.0,269,System Idle Process,0,msedgewebview2.exe,24064,,Healthy,0,100,,,,0
2026-08-09 01:15:39,LAPTOP-UA90UR9H,26.0,1520.0,46.1,8625.98,89.8,0.03,661.42,0.0,0.0,269,System Idle Process,0,msedgewebview2.exe,24064,,Healthy,0,100,,,,0
2026-08-09 01:15:42,LAPTOP-UA90UR9H,25.1,2400.0,46.4,8585.33,89.8,0.03,630.13,0.0,0.0,269,System Idle Process,0,msedgewebview2.exe,24064,,Healthy,0,100,,,,0
2026-08-09 01:15:45,LAPTOP-UA90UR9H,27.2,1520.0,46.3,8588.78,89.8,0.04,625.73,0.0,0.0,269,System Idle Process,0,msedgewebview2.exe,24064,,Healthy,0,100,,,,0
2026-08-09 01:15:47,LAPTOP-UA90UR9H,26.9,2400.0,46.3,8593.32,89.8,0.02,644.4,0.0,0.0,269,System Idle Process,0,msedgewebview2.exe,24064,,Healthy,0,100,,,,0
2026-08-09 01:15:50,LAPTOP-UA90UR9H,28.3,1520.0,46.0,8642.18,89.8,0.06,648.43,0.0,0.0,269,System Idle Process,0,msedgewebview2.exe,24064,,Healthy,0,100,,,,0
2026-08-09 01:15:53,LAPTOP-UA90UR9H,26.5,2400.0,46.4,8583.44,89.8,2.46,632.01,0.0,0.0,269,System Idle Process,0,msedgewebview2.exe,24064,,Healthy,0,100,,,,0
2026-08-09 01:15:55,LAPTOP-UA90UR9H,28.7,2400.0,46.5,8569.05,89.8,5.32,628.69,0.01,0.01,269,System Idle Process,0,msedgewebview2.exe,24064,,Healthy,0,100,,,,0
2026-08-09 01:15:58,LAPTOP-UA90UR9H,27.5,1520.0,46.6,8548.48,89.8,0.11,659.97,0.01,0.0,271,System Idle Process,0,msedgewebview2.exe,24064,,Healthy,0,100,,,,0
2026-08-09 01:16:01,LAPTOP-UA90UR9H,30.4,1520.0,46.4,8571.31,89.8,0.14,616.46,0.0,0.0,269,System Idle Process,0,msedgewebview2.exe,24064,,Healthy,0,100,,,,0
2026-08-09 01:16:03,LAPTOP-UA90UR9H,24.7,2400.0,46.4,8570.8,89.8,0.02,660.86,0.0,0.0,269,System Idle Process,0,msedgewebview2.exe,24064,,Healthy,0,100,,,,0
2026-08-09 01:16:06,LAPTOP-UA90UR9H,25.0,1520.0,46.4,8570.48,89.8,0.11,625.6,0.0,0.0,269,System Idle Process,0,msedgewebview2.exe,24064,,Healthy,0,100,,,,0
2026-08-09 01:16:09,LAPTOP-UA90UR9H,26.5,2400.0,46.4,8580.83,89.8,0.03,659.01,0.0,0.0,269,System Idle Process,0,msedgewebview2.exe,24064,,Healthy,0,100,,,,0
2026-08-09 01:16:11,LAPTOP-UA90UR9H,26.6,2400.0,46.1,8624.61,89.8,0.04,621.29,0.0,0.0,269,System Idle Process,0,msedgewebview2.exe,24064,,Healthy,0,100,,,,0
2026-08-09 01:16:14,LAPTOP-UA90UR9H,25.4,1520.0,46.1,8631.25,89.8,0.4,671.4,0.0,0.0,269,System Idle Process,0,msedgewebview2.exe,24064,,Healthy,0,100,,,,0
2026-08-09 01:16:17,LAPTOP-UA90UR9H,27.0,1520.0,46.5,8564.69,89.8,0.43,599.2,0.0,0.0,269,System Idle Process,0,msedgewebview2.exe,24064,,Healthy,0,100,,,,0
2026-08-09 01:16:20,LAPTOP-UA90UR9H,30.5,1520.0,46.8,8507.75,89.8,3.34,663.62,0.01,0.01,271,System Idle Process,0,msedgewebview2.exe,24064,,Healthy,0,100,,,,0
2026-08-09 01:16:22,LAPTOP-UA90UR9H,28.6,1520.0,47.0,8479.05,89.8,0.68,597.43,0.0,0.0,271,System Idle Process,0,msedgewebview2.exe,24064,,Healthy,0,100,,,,0
2026-08-09 01:16:25,LAPTOP-UA90UR9H,27.5,1520.0,47.1,8465.27,89.8,0.09,666.09,0.0,0.0,271,System Idle Process,0,msedgewebview2.exe,24064,,Healthy,0,100,,,,0
2026-08-09 01:16:28,LAPTOP-UA90UR9H,24.3,1520.0,47.1,8465.32,89.8,0.21,646.24,0.0,0.0,271,System Idle Process,0,msedgewebview2.exe,24064,,Healthy,0,100,,,,0
2026-08-09 01:16:30,LAPTOP-UA90UR9H,31.6,2400.0,46.9,8492.42,89.8,0.15,644.71,0.0,0.0,271,System Idle Process,0,msedgewebview2.exe,24064,,Healthy,0,100,,,,0
2026-08-09 01:16:33,LAPTOP-UA90UR9H,28.0,1520.0,47.1,8468.95,89.8,0.05,608.44,0.0,0.0,271,System Idle Process,0,msedgewebview2.exe,24064,,Healthy,0,100,,,,0
2026-08-09 01:16:36,LAPTOP-UA90UR9H,23.6,2400.0,47.1,8472.86,89.8,0.02,640.74,0.0,0.0,271,System Idle Process,0,msedgewebview2.exe,24064,,Healthy,0,100,,,,0
2026-08-09 01:16:38,LAPTOP-UA90UR9H,26.7,2400.0,46.9,8493.76,89.8,0.89,619.93,0.0,0.0,271,System Idle Process,0,msedgewebview2.exe,24064,,Healthy,0,100,,,,0
2026-08-09 01:16:41,LAPTOP-UA90UR9H,27.2,2400.0,47.1,8465.16,89.8,0.75,659.64,0.0,0.0,271,System Idle Process,0,msedgewebview2.exe,24064,,Healthy,0,100,,,,0
2026-08-09 01:16:44,LAPTOP-UA90UR9H,25.6,1520.0,47.1,8458.81,89.8,0.23,627.62,0.0,0.0,271,System Idle Process,0,msedgewebview2.exe,24064,,Healthy,0,100,,,,0
2026-08-09 01:16:46,LAPTOP-UA90UR9H,28.4,1520.0,47.1,8462.74,89.8,0.33,651.16,0.0,0.0,271,System Idle Process,0,msedgewebview2.exe,24064,,Healthy,0,100,,,,0
2026-08-09 01:16:49,LAPTOP-UA90UR9H,25.7,2400.0,46.8,8517.28,89.8,0.06,664.42,0.0,0.0,269,System Idle Process,0,msedgewebview2.exe,24064,,Healthy,0,100,,,,0
2026-08-09 01:16:52,LAPTOP-UA90UR9H,26.6,1520.0,46.8,8514.97,89.8,0.01,651.4,0.0,0.0,269,System Idle Process,0,msedgewebview2.exe,24064,,Healthy,0,100,,,,0
2026-08-09 01:16:54,LAPTOP-UA90UR9H,25.4,2400.0,46.7,8533.93,89.8,0.22,633.79,0.0,0.0,269,System Idle Process,0,msedgewebview2.exe,24064,,Healthy,0,100,,,,0
2026-08-09 01:16:57,LAPTOP-UA90UR9H,26.5,2400.0,46.7,8525.1,89.8,0.02,666.94,0.0,0.0,269,System Idle Process,0,msedgewebview2.exe,24064,,Healthy,0,100,,,,0
2026-08-09 01:17:00,LAPTOP-UA90UR9H,30.9,2400.0,46.7,8526.23,89.8,0.11,610.47,0.0,0.0,269,System Idle Process,0,msedgewebview2.exe,24064,,Healthy,0,100,,,,0
2026-08-09 01:17:02,LAPTOP-UA90UR9H,27.3,2400.0,46.8,8516.64,89.8,0.04,645.01,0.0,0.0,269,System Idle Process,0,msedgewebview2.exe,24064,,Healthy,0,100,,,,0
2026-08-09 01:17:05,LAPTOP-UA90UR9H,26.0,1520.0,46.7,8523.2,89.8,0.06,643.1,0.0,0.0,269,System Idle Process,0,msedgewebview2.exe,24064,,Healthy,0,100,,,,0
2026-08-09 01:17:08,LAPTOP-UA90UR9H,29.0,2400.0,46.8,8519.35,89.8,0.02,634.24,0.0,0.0,269,System Idle Process,0,msedgewebview2.exe,24064,,Healthy,0,100,,,,0
2026-08-09 01:17:10,LAPTOP-UA90UR9H,25.8,1520.0,46.8,8506.73,89.8,0.01,643.55,0.0,0.0,269,System Idle Process,0,msedgewebview2.exe,24064,,Healthy,0,100,,,,0
2026-08-09 01:17:13,LAPTOP-UA90UR9H,30.4,2400.0,46.8,8518.72,89.8,0.02,602.93,0.0,0.0,269,System Idle Process,0,msedgewebview2.exe,24064,,Healthy,0,100,,,,0
2026-08-09 01:17:16,LAPTOP-UA90UR9H,24.8,2400.0,46.8,8521.43,89.8,0.03,652.41,0.0,0.0,269,System Idle Process,0,msedgewebview2.exe,24064,,Healthy,0,100,,,,0
2026-08-09 01:17:19,LAPTOP-UA90UR9H,24.6,1520.0,46.5,8555.92,89.8,0.09,634.01,0.0,0.0,269,System Idle Process,0,msedgewebview2.exe,24064,,Healthy,0,100,,,,0
2026-08-09 01:17:21,LAPTOP-UA90UR9H,26.3,2400.0,46.3,8586.56,89.8,0.47,670.08,0.0,0.0,267,System Idle Process,0,msedgewebview2.exe,24064,,Healthy,0,100,,,,0
2026-08-09 01:17:24,LAPTOP-UA90UR9H,26.0,2400.0,46.6,8550.93,89.8,0.11,629.9,0.0,0.0,267,System Idle Process,0,msedgewebview2.exe,24064,,Healthy,0,100,,,,0
2026-08-09 01:17:26,LAPTOP-UA90UR9H,24.8,2400.0,46.7,8529.8,89.8,0.06,664.33,0.0,0.0,267,System Idle Process,0,msedgewebview2.exe,24064,,Healthy,0,100,,,,0
2026-08-09 01:17:29,LAPTOP-UA90UR9H,31.2,2400.0,46.7,8535.71,89.8,0.09,630.98,0.0,0.0,267,System Idle Process,0,msedgewebview2.exe,24064,,Healthy,0,100,,,,0
2026-08-09 01:17:32,LAPTOP-UA90UR9H,26.6,2400.0,46.7,8529.27,89.8,0.02,655.46,0.0,0.0,267,System Idle Process,0,msedgewebview2.exe,24064,,Healthy,0,100,,,,0
2026-08-09 01:17:35,LAPTOP-UA90UR9H,36.1,2400.0,47.1,8471.24,89.8,4.01,619.09,0.0,0.0,271,System Idle Process,0,msedgewebview2.exe,24064,,Healthy,0,100,,,,0
2026-08-09 01:17:38,LAPTOP-UA90UR9H,26.9,2400.0,46.6,8542.49,89.8,0.1,639.42,0.0,0.0,270,System Idle Process,0,msedgewebview2.exe,24064,,Healthy,0,100,,,,0
2026-08-09 01:17:40,LAPTOP-UA90UR9H,27.4,2400.0,46.8,8517.65,89.8,0.03,618.74,0.0,0.0,270,System Idle Process,0,msedgewebview2.exe,24064,,Healthy,0,100,,,,0
2026-08-09 01:17:43,LAPTOP-UA90UR9H,26.6,2400.0,46.8,8506.62,89.8,0.01,625.79,0.0,0.0,270,System Idle Process,0,msedgewebview2.exe,24064,,Healthy,0,100,,,,0
2026-08-09 01:17:46,LAPTOP-UA90UR9H,25.3,2400.0,46.8,8510.8,89.8,0.41,650.44,0.0,0.0,270,System Idle Process,0,msedgewebview2.exe,24064,,Healthy,0,100,,,,0
2026-08-09 01:17:48,LAPTOP-UA90UR9H,21.8,2400.0,46.5,8554.95,89.8,1.01,643.73,0.0,0.01,270,System Idle Process,0,msedgewebview2.exe,24064,,Healthy,0,100,,,,0
2026-08-09 01:17:51,LAPTOP-UA90UR9H,26.1,2400.0,46.8,8509.46,89.8,1.44,663.02,0.0,0.0,270,System Idle Process,0,msedgewebview2.exe,24064,,Healthy,0,100,,,,0
2026-08-09 01:17:54,LAPTOP-UA90UR9H,24.8,2400.0,47.0,8485.78,89.8,5.73,627.08,0.0,0.0,270,System Idle Process,0,msedgewebview2.exe,24064,,Healthy,0,100,,,,0
2026-08-09 01:17:56,LAPTOP-UA90UR9H,26.9,1520.0,47.1,8461.98,89.8,0.15,650.79,0.0,0.0,270,System Idle Process,0,msedgewebview2.exe,24064,,Healthy,0,100,,,,0
2026-08-09 01:17:59,LAPTOP-UA90UR9H,25.3,2400.0,47.2,8448.24,89.8,0.59,631.95,0.0,0.0,271,System Idle Process,0,msedgewebview2.exe,24064,,Healthy,0,100,,,,0
2026-08-09 01:18:02,LAPTOP-UA90UR9H,21.8,1520.0,47.0,8481.72,89.8,0.42,653.28,0.0,0.0,271,System Idle Process,0,msedgewebview2.exe,24064,,Healthy,0,100,,,,0
2026-08-09 01:18:04,LAPTOP-UA90UR9H,18.4,1520.0,47.1,8472.28,89.8,0.08,619.23,0.06,0.0,271,System Idle Process,0,msedgewebview2.exe,24064,,Healthy,0,100,,,,0
2026-08-09 01:18:07,LAPTOP-UA90UR9H,19.7,1520.0,47.1,8468.61,89.8,0.09,654.25,0.05,0.0,271,System Idle Process,0,msedgewebview2.exe,24064,,Healthy,0,100,,,,0
2026-08-09 01:18:10,LAPTOP-UA90UR9H,28.1,1520.0,47.0,8484.39,89.8,0.27,635.65,0.0,0.0,270,System Idle Process,0,msedgewebview2.exe,24064,,Healthy,0,100,,,,0
2026-08-09 01:18:13,LAPTOP-UA90UR9H,27.4,2400.0,47.2,8449.75,89.8,0.04,639.97,0.0,0.0,270,System Idle Process,0,msedgewebview2.exe,24064,,Healthy,0,100,,,,0
2026-08-09 01:18:15,LAPTOP-UA90UR9H,28.2,2400.0,47.1,8469.7,89.8,0.18,610.48,0.0,0.0,271,System Idle Process,0,msedgewebview2.exe,24064,,Healthy,0,100,,,,0
2026-08-09 01:18:18,LAPTOP-UA90UR9H,25.6,2400.0,47.0,8486.98,89.8,1.29,635.95,0.0,0.01,273,System Idle Process,0,msedgewebview2.exe,24064,,Healthy,0,100,,,,0
2026-08-09 01:18:21,LAPTOP-UA90UR9H,21.7,1520.0,47.0,8479.46,89.8,1.63,624.11,0.01,0.16,275,System Idle Process,0,msedgewebview2.exe,24064,,Healthy,0,100,,,,0
2026-08-09 01:18:24,LAPTOP-UA90UR9H,22.1,1520.0,46.7,8534.39,89.8,0.56,647.37,0.0,0.08,274,System Idle Process,0,msedgewebview2.exe,24064,,Healthy,0,100,,,,0
2026-08-09 01:18:26,LAPTOP-UA90UR9H,28.4,1520.0,48.4,8262.42,89.8,83.28,617.55,0.0,0.0,277,System Idle Process,0,MsMpEng.exe,14364,,Healthy,0,100,,,,0
2026-08-09 01:18:30,LAPTOP-UA90UR9H,35.6,1520.0,50.6,7908.78,89.8,0.3,638.74,0.0,0.0,277,System Idle Process,0,MsMpEng.exe,14364,,Healthy,0,100,,,,0
2026-08-09 01:18:37,LAPTOP-UA90UR9H,35.8,2400.0,48.0,8319.65,89.8,23.97,666.62,0.0,0.0,274,System Idle Process,0,msedgewebview2.exe,24064,,Healthy,0,100,,,,0
2026-08-09 01:18:40,LAPTOP-UA90UR9H,35.3,2400.0,47.3,8431.87,89.8,34.12,623.91,0.0,0.0,273,System Idle Process,0,msedgewebview2.exe,24064,,Healthy,0,100,,,,0
2026-08-09 01:18:43,LAPTOP-UA90UR9H,31.8,2400.0,47.0,8476.95,89.8,7.76,617.21,0.0,0.0,273,System Idle Process,0,msedgewebview2.exe,24064,,Healthy,0,100,,,,0
2026-08-09 01:18:46,LAPTOP-UA90UR9H,29.6,2400.0,47.1,8463.27,89.8,8.04,613.09,0.0,0.0,273,System Idle Process,0,msedgewebview2.exe,24064,,Healthy,0,100,,,,0
2026-08-09 01:18:48,LAPTOP-UA90UR9H,29.4,1520.0,47.4,8410.11,89.8,78.95,636.76,0.0,0.0,272,System Idle Process,0,msedgewebview2.exe,24064,,Healthy,0,100,,,,0
2026-08-09 01:18:51,LAPTOP-UA90UR9H,18.1,2400.0,47.3,8440.17,89.8,0.31,627.27,0.0,0.0,272,System Idle Process,0,msedgewebview2.exe,24064,,Healthy,0,100,,,,0
2026-08-09 01:18:53,LAPTOP-UA90UR9H,17.2,1520.0,47.3,8439.85,89.8,0.15,652.55,0.0,0.0,272,System Idle Process,0,msedgewebview2.exe,24064,,Healthy,0,100,,,,0
2026-08-09 01:18:56,LAPTOP-UA90UR9H,20.1,2400.0,47.2,8442.74,89.8,0.2,632.95,0.0,0.0,271,System Idle Process,0,msedgewebview2.exe,24064,,Healthy,0,100,,,,0
2026-08-09 01:18:59,LAPTOP-UA90UR9H,23.5,1520.0,47.5,8406.72,89.8,68.2,649.49,0.0,0.0,273,System Idle Process,0,msedgewebview2.exe,24064,,Healthy,0,100,,,,0
2026-08-09 01:19:02,LAPTOP-UA90UR9H,26.8,1520.0,47.6,8385.32,89.8,16.12,620.41,0.0,0.0,273,System Idle Process,0,msedgewebview2.exe,24064,,Healthy,0,100,,,,0
2026-08-09 01:19:04,LAPTOP-UA90UR9H,18.9,1520.0,47.3,8433.9,89.8,0.21,667.13,0.0,0.0,271,System Idle Process,0,msedgewebview2.exe,24064,,Healthy,0,100,,,,0
2026-08-09 01:19:07,LAPTOP-UA90UR9H,17.0,2400.0,47.3,8440.14,89.8,0.15,632.8,0.0,0.0,271,System Idle Process,0,msedgewebview2.exe,24064,,Healthy,0,100,,,,0
2026-08-09 01:19:09,LAPTOP-UA90UR9H,20.4,2400.0,47.3,8439.04,89.8,0.17,654.18,0.0,0.01,271,System Idle Process,0,msedgewebview2.exe,24064,,Healthy,0,100,,,,0
2026-08-09 01:19:12,LAPTOP-UA90UR9H,19.4,2400.0,47.3,8435.85,89.8,0.2,600.76,0.0,0.0,271,System Idle Process,0,msedgewebview2.exe,24064,,Healthy,0,100,,,,0
2026-08-09 01:19:15,LAPTOP-UA90UR9H,15.3,2400.0,47.3,8430.48,89.8,0.12,654.82,0.0,0.0,271,System Idle Process,0,msedgewebview2.exe,24064,,Healthy,0,100,,,,0
2026-08-09 01:19:17,LAPTOP-UA90UR9H,19.3,1520.0,46.9,8495.24,89.8,0.09,656.01,0.0,0.0,270,System Idle Process,0,msedgewebview2.exe,24064,,Healthy,0,100,,,,0
2026-08-09 01:19:20,LAPTOP-UA90UR9H,17.9,2400.0,46.9,8498.23,89.8,0.18,618.23,0.0,0.0,270,System Idle Process,0,msedgewebview2.exe,24064,,Healthy,0,100,,,,0
2026-08-09 01:19:23,LAPTOP-UA90UR9H,17.6,2400.0,46.9,8497.7,89.8,0.11,654.78,0.0,0.0,270,System Idle Process,0,msedgewebview2.exe,24064,,Healthy,0,100,,,,0
2026-08-09 01:19:25,LAPTOP-UA90UR9H,19.7,2400.0,47.1,8469.96,89.8,0.05,619.93,0.0,0.0,270,System Idle Process,0,msedgewebview2.exe,24064,,Healthy,0,100,,,,0
2026-08-09 01:19:28,LAPTOP-UA90UR9H,19.5,2400.0,47.4,8414.25,89.8,0.05,665.85,0.0,0.0,272,System Idle Process,0,msedgewebview2.exe,24064,,Healthy,0,100,,,,0
2026-08-09 01:19:31,LAPTOP-UA90UR9H,21.5,2400.0,47.3,8433.91,89.8,0.1,619.6,0.0,0.0,270,System Idle Process,0,msedgewebview2.exe,24064,,Healthy,0,100,,,,0
2026-08-09 01:19:33,LAPTOP-UA90UR9H,18.2,1520.0,47.1,8462.36,89.8,0.02,648.8,0.0,0.0,269,System Idle Process,0,msedgewebview2.exe,24064,,Healthy,0,100,,,,0
2026-08-09 01:19:36,LAPTOP-UA90UR9H,17.3,1520.0,46.7,8523.41,89.8,0.06,621.52,0.0,0.0,269,System Idle Process,0,msedgewebview2.exe,24064,,Healthy,0,100,,,,0
2026-08-09 01:19:39,LAPTOP-UA90UR9H,21.3,1520.0,47.1,8466.48,89.8,0.03,646.4,0.0,0.0,269,System Idle Process,0,msedgewebview2.exe,24064,,Healthy,0,100,,,,0
2026-08-09 01:19:41,LAPTOP-UA90UR9H,18.8,2400.0,47.1,8460.83,89.8,0.0,623.97,0.0,0.0,269,System Idle Process,0,msedgewebview2.exe,24064,,Healthy,0,100,,,,0
2026-08-09 01:19:44,LAPTOP-UA90UR9H,16.5,1520.0,46.8,8520.32,89.8,0.04,674.08,0.0,0.0,269,System Idle Process,0,msedgewebview2.exe,24064,,Healthy,0,100,,,,0
2026-08-09 01:19:47,LAPTOP-UA90UR9H,20.6,1520.0,47.0,8485.23,89.8,0.03,625.17,0.0,0.0,269,System Idle Process,0,msedgewebview2.exe,24064,,Healthy,0,100,,,,0
2026-08-09 01:19:49,LAPTOP-UA90UR9H,18.1,1520.0,46.9,8491.17,89.8,0.03,659.87,0.0,0.0,269,System Idle Process,0,msedgewebview2.exe,24064,,Healthy,0,100,,,,0
2026-08-09 01:19:52,LAPTOP-UA90UR9H,24.5,2400.0,47.4,8422.49,89.8,0.04,623.96,0.01,0.01,271,System Idle Process,0,msedgewebview2.exe,24064,,Healthy,0,100,,,,0
2026-08-09 01:19:55,LAPTOP-UA90UR9H,18.0,2400.0,47.5,8393.82,89.8,0.08,657.05,0.0,0.0,271,System Idle Process,0,msedgewebview2.exe,24064,,Healthy,0,100,,,,0
2026-08-09 01:19:58,LAPTOP-UA90UR9H,17.3,1520.0,47.2,8457.4,89.8,0.14,627.39,0.0,0.0,271,System Idle Process,0,msedgewebview2.exe,24064,,Healthy,0,100,,,,0
2026-08-09 01:20:00,LAPTOP-UA90UR9H,24.3,1520.0,47.4,8417.46,89.8,0.32,647.04,0.0,0.0,271,System Idle Process,0,msedgewebview2.exe,24064,,Healthy,0,100,,,,0
2026-08-09 01:20:03,LAPTOP-UA90UR9H,20.1,2400.0,47.5,8403.71,89.8,0.05,628.45,0.0,0.0,271,System Idle Process,0,msedgewebview2.exe,24064,,Healthy,0,100,,,,0
2026-08-09 01:20:05,LAPTOP-UA90UR9H,16.5,1520.0,47.5,8393.71,89.8,0.08,655.7,0.0,0.0,271,System Idle Process,0,msedgewebview2.exe,24064,,Healthy,0,100,,,,0
2026-08-09 01:20:08,LAPTOP-UA90UR9H,19.0,2400.0,47.5,8408.48,89.8,0.02,638.97,0.0,0.0,271,System Idle Process,0,msedgewebview2.exe,24064,,Healthy,0,100,,,,0
2026-08-09 01:20:11,LAPTOP-UA90UR9H,18.8,2400.0,47.4,8413.8,89.8,0.04,622.36,0.0,0.0,271,System Idle Process,0,msedgewebview2.exe,24064,,Healthy,0,100,,,,0
2026-08-09 01:20:13,LAPTOP-UA90UR9H,15.3,2400.0,47.5,8402.12,89.8,0.02,670.77,0.0,0.0,271,System Idle Process,0,msedgewebview2.exe,24064,,Healthy,0,100,,,,0
2026-08-09 01:20:16,LAPTOP-UA90UR9H,19.0,2400.0,47.5,8405.35,89.8,0.01,627.43,0.0,0.0,271,System Idle Process,0,msedgewebview2.exe,24064,,Healthy,0,100,,,,0
2026-08-09 01:20:19,LAPTOP-UA90UR9H,16.9,2400.0,47.4,8409.75,89.8,0.77,667.89,0.0,0.0,271,System Idle Process,0,msedgewebview2.exe,24064,,Healthy,0,100,,,,0
2026-08-09 01:20:21,LAPTOP-UA90UR9H,20.4,2400.0,46.8,8519.87,89.8,0.06,616.41,0.0,0.0,268,System Idle Process,0,msedgewebview2.exe,24064,,Healthy,0,100,,,,0
2026-08-09 01:20:24,LAPTOP-UA90UR9H,16.2,2400.0,46.7,8529.75,89.8,0.07,662.51,0.0,0.0,268,System Idle Process,0,msedgewebview2.exe,24064,,Healthy,0,100,,,,0
2026-08-09 01:20:27,LAPTOP-UA90UR9H,16.6,1520.0,46.9,8503.65,89.8,0.01,595.38,0.0,0.0,268,System Idle Process,0,msedgewebview2.exe,24064,,Healthy,0,100,,,,0
2026-08-09 01:20:29,LAPTOP-UA90UR9H,24.0,2400.0,47.0,8475.89,89.8,0.03,645.18,0.0,0.0,268,System Idle Process,0,msedgewebview2.exe,24064,,Healthy,0,100,,,,0
2026-08-09 01:20:32,LAPTOP-UA90UR9H,19.1,1520.0,47.1,8466.69,89.8,0.2,619.96,0.0,0.0,268,System Idle Process,0,msedgewebview2.exe,24064,,Healthy,0,100,,,,0
2026-08-09 01:20:35,LAPTOP-UA90UR9H,15.8,1520.0,46.9,8495.44,89.8,0.03,670.26,0.0,0.0,268,System Idle Process,0,msedgewebview2.exe,24064,,Healthy,0,100,,,,0
2026-08-09 01:20:37,LAPTOP-UA90UR9H,22.8,2400.0,47.3,8434.74,89.8,0.02,614.92,0.0,0.0,268,System Idle Process,0,msedgewebview2.exe,24064,,Healthy,0,100,,,,0
2026-08-09 01:20:40,LAPTOP-UA90UR9H,21.1,1520.0,46.6,8539.21,89.8,0.01,665.29,0.0,0.0,268,System Idle Process,0,msedgewebview2.exe,24064,,Healthy,0,100,,,,0
2026-08-09 01:20:42,LAPTOP-UA90UR9H,16.6,2400.0,46.6,8541.07,89.8,0.04,624.3,0.0,0.0,268,System Idle Process,0,msedgewebview2.exe,24064,,Healthy,0,100,,,,0
2026-08-09 01:20:45,LAPTOP-UA90UR9H,17.0,1520.0,46.6,8539.12,89.8,0.21,653.7,0.0,0.0,268,System Idle Process,0,msedgewebview2.exe,24064,,Healthy,0,100,,,,0
2026-08-09 01:20:48,LAPTOP-UA90UR9H,17.8,2400.0,46.6,8541.25,89.8,0.01,621.87,0.0,0.0,268,System Idle Process,0,msedgewebview2.exe,24064,,Healthy,0,100,,,,0
2026-08-09 01:20:50,LAPTOP-UA90UR9H,20.3,2400.0,46.6,8552.54,89.8,0.06,648.46,0.0,0.0,268,System Idle Process,0,msedgewebview2.exe,24064,,Healthy,0,100,,,,0
2026-08-09 01:20:53,LAPTOP-UA90UR9H,17.9,1520.0,46.7,8537.31,89.8,0.05,621.25,0.0,0.0,268,System Idle Process,0,msedgewebview2.exe,24064,,Healthy,0,100,,,,0
2026-08-09 01:20:56,LAPTOP-UA90UR9H,15.4,1520.0,46.5,8565.35,89.8,0.01,659.59,0.0,0.0,268,System Idle Process,0,msedgewebview2.exe,24064,,Healthy,0,100,,,,0
2026-08-09 01:20:58,LAPTOP-UA90UR9H,22.6,2400.0,47.0,8484.73,89.8,0.07,620.64,0.0,0.0,270,System Idle Process,0,msedgewebview2.exe,24064,,Healthy,0,100,,,,0
2026-08-09 01:21:01,LAPTOP-UA90UR9H,21.3,2400.0,46.5,8568.21,89.8,0.02,659.6,0.0,0.0,268,System Idle Process,0,msedgewebview2.exe,24064,,Healthy,0,100,,,,0
2026-08-09 01:21:03,LAPTOP-UA90UR9H,14.5,2400.0,46.7,8529.05,89.8,0.01,621.51,0.0,0.0,267,System Idle Process,0,msedgewebview2.exe,24064,,Healthy,0,100,,,,0
2026-08-09 01:21:06,LAPTOP-UA90UR9H,19.1,2400.0,46.7,8537.12,89.8,0.02,616.2,0.0,0.0,267,System Idle Process,0,msedgewebview2.exe,24064,,Healthy,0,100,,,,0
2026-08-09 01:21:09,LAPTOP-UA90UR9H,18.2,2400.0,46.7,8528.63,89.8,0.04,653.28,0.0,0.0,267,System Idle Process,0,msedgewebview2.exe,24064,,Healthy,0,100,,,,0
2026-08-09 01:21:11,LAPTOP-UA90UR9H,16.4,1520.0,46.4,8581.87,89.8,0.02,629.13,0.0,0.0,267,System Idle Process,0,msedgewebview2.exe,24064,,Healthy,0,100,,,,0
2026-08-09 01:21:14,LAPTOP-UA90UR9H,19.4,1520.0,46.6,8537.88,89.8,0.04,650.19,0.0,0.0,267,System Idle Process,0,msedgewebview2.exe,24064,,Healthy,0,100,,,,0
2026-08-09 01:21:16,LAPTOP-UA90UR9H,17.8,1520.0,46.6,8540.93,89.8,0.08,618.07,0.0,0.0,267,System Idle Process,0,msedgewebview2.exe,24064,,Healthy,0,100,,,,0
2026-08-09 01:21:19,LAPTOP-UA90UR9H,17.9,1520.0,46.6,8542.96,89.8,0.04,649.33,0.0,0.0,266,System Idle Process,0,msedgewebview2.exe,24064,,Healthy,0,100,,,,0
2026-08-09 01:21:22,LAPTOP-UA90UR9H,16.5,2400.0,46.6,8546.76,89.8,0.04,618.45,0.0,0.0,266,System Idle Process,0,msedgewebview2.exe,24064,,Healthy,0,100,,,,0
2026-08-09 01:21:24,LAPTOP-UA90UR9H,17.4,2400.0,46.5,8567.33,89.8,0.07,651.89,0.0,0.0,266,System Idle Process,0,msedgewebview2.exe,24064,,Healthy,0,100,,,,0
2026-08-09 01:21:27,LAPTOP-UA90UR9H,20.0,2400.0,46.6,8538.24,89.8,0.1,615.49,0.0,0.0,266,System Idle Process,0,msedgewebview2.exe,24064,,Healthy,0,100,,,,0
2026-08-09 01:21:30,LAPTOP-UA90UR9H,23.0,2400.0,46.5,8567.62,89.8,0.01,655.93,0.0,0.0,266,System Idle Process,0,msedgewebview2.exe,24064,,Healthy,0,100,,,,0
2026-08-09 01:21:32,LAPTOP-UA90UR9H,15.7,2400.0,46.7,8532.29,89.8,0.02,630.66,0.0,0.0,266,System Idle Process,0,msedgewebview2.exe,24064,,Healthy,0,100,,,,0
2026-08-09 01:21:35,LAPTOP-UA90UR9H,21.5,2400.0,46.5,8566.48,89.8,2.0,639.36,0.0,0.0,267,System Idle Process,0,msedgewebview2.exe,24064,,Healthy,0,100,,,,0
2026-08-09 01:21:38,LAPTOP-UA90UR9H,18.0,2400.0,46.5,8565.86,89.8,0.02,621.13,0.0,0.0,267,System Idle Process,0,msedgewebview2.exe,24064,,Healthy,0,100,,,,0
2026-08-09 01:21:40,LAPTOP-UA90UR9H,17.9,2400.0,46.8,8515.53,89.8,0.05,653.94,0.0,0.0,267,System Idle Process,0,msedgewebview2.exe,24064,,Healthy,0,100,,,,0
2026-08-09 01:21:43,LAPTOP-UA90UR9H,18.3,2400.0,46.8,8517.43,89.8,0.04,613.15,0.0,0.0,267,System Idle Process,0,msedgewebview2.exe,24064,,Healthy,0,100,,,,0
2026-08-09 01:21:46,LAPTOP-UA90UR9H,17.6,2400.0,46.8,8518.29,89.8,1.64,665.02,0.0,0.0,267,System Idle Process,0,msedgewebview2.exe,24064,,Healthy,0,100,,,,0
2026-08-09 01:21:48,LAPTOP-UA90UR9H,18.5,2400.0,46.8,8510.87,89.8,0.05,612.4,0.0,0.0,266,System Idle Process,0,msedgewebview2.exe,24064,,Healthy,0,100,,,,0
2026-08-09 01:21:51,LAPTOP-UA90UR9H,14.9,2400.0,46.6,8544.15,89.8,0.03,659.32,0.0,0.0,266,System Idle Process,0,msedgewebview2.exe,24064,,Healthy,0,100,,,,0
2026-08-09 01:21:53,LAPTOP-UA90UR9H,16.4,1520.0,46.8,8509.77,89.8,0.01,618.86,0.0,0.0,266,System Idle Process,0,msedgewebview2.exe,24064,,Healthy,0,100,,,,0
2026-08-09 01:21:56,LAPTOP-UA90UR9H,18.6,1520.0,46.7,8525.59,89.8,0.01,651.15,0.0,0.0,266,System Idle Process,0,msedgewebview2.exe,24064,,Healthy,0,100,,,,0
2026-08-09 01:21:59,LAPTOP-UA90UR9H,22.6,1520.0,47.1,8466.93,89.8,0.03,635.3,0.0,0.0,268,System Idle Process,0,msedgewebview2.exe,24064,,Healthy,0,100,,,,0
2026-08-09 01:22:01,LAPTOP-UA90UR9H,16.9,1520.0,46.8,8509.74,89.8,0.05,630.82,0.0,0.0,266,System Idle Process,0,msedgewebview2.exe,24064,,Healthy,0,100,,,,0
2026-08-09 01:22:04,LAPTOP-UA90UR9H,18.3,2400.0,46.8,8509.29,89.8,0.01,642.25,0.0,0.0,266,System Idle Process,0,msedgewebview2.exe,24064,,Healthy,0,100,,,,0
2026-08-09 01:22:06,LAPTOP-UA90UR9H,17.7,1520.0,46.8,8514.55,89.8,0.0,624.46,0.0,0.0,266,System Idle Process,0,msedgewebview2.exe,24064,,Healthy,0,100,,,,0
2026-08-09 01:22:09,LAPTOP-UA90UR9H,16.8,2400.0,46.7,8529.09,89.8,0.02,650.99,0.0,0.0,266,System Idle Process,0,msedgewebview2.exe,24064,,Healthy,0,100,,,,0
2026-08-09 01:22:12,LAPTOP-UA90UR9H,17.8,1520.0,46.8,8512.29,89.8,0.04,620.62,0.0,0.0,266,System Idle Process,0,msedgewebview2.exe,24064,,Healthy,0,100,,,,0
2026-08-09 01:22:14,LAPTOP-UA90UR9H,18.2,2400.0,46.8,8517.72,89.8,0.02,650.41,0.0,0.0,266,System Idle Process,0,msedgewebview2.exe,24064,,Healthy,0,100,,,,0
2026-08-09 01:22:17,LAPTOP-UA90UR9H,18.5,2400.0,46.7,8530.0,89.8,0.02,622.51,0.0,0.0,266,System Idle Process,0,msedgewebview2.exe,24064,,Healthy,0,100,,,,0
2026-08-09 01:22:20,LAPTOP-UA90UR9H,16.1,2400.0,46.7,8526.73,89.8,0.02,660.78,0.0,0.0,266,System Idle Process,0,msedgewebview2.exe,24064,,Healthy,0,100,,,,0
2026-08-09 01:22:22,LAPTOP-UA90UR9H,17.2,2400.0,46.7,8530.36,89.8,0.01,615.01,0.0,0.0,266,System Idle Process,0,msedgewebview2.exe,24064,,Healthy,0,100,,,,0
2026-08-09 01:22:25,LAPTOP-UA90UR9H,19.6,1520.0,46.5,8562.78,89.8,0.02,650.74,0.0,0.0,266,System Idle Process,0,msedgewebview2.exe,24064,,Healthy,0,100,,,,0
2026-08-09 01:22:28,LAPTOP-UA90UR9H,19.2,2400.0,46.7,8526.58,89.8,0.04,619.87,0.0,0.0,266,System Idle Process,0,msedgewebview2.exe,24064,,Healthy,0,100,,,,0
2026-08-09 01:22:30,LAPTOP-UA90UR9H,18.4,2400.0,46.8,8514.99,89.8,0.03,666.45,0.0,0.0,266,System Idle Process,0,msedgewebview2.exe,24064,,Healthy,0,100,,,,0
2026-08-09 01:22:33,LAPTOP-UA90UR9H,18.6,1520.0,46.6,8541.17,89.8,0.03,609.63,0.0,0.0,265,System Idle Process,0,msedgewebview2.exe,24064,,Healthy,0,100,,,,0
2026-08-09 01:22:36,LAPTOP-UA90UR9H,19.2,2400.0,46.7,8534.37,89.8,0.01,673.28,0.0,0.0,265,System Idle Process,0,msedgewebview2.exe,24064,,Healthy,0,100,,,,0
2026-08-09 01:22:38,LAPTOP-UA90UR9H,16.6,2400.0,46.6,8547.46,89.8,0.0,617.52,0.0,0.0,265,System Idle Process,0,msedgewebview2.exe,24064,,Healthy,0,100,,,,0
2026-08-09 01:22:41,LAPTOP-UA90UR9H,17.7,2400.0,46.6,8538.91,89.8,0.03,658.47,0.0,0.0,265,System Idle Process,0,msedgewebview2.exe,24064,,Healthy,0,100,,,,0
2026-08-09 01:22:43,LAPTOP-UA90UR9H,18.3,2400.0,46.6,8545.38,89.8,0.02,627.07,0.0,0.0,265,System Idle Process,0,msedgewebview2.exe,24064,,Healthy,0,100,,,,0
2026-08-09 01:22:46,LAPTOP-UA90UR9H,18.1,2400.0,46.6,8542.38,89.8,0.03,645.37,0.0,0.0,265,System Idle Process,0,msedgewebview2.exe,24064,,Healthy,0,100,,,,0
2026-08-09 01:22:49,LAPTOP-UA90UR9H,17.0,2400.0,46.6,8544.55,89.8,0.02,634.65,0.0,0.0,265,System Idle Process,0,msedgewebview2.exe,24064,,Healthy,0,100,,,,0
2026-08-09 01:22:51,LAPTOP-UA90UR9H,17.3,1520.0,46.5,8566.98,89.8,0.59,595.08,0.0,0.0,265,System Idle Process,0,msedgewebview2.exe,24064,,Healthy,0,100,,,,0
2026-08-09 01:22:54,LAPTOP-UA90UR9H,18.1,2400.0,46.7,8521.93,89.8,0.12,655.79,0.0,0.0,265,System Idle Process,0,msedgewebview2.exe,24064,,Healthy,0,100,,,,0
2026-08-09 01:22:56,LAPTOP-UA90UR9H,20.6,2400.0,46.7,8522.76,89.8,0.1,659.46,0.0,0.0,265,System Idle Process,0,msedgewebview2.exe,24064,,Healthy,0,100,,,,0
2026-08-09 01:22:59,LAPTOP-UA90UR9H,19.3,1520.0,46.7,8528.67,89.8,0.07,658.79,0.0,0.0,265,System Idle Process,0,msedgewebview2.exe,24064,,Healthy,0,100,,,,0
2026-08-09 01:23:02,LAPTOP-UA90UR9H,20.2,1520.0,46.7,8536.43,89.8,0.02,649.35,0.0,0.0,265,System Idle Process,0,msedgewebview2.exe,24064,,Healthy,0,100,,,,0
2026-08-09 01:23:04,LAPTOP-UA90UR9H,17.4,2400.0,46.7,8526.73,89.8,0.01,628.72,0.0,0.0,265,System Idle Process,0,msedgewebview2.exe,24064,,Healthy,0,100,,,,0
2026-08-09 01:23:07,LAPTOP-UA90UR9H,15.8,1520.0,46.7,8535.93,89.8,0.0,620.13,0.0,0.0,265,System Idle Process,0,msedgewebview2.exe,24064,,Healthy,0,100,,,,0
2026-08-09 01:23:10,LAPTOP-UA90UR9H,19.9,1520.0,46.6,8544.04,89.8,0.02,644.77,0.0,0.0,265,System Idle Process,0,msedgewebview2.exe,24064,,Healthy,0,100,,,,0
2026-08-09 01:23:12,LAPTOP-UA90UR9H,16.5,2400.0,46.4,8577.44,89.8,0.03,625.27,0.0,0.0,265,System Idle Process,0,msedgewebview2.exe,24064,,Healthy,0,100,,,,0
2026-08-09 01:23:15,LAPTOP-UA90UR9H,19.1,2400.0,46.6,8547.39,89.8,0.04,642.96,0.0,0.0,265,System Idle Process,0,msedgewebview2.exe,24064,,Healthy,0,100,,,,0
2026-08-09 01:23:17,LAPTOP-UA90UR9H,16.8,2400.0,46.7,8530.86,89.8,0.01,618.68,0.0,0.0,265,System Idle Process,0,msedgewebview2.exe,24064,,Healthy,0,100,,,,0
2026-08-09 01:23:20,LAPTOP-UA90UR9H,17.6,2400.0,46.5,8560.1,89.8,0.02,649.73,0.0,0.0,265,System Idle Process,0,msedgewebview2.exe,24064,,Healthy,0,100,,,,0
2026-08-09 01:23:23,LAPTOP-UA90UR9H,19.7,2400.0,46.3,8588.83,89.8,0.04,610.79,0.0,0.0,265,System Idle Process,0,msedgewebview2.exe,24064,,Healthy,0,100,,,,0
2026-08-09 01:23:25,LAPTOP-UA90UR9H,24.3,2400.0,47.1,8465.93,89.8,0.02,648.45,0.0,0.01,267,System Idle Process,0,msedgewebview2.exe,24064,,Healthy,0,100,,,,0
2026-08-09 01:23:28,LAPTOP-UA90UR9H,16.9,2400.0,47.1,8459.55,89.8,0.04,618.61,0.0,0.0,269,System Idle Process,0,msedgewebview2.exe,24064,,Healthy,0,100,,,,0
2026-08-09 01:23:31,LAPTOP-UA90UR9H,22.2,2400.0,47.1,8461.84,89.8,0.31,649.48,0.0,0.0,267,System Idle Process,0,msedgewebview2.exe,24064,,Healthy,0,100,,,,0
2026-08-09 01:23:33,LAPTOP-UA90UR9H,18.7,2400.0,47.1,8470.58,89.8,0.02,619.19,0.0,0.0,267,System Idle Process,0,msedgewebview2.exe,24064,,Healthy,0,100,,,,0
2026-08-09 01:23:36,LAPTOP-UA90UR9H,16.2,2400.0,47.0,8474.22,89.8,0.0,657.39,0.0,0.0,266,System Idle Process,0,msedgewebview2.exe,24064,,Healthy,0,100,,,,0
2026-08-09 01:23:38,LAPTOP-UA90UR9H,17.9,2400.0,46.9,8504.91,89.8,0.07,619.64,0.0,0.0,266,System Idle Process,0,msedgewebview2.exe,24064,,Healthy,0,100,,,,0
2026-08-09 01:23:41,LAPTOP-UA90UR9H,16.3,2400.0,47.1,8464.18,89.8,0.01,517.02,0.0,0.0,266,System Idle Process,0,msedgewebview2.exe,24064,,Healthy,0,100,,,,0
2026-08-09 01:23:44,LAPTOP-UA90UR9H,17.6,1520.0,47.1,8462.24,89.8,0.06,636.17,0.0,0.0,266,System Idle Process,0,msedgewebview2.exe,24064,,Healthy,0,100,,,,0
2026-08-09 01:23:46,LAPTOP-UA90UR9H,18.2,2400.0,47.1,8467.64,89.8,0.03,637.53,0.0,0.0,266,System Idle Process,0,msedgewebview2.exe,24064,,Healthy,0,100,,,,0
2026-08-09 01:23:49,LAPTOP-UA90UR9H,16.6,2400.0,46.7,8532.3,89.8,0.03,618.02,0.0,0.0,266,System Idle Process,0,msedgewebview2.exe,24064,,Healthy,0,100,,,,0
2026-08-09 01:23:52,LAPTOP-UA90UR9H,18.0,2400.0,46.8,8508.91,89.8,0.02,650.54,0.0,0.0,266,System Idle Process,0,msedgewebview2.exe,24064,,Healthy,0,100,,,,0
2026-08-09 01:23:54,LAPTOP-UA90UR9H,29.2,2400.0,46.9,8496.18,89.8,12.4,508.07,0.0,0.0,269,System Idle Process,0,msedgewebview2.exe,24064,,Healthy,0,100,,,,0
2026-08-09 01:23:57,LAPTOP-UA90UR9H,24.0,2400.0,46.6,8543.13,89.8,0.05,626.12,0.0,0.0,268,System Idle Process,0,msedgewebview2.exe,24064,,Healthy,0,100,,,,0
2026-08-09 01:24:00,LAPTOP-UA90UR9H,28.4,2400.0,47.0,8479.29,89.8,6.57,624.43,0.0,0.0,268,System Idle Process,0,msedgewebview2.exe,24064,,Healthy,0,100,,,,0
2026-08-09 01:24:02,LAPTOP-UA90UR9H,23.6,2400.0,47.0,8474.84,89.8,0.02,654.43,0.0,0.0,268,System Idle Process,0,msedgewebview2.exe,24064,,Healthy,0,100,,,,0
2026-08-09 01:24:05,LAPTOP-UA90UR9H,22.9,1520.0,46.7,8535.59,89.8,4.14,507.76,0.0,0.0,268,System Idle Process,0,msedgewebview2.exe,24064,,Healthy,0,100,,,,0
2026-08-09 01:24:08,LAPTOP-UA90UR9H,27.5,2400.0,47.0,8486.05,89.8,3.25,633.17,0.0,0.0,268,System Idle Process,0,msedgewebview2.exe,24064,,Healthy,0,100,,,,0
2026-08-09 01:24:10,LAPTOP-UA90UR9H,21.3,2400.0,47.0,8482.89,89.8,0.0,502.77,0.0,0.0,268,System Idle Process,0,msedgewebview2.exe,24064,,Healthy,0,100,,,,0
2026-08-09 01:24:13,LAPTOP-UA90UR9H,25.3,2400.0,47.0,8474.57,89.8,0.03,630.71,0.0,0.0,268,System Idle Process,0,msedgewebview2.exe,24064,,Healthy,0,100,,,,0
2026-08-09 01:24:16,LAPTOP-UA90UR9H,26.1,1520.0,47.1,8471.81,89.8,0.05,633.31,0.0,0.0,268,System Idle Process,0,msedgewebview2.exe,24064,,Healthy,0,100,,,,0
2026-08-09 01:24:18,LAPTOP-UA90UR9H,23.9,2400.0,46.9,8500.49,89.8,0.05,649.04,0.0,0.0,268,System Idle Process,0,msedgewebview2.exe,24064,,Healthy,0,100,,,,0
2026-08-09 01:24:21,LAPTOP-UA90UR9H,22.7,2400.0,46.9,8490.41,89.8,0.01,457.27,0.0,0.0,268,System Idle Process,0,msedgewebview2.exe,24064,,Healthy,0,100,,,,0
2026-08-09 01:24:23,LAPTOP-UA90UR9H,32.2,2400.0,47.1,8460.39,89.8,0.37,645.51,0.0,0.0,269,System Idle Process,0,msedgewebview2.exe,24064,,Healthy,0,100,,,,0
2026-08-09 01:24:26,LAPTOP-UA90UR9H,24.8,2400.0,47.0,8483.82,89.8,0.3,491.55,0.0,0.0,270,System Idle Process,0,msedgewebview2.exe,24064,,Healthy,0,100,,,,0
2026-08-09 01:24:29,LAPTOP-UA90UR9H,29.5,2400.0,47.5,8400.23,89.8,0.11,650.71,0.0,0.0,272,System Idle Process,0,msedgewebview2.exe,24064,,Healthy,0,100,,,,0
2026-08-09 01:24:32,LAPTOP-UA90UR9H,23.1,2400.0,47.1,8466.96,89.8,0.02,551.87,0.0,0.0,270,System Idle Process,0,msedgewebview2.exe,24064,,Healthy,0,100,,,,0
2026-08-09 01:24:34,LAPTOP-UA90UR9H,23.9,2400.0,47.1,8467.63,89.8,0.02,558.17,0.0,0.0,270,System Idle Process,0,msedgewebview2.exe,24064,,Healthy,0,100,,,,0
2026-08-09 01:24:37,LAPTOP-UA90UR9H,24.0,2400.0,47.1,8470.51,89.8,0.04,532.27,0.0,0.0,270,System Idle Process,0,msedgewebview2.exe,24064,,Healthy,0,100,,,,0
2026-08-09 01:24:39,LAPTOP-UA90UR9H,21.6,2400.0,46.8,8508.5,89.8,0.0,597.69,0.0,0.0,270,System Idle Process,0,msedgewebview2.exe,24064,,Healthy,0,100,,,,0
2026-08-09 01:24:42,LAPTOP-UA90UR9H,26.9,2400.0,47.2,8453.49,89.8,0.03,556.38,0.0,0.0,270,System Idle Process,0,msedgewebview2.exe,24064,,Healthy,0,100,,,,0
2026-08-09 01:24:45,LAPTOP-UA90UR9H,24.2,2400.0,47.2,8456.22,89.8,0.02,484.82,0.0,0.0,270,System Idle Process,0,msedgewebview2.exe,24064,,Healthy,0,100,,,,0
2026-08-09 01:24:47,LAPTOP-UA90UR9H,22.9,1520.0,47.0,8488.64,89.8,0.02,557.66,0.0,0.0,270,System Idle Process,0,msedgewebview2.exe,24064,,Healthy,0,100,,,,0
2026-08-09 01:24:50,LAPTOP-UA90UR9H,22.5,1520.0,46.7,8524.25,89.8,0.02,496.45,0.0,0.0,270,System Idle Process,0,msedgewebview2.exe,24064,,Healthy,0,100,,,,0
2026-08-09 01:24:52,LAPTOP-UA90UR9H,23.2,2400.0,46.8,8517.23,89.8,0.02,451.88,0.0,0.0,270,System Idle Process,0,msedgewebview2.exe,24064,,Healthy,0,100,,,,0
2026-08-09 01:24:55,LAPTOP-UA90UR9H,21.8,2400.0,47.0,8475.33,89.8,0.07,471.36,0.0,0.0,269,System Idle Process,0,msedgewebview2.exe,24064,,Healthy,0,100,,,,0
2026-08-09 01:24:58,LAPTOP-UA90UR9H,25.7,2400.0,46.7,8523.88,89.8,0.02,526.67,0.0,0.0,269,System Idle Process,0,msedgewebview2.exe,24064,,Healthy,0,100,,,,0
2026-08-09 01:25:01,LAPTOP-UA90UR9H,25.9,2400.0,47.1,8469.69,89.8,0.02,465.32,0.0,0.0,269,System Idle Process,0,msedgewebview2.exe,24064,,Healthy,0,100,,,,0
2026-08-09 01:25:03,LAPTOP-UA90UR9H,25.9,1520.0,47.0,8476.94,89.8,0.01,453.71,0.0,0.0,268,System Idle Process,0,msedgewebview2.exe,24064,,Healthy,0,100,,,,0
2026-08-09 01:25:06,LAPTOP-UA90UR9H,23.3,2400.0,47.1,8471.28,89.8,0.04,462.91,0.0,0.0,268,System Idle Process,0,msedgewebview2.exe,24064,,Healthy,0,100,,,,0
2026-08-09 01:25:08,LAPTOP-UA90UR9H,22.5,2400.0,46.7,8529.75,89.8,0.01,469.19,0.0,0.0,268,System Idle Process,0,msedgewebview2.exe,24064,,Healthy,0,100,,,,0
2026-08-09 01:25:11,LAPTOP-UA90UR9H,23.5,1520.0,46.9,8496.79,89.8,0.0,457.24,0.0,0.0,268,System Idle Process,0,msedgewebview2.exe,24064,,Healthy,0,100,,,,0
2026-08-09 01:25:14,LAPTOP-UA90UR9H,23.2,2400.0,47.0,8477.54,89.8,0.0,464.24,0.0,0.0,268,System Idle Process,0,msedgewebview2.exe,24064,,Healthy,0,100,,,,0
2026-08-09 01:25:16,LAPTOP-UA90UR9H,20.9,1520.0,47.1,8473.53,89.8,0.03,450.54,0.0,0.0,268,System Idle Process,0,msedgewebview2.exe,24064,,Healthy,0,100,,,,0
2026-08-09 01:25:19,LAPTOP-UA90UR9H,23.4,2400.0,46.9,8492.37,89.8,0.0,473.39,0.0,0.0,268,System Idle Process,0,msedgewebview2.exe,24064,,Healthy,0,100,,,,0
2026-08-09 01:25:21,LAPTOP-UA90UR9H,23.4,2400.0,47.0,8481.16,89.8,0.03,446.36,0.0,0.0,268,System Idle Process,0,msedgewebview2.exe,24064,,Healthy,0,100,,,,0
2026-08-09 01:25:24,LAPTOP-UA90UR9H,21.1,2400.0,47.1,8469.32,89.8,0.01,468.14,0.0,0.0,268,System Idle Process,0,msedgewebview2.exe,24064,,Healthy,0,100,,,,0
2026-08-09 01:25:27,LAPTOP-UA90UR9H,23.7,2400.0,47.1,8465.61,89.8,0.02,445.68,0.0,0.0,268,System Idle Process,0,msedgewebview2.exe,24064,,Healthy,0,100,,,,0
2026-08-09 01:25:29,LAPTOP-UA90UR9H,27.4,2400.0,47.0,8480.43,89.8,0.04,467.46,0.0,0.0,268,System Idle Process,0,msedgewebview2.exe,24064,,Healthy,0,100,,,,0
2026-08-09 01:25:32,LAPTOP-UA90UR9H,22.6,2400.0,47.1,8469.94,89.8,0.01,449.49,0.0,0.0,268,System Idle Process,0,msedgewebview2.exe,24064,,Healthy,0,100,,,,0
2026-08-09 01:25:35,LAPTOP-UA90UR9H,27.9,2400.0,47.2,8452.62,89.8,4.09,458.57,0.0,0.0,270,System Idle Process,0,msedgewebview2.exe,24064,,Healthy,0,100,,,,0
2026-08-09 01:25:37,LAPTOP-UA90UR9H,21.6,2400.0,47.2,8451.87,89.8,0.06,450.51,0.0,0.0,270,System Idle Process,0,msedgewebview2.exe,24064,,Healthy,0,100,,,,0
2026-08-09 01:25:40,LAPTOP-UA90UR9H,25.2,2400.0,47.2,8455.18,89.8,0.0,458.96,0.0,0.0,270,System Idle Process,0,msedgewebview2.exe,24064,,Healthy,0,100,,,,0
2026-08-09 01:25:42,LAPTOP-UA90UR9H,21.8,2400.0,47.2,8449.55,89.8,0.0,465.74,0.0,0.0,270,System Idle Process,0,msedgewebview2.exe,24064,,Healthy,0,100,,,,0
2026-08-09 01:25:45,LAPTOP-UA90UR9H,21.0,2400.0,47.1,8458.72,89.8,0.01,460.58,0.0,0.0,270,System Idle Process,0,msedgewebview2.exe,24064,,Healthy,0,100,,,,0
2026-08-09 01:25:47,LAPTOP-UA90UR9H,24.1,2400.0,47.2,8448.48,89.8,0.0,441.92,0.0,0.0,270,System Idle Process,0,msedgewebview2.exe,24064,,Healthy,0,100,,,,0
2026-08-09 01:25:50,LAPTOP-UA90UR9H,21.5,2400.0,46.9,8499.03,89.8,0.02,458.17,0.0,0.0,270,System Idle Process,0,msedgewebview2.exe,24064,,Healthy,0,100,,,,0
2026-08-09 01:25:53,LAPTOP-UA90UR9H,20.0,2400.0,47.2,8450.3,89.8,0.02,452.33,0.0,0.0,270,System Idle Process,0,msedgewebview2.exe,24064,,Healthy,0,100,,,,0
2026-08-09 01:25:55,LAPTOP-UA90UR9H,23.9,2400.0,47.1,8464.15,89.8,0.0,443.68,0.0,0.0,270,System Idle Process,0,msedgewebview2.exe,24064,,Healthy,0,100,,,,0
2026-08-09 01:25:58,LAPTOP-UA90UR9H,23.3,2400.0,47.4,8422.03,89.8,0.03,450.61,0.0,0.0,272,System Idle Process,0,msedgewebview2.exe,24064,,Healthy,0,100,,,,0
2026-08-09 01:26:01,LAPTOP-UA90UR9H,26.1,2400.0,47.2,8450.69,89.8,0.04,458.76,0.0,0.0,270,System Idle Process,0,msedgewebview2.exe,24064,,Healthy,0,100,,,,0
2026-08-09 01:26:03,LAPTOP-UA90UR9H,25.5,2400.0,47.2,8453.68,89.8,0.67,450.98,0.0,0.0,270,System Idle Process,0,msedgewebview2.exe,24064,,Healthy,0,100,,,,0
2026-08-09 01:26:06,LAPTOP-UA90UR9H,21.5,2400.0,47.1,8467.97,89.8,0.07,469.98,0.0,0.0,270,System Idle Process,0,msedgewebview2.exe,24064,,Healthy,0,100,,,,0
2026-08-09 01:26:09,LAPTOP-UA90UR9H,23.8,2400.0,47.2,8453.45,89.8,0.07,448.32,0.0,0.0,270,System Idle Process,0,msedgewebview2.exe,24064,,Healthy,0,100,,,,0
2026-08-09 01:26:11,LAPTOP-UA90UR9H,22.1,2400.0,47.2,8456.37,89.8,0.0,461.68,0.0,0.0,270,System Idle Process,0,msedgewebview2.exe,24064,,Healthy,0,100,,,,0
2026-08-09 01:26:14,LAPTOP-UA90UR9H,21.8,2400.0,47.2,8455.95,89.8,0.02,446.57,0.0,0.0,270,System Idle Process,0,msedgewebview2.exe,24064,,Healthy,0,100,,,,0
2026-08-09 01:26:16,LAPTOP-UA90UR9H,25.9,2400.0,47.2,8447.08,89.8,0.01,452.73,0.0,0.0,270,System Idle Process,0,msedgewebview2.exe,24064,,Healthy,0,100,,,,0
2026-08-09 01:26:19,LAPTOP-UA90UR9H,22.2,1520.0,47.2,8452.44,89.8,0.02,466.43,0.0,0.0,270,System Idle Process,0,msedgewebview2.exe,24064,,Healthy,0,100,,,,0
2026-08-09 01:26:22,LAPTOP-UA90UR9H,21.8,2400.0,47.2,8442.75,89.8,0.04,458.59,0.0,0.0,270,System Idle Process,0,msedgewebview2.exe,24064,,Healthy,0,100,,,,0
2026-08-09 01:26:24,LAPTOP-UA90UR9H,23.9,2400.0,47.2,8453.08,89.8,0.01,452.47,0.0,0.0,269,System Idle Process,0,msedgewebview2.exe,24064,,Healthy,0,100,,,,0
2026-08-09 01:26:27,LAPTOP-UA90UR9H,23.8,2400.0,47.2,8456.17,89.8,0.04,444.02,0.0,0.0,269,System Idle Process,0,msedgewebview2.exe,24064,,Healthy,0,100,,,,0
2026-08-09 01:26:30,LAPTOP-UA90UR9H,25.4,2400.0,47.1,8462.0,89.8,0.01,464.39,0.0,0.0,269,System Idle Process,0,msedgewebview2.exe,24064,,Healthy,0,100,,,,0
2026-08-09 01:26:32,LAPTOP-UA90UR9H,22.4,2400.0,47.1,8473.22,89.8,2.4,441.3,0.0,0.0,270,System Idle Process,0,msedgewebview2.exe,24064,,Healthy,0,100,,,,0
2026-08-09 01:26:35,LAPTOP-UA90UR9H,23.3,1520.0,47.1,8462.2,89.8,91.99,456.07,0.0,0.0,269,System Idle Process,0,msedgewebview2.exe,24064,,Healthy,0,100,,,,0
2026-08-09 01:26:37,LAPTOP-UA90UR9H,22.1,2400.0,47.1,8470.29,89.8,17.28,441.98,0.0,0.0,269,System Idle Process,0,msedgewebview2.exe,24064,,Healthy,0,100,,,,0
2026-08-09 01:26:40,LAPTOP-UA90UR9H,21.4,2400.0,47.3,8431.5,89.8,0.82,465.2,0.0,0.0,269,System Idle Process,0,msedgewebview2.exe,24064,,Healthy,0,100,,,,0
2026-08-09 01:26:43,LAPTOP-UA90UR9H,20.5,2400.0,47.1,8458.45,89.8,2.38,454.84,0.0,0.0,269,System Idle Process,0,msedgewebview2.exe,24064,,Healthy,0,100,,,,0
2026-08-09 01:26:45,LAPTOP-UA90UR9H,17.2,1520.0,47.2,8453.01,89.8,0.09,460.87,0.0,0.0,269,System Idle Process,0,msedgewebview2.exe,24064,,Healthy,0,100,,,,0
2026-08-09 01:26:48,LAPTOP-UA90UR9H,20.5,1520.0,46.7,8523.45,89.8,0.25,443.23,0.0,0.01,268,System Idle Process,0,msedgewebview2.exe,24064,,Healthy,0,100,,,,0
2026-08-09 01:26:50,LAPTOP-UA90UR9H,13.7,2400.0,47.1,8469.11,89.8,0.08,464.02,0.0,0.0,268,System Idle Process,0,msedgewebview2.exe,24064,,Healthy,0,100,,,,0
2026-08-09 01:26:53,LAPTOP-UA90UR9H,17.3,2400.0,47.0,8475.95,89.8,0.0,442.43,0.0,0.0,268,System Idle Process,0,msedgewebview2.exe,24064,,Healthy,0,100,,,,0
2026-08-09 01:26:56,LAPTOP-UA90UR9H,19.7,2400.0,47.5,8406.34,89.8,0.06,453.98,0.01,0.01,270,System Idle Process,0,msedgewebview2.exe,24064,,Healthy,0,100,,,,0
2026-08-09 01:26:58,LAPTOP-UA90UR9H,17.5,2400.0,47.7,8375.42,89.8,0.02,456.24,0.0,0.0,272,System Idle Process,0,msedgewebview2.exe,24064,,Healthy,0,100,,,,0
2026-08-09 01:27:01,LAPTOP-UA90UR9H,17.7,2400.0,47.4,8414.27,89.8,0.1,461.02,0.0,0.0,270,System Idle Process,0,msedgewebview2.exe,24064,,Healthy,0,100,,,,0
2026-08-09 01:27:04,LAPTOP-UA90UR9H,16.0,2400.0,47.1,8461.82,89.8,0.05,421.83,0.01,0.0,269,System Idle Process,0,msedgewebview2.exe,24064,,Healthy,0,100,,,,0
2026-08-09 01:27:06,LAPTOP-UA90UR9H,15.4,2400.0,47.4,8414.34,89.8,0.05,456.56,0.0,0.0,269,System Idle Process,0,msedgewebview2.exe,24064,,Healthy,0,100,,,,0
2026-08-09 01:27:09,LAPTOP-UA90UR9H,16.5,1520.0,47.4,8423.16,89.8,0.01,456.21,0.0,0.0,269,System Idle Process,0,msedgewebview2.exe,24064,,Healthy,0,100,,,,0
2026-08-09 01:27:11,LAPTOP-UA90UR9H,14.5,1520.0,47.4,8419.66,89.8,0.01,447.04,0.0,0.0,269,System Idle Process,0,msedgewebview2.exe,24064,,Healthy,0,100,,,,0
2026-08-09 01:27:14,LAPTOP-UA90UR9H,16.1,2400.0,47.2,8448.41,89.8,0.02,442.62,0.0,0.0,269,System Idle Process,0,msedgewebview2.exe,24064,,Healthy,0,100,,,,0
2026-08-09 01:27:17,LAPTOP-UA90UR9H,18.1,1520.0,47.4,8415.78,89.8,0.01,455.83,0.0,0.0,269,System Idle Process,0,msedgewebview2.exe,24064,,Healthy,0,100,,,,0
2026-08-09 01:27:19,LAPTOP-UA90UR9H,13.9,1520.0,47.4,8425.55,89.8,0.02,446.95,0.0,0.0,269,System Idle Process,0,msedgewebview2.exe,24064,,Healthy,0,100,,,,0
2026-08-09 01:27:22,LAPTOP-UA90UR9H,16.8,1520.0,47.3,8429.45,89.8,0.04,453.04,0.0,0.0,269,System Idle Process,0,msedgewebview2.exe,24064,,Healthy,0,100,,,,0
2026-08-09 01:27:24,LAPTOP-UA90UR9H,16.7,1520.0,47.3,8428.85,89.8,0.02,430.03,0.0,0.0,269,System Idle Process,0,msedgewebview2.exe,24064,,Healthy,0,100,,,,0
2026-08-09 01:27:27,LAPTOP-UA90UR9H,13.6,1520.0,47.0,8478.15,89.8,0.01,458.27,0.0,0.0,267,System Idle Process,0,msedgewebview2.exe,24064,,Healthy,0,100,,,,0
2026-08-09 01:27:30,LAPTOP-UA90UR9H,20.0,1520.0,47.0,8478.24,89.8,0.06,445.55,0.0,0.0,267,System Idle Process,0,msedgewebview2.exe,24064,,Healthy,0,100,,,,0
2026-08-09 01:27:32,LAPTOP-UA90UR9H,16.5,2400.0,46.9,8491.5,89.8,0.02,441.5,0.0,0.0,266,System Idle Process,0,msedgewebview2.exe,24064,,Healthy,0,100,,,,0
2026-08-09 01:27:35,LAPTOP-UA90UR9H,17.2,2400.0,46.6,8548.73,89.8,0.01,453.11,0.0,0.0,266,System Idle Process,0,msedgewebview2.exe,24064,,Healthy,0,100,,,,0
2026-08-09 01:27:37,LAPTOP-UA90UR9H,14.0,1520.0,46.9,8497.83,89.8,0.03,445.38,0.0,0.0,266,System Idle Process,0,msedgewebview2.exe,24064,,Healthy,0,100,,,,0
2026-08-09 01:27:40,LAPTOP-UA90UR9H,13.6,1520.0,46.9,8502.52,89.8,0.01,452.17,0.0,0.0,266,System Idle Process,0,msedgewebview2.exe,24064,,Healthy,0,100,,,,0
2026-08-09 01:27:43,LAPTOP-UA90UR9H,15.8,1520.0,46.9,8497.69,89.8,0.03,438.8,0.0,0.0,266,System Idle Process,0,msedgewebview2.exe,24064,,Healthy,0,100,,,,0
2026-08-09 01:27:45,LAPTOP-UA90UR9H,12.8,1520.0,46.7,8526.3,89.8,0.04,450.61,0.0,0.0,266,System Idle Process,0,msedgewebview2.exe,24064,,Healthy,0,100,,,,0
2026-08-09 01:27:48,LAPTOP-UA90UR9H,16.1,2400.0,46.8,8507.41,89.8,0.0,435.06,0.0,0.0,266,System Idle Process,0,msedgewebview2.exe,24064,,Healthy,0,100,,,,0
2026-08-09 01:27:50,LAPTOP-UA90UR9H,17.2,2400.0,46.9,8490.75,89.8,0.01,453.55,0.0,0.0,266,System Idle Process,0,msedgewebview2.exe,24064,,Healthy,0,100,,,,0
2026-08-09 01:27:53,LAPTOP-UA90UR9H,16.4,1520.0,46.9,8490.76,89.8,0.01,432.13,0.0,0.0,266,System Idle Process,0,msedgewebview2.exe,24064,,Healthy,0,100,,,,0
2026-08-09 01:27:55,LAPTOP-UA90UR9H,11.7,2400.0,46.9,8500.48,89.8,0.01,450.71,0.0,0.0,266,System Idle Process,0,msedgewebview2.exe,24064,,Healthy,0,100,,,,0
2026-08-09 01:27:58,LAPTOP-UA90UR9H,15.8,2400.0,46.9,8490.86,89.8,0.01,452.4,0.0,0.0,266,System Idle Process,0,msedgewebview2.exe,24064,,Healthy,0,100,,,,0
2026-08-09 01:28:00,LAPTOP-UA90UR9H,20.1,1520.0,47.0,8488.1,89.8,0.0,448.95,0.0,0.0,266,System Idle Process,0,msedgewebview2.exe,24064,,Healthy,0,100,,,,0
2026-08-09 01:28:03,LAPTOP-UA90UR9H,16.5,2400.0,47.0,8485.72,89.8,0.96,443.27,0.0,0.0,266,System Idle Process,0,msedgewebview2.exe,24064,,Healthy,0,100,,,,0
2026-08-09 01:28:06,LAPTOP-UA90UR9H,17.3,2400.0,46.7,8527.98,89.8,5.3,448.7,0.0,0.0,266,System Idle Process,0,msedgewebview2.exe,24064,,Healthy,0,100,,,,0
2026-08-09 01:28:08,LAPTOP-UA90UR9H,16.2,1520.0,47.0,8479.3,89.9,0.04,438.71,0.0,0.0,266,System Idle Process,0,msedgewebview2.exe,24064,,Healthy,0,100,,,,0
2026-08-09 01:28:11,LAPTOP-UA90UR9H,16.5,2400.0,47.0,8485.79,89.9,0.01,452.65,0.0,0.0,266,System Idle Process,0,msedgewebview2.exe,24064,,Healthy,0,100,,,,0
2026-08-09 01:28:13,LAPTOP-UA90UR9H,16.4,1520.0,46.7,8523.3,89.8,0.02,440.2,0.0,0.0,266,System Idle Process,0,msedgewebview2.exe,24064,,Healthy,0,100,,,,0
2026-08-09 01:28:16,LAPTOP-UA90UR9H,16.1,2400.0,46.9,8495.11,89.9,0.06,423.23,0.0,0.0,266,System Idle Process,0,msedgewebview2.exe,24064,,Healthy,0,100,,,,0
2026-08-09 01:28:19,LAPTOP-UA90UR9H,17.5,2400.0,47.0,8488.06,89.9,0.57,439.76,0.0,0.0,266,System Idle Process,0,msedgewebview2.exe,24064,,Healthy,0,100,,,,0
2026-08-09 01:28:21,LAPTOP-UA90UR9H,14.9,2400.0,46.9,8493.73,89.9,0.01,447.5,0.0,0.0,266,System Idle Process,0,msedgewebview2.exe,24064,,Healthy,0,100,,,,0
2026-08-09 01:28:24,LAPTOP-UA90UR9H,17.0,2400.0,46.8,8516.2,89.8,0.02,414.1,0.0,0.0,266,System Idle Process,0,msedgewebview2.exe,24064,,Healthy,0,100,,,,0
2026-08-09 01:28:26,LAPTOP-UA90UR9H,17.1,2400.0,47.0,8481.73,89.9,0.01,448.37,0.0,0.0,266,System Idle Process,0,msedgewebview2.exe,24064,,Healthy,0,100,,,,0
2026-08-09 01:28:29,LAPTOP-UA90UR9H,18.0,1520.0,47.0,8474.53,89.8,0.04,433.49,0.0,0.0,268,System Idle Process,0,msedgewebview2.exe,24064,,Healthy,0,100,,,,0
2026-08-09 01:28:31,LAPTOP-UA90UR9H,19.4,2400.0,47.0,8482.6,89.9,1.54,427.47,0.0,0.0,266,System Idle Process,0,msedgewebview2.exe,24064,,Healthy,0,100,,,,0
2026-08-09 01:28:34,LAPTOP-UA90UR9H,16.0,1520.0,47.0,8485.0,89.9,0.02,424.4,0.0,0.0,266,System Idle Process,0,msedgewebview2.exe,24064,,Healthy,0,100,,,,0
2026-08-09 01:28:36,LAPTOP-UA90UR9H,15.7,1520.0,47.0,8488.68,89.9,0.01,425.98,0.0,0.0,266,System Idle Process,0,msedgewebview2.exe,24064,,Healthy,0,100,,,,0
2026-08-09 01:28:39,LAPTOP-UA90UR9H,13.2,1520.0,47.0,8488.87,89.9,0.04,429.62,0.0,0.0,266,System Idle Process,0,msedgewebview2.exe,24064,,Healthy,0,100,,,,0
2026-08-09 01:28:42,LAPTOP-UA90UR9H,15.8,1520.0,46.8,8515.85,89.8,0.0,449.6,0.0,0.0,266,System Idle Process,0,msedgewebview2.exe,24064,,Healthy,0,100,,,,0
2026-08-09 01:28:44,LAPTOP-UA90UR9H,15.8,2400.0,47.0,8487.25,89.9,0.02,439.67,0.0,0.0,266,System Idle Process,0,msedgewebview2.exe,24064,,Healthy,0,100,,,,0
2026-08-09 01:28:47,LAPTOP-UA90UR9H,15.4,1520.0,47.0,8488.01,89.9,0.07,436.66,0.0,0.0,266,System Idle Process,0,msedgewebview2.exe,24064,,Healthy,0,100,,,,0
2026-08-09 01:28:49,LAPTOP-UA90UR9H,16.1,1520.0,46.8,8514.37,89.8,1.04,438.41,0.0,0.0,266,System Idle Process,0,msedgewebview2.exe,24064,,Healthy,0,100,,,,0
2026-08-09 01:28:52,LAPTOP-UA90UR9H,20.3,1520.0,47.1,8472.49,89.9,15.07,438.8,0.0,0.08,266,System Idle Process,0,msedgewebview2.exe,24064,,Healthy,0,100,,,,0
2026-08-09 01:28:54,LAPTOP-UA90UR9H,16.1,1520.0,47.0,8481.65,89.9,0.2,427.12,0.01,0.01,265,System Idle Process,0,msedgewebview2.exe,24064,,Healthy,0,100,,,,0
2026-08-09 01:28:57,LAPTOP-UA90UR9H,20.5,2400.0,47.1,8465.61,89.8,2.22,439.31,0.06,0.0,271,System Idle Process,0,msedgewebview2.exe,24064,,Healthy,0,100,,,,0
2026-08-09 01:29:00,LAPTOP-UA90UR9H,26.5,2400.0,47.4,8423.42,89.9,2.13,437.31,0.04,0.0,271,System Idle Process,0,msedgewebview2.exe,24064,,Healthy,0,100,,,,0
2026-08-09 01:29:02,LAPTOP-UA90UR9H,22.7,2400.0,47.4,8415.21,89.9,0.28,445.21,0.17,0.01,271,System Idle Process,0,msedgewebview2.exe,24064,,Healthy,0,100,,,,0
2026-08-09 01:29:05,LAPTOP-UA90UR9H,15.2,1520.0,47.2,8444.4,89.8,0.01,443.52,0.09,0.0,271,System Idle Process,0,msedgewebview2.exe,24064,,Healthy,0,100,,,,0
2026-08-09 01:29:08,LAPTOP-UA90UR9H,14.9,2400.0,47.3,8428.87,89.9,0.05,432.75,0.08,0.0,271,System Idle Process,0,msedgewebview2.exe,24064,,Healthy,0,100,,,,0
2026-08-09 01:29:10,LAPTOP-UA90UR9H,16.4,2400.0,47.1,8458.81,89.8,0.02,433.67,0.1,0.0,271,System Idle Process,0,msedgewebview2.exe,24064,,Healthy,0,100,,,,0
2026-08-09 01:29:13,LAPTOP-UA90UR9H,17.4,1520.0,47.4,8425.16,89.9,0.05,434.89,0.07,0.0,270,System Idle Process,0,msedgewebview2.exe,24064,,Healthy,0,100,,,,0
2026-08-09 01:29:15,LAPTOP-UA90UR9H,13.7,2400.0,47.0,8487.82,89.8,0.01,446.72,0.09,0.0,270,System Idle Process,0,msedgewebview2.exe,24064,,Healthy,0,100,,,,0
2026-08-09 01:29:18,LAPTOP-UA90UR9H,16.3,2400.0,47.3,8427.08,89.9,0.02,429.93,0.08,0.01,270,System Idle Process,0,msedgewebview2.exe,24064,,Healthy,0,100,,,,0
2026-08-09 01:29:21,LAPTOP-UA90UR9H,17.7,2400.0,47.3,8437.15,89.9,0.03,435.07,0.08,0.0,270,System Idle Process,0,msedgewebview2.exe,24064,,Healthy,0,100,,,,0
2026-08-09 01:29:23,LAPTOP-UA90UR9H,16.9,2400.0,47.3,8433.46,89.9,0.01,424.32,0.1,0.0,270,System Idle Process,0,msedgewebview2.exe,24064,,Healthy,0,100,,,,0
2026-08-09 01:29:26,LAPTOP-UA90UR9H,17.7,2400.0,47.2,8446.75,89.8,0.05,429.24,0.14,0.0,270,System Idle Process,0,msedgewebview2.exe,24064,,Healthy,0,100,,,,0
2026-08-09 01:29:29,LAPTOP-UA90UR9H,19.6,2400.0,47.6,8393.61,89.9,0.04,444.77,0.01,0.0,272,System Idle Process,0,msedgewebview2.exe,24064,,Healthy,0,100,,,,0
2026-08-09 01:29:31,LAPTOP-UA90UR9H,20.4,2400.0,47.0,8475.61,89.8,0.02,435.05,0.0,0.0,270,System Idle Process,0,msedgewebview2.exe,24064,,Healthy,0,100,,,,0
2026-08-09 01:29:34,LAPTOP-UA90UR9H,19.1,2400.0,47.4,8418.49,89.9,0.67,419.64,0.0,0.0,271,System Idle Process,0,msedgewebview2.exe,24064,,Healthy,0,100,,,,0
2026-08-09 01:29:36,LAPTOP-UA90UR9H,15.1,2400.0,47.4,8424.02,89.9,0.02,450.04,0.0,0.0,271,System Idle Process,0,msedgewebview2.exe,24064,,Healthy,0,100,,,,0
2026-08-09 01:29:39,LAPTOP-UA90UR9H,16.8,2400.0,47.4,8421.35,89.9,0.03,431.36,0.0,0.0,271,System Idle Process,0,msedgewebview2.exe,24064,,Healthy,0,100,,,,0
2026-08-09 01:29:41,LAPTOP-UA90UR9H,15.4,2400.0,47.4,8415.68,89.9,0.0,437.35,0.0,0.0,271,System Idle Process,0,msedgewebview2.exe,24064,,Healthy,0,100,,,,0
2026-08-09 01:29:44,LAPTOP-UA90UR9H,11.4,2400.0,47.4,8423.59,89.9,0.0,424.81,0.0,0.0,271,System Idle Process,0,msedgewebview2.exe,24064,,Healthy,0,100,,,,0
2026-08-09 01:29:47,LAPTOP-UA90UR9H,15.8,2400.0,47.1,8462.87,89.8,0.02,446.2,0.0,0.0,271,System Idle Process,0,msedgewebview2.exe,24064,,Healthy,0,100,,,,0
2026-08-09 01:29:49,LAPTOP-UA90UR9H,16.4,2400.0,47.4,8422.69,89.9,0.03,429.48,0.0,0.0,270,System Idle Process,0,msedgewebview2.exe,24064,,Healthy,0,100,,,,0
2026-08-09 01:29:52,LAPTOP-UA90UR9H,14.6,2400.0,47.0,8481.05,89.8,0.02,423.22,0.0,0.0,270,System Idle Process,0,msedgewebview2.exe,24064,,Healthy,0,100,,,,0
2026-08-09 01:29:55,LAPTOP-UA90UR9H,17.3,2400.0,47.4,8424.78,89.9,0.02,426.22,0.0,0.0,270,System Idle Process,0,msedgewebview2.exe,24064,,Healthy,0,100,,,,0
2026-08-09 01:29:57,LAPTOP-UA90UR9H,16.7,1520.0,47.0,8484.56,89.8,0.02,447.16,0.0,0.0,270,System Idle Process,0,msedgewebview2.exe,24064,,Healthy,0,100,,,,0
2026-08-09 01:30:00,LAPTOP-UA90UR9H,20.9,2400.0,46.9,8490.66,89.8,0.01,431.38,0.0,0.0,270,System Idle Process,0,msedgewebview2.exe,24064,,Healthy,0,100,,,,0
2026-08-09 01:30:02,LAPTOP-UA90UR9H,15.4,2400.0,47.0,8478.19,89.8,0.02,428.96,0.0,0.0,269,System Idle Process,0,msedgewebview2.exe,24064,,Healthy,0,100,,,,0
2026-08-09 01:30:05,LAPTOP-UA90UR9H,14.9,2400.0,47.3,8438.04,89.9,0.03,424.76,0.0,0.0,269,System Idle Process,0,msedgewebview2.exe,24064,,Healthy,0,100,,,,0
2026-08-09 01:30:07,LAPTOP-UA90UR9H,16.2,1520.0,47.2,8450.24,89.9,0.03,435.24,0.0,0.0,269,System Idle Process,0,msedgewebview2.exe,24064,,Healthy,0,100,,,,0
2026-08-09 01:30:10,LAPTOP-UA90UR9H,14.0,2400.0,47.2,8447.26,89.9,0.03,436.33,0.0,0.0,269,System Idle Process,0,msedgewebview2.exe,24064,,Healthy,0,100,,,,0
2026-08-09 01:30:13,LAPTOP-UA90UR9H,15.6,2400.0,47.2,8451.73,89.9,0.01,433.69,0.0,0.0,269,System Idle Process,0,msedgewebview2.exe,24064,,Healthy,0,100,,,,0
2026-08-09 01:30:15,LAPTOP-UA90UR9H,16.1,2400.0,46.9,8505.21,89.8,0.2,421.5,0.0,0.0,269,System Idle Process,0,msedgewebview2.exe,24064,,Healthy,0,100,,,,0
2026-08-09 01:30:18,LAPTOP-UA90UR9H,17.0,2400.0,47.3,8436.34,89.9,0.02,442.97,0.0,0.0,269,System Idle Process,0,msedgewebview2.exe,24064,,Healthy,0,100,,,,0
2026-08-09 01:30:20,LAPTOP-UA90UR9H,12.1,1520.0,47.2,8452.22,89.9,0.02,418.32,0.0,0.0,269,System Idle Process,0,msedgewebview2.exe,24064,,Healthy,0,100,,,,0
2026-08-09 01:30:23,LAPTOP-UA90UR9H,19.7,1520.0,47.3,8432.11,89.9,1.32,433.75,0.0,0.0,269,System Idle Process,0,msedgewebview2.exe,24064,,Healthy,0,100,,,,0
2026-08-09 01:30:26,LAPTOP-UA90UR9H,21.4,2400.0,47.3,8432.15,89.9,1.19,403.48,0.0,0.0,269,System Idle Process,0,msedgewebview2.exe,24064,,Healthy,0,100,,,,0
2026-08-09 01:30:28,LAPTOP-UA90UR9H,21.7,2400.0,47.5,8404.16,89.8,0.05,437.41,0.01,0.01,273,System Idle Process,0,msedgewebview2.exe,24064,,Healthy,0,100,,,,0
2026-08-09 01:30:31,LAPTOP-UA90UR9H,22.0,1520.0,47.7,8377.5,89.9,0.04,422.08,0.0,0.0,271,System Idle Process,0,msedgewebview2.exe,24064,,Healthy,0,100,,,,0
2026-08-09 01:30:33,LAPTOP-UA90UR9H,15.8,2400.0,47.7,8371.77,89.9,0.01,448.87,0.0,0.0,270,System Idle Process,0,msedgewebview2.exe,24064,,Healthy,0,100,,,,0
2026-08-09 01:30:36,LAPTOP-UA90UR9H,16.1,1520.0,47.7,8375.46,89.9,0.01,424.7,0.0,0.0,270,System Idle Process,0,msedgewebview2.exe,24064,,Healthy,0,100,,,,0
2026-08-09 01:30:39,LAPTOP-UA90UR9H,16.0,2400.0,47.7,8373.5,89.9,0.47,428.45,0.0,0.01,270,System Idle Process,0,msedgewebview2.exe,24064,,Healthy,0,100,,,,0
2026-08-09 01:30:41,LAPTOP-UA90UR9H,14.6,2400.0,47.7,8363.68,89.9,0.02,424.51,0.0,0.0,270,System Idle Process,0,msedgewebview2.exe,24064,,Healthy,0,100,,,,0
2026-08-09 01:30:44,LAPTOP-UA90UR9H,17.5,2400.0,47.7,8377.42,89.9,0.02,424.17,0.0,0.0,270,System Idle Process,0,msedgewebview2.exe,24064,,Healthy,0,100,,,,0
2026-08-09 01:30:46,LAPTOP-UA90UR9H,18.3,2400.0,47.6,8378.4,89.9,0.0,438.17,0.0,0.0,270,System Idle Process,0,msedgewebview2.exe,24064,,Healthy,0,100,,,,0
2026-08-09 01:30:49,LAPTOP-UA90UR9H,12.3,2400.0,47.7,8367.01,89.9,0.06,431.03,0.0,0.0,270,System Idle Process,0,msedgewebview2.exe,24064,,Healthy,0,100,,,,0
2026-08-09 01:30:51,LAPTOP-UA90UR9H,16.7,1520.0,47.7,8373.39,89.9,0.0,442.56,0.0,0.0,270,System Idle Process,0,msedgewebview2.exe,24064,,Healthy,0,100,,,,0
2026-08-09 01:30:54,LAPTOP-UA90UR9H,16.9,1520.0,47.7,8373.0,89.9,0.1,426.95,0.0,0.0,270,System Idle Process,0,msedgewebview2.exe,24064,,Healthy,0,100,,,,0
2026-08-09 01:30:57,LAPTOP-UA90UR9H,17.3,2400.0,48.1,8309.43,89.9,2.71,452.88,0.0,0.0,269,System Idle Process,0,msedgewebview2.exe,24064,,Healthy,0,100,,,,0
2026-08-09 01:31:00,LAPTOP-UA90UR9H,38.5,2400.0,48.4,8251.62,89.8,6.31,393.17,0.0,0.0,272,System Idle Process,0,msedgewebview2.exe,24064,,Healthy,0,100,,,,0
2026-08-09 01:31:03,LAPTOP-UA90UR9H,32.3,2400.0,48.3,8278.29,89.8,1.34,404.63,0.0,0.0,271,System Idle Process,0,msedgewebview2.exe,24064,,Healthy,0,100,,,,0
2026-08-09 01:31:06,LAPTOP-UA90UR9H,29.6,2400.0,48.7,8204.25,89.9,4.39,399.63,0.0,0.0,272,System Idle Process,0,msedgewebview2.exe,24064,,Healthy,0,100,,,,0
2026-08-09 01:31:08,LAPTOP-UA90UR9H,20.9,2400.0,48.7,8203.69,89.9,0.11,431.19,0.0,0.0,273,System Idle Process,0,msedgewebview2.exe,24064,,Healthy,0,100,,,,0
2026-08-09 01:31:11,LAPTOP-UA90UR9H,16.4,2400.0,48.4,8251.98,89.8,0.15,429.25,0.0,0.0,273,System Idle Process,0,msedgewebview2.exe,24064,,Healthy,0,100,,,,0
2026-08-09 01:31:14,LAPTOP-UA90UR9H,20.6,2400.0,48.5,8236.39,89.8,0.26,423.29,0.0,0.0,273,System Idle Process,0,msedgewebview2.exe,24064,,Healthy,0,100,,,,0
2026-08-09 01:31:17,LAPTOP-UA90UR9H,26.2,1520.0,49.0,8167.17,89.9,7.07,399.7,0.0,0.0,274,System Idle Process,0,msedgewebview2.exe,24064,,Healthy,0,100,,,,0
2026-08-09 01:31:19,LAPTOP-UA90UR9H,20.6,1520.0,48.8,8186.63,89.9,0.18,421.49,0.0,0.0,274,System Idle Process,0,msedgewebview2.exe,24064,,Healthy,0,100,,,,0
2026-08-09 01:31:22,LAPTOP-UA90UR9H,18.9,1520.0,48.9,8180.1,89.9,0.24,412.29,0.0,0.0,274,System Idle Process,0,msedgewebview2.exe,24064,,Healthy,0,100,,,,0
2026-08-09 01:31:25,LAPTOP-UA90UR9H,18.8,1520.0,48.9,8175.74,89.9,0.08,414.74,0.0,0.0,274,System Idle Process,0,msedgewebview2.exe,24064,,Healthy,0,100,,,,0
2026-08-09 01:31:28,LAPTOP-UA90UR9H,18.3,2400.0,48.9,8174.27,89.9,0.38,423.57,0.0,0.0,274,System Idle Process,0,msedgewebview2.exe,24064,,Healthy,0,100,,,,0
2026-08-09 01:31:30,LAPTOP-UA90UR9H,22.7,2400.0,48.4,8256.42,89.9,0.06,435.9,0.0,0.0,272,System Idle Process,0,msedgewebview2.exe,24064,,Healthy,0,100,,,,0
2026-08-09 01:31:33,LAPTOP-UA90UR9H,16.7,2400.0,48.3,8268.29,89.9,0.79,425.19,0.0,0.0,272,System Idle Process,0,msedgewebview2.exe,24064,,Healthy,0,100,,,,0
2026-08-09 01:31:36,LAPTOP-UA90UR9H,14.9,2400.0,48.0,8321.16,89.8,0.03,409.4,0.0,0.0,272,System Idle Process,0,msedgewebview2.exe,24064,,Healthy,0,100,,,,0
2026-08-09 01:31:39,LAPTOP-UA90UR9H,16.2,2400.0,48.3,8266.52,89.9,0.08,432.69,0.0,0.0,272,System Idle Process,0,msedgewebview2.exe,24064,,Healthy,0,100,,,,0
2026-08-09 01:31:41,LAPTOP-UA90UR9H,17.8,2400.0,48.3,8268.52,89.9,0.06,412.96,0.0,0.0,272,System Idle Process,0,msedgewebview2.exe,24064,,Healthy,0,100,,,,0
2026-08-09 01:31:44,LAPTOP-UA90UR9H,13.8,1520.0,48.4,8260.86,89.9,0.02,433.6,0.0,0.0,272,System Idle Process,0,msedgewebview2.exe,24064,,Healthy,0,100,,,,0
2026-08-09 01:31:47,LAPTOP-UA90UR9H,16.5,1520.0,48.4,8259.85,89.9,0.06,407.63,0.0,0.0,271,System Idle Process,0,msedgewebview2.exe,24064,,Healthy,0,100,,,,0
2026-08-09 01:31:49,LAPTOP-UA90UR9H,17.3,1520.0,48.3,8269.22,89.9,0.08,441.71,0.0,0.0,271,System Idle Process,0,msedgewebview2.exe,24064,,Healthy,0,100,,,,0
2026-08-09 01:31:52,LAPTOP-UA90UR9H,17.6,2400.0,48.2,8297.05,89.8,0.05,432.68,0.0,0.0,271,System Idle Process,0,msedgewebview2.exe,24064,,Healthy,0,100,,,,0
2026-08-09 01:31:55,LAPTOP-UA90UR9H,15.3,2400.0,48.1,8310.07,89.8,0.06,433.68,0.0,0.0,271,System Idle Process,0,msedgewebview2.exe,24064,,Healthy,0,100,,,,0
2026-08-09 01:31:57,LAPTOP-UA90UR9H,15.5,2400.0,48.3,8274.48,89.9,0.0,418.17,0.0,0.0,271,System Idle Process,0,msedgewebview2.exe,24064,,Healthy,0,100,,,,0
2026-08-09 01:32:00,LAPTOP-UA90UR9H,22.1,1520.0,48.3,8277.27,89.9,0.06,427.06,0.0,0.0,270,System Idle Process,0,msedgewebview2.exe,24064,,Healthy,0,100,,,,0
2026-08-09 01:32:03,LAPTOP-UA90UR9H,24.0,2400.0,48.3,8266.58,89.9,0.08,414.37,0.0,0.0,270,System Idle Process,0,msedgewebview2.exe,24064,,Healthy,0,100,,,,0
2026-08-09 01:32:06,LAPTOP-UA90UR9H,16.0,2400.0,48.3,8268.09,89.9,0.01,417.93,0.0,0.0,270,System Idle Process,0,msedgewebview2.exe,24064,,Healthy,0,100,,,,0
2026-08-09 01:32:08,LAPTOP-UA90UR9H,15.8,2400.0,48.3,8271.11,89.9,0.02,438.12,0.0,0.0,270,System Idle Process,0,msedgewebview2.exe,24064,,Healthy,0,100,,,,0
2026-08-09 01:32:11,LAPTOP-UA90UR9H,18.3,2400.0,48.3,8269.41,89.9,0.02,416.99,0.0,0.0,270,System Idle Process,0,msedgewebview2.exe,24064,,Healthy,0,100,,,,0
2026-08-09 01:32:14,LAPTOP-UA90UR9H,17.1,2400.0,48.1,8302.77,89.8,0.03,408.02,-6.11,-19.25,270,System Idle Process,0,msedgewebview2.exe,24064,,Healthy,0,100,,,,0
2026-08-09 01:32:21,LAPTOP-UA90UR9H,15.0,2400.0,48.2,8286.72,89.8,0.19,428.7,0.0,0.0,269,System Idle Process,0,msedgewebview2.exe,24064,,Healthy,0,100,,,,0
2026-08-09 01:32:24,LAPTOP-UA90UR9H,13.5,2400.0,48.1,8312.25,89.8,0.14,420.54,0.0,0.0,269,System Idle Process,0,msedgewebview2.exe,24064,,Healthy,0,100,,,,0
2026-08-09 01:32:27,LAPTOP-UA90UR9H,16.6,1520.0,48.2,8291.39,89.9,0.14,413.1,0.0,0.0,269,System Idle Process,0,msedgewebview2.exe,24064,,Healthy,0,100,,,,0
2026-08-09 01:32:29,LAPTOP-UA90UR9H,17.8,2400.0,47.8,8361.02,89.8,0.01,435.99,0.0,0.0,268,System Idle Process,0,msedgewebview2.exe,24064,,Healthy,0,100,,,,0
2026-08-09 01:32:33,LAPTOP-UA90UR9H,17.2,1520.0,47.9,8344.34,89.8,0.01,422.86,0.0,0.0,268,System Idle Process,0,msedgewebview2.exe,24064,,Healthy,0,100,,,,0
2026-08-09 01:32:36,LAPTOP-UA90UR9H,39.8,2400.0,48.8,8194.67,89.6,5.78,420.22,0.02,0.03,275,System Idle Process,0,msedgewebview2.exe,24064,,Healthy,0,100,,,,0
2026-08-09 01:32:39,LAPTOP-UA90UR9H,35.4,2400.0,49.4,8091.91,89.6,2.7,391.9,0.05,0.05,276,System Idle Process,0,msedgewebview2.exe,24064,,Healthy,0,100,,,,0
2026-08-09 01:32:43,LAPTOP-UA90UR9H,24.2,2400.0,49.5,8076.61,89.6,0.26,408.18,0.01,0.03,276,System Idle Process,0,msedgewebview2.exe,24064,,Healthy,0,100,,,,0
2026-08-09 01:32:46,LAPTOP-UA90UR9H,34.0,2400.0,49.5,8078.21,89.6,2.47,365.21,0.0,0.46,275,System Idle Process,0,msedgewebview2.exe,24064,,Healthy,0,100,,,,0
2026-08-09 01:32:49,LAPTOP-UA90UR9H,27.2,1520.0,49.4,8093.84,89.6,0.64,413.2,0.01,0.01,275,System Idle Process,0,msedgewebview2.exe,24064,,Healthy,0,100,,,,0
2026-08-09 01:32:52,LAPTOP-UA90UR9H,16.4,2400.0,49.4,8092.61,89.6,0.0,439.99,0.01,0.0,275,System Idle Process,0,msedgewebview2.exe,24064,,Healthy,0,100,,,,0
2026-08-09 01:32:54,LAPTOP-UA90UR9H,19.9,2400.0,49.4,8101.01,89.6,0.04,438.42,0.0,0.0,275,System Idle Process,0,msedgewebview2.exe,24064,,Healthy,0,100,,,,0
2026-08-09 01:32:57,LAPTOP-UA90UR9H,21.2,1520.0,49.2,8128.5,89.6,0.13,407.62,0.0,0.0,275,System Idle Process,0,msedgewebview2.exe,24064,,Healthy,0,100,,,,0
2026-08-09 01:33:00,LAPTOP-UA90UR9H,23.1,1520.0,49.3,8120.05,89.6,0.0,434.45,0.0,0.0,275,System Idle Process,0,msedgewebview2.exe,24064,,Healthy,0,100,,,,0
2026-08-09 01:33:03,LAPTOP-UA90UR9H,17.7,2400.0,49.0,8162.28,89.6,0.01,431.12,0.0,0.0,275,System Idle Process,0,msedgewebview2.exe,24064,,Healthy,0,100,,,,0
2026-08-09 01:33:05,LAPTOP-UA90UR9H,20.7,2400.0,49.4,8093.83,89.6,0.19,438.48,0.01,0.07,277,System Idle Process,0,msedgewebview2.exe,24064,,Healthy,0,100,,,,0
2026-08-09 01:33:08,LAPTOP-UA90UR9H,19.5,1520.0,48.9,8173.69,89.6,0.88,422.38,0.0,0.04,275,System Idle Process,0,msedgewebview2.exe,24064,,Healthy,0,100,,,,0
2026-08-09 01:33:11,LAPTOP-UA90UR9H,14.1,2400.0,49.0,8158.76,89.6,0.03,442.9,0.0,0.0,274,System Idle Process,0,msedgewebview2.exe,24064,,Healthy,0,100,,,,0
2026-08-09 01:33:13,LAPTOP-UA90UR9H,17.9,1520.0,48.5,8235.67,89.6,0.0,418.03,0.0,0.0,273,System Idle Process,0,msedgewebview2.exe,24064,,Healthy,0,100,,,,0
2026-08-09 01:33:16,LAPTOP-UA90UR9H,17.2,1520.0,48.7,8210.43,89.6,0.02,435.19,0.0,0.0,273,System Idle Process,0,msedgewebview2.exe,24064,,Healthy,0,100,,,,0
2026-08-09 01:33:19,LAPTOP-UA90UR9H,15.9,2400.0,48.8,8190.17,89.6,0.17,418.76,0.0,0.0,271,System Idle Process,0,msedgewebview2.exe,24064,,Healthy,0,100,,,,0
2026-08-09 01:33:21,LAPTOP-UA90UR9H,15.8,2400.0,48.9,8181.66,89.6,0.04,442.36,0.01,0.0,271,System Idle Process,0,msedgewebview2.exe,24064,,Healthy,0,100,,,,0
2026-08-09 01:33:24,LAPTOP-UA90UR9H,18.5,2400.0,48.9,8177.66,89.6,0.17,428.19,0.01,0.01,271,System Idle Process,0,msedgewebview2.exe,24064,,Healthy,0,100,,,,0
2026-08-09 01:33:27,LAPTOP-UA90UR9H,17.1,2400.0,48.8,8186.64,89.6,0.01,417.59,0.0,0.0,271,System Idle Process,0,msedgewebview2.exe,24064,,Healthy,0,100,,,,0
2026-08-09 01:33:30,LAPTOP-UA90UR9H,19.8,2400.0,48.6,8232.28,89.6,0.0,439.7,0.0,0.0,271,System Idle Process,0,msedgewebview2.exe,24064,,Healthy,0,100,,,,0
2026-08-09 01:33:32,LAPTOP-UA90UR9H,16.0,2400.0,48.7,8209.73,89.6,0.03,418.11,0.0,0.0,271,System Idle Process,0,msedgewebview2.exe,24064,,Healthy,0,100,,,,0
2026-08-09 01:33:35,LAPTOP-UA90UR9H,17.2,2400.0,48.4,8250.04,89.6,0.03,431.47,0.01,0.0,270,System Idle Process,0,msedgewebview2.exe,24064,,Healthy,0,100,,,,0
2026-08-09 01:33:38,LAPTOP-UA90UR9H,23.8,2400.0,49.0,8160.3,89.6,0.05,414.07,0.0,0.0,271,System Idle Process,0,msedgewebview2.exe,24064,,Healthy,0,100,,,,0
2026-08-09 01:33:40,LAPTOP-UA90UR9H,23.4,2400.0,48.9,8173.98,89.6,0.8,424.85,0.01,0.01,271,System Idle Process,0,msedgewebview2.exe,24064,,Healthy,0,100,,,,0
2026-08-09 01:33:43,LAPTOP-UA90UR9H,15.4,2400.0,48.8,8190.61,89.6,0.05,439.65,0.0,0.0,270,System Idle Process,0,msedgewebview2.exe,24064,,Healthy,0,100,,,,0
2026-08-09 01:33:46,LAPTOP-UA90UR9H,21.1,2400.0,48.7,8205.21,89.6,0.05,438.37,0.01,0.01,270,System Idle Process,0,msedgewebview2.exe,24064,,Healthy,0,100,,,,0
2026-08-09 01:33:49,LAPTOP-UA90UR9H,20.5,2400.0,48.8,8186.2,89.6,0.08,419.52,0.0,0.0,271,System Idle Process,0,msedgewebview2.exe,24064,,Healthy,0,100,,,,0
2026-08-09 01:33:51,LAPTOP-UA90UR9H,19.9,1520.0,49.1,8140.28,89.6,0.0,418.97,0.0,0.0,271,System Idle Process,0,msedgewebview2.exe,24064,,Healthy,0,100,,,,0
2026-08-09 01:33:54,LAPTOP-UA90UR9H,18.0,2400.0,49.1,8147.12,89.6,0.01,416.91,0.0,0.0,271,System Idle Process,0,msedgewebview2.exe,24064,,Healthy,0,100,,,,0
2026-08-09 01:33:57,LAPTOP-UA90UR9H,15.5,2400.0,48.8,8200.22,89.6,0.0,432.55,0.0,0.0,271,System Idle Process,0,msedgewebview2.exe,24064,,Healthy,0,100,,,,0
2026-08-09 01:33:59,LAPTOP-UA90UR9H,23.4,2400.0,49.2,8130.25,89.6,0.3,408.0,0.0,0.0,270,System Idle Process,0,msedgewebview2.exe,24064,,Healthy,0,100,,,,0
2026-08-09 01:34:02,LAPTOP-UA90UR9H,19.3,1520.0,48.8,8193.62,89.6,0.74,409.6,0.0,0.0,269,System Idle Process,0,msedgewebview2.exe,24064,,Healthy,0,100,,,,0
2026-08-09 01:34:05,LAPTOP-UA90UR9H,15.8,1520.0,49.0,8166.36,89.6,0.03,450.21,0.0,0.0,269,System Idle Process,0,msedgewebview2.exe,24064,,Healthy,0,100,,,,0
2026-08-09 01:34:08,LAPTOP-UA90UR9H,18.6,1520.0,48.9,8184.64,89.6,0.02,427.83,0.0,0.0,269,System Idle Process,0,msedgewebview2.exe,24064,,Healthy,0,100,,,,0
2026-08-09 01:34:10,LAPTOP-UA90UR9H,15.7,2400.0,48.8,8194.63,89.6,0.03,431.61,0.0,0.0,269,System Idle Process,0,msedgewebview2.exe,24064,,Healthy,0,100,,,,0
2026-08-09 01:34:13,LAPTOP-UA90UR9H,15.9,2400.0,48.8,8186.84,89.6,0.0,415.51,0.0,0.0,268,System Idle Process,0,msedgewebview2.exe,24064,,Healthy,0,100,,,,0
2026-08-09 01:34:15,LAPTOP-UA90UR9H,15.6,1520.0,48.9,8183.69,89.6,0.04,437.72,0.0,0.0,268,System Idle Process,0,msedgewebview2.exe,24064,,Healthy,0,100,,,,0
2026-08-09 01:34:18,LAPTOP-UA90UR9H,17.2,2400.0,48.5,8243.85,89.6,0.0,418.66,0.0,0.0,267,System Idle Process,0,msedgewebview2.exe,24064,,Healthy,0,100,,,,0
2026-08-09 01:34:21,LAPTOP-UA90UR9H,19.5,2400.0,48.2,8290.23,89.6,0.6,424.29,0.0,0.0,267,System Idle Process,0,msedgewebview2.exe,24064,,Healthy,0,100,,,,0
2026-08-09 01:34:23,LAPTOP-UA90UR9H,17.9,1520.0,48.5,8234.21,89.6,0.03,430.1,0.0,0.0,267,System Idle Process,0,msedgewebview2.exe,24064,,Healthy,0,100,,,,0
2026-08-09 01:34:26,LAPTOP-UA90UR9H,18.2,2400.0,48.3,8268.65,89.6,0.26,442.21,0.0,0.0,269,System Idle Process,0,msedgewebview2.exe,24064,,Healthy,0,100,,,,0
2026-08-09 01:34:29,LAPTOP-UA90UR9H,21.8,2400.0,48.8,8194.77,89.7,0.04,420.68,0.0,0.0,271,System Idle Process,0,msedgewebview2.exe,24064,,Healthy,0,100,,,,0
2026-08-09 01:34:31,LAPTOP-UA90UR9H,19.6,2400.0,48.6,8220.14,89.7,0.0,423.91,0.0,0.0,269,System Idle Process,0,msedgewebview2.exe,24064,,Healthy,0,100,,,,0
2026-08-09 01:34:34,LAPTOP-UA90UR9H,14.8,2400.0,48.6,8222.99,89.7,0.03,427.92,0.0,0.0,269,System Idle Process,0,msedgewebview2.exe,24064,,Healthy,0,100,,,,0
2026-08-09 01:34:37,LAPTOP-UA90UR9H,16.0,2400.0,48.6,8228.3,89.7,0.03,429.9,0.0,0.0,269,System Idle Process,0,msedgewebview2.exe,24064,,Healthy,0,100,,,,0
2026-08-09 01:34:39,LAPTOP-UA90UR9H,16.4,2400.0,48.5,8235.43,89.7,0.0,435.23,0.0,0.0,269,System Idle Process,0,msedgewebview2.exe,24064,,Healthy,0,100,,,,0
2026-08-09 01:34:42,LAPTOP-UA90UR9H,14.1,1520.0,48.6,8230.39,89.7,0.03,430.55,0.0,0.0,269,System Idle Process,0,msedgewebview2.exe,24064,,Healthy,0,100,,,,0
2026-08-09 01:34:45,LAPTOP-UA90UR9H,15.8,1520.0,48.6,8231.62,89.7,0.0,427.14,0.0,0.0,269,System Idle Process,0,msedgewebview2.exe,24064,,Healthy,0,100,,,,0
2026-08-09 01:34:47,LAPTOP-UA90UR9H,14.8,2400.0,48.5,8244.46,89.7,0.0,405.7,0.0,0.0,269,System Idle Process,0,msedgewebview2.exe,24064,,Healthy,0,100,,,,0
2026-08-09 01:34:50,LAPTOP-UA90UR9H,18.2,2400.0,48.4,8250.26,89.7,0.01,426.33,0.0,0.0,269,System Idle Process,0,msedgewebview2.exe,24064,,Healthy,0,100,,,,0
2026-08-09 01:34:52,LAPTOP-UA90UR9H,17.3,2400.0,48.4,8251.78,89.6,0.02,416.7,0.0,0.0,269,System Idle Process,0,msedgewebview2.exe,24064,,Healthy,0,100,,,,0
2026-08-09 01:34:55,LAPTOP-UA90UR9H,11.8,2400.0,48.6,8231.09,89.7,0.04,419.15,0.0,0.0,269,System Idle Process,0,msedgewebview2.exe,24064,,Healthy,0,100,,,,0
2026-08-09 01:34:58,LAPTOP-UA90UR9H,18.0,1520.0,48.5,8239.38,89.6,0.0,422.7,0.0,0.0,269,System Idle Process,0,msedgewebview2.exe,24064,,Healthy,0,100,,,,0
2026-08-09 01:35:00,LAPTOP-UA90UR9H,22.3,2400.0,48.3,8271.38,89.7,0.05,432.85,0.0,0.0,268,System Idle Process,0,msedgewebview2.exe,24064,,Healthy,0,100,,,,0
2026-08-09 01:35:03,LAPTOP-UA90UR9H,15.2,1520.0,47.7,8366.09,89.6,0.04,420.05,0.0,0.0,267,System Idle Process,0,msedgewebview2.exe,24064,,Healthy,0,100,,,,0
2026-08-09 01:35:06,LAPTOP-UA90UR9H,15.8,1520.0,48.1,8305.91,89.7,0.0,440.76,0.0,0.0,267,System Idle Process,0,msedgewebview2.exe,24064,,Healthy,0,100,,,,0
2026-08-09 01:35:08,LAPTOP-UA90UR9H,15.8,1520.0,48.0,8322.38,89.7,0.07,422.0,0.0,0.0,267,System Idle Process,0,msedgewebview2.exe,24064,,Healthy,0,100,,,,0
2026-08-09 01:35:11,LAPTOP-UA90UR9H,16.1,2400.0,48.1,8307.97,89.7,0.0,441.73,0.0,0.0,267,System Idle Process,0,msedgewebview2.exe,24064,,Healthy,0,100,,,,0
2026-08-09 01:35:14,LAPTOP-UA90UR9H,16.3,2400.0,48.0,8316.89,89.7,0.0,428.11,0.0,0.0,267,System Idle Process,0,msedgewebview2.exe,24064,,Healthy,0,100,,,,0
2026-08-09 01:35:16,LAPTOP-UA90UR9H,14.3,1520.0,48.0,8319.1,89.7,0.02,419.15,0.0,0.0,267,System Idle Process,0,msedgewebview2.exe,24064,,Healthy,0,100,,,,0
2026-08-09 01:35:19,LAPTOP-UA90UR9H,17.1,1520.0,48.1,8308.54,89.7,0.0,420.83,0.0,0.0,267,System Idle Process,0,msedgewebview2.exe,24064,,Healthy,0,100,,,,0
2026-08-09 01:35:21,LAPTOP-UA90UR9H,18.4,2400.0,48.1,8299.22,89.7,0.05,425.49,0.0,0.0,267,System Idle Process,0,msedgewebview2.exe,24064,,Healthy,0,100,,,,0
2026-08-09 01:35:24,LAPTOP-UA90UR9H,14.4,1520.0,47.8,8347.58,89.6,0.01,429.49,0.0,0.0,267,System Idle Process,0,msedgewebview2.exe,24064,,Healthy,0,100,,,,0
2026-08-09 01:35:27,LAPTOP-UA90UR9H,16.9,2400.0,48.0,8326.1,89.7,0.02,410.62,0.0,0.0,267,System Idle Process,0,msedgewebview2.exe,24064,,Healthy,0,100,,,,0
2026-08-09 01:35:29,LAPTOP-UA90UR9H,22.6,1520.0,47.8,8353.84,89.6,0.02,439.27,0.0,0.0,267,System Idle Process,0,msedgewebview2.exe,24064,,Healthy,0,100,,,,0
2026-08-09 01:35:32,LAPTOP-UA90UR9H,14.2,2400.0,47.9,8336.09,89.7,0.01,433.4,0.0,0.0,265,System Idle Process,0,msedgewebview2.exe,24064,,Healthy,0,100,,,,0
2026-08-09 01:35:34,LAPTOP-UA90UR9H,15.1,1520.0,47.7,8370.57,89.6,0.01,433.33,0.0,0.0,265,System Idle Process,0,msedgewebview2.exe,24064,,Healthy,0,100,,,,0
2026-08-09 01:35:37,LAPTOP-UA90UR9H,16.3,2400.0,48.0,8321.17,89.7,0.03,431.42,0.0,0.0,265,System Idle Process,0,msedgewebview2.exe,24064,,Healthy,0,100,,,,0
2026-08-09 01:35:40,LAPTOP-UA90UR9H,15.1,1520.0,48.0,8327.73,89.7,0.04,427.54,0.0,0.0,265,System Idle Process,0,msedgewebview2.exe,24064,,Healthy,0,100,,,,0
2026-08-09 01:35:42,LAPTOP-UA90UR9H,15.9,1520.0,47.9,8333.04,89.7,0.19,414.02,0.0,0.0,265,System Idle Process,0,msedgewebview2.exe,24064,,Healthy,0,100,,,,0
2026-08-09 01:35:45,LAPTOP-UA90UR9H,15.8,1520.0,47.9,8336.9,89.7,0.04,434.23,0.0,0.0,265,System Idle Process,0,msedgewebview2.exe,24064,,Healthy,0,100,,,,0
2026-08-09 01:35:47,LAPTOP-UA90UR9H,16.5,2400.0,47.6,8388.07,89.6,0.0,425.83,0.0,0.0,265,System Idle Process,0,msedgewebview2.exe,24064,,Healthy,0,100,,,,0
2026-08-09 01:35:50,LAPTOP-UA90UR9H,13.9,2400.0,48.0,8329.34,89.7,0.03,428.41,0.0,0.0,265,System Idle Process,0,msedgewebview2.exe,24064,,Healthy,0,100,,,,0
2026-08-09 01:35:52,LAPTOP-UA90UR9H,15.6,2400.0,47.9,8340.95,89.7,0.03,416.2,0.0,0.0,265,System Idle Process,0,msedgewebview2.exe,24064,,Healthy,0,100,,,,0
2026-08-09 01:35:55,LAPTOP-UA90UR9H,17.1,2400.0,47.7,8362.36,89.6,0.06,455.18,0.0,0.0,265,System Idle Process,0,msedgewebview2.exe,24064,,Healthy,0,100,,,,0
2026-08-09 01:35:58,LAPTOP-UA90UR9H,15.9,1520.0,47.6,8386.46,89.6,0.06,438.12,0.0,0.01,265,System Idle Process,0,msedgewebview2.exe,24064,,Healthy,0,100,,,,0
2026-08-09 01:36:00,LAPTOP-UA90UR9H,18.9,2400.0,48.0,8317.59,89.7,0.01,425.67,0.0,0.0,265,System Idle Process,0,msedgewebview2.exe,24064,,Healthy,0,100,,,,0
2026-08-09 01:36:03,LAPTOP-UA90UR9H,16.9,1520.0,48.0,8324.5,89.7,0.07,419.8,0.0,0.0,265,System Idle Process,0,msedgewebview2.exe,24064,,Healthy,0,100,,,,0
2026-08-09 01:36:05,LAPTOP-UA90UR9H,18.3,1520.0,47.9,8330.76,89.7,0.02,439.88,0.0,0.0,265,System Idle Process,0,msedgewebview2.exe,24064,,Healthy,0,100,,,,0
2026-08-09 01:36:08,LAPTOP-UA90UR9H,13.1,1520.0,47.9,8331.08,89.7,0.06,421.67,0.0,0.0,265,System Idle Process,0,msedgewebview2.exe,24064,,Healthy,0,100,,,,0
2026-08-09 01:36:11,LAPTOP-UA90UR9H,19.6,2400.0,48.3,8275.37,89.7,0.0,447.35,0.0,0.01,267,System Idle Process,0,msedgewebview2.exe,24064,,Healthy,0,100,,,,0
2026-08-09 01:36:13,LAPTOP-UA90UR9H,18.2,1520.0,48.1,8305.96,89.6,0.03,413.73,0.0,0.0,267,System Idle Process,0,msedgewebview2.exe,24064,,Healthy,0,100,,,,0
2026-08-09 01:36:16,LAPTOP-UA90UR9H,17.9,1520.0,48.3,8270.3,89.7,0.04,432.25,0.0,0.0,267,System Idle Process,0,msedgewebview2.exe,24064,,Healthy,0,100,,,,0
2026-08-09 01:36:18,LAPTOP-UA90UR9H,16.0,1520.0,48.0,8313.77,89.6,0.05,439.7,0.0,0.0,267,System Idle Process,0,msedgewebview2.exe,24064,,Healthy,0,100,,,,0
2026-08-09 01:36:21,LAPTOP-UA90UR9H,15.2,2400.0,48.4,8264.2,89.7,0.02,430.66,0.0,0.0,267,System Idle Process,0,msedgewebview2.exe,24064,,Healthy,0,100,,,,0
2026-08-09 01:36:23,LAPTOP-UA90UR9H,14.0,1520.0,48.3,8267.68,89.7,0.04,412.81,0.0,0.0,267,System Idle Process,0,msedgewebview2.exe,24064,,Healthy,0,100,,,,0
2026-08-09 01:36:26,LAPTOP-UA90UR9H,15.1,1520.0,48.0,8325.79,89.6,0.01,439.34,0.0,0.0,267,System Idle Process,0,msedgewebview2.exe,24064,,Healthy,0,100,,,,0
2026-08-09 01:36:29,LAPTOP-UA90UR9H,18.3,1520.0,48.6,8229.63,89.7,0.02,419.76,0.0,0.0,269,System Idle Process,0,msedgewebview2.exe,24064,,Healthy,0,100,,,,0
2026-08-09 01:36:31,LAPTOP-UA90UR9H,19.3,2400.0,48.4,8263.76,89.7,0.02,436.77,0.0,0.0,267,System Idle Process,0,msedgewebview2.exe,24064,,Healthy,0,100,,,,0
2026-08-09 01:36:34,LAPTOP-UA90UR9H,18.6,2400.0,48.2,8290.02,89.7,0.18,422.42,0.0,0.0,266,System Idle Process,0,msedgewebview2.exe,24064,,Healthy,0,100,,,,0
2026-08-09 01:36:36,LAPTOP-UA90UR9H,15.7,2400.0,47.9,8343.43,89.6,0.0,440.78,0.0,0.0,266,System Idle Process,0,msedgewebview2.exe,24064,,Healthy,0,100,,,,0
2026-08-09 01:36:39,LAPTOP-UA90UR9H,19.4,1520.0,48.2,8292.14,89.7,0.48,418.36,0.0,0.03,266,System Idle Process,0,msedgewebview2.exe,24064,,Healthy,0,100,,,,0
2026-08-09 01:36:42,LAPTOP-UA90UR9H,24.1,1520.0,48.0,8328.36,89.7,4.12,426.6,0.0,0.01,265,System Idle Process,0,msedgewebview2.exe,24064,,Healthy,0,100,,,,0
2026-08-09 01:36:44,LAPTOP-UA90UR9H,24.3,2400.0,48.3,8267.25,89.6,26.47,418.19,0.0,0.0,264,System Idle Process,0,msedgewebview2.exe,24064,,Healthy,0,100,,,,0
2026-08-09 01:36:47,LAPTOP-UA90UR9H,22.1,2400.0,48.4,8251.71,89.6,1.11,441.04,0.0,0.0,264,System Idle Process,0,msedgewebview2.exe,24064,,Healthy,0,100,,,,0
2026-08-09 01:36:49,LAPTOP-UA90UR9H,18.0,2400.0,48.7,8210.62,89.7,0.03,433.27,0.0,0.0,264,System Idle Process,0,msedgewebview2.exe,24064,,Healthy,0,100,,,,0
2026-08-09 01:36:52,LAPTOP-UA90UR9H,14.5,2400.0,48.7,8207.66,89.7,0.04,429.81,0.0,0.0,264,System Idle Process,0,msedgewebview2.exe,24064,,Healthy,0,100,,,,0
2026-08-09 01:36:54,LAPTOP-UA90UR9H,16.0,2400.0,48.6,8219.33,89.7,0.0,442.74,0.0,0.0,264,System Idle Process,0,msedgewebview2.exe,24064,,Healthy,0,100,,,,0
2026-08-09 01:36:57,LAPTOP-UA90UR9H,14.3,2400.0,48.6,8221.98,89.7,0.11,426.82,0.0,0.0,264,System Idle Process,0,msedgewebview2.exe,24064,,Healthy,0,100,,,,0
2026-08-09 01:36:59,LAPTOP-UA90UR9H,23.5,2400.0,48.7,8206.92,89.7,0.09,423.49,0.0,0.0,264,System Idle Process,0,msedgewebview2.exe,24064,,Healthy,0,100,,,,0
2026-08-09 01:37:02,LAPTOP-UA90UR9H,15.0,2400.0,48.6,8219.03,89.7,0.07,426.48,0.0,0.0,264,System Idle Process,0,msedgewebview2.exe,24064,,Healthy,0,100,,,,0
2026-08-09 01:37:05,LAPTOP-UA90UR9H,14.6,1520.0,48.6,8227.43,89.7,0.01,446.36,0.0,0.0,264,System Idle Process,0,msedgewebview2.exe,24064,,Healthy,0,100,,,,0
2026-08-09 01:37:07,LAPTOP-UA90UR9H,18.3,2400.0,48.6,8225.12,89.7,0.01,434.19,0.0,0.0,264,System Idle Process,0,msedgewebview2.exe,24064,,Healthy,0,100,,,,0
2026-08-09 01:37:10,LAPTOP-UA90UR9H,15.0,1520.0,48.3,8278.8,89.6,0.07,430.48,0.0,0.0,264,System Idle Process,0,msedgewebview2.exe,24064,,Healthy,0,100,,,,0
2026-08-09 01:37:12,LAPTOP-UA90UR9H,16.7,2400.0,48.5,8246.41,89.6,0.01,416.98,0.0,0.0,264,System Idle Process,0,msedgewebview2.exe,24064,,Healthy,0,100,,,,0
2026-08-09 01:37:15,LAPTOP-UA90UR9H,17.1,1520.0,48.6,8227.13,89.7,0.02,455.14,0.0,0.0,264,System Idle Process,0,msedgewebview2.exe,24064,,Healthy,0,100,,,,0
2026-08-09 01:37:17,LAPTOP-UA90UR9H,17.2,2400.0,48.7,8211.93,89.7,0.13,402.75,0.0,0.0,264,System Idle Process,0,msedgewebview2.exe,24064,,Healthy,0,100,,,,0
2026-08-09 01:37:20,LAPTOP-UA90UR9H,13.2,1520.0,48.2,8282.49,89.6,0.03,446.76,0.0,0.0,264,System Idle Process,0,msedgewebview2.exe,24064,,Healthy,0,100,,,,0
2026-08-09 01:37:22,LAPTOP-UA90UR9H,16.0,2400.0,48.6,8220.17,89.7,0.05,414.04,0.0,0.0,264,System Idle Process,0,msedgewebview2.exe,24064,,Healthy,0,100,,,,0
2026-08-09 01:37:25,LAPTOP-UA90UR9H,17.2,2400.0,48.6,8232.23,89.7,0.03,430.2,0.0,0.0,264,System Idle Process,0,msedgewebview2.exe,24064,,Healthy,0,100,,,,0
2026-08-09 01:37:27,LAPTOP-UA90UR9H,14.8,2400.0,48.6,8218.13,89.7,0.05,438.1,0.0,0.0,264,System Idle Process,0,msedgewebview2.exe,24064,,Healthy,0,100,,,,0
2026-08-09 01:37:30,LAPTOP-UA90UR9H,24.5,2400.0,48.5,8235.93,89.6,0.02,435.21,0.0,0.0,264,System Idle Process,0,msedgewebview2.exe,24064,,Healthy,0,100,,,,0
2026-08-09 01:37:32,LAPTOP-UA90UR9H,17.3,2400.0,48.7,8217.49,89.7,0.17,417.65,0.0,0.0,264,System Idle Process,0,msedgewebview2.exe,24064,,Healthy,0,100,,,,0
2026-08-09 01:37:35,LAPTOP-UA90UR9H,14.6,2400.0,48.6,8232.42,89.7,0.03,422.64,0.0,0.0,264,System Idle Process,0,msedgewebview2.exe,24064,,Healthy,0,100,,,,0
2026-08-09 01:37:38,LAPTOP-UA90UR9H,15.2,2400.0,48.5,8234.31,89.7,0.1,442.58,0.0,0.0,263,System Idle Process,0,msedgewebview2.exe,24064,,Healthy,0,100,,,,0
2026-08-09 01:37:40,LAPTOP-UA90UR9H,17.7,2400.0,48.5,8243.85,89.7,0.0,456.28,0.0,0.0,263,System Idle Process,0,msedgewebview2.exe,24064,,Healthy,0,100,,,,0
2026-08-09 01:37:43,LAPTOP-UA90UR9H,16.7,2400.0,48.2,8296.91,89.6,0.06,435.64,0.0,0.0,262,System Idle Process,0,msedgewebview2.exe,24064,,Healthy,0,100,,,,0
2026-08-09 01:37:45,LAPTOP-UA90UR9H,16.1,2400.0,48.6,8231.2,89.7,0.04,433.38,0.0,0.0,262,System Idle Process,0,msedgewebview2.exe,24064,,Healthy,0,100,,,,0
2026-08-09 01:37:48,LAPTOP-UA90UR9H,15.1,2400.0,48.6,8232.44,89.7,0.0,430.02,0.0,0.0,262,System Idle Process,0,msedgewebview2.exe,24064,,Healthy,0,100,,,,0
2026-08-09 01:37:50,LAPTOP-UA90UR9H,17.3,2400.0,48.5,8241.17,89.7,0.02,409.37,0.0,0.0,262,System Idle Process,0,msedgewebview2.exe,24064,,Healthy,0,100,,,,0
2026-08-09 01:37:53,LAPTOP-UA90UR9H,14.4,2400.0,48.5,8238.23,89.7,0.04,440.22,0.0,0.0,262,System Idle Process,0,msedgewebview2.exe,24064,,Healthy,0,100,,,,0
2026-08-09 01:37:55,LAPTOP-UA90UR9H,16.5,1520.0,48.5,8243.2,89.7,0.08,419.96,0.0,0.0,262,System Idle Process,0,msedgewebview2.exe,24064,,Healthy,0,100,,,,0
2026-08-09 01:37:58,LAPTOP-UA90UR9H,17.3,2400.0,48.2,8289.75,89.6,0.0,432.13,0.0,0.0,262,System Idle Process,0,msedgewebview2.exe,24064,,Healthy,0,100,,,,0
2026-08-09 01:38:00,LAPTOP-UA90UR9H,22.9,2400.0,48.5,8235.31,89.7,0.04,426.2,0.0,0.0,262,System Idle Process,0,msedgewebview2.exe,24064,,Healthy,0,100,,,,0
2026-08-09 01:38:03,LAPTOP-UA90UR9H,12.7,2400.0,48.3,8280.36,89.6,0.0,446.41,0.0,0.0,262,System Idle Process,0,msedgewebview2.exe,24064,,Healthy,0,100,,,,0
2026-08-09 01:38:05,LAPTOP-UA90UR9H,19.3,2400.0,48.3,8276.57,89.6,0.06,417.87,0.0,0.0,262,System Idle Process,0,msedgewebview2.exe,24064,,Healthy,0,100,,,,0
2026-08-09 01:38:08,LAPTOP-UA90UR9H,16.0,2400.0,48.2,8292.38,89.6,0.02,438.38,0.0,0.0,262,System Idle Process,0,msedgewebview2.exe,24064,,Healthy,0,100,,,,0
2026-08-09 01:38:11,LAPTOP-UA90UR9H,14.4,2400.0,48.5,8236.48,89.7,0.0,424.44,0.0,0.0,262,System Idle Process,0,msedgewebview2.exe,24064,,Healthy,0,100,,,,0
2026-08-09 01:38:13,LAPTOP-UA90UR9H,19.0,1520.0,48.5,8240.62,89.7,0.08,431.91,0.0,0.0,262,System Idle Process,0,msedgewebview2.exe,24064,,Healthy,0,100,,,,0
2026-08-09 01:38:16,LAPTOP-UA90UR9H,16.0,2400.0,48.6,8231.19,89.7,0.0,350.7,0.0,0.0,262,System Idle Process,0,msedgewebview2.exe,24064,,Healthy,0,100,,,,0
2026-08-09 01:38:18,LAPTOP-UA90UR9H,14.4,2400.0,48.6,8225.85,89.7,0.7,461.17,0.0,0.0,262,System Idle Process,0,msedgewebview2.exe,24064,,Healthy,0,100,,,,0
2026-08-09 01:38:21,LAPTOP-UA90UR9H,20.7,2400.0,48.8,8200.05,89.7,1.12,405.66,0.0,0.02,264,System Idle Process,0,msedgewebview2.exe,24064,,Healthy,0,100,,,,0
2026-08-09 01:38:24,LAPTOP-UA90UR9H,16.8,2400.0,48.9,8170.54,89.7,0.01,458.85,0.0,0.0,264,System Idle Process,0,msedgewebview2.exe,24064,,Healthy,0,100,,,,0
2026-08-09 01:38:26,LAPTOP-UA90UR9H,14.7,2400.0,49.0,8160.41,89.7,0.0,404.78,0.0,0.0,264,System Idle Process,0,msedgewebview2.exe,24064,,Healthy,0,100,,,,0
2026-08-09 01:38:29,LAPTOP-UA90UR9H,21.4,1520.0,49.4,8091.23,89.7,0.08,431.81,0.0,0.0,267,System Idle Process,0,msedgewebview2.exe,24064,,Healthy,0,100,,,,0
2026-08-09 01:38:31,LAPTOP-UA90UR9H,17.1,2400.0,49.1,8141.31,89.7,0.02,433.47,0.0,0.0,265,System Idle Process,0,msedgewebview2.exe,24064,,Healthy,0,100,,,,0
2026-08-09 01:38:34,LAPTOP-UA90UR9H,15.9,2400.0,48.7,8202.22,89.6,0.0,414.67,0.0,0.0,265,System Idle Process,0,msedgewebview2.exe,24064,,Healthy,0,100,,,,0
2026-08-09 01:38:36,LAPTOP-UA90UR9H,16.1,2400.0,49.1,8141.08,89.7,0.01,429.18,0.0,0.0,265,System Idle Process,0,msedgewebview2.exe,24064,,Healthy,0,100,,,,0
2026-08-09 01:38:39,LAPTOP-UA90UR9H,16.0,2400.0,49.1,8149.01,89.7,0.04,434.47,0.0,0.0,265,System Idle Process,0,msedgewebview2.exe,24064,,Healthy,0,100,,,,0
2026-08-09 01:38:42,LAPTOP-UA90UR9H,22.5,2400.0,49.4,8104.76,89.7,0.01,409.47,0.0,0.0,265,System Idle Process,0,msedgewebview2.exe,24064,,Healthy,0,100,,,,0
2026-08-09 01:38:44,LAPTOP-UA90UR9H,21.1,2400.0,48.4,8262.89,89.6,0.03,440.9,0.0,0.0,265,System Idle Process,0,msedgewebview2.exe,24064,,Healthy,0,100,,,,0
2026-08-09 01:38:47,LAPTOP-UA90UR9H,16.0,2400.0,48.7,8217.25,89.7,0.01,428.98,0.0,0.0,265,System Idle Process,0,msedgewebview2.exe,24064,,Healthy,0,100,,,,0
2026-08-09 01:38:49,LAPTOP-UA90UR9H,16.3,2400.0,48.0,8314.71,89.6,0.04,430.94,0.0,0.0,263,System Idle Process,0,msedgewebview2.exe,24064,,Healthy,0,100,,,,0
2026-08-09 01:38:52,LAPTOP-UA90UR9H,15.8,2400.0,47.9,8330.82,89.6,0.05,412.68,0.0,0.0,263,System Idle Process,0,msedgewebview2.exe,24064,,Healthy,0,100,,,,0
2026-08-09 01:38:55,LAPTOP-UA90UR9H,16.8,1520.0,48.4,8263.73,89.7,0.0,430.2,0.0,0.0,263,System Idle Process,0,msedgewebview2.exe,24064,,Healthy,0,100,,,,0
2026-08-09 01:38:57,LAPTOP-UA90UR9H,13.8,2400.0,48.1,8297.78,89.6,0.01,416.53,0.0,0.0,263,System Idle Process,0,msedgewebview2.exe,24064,,Healthy,0,100,,,,0
2026-08-09 01:39:00,LAPTOP-UA90UR9H,19.2,2400.0,48.4,8263.16,89.7,0.06,468.93,0.0,0.0,263,System Idle Process,0,msedgewebview2.exe,24064,,Healthy,0,100,,,,0
2026-08-09 01:39:02,LAPTOP-UA90UR9H,15.7,1520.0,48.5,8248.88,89.7,0.01,407.37,0.0,0.0,263,System Idle Process,0,msedgewebview2.exe,24064,,Healthy,0,100,,,,0
2026-08-09 01:39:05,LAPTOP-UA90UR9H,15.3,1520.0,48.4,8259.74,89.7,0.05,422.67,0.0,0.0,263,System Idle Process,0,msedgewebview2.exe,24064,,Healthy,0,100,,,,0
2026-08-09 01:39:07,LAPTOP-UA90UR9H,13.7,1520.0,48.2,8294.28,89.6,0.05,436.62,0.0,0.0,263,System Idle Process,0,msedgewebview2.exe,24064,,Healthy,0,100,,,,0
2026-08-09 01:39:10,LAPTOP-UA90UR9H,18.0,1520.0,48.4,8263.63,89.7,0.0,436.33,0.0,0.0,263,System Idle Process,0,msedgewebview2.exe,24064,,Healthy,0,100,,,,0
2026-08-09 01:39:12,LAPTOP-UA90UR9H,13.4,2400.0,48.1,8310.12,89.6,0.0,430.97,0.0,0.0,263,System Idle Process,0,msedgewebview2.exe,24064,,Healthy,0,100,,,,0
2026-08-09 01:39:15,LAPTOP-UA90UR9H,14.8,2400.0,48.4,8260.91,89.7,0.02,427.93,0.0,0.0,263,System Idle Process,0,msedgewebview2.exe,24064,,Healthy,0,100,,,,0
2026-08-09 01:39:17,LAPTOP-UA90UR9H,15.8,2400.0,48.4,8260.9,89.7,0.04,428.96,0.0,0.0,263,System Idle Process,0,msedgewebview2.exe,24064,,Healthy,0,100,,,,0
2026-08-09 01:39:20,LAPTOP-UA90UR9H,16.6,2400.0,48.3,8272.26,89.7,0.02,424.51,0.0,0.0,263,System Idle Process,0,msedgewebview2.exe,24064,,Healthy,0,100,,,,0
2026-08-09 01:39:22,LAPTOP-UA90UR9H,15.2,2400.0,48.3,8270.07,89.7,0.01,438.8,0.0,0.0,263,System Idle Process,0,msedgewebview2.exe,24064,,Healthy,0,100,,,,0
2026-08-09 01:39:25,LAPTOP-UA90UR9H,16.4,1520.0,48.3,8273.88,89.7,0.02,425.08,0.0,0.0,263,System Idle Process,0,msedgewebview2.exe,24064,,Healthy,0,100,,,,0
2026-08-09 01:39:28,LAPTOP-UA90UR9H,20.5,1520.0,48.3,8280.63,89.6,0.0,408.38,0.0,0.0,263,System Idle Process,0,msedgewebview2.exe,24064,,Healthy,0,100,,,,0
2026-08-09 01:39:30,LAPTOP-UA90UR9H,20.0,2400.0,48.6,8221.92,89.7,0.12,442.83,0.0,0.0,263,System Idle Process,0,msedgewebview2.exe,24064,,Healthy,0,100,,,,0
2026-08-09 01:39:33,LAPTOP-UA90UR9H,17.9,2400.0,48.5,8238.74,89.7,0.02,424.7,0.0,0.0,263,System Idle Process,0,msedgewebview2.exe,24064,,Healthy,0,100,,,,0
2026-08-09 01:39:35,LAPTOP-UA90UR9H,16.2,2400.0,48.6,8220.45,89.7,0.01,426.76,0.0,0.0,263,System Idle Process,0,msedgewebview2.exe,24064,,Healthy,0,100,,,,0
2026-08-09 01:39:38,LAPTOP-UA90UR9H,15.1,1520.0,48.4,8261.7,89.6,0.03,418.79,0.0,0.0,263,System Idle Process,0,msedgewebview2.exe,24064,,Healthy,0,100,,,,0
2026-08-09 01:39:40,LAPTOP-UA90UR9H,19.2,2400.0,48.5,8233.72,89.7,0.02,427.34,0.0,0.0,263,System Idle Process,0,msedgewebview2.exe,24064,,Healthy,0,100,,,,0
2026-08-09 01:39:43,LAPTOP-UA90UR9H,20.3,2400.0,49.0,8154.91,89.7,0.12,411.55,0.0,0.0,265,System Idle Process,0,msedgewebview2.exe,24064,,Healthy,0,100,,,,0
2026-08-09 01:39:45,LAPTOP-UA90UR9H,16.3,1520.0,48.6,8218.8,89.6,0.06,441.28,0.0,0.0,265,System Idle Process,0,msedgewebview2.exe,24064,,Healthy,0,100,,,,0
2026-08-09 01:39:48,LAPTOP-UA90UR9H,19.7,1520.0,48.9,8182.44,89.6,0.05,439.81,0.0,0.0,265,System Idle Process,0,msedgewebview2.exe,24064,,Healthy,0,100,,,,0
2026-08-09 01:39:50,LAPTOP-UA90UR9H,16.0,1520.0,49.0,8164.66,89.7,0.03,446.56,0.0,0.0,265,System Idle Process,0,msedgewebview2.exe,24064,,Healthy,0,100,,,,0
2026-08-09 01:39:53,LAPTOP-UA90UR9H,19.0,2400.0,48.9,8171.99,89.7,0.05,427.58,0.0,0.0,265,System Idle Process,0,msedgewebview2.exe,24064,,Healthy,0,100,,,,0
2026-08-09 01:39:56,LAPTOP-UA90UR9H,13.9,2400.0,49.0,8161.13,89.7,0.01,432.72,0.0,0.0,265,System Idle Process,0,msedgewebview2.exe,24064,,Healthy,0,100,,,,0
2026-08-09 01:39:58,LAPTOP-UA90UR9H,16.9,2400.0,48.7,8208.72,89.7,0.02,422.91,0.0,0.0,266,System Idle Process,0,msedgewebview2.exe,24064,,Healthy,0,100,,,,0
2026-08-09 01:40:01,LAPTOP-UA90UR9H,23.4,2400.0,48.5,8245.35,89.6,0.08,447.15,0.0,0.0,264,System Idle Process,0,msedgewebview2.exe,24064,,Healthy,0,100,,,,0
2026-08-09 01:40:03,LAPTOP-UA90UR9H,15.1,1520.0,48.7,8212.57,89.7,0.01,444.89,0.0,0.0,264,System Idle Process,0,msedgewebview2.exe,24064,,Healthy,0,100,,,,0
2026-08-09 01:40:06,LAPTOP-UA90UR9H,16.8,2400.0,48.8,8196.7,89.7,0.03,430.66,0.0,0.0,264,System Idle Process,0,msedgewebview2.exe,24064,,Healthy,0,100,,,,0
2026-08-09 01:40:08,LAPTOP-UA90UR9H,16.9,1520.0,48.6,8220.27,89.7,0.03,422.81,0.0,0.0,264,System Idle Process,0,msedgewebview2.exe,24064,,Healthy,0,100,,,,0
2026-08-09 01:40:11,LAPTOP-UA90UR9H,15.7,2400.0,48.7,8211.12,89.7,0.02,434.06,0.0,0.0,264,System Idle Process,0,msedgewebview2.exe,24064,,Healthy,0,100,,,,0
2026-08-09 01:40:13,LAPTOP-UA90UR9H,15.1,1520.0,48.3,8271.02,89.7,0.03,418.32,0.0,0.0,262,System Idle Process,0,msedgewebview2.exe,24064,,Healthy,0,100,,,,0
2026-08-09 01:40:16,LAPTOP-UA90UR9H,15.9,1520.0,48.0,8318.17,89.6,0.7,438.83,0.0,0.0,262,System Idle Process,0,msedgewebview2.exe,24064,,Healthy,0,100,,,,0
2026-08-09 01:40:18,LAPTOP-UA90UR9H,15.3,2400.0,48.2,8295.2,89.6,0.0,424.12,0.0,0.0,262,System Idle Process,0,msedgewebview2.exe,24064,,Healthy,0,100,,,,0
2026-08-09 01:40:21,LAPTOP-UA90UR9H,15.7,2400.0,48.3,8280.54,89.7,0.03,433.8,0.0,0.0,262,System Idle Process,0,msedgewebview2.exe,24064,,Healthy,0,100,,,,0
2026-08-09 01:40:24,LAPTOP-UA90UR9H,15.8,2400.0,48.2,8290.0,89.7,0.0,418.84,0.0,0.0,262,System Idle Process,0,msedgewebview2.exe,24064,,Healthy,0,100,,,,0
2026-08-09 01:40:26,LAPTOP-UA90UR9H,15.7,2400.0,48.2,8289.64,89.6,0.05,425.39,0.0,0.0,262,System Idle Process,0,msedgewebview2.exe,24064,,Healthy,0,100,,,,0
2026-08-09 01:40:29,LAPTOP-UA90UR9H,18.9,2400.0,48.6,8227.9,89.7,0.0,413.42,0.0,0.0,264,System Idle Process,0,msedgewebview2.exe,24064,,Healthy,0,100,,,,0
2026-08-09 01:40:31,LAPTOP-UA90UR9H,17.7,2400.0,48.3,8272.99,89.7,0.07,447.96,0.0,0.0,262,System Idle Process,0,msedgewebview2.exe,24064,,Healthy,0,100,,,,0
2026-08-09 01:40:34,LAPTOP-UA90UR9H,15.5,1520.0,48.3,8275.42,89.7,0.01,424.24,0.0,0.0,262,System Idle Process,0,msedgewebview2.exe,24064,,Healthy,0,100,,,,0
2026-08-09 01:40:36,LAPTOP-UA90UR9H,16.7,1520.0,48.0,8326.89,89.6,0.04,414.03,0.0,0.0,262,System Idle Process,0,msedgewebview2.exe,24064,,Healthy,0,100,,,,0
2026-08-09 01:40:39,LAPTOP-UA90UR9H,15.3,2400.0,48.3,8270.69,89.7,0.02,416.57,0.0,0.0,262,System Idle Process,0,msedgewebview2.exe,24064,,Healthy,0,100,,,,0
2026-08-09 01:40:41,LAPTOP-UA90UR9H,13.4,1520.0,48.1,8303.09,89.6,0.02,443.75,0.0,0.0,262,System Idle Process,0,msedgewebview2.exe,24064,,Healthy,0,100,,,,0
2026-08-09 01:40:44,LAPTOP-UA90UR9H,16.8,1520.0,48.3,8279.89,89.7,0.02,414.19,0.0,0.0,262,System Idle Process,0,msedgewebview2.exe,24064,,Healthy,0,100,,,,0
2026-08-09 01:40:46,LAPTOP-UA90UR9H,14.9,2400.0,48.2,8283.77,89.7,0.02,435.03,0.0,0.0,262,System Idle Process,0,msedgewebview2.exe,24064,,Healthy,0,100,,,,0
2026-08-09 01:40:49,LAPTOP-UA90UR9H,17.6,1520.0,48.0,8328.87,89.6,0.03,425.37,0.0,0.0,262,System Idle Process,0,msedgewebview2.exe,24064,,Healthy,0,100,,,,0
2026-08-09 01:40:51,LAPTOP-UA90UR9H,18.9,1520.0,48.2,8289.71,89.7,0.02,443.92,0.0,0.0,262,System Idle Process,0,msedgewebview2.exe,24064,,Healthy,0,100,,,,0
2026-08-09 01:40:54,LAPTOP-UA90UR9H,15.7,2400.0,48.0,8329.13,89.7,3.26,84.83,0.0,0.0,262,System Idle Process,0,msedgewebview2.exe,24064,,Healthy,0,100,,,,0
2026-08-09 01:40:57,LAPTOP-UA90UR9H,19.2,2400.0,48.1,8301.64,89.7,7.13,0.02,0.0,0.0,262,System Idle Process,0,msedgewebview2.exe,24064,,Healthy,0,100,,,,0
2026-08-09 01:41:04,LAPTOP-UA90UR9H,67.5,2400.0,56.7,6931.03,89.7,5.39,206.65,0.0,0.0,279,System Idle Process,0,python.exe,1880,,Healthy,0,100,,,,0
2026-08-09 01:41:12,LAPTOP-UA90UR9H,100.0,2400.0,82.8,2753.46,89.7,0.9,274.32,0.0,0.0,280,python.exe,6964,python.exe,1880,,Healthy,0,100,,,,0
2026-08-09 01:41:19,LAPTOP-UA90UR9H,100.0,2400.0,97.5,401.56,91.6,4.62,242.27,0.0,0.0,280,python.exe,28776,python.exe,1880,,Healthy,0,100,,,,0
2026-08-09 01:41:26,LAPTOP-UA90UR9H,100.0,2400.0,97.4,417.45,93.2,1.6,212.76,0.0,0.0,280,python.exe,11636,python.exe,1880,,,,,,,,
2026-08-09 01:41:33,LAPTOP-UA90UR9H,100.0,2400.0,96.8,505.7,93.2,1.43,198.92,0.0,0.01,281,python.exe,3972,python.exe,1880,,Healthy,0,100,,,,0
2026-08-09 01:41:40,LAPTOP-UA90UR9H,100.0,2400.0,96.7,525.69,93.2,1.74,234.94,0.0,0.01,282,python.exe,25064,python.exe,1880,,Healthy,0,100,,,,0
2026-08-09 01:41:47,LAPTOP-UA90UR9H,100.0,2400.0,97.2,455.48,93.2,5.26,219.49,0.0,0.0,283,python.exe,25064,python.exe,1880,,Healthy,0,100,,,,0
2026-08-09 01:41:54,LAPTOP-UA90UR9H,100.0,2400.0,96.4,573.47,93.1,3.63,229.86,0.0,0.0,282,python.exe,17876,python.exe,1880,,Healthy,0,100,,,,0
2026-08-09 01:42:01,LAPTOP-UA90UR9H,100.0,2400.0,96.3,589.38,93.1,2.45,240.36,0.0,0.0,280,python.exe,7340,python.exe,1880,,Healthy,0,100,,,,0
2026-08-09 01:42:09,LAPTOP-UA90UR9H,100.0,2400.0,96.6,539.65,93.1,5.2,244.36,0.0,0.0,281,python.exe,17876,python.exe,1880,,,,,,,,
2026-08-09 01:42:17,LAPTOP-UA90UR9H,100.0,2400.0,97.0,472.73,93.1,67.57,183.05,0.01,0.02,288,python.exe,17876,python.exe,1880,,Healthy,0,100,,,,0
2026-08-09 01:42:25,LAPTOP-UA90UR9H,100.0,2400.0,96.8,508.06,93.1,6.75,244.62,0.0,0.01,289,python.exe,23328,python.exe,1880,,Healthy,0,100,,,,0
2026-08-09 01:42:32,LAPTOP-UA90UR9H,100.0,2400.0,97.0,479.71,93.1,12.34,180.34,0.0,0.01,289,python.exe,16024,python.exe,1880,,,,,,,,
2026-08-09 01:42:39,LAPTOP-UA90UR9H,100.0,2400.0,96.7,529.3,93.1,0.73,212.98,0.0,0.0,289,python.exe,3972,python.exe,1880,,Healthy,0,100,,,,0
2026-08-09 01:42:47,LAPTOP-UA90UR9H,100.0,2400.0,94.5,881.57,93.2,29.93,354.95,0.01,0.02,290,OneDrive.exe,28452,python.exe,1880,,Healthy,0,100,,,,0
2026-08-09 01:42:55,LAPTOP-UA90UR9H,100.0,2400.0,94.2,923.8,93.1,1.52,240.57,0.0,0.0,290,python.exe,31248,python.exe,1880,,Healthy,0,100,,,,0
2026-08-09 01:43:02,LAPTOP-UA90UR9H,100.0,2400.0,94.3,910.2,93.1,1.28,261.01,0.0,0.0,290,python.exe,11636,python.exe,1880,,Healthy,0,100,,,,0
2026-08-09 01:43:08,LAPTOP-UA90UR9H,100.0,2400.0,94.7,856.14,93.2,1.66,269.66,0.0,0.0,291,python.exe,10224,python.exe,1880,,Healthy,0,100,,,,0
2026-08-09 01:43:15,LAPTOP-UA90UR9H,100.0,2400.0,94.5,875.81,93.1,1.6,268.42,0.0,0.0,292,python.exe,6964,python.exe,1880,,Healthy,0,100,,,,0
2026-08-09 01:43:24,LAPTOP-UA90UR9H,100.0,2400.0,95.0,796.89,93.2,3.35,269.2,0.0,0.0,293,python.exe,31248,python.exe,1880,,,,,,,,
2026-08-09 01:43:32,LAPTOP-UA90UR9H,100.0,2400.0,96.1,618.03,93.1,21.93,244.2,0.0,0.0,294,python.exe,23948,python.exe,1880,,,,,,,,
2026-08-09 01:43:41,LAPTOP-UA90UR9H,100.0,2400.0,96.4,569.82,93.2,5.78,126.44,0.0,0.0,295,python.exe,26848,python.exe,1880,,Healthy,0,100,,,,0
2026-08-09 01:43:48,LAPTOP-UA90UR9H,100.0,2400.0,96.3,599.19,93.2,3.21,256.05,0.0,0.01,297,OneDrive.exe,28452,python.exe,1880,,Healthy,0,100,,,,0
2026-08-09 01:43:56,LAPTOP-UA90UR9H,100.0,2400.0,96.5,566.68,93.2,2.7,257.67,0.0,0.0,297,OneDrive.exe,28452,python.exe,1880,,Healthy,0,100,,,,0
2026-08-09 01:44:02,LAPTOP-UA90UR9H,100.0,2400.0,92.3,1238.42,93.2,2.61,232.98,0.0,0.0,296,python.exe,6964,python.exe,1880,,Healthy,0,100,,,,0
2026-08-09 01:44:09,LAPTOP-UA90UR9H,100.0,2400.0,92.2,1245.53,93.2,0.79,217.05,0.0,0.0,296,python.exe,25064,python.exe,1880,,Healthy,0,100,,,,0
2026-08-09 01:44:15,LAPTOP-UA90UR9H,100.0,2400.0,92.0,1284.63,93.2,26.38,277.94,0.0,0.0,298,python.exe,28776,python.exe,1880,,Healthy,0,100,,,,0
2026-08-09 01:44:23,LAPTOP-UA90UR9H,100.0,2400.0,91.8,1307.04,93.2,1.01,284.29,0.0,0.0,296,python.exe,3972,python.exe,1880,,Healthy,0,100,,,,0
2026-08-09 01:44:30,LAPTOP-UA90UR9H,100.0,2400.0,91.7,1326.32,93.2,2.34,271.38,0.0,0.01,295,python.exe,6964,python.exe,1880,,Healthy,0,100,,,,0
2026-08-09 01:44:37,LAPTOP-UA90UR9H,100.0,2400.0,92.0,1273.71,93.2,1.63,282.63,0.0,0.0,295,python.exe,16024,python.exe,1880,,Healthy,0,100,,,,0
2026-08-09 01:44:44,LAPTOP-UA90UR9H,100.0,2400.0,92.2,1246.07,93.2,0.65,283.22,0.0,0.0,297,python.exe,30768,python.exe,1880,,Healthy,0,100,,,,0
2026-08-09 01:44:52,LAPTOP-UA90UR9H,100.0,2400.0,92.3,1225.65,93.2,3.79,271.87,0.0,0.01,299,python.exe,16024,python.exe,1880,,Healthy,0,100,,,,0
2026-08-09 01:45:00,LAPTOP-UA90UR9H,100.0,2400.0,92.2,1249.8,93.2,6.87,271.02,0.01,0.02,299,python.exe,26848,python.exe,1880,,Healthy,0,100,,,,0
2026-08-09 01:45:07,LAPTOP-UA90UR9H,100.0,2400.0,92.2,1253.24,93.2,2.81,270.37,0.0,0.0,298,python.exe,3972,python.exe,1880,,Healthy,0,100,,,,0
2026-08-09 01:45:14,LAPTOP-UA90UR9H,100.0,2400.0,92.2,1240.78,93.2,0.44,269.05,0.0,0.0,299,python.exe,23328,python.exe,1880,,Healthy,0,100,,,,0
2026-08-09 01:45:22,LAPTOP-UA90UR9H,100.0,2400.0,92.3,1234.72,93.2,0.36,273.42,0.0,0.0,300,python.exe,7340,python.exe,1880,,,,,,,,
2026-08-09 01:45:29,LAPTOP-UA90UR9H,100.0,2400.0,92.3,1227.98,93.2,0.64,277.22,0.0,0.0,300,python.exe,19756,python.exe,1880,,Healthy,0,100,,,,0
2026-08-09 01:45:34,LAPTOP-UA90UR9H,100.0,2400.0,92.4,1215.21,93.2,4.29,268.81,0.0,0.0,298,python.exe,23948,python.exe,1880,,Healthy,0,100,,,,0
2026-08-09 01:45:40,LAPTOP-UA90UR9H,100.0,2400.0,92.5,1198.88,93.2,0.55,276.36,0.0,0.0,298,python.exe,11636,python.exe,1880,,Healthy,0,100,,,,0
2026-08-09 01:45:48,LAPTOP-UA90UR9H,100.0,2400.0,92.5,1207.21,93.2,0.48,265.52,0.0,0.0,300,python.exe,3972,python.exe,1880,,Healthy,0,100,,,,0
2026-08-09 01:45:54,LAPTOP-UA90UR9H,100.0,2400.0,92.6,1180.05,93.2,0.33,274.78,0.0,0.0,300,python.exe,30768,python.exe,1880,,Healthy,0,100,,,,0
2026-08-09 01:46:02,LAPTOP-UA90UR9H,100.0,2400.0,92.6,1180.96,93.2,1.0,260.08,0.0,0.0,300,python.exe,7384,python.exe,1880,,,,,,,,
2026-08-09 01:46:11,LAPTOP-UA90UR9H,100.0,2400.0,93.2,1086.97,93.3,3.87,283.56,0.0,0.0,300,OneDrive.exe,28452,python.exe,1880,,,,,,,,
2026-08-09 01:46:18,LAPTOP-UA90UR9H,100.0,2400.0,91.7,1332.61,93.3,4.91,254.34,0.0,0.0,282,OneDrive.exe,28452,python.exe,1880,,Healthy,0,100,,,,0
2026-08-09 01:46:25,LAPTOP-UA90UR9H,100.0,2400.0,91.9,1299.22,93.2,0.82,266.89,0.0,0.0,285,python.exe,17876,python.exe,1880,,Healthy,0,100,,,,0
2026-08-09 01:46:33,LAPTOP-UA90UR9H,100.0,2400.0,92.5,1195.12,93.3,0.49,280.54,0.0,0.0,285,python.exe,7384,python.exe,1880,,Healthy,0,100,,,,0
2026-08-09 01:46:40,LAPTOP-UA90UR9H,100.0,2400.0,93.0,1112.23,93.2,16.47,259.34,0.0,0.0,288,python.exe,7340,python.exe,1880,,Healthy,0,100,,,,0
2026-08-09 01:46:48,LAPTOP-UA90UR9H,100.0,2400.0,93.2,1091.14,93.3,0.16,290.04,0.0,0.0,289,python.exe,23948,python.exe,1880,,Healthy,0,100,,,,0
2026-08-09 01:46:56,LAPTOP-UA90UR9H,100.0,2400.0,93.1,1101.84,93.3,2.03,260.07,0.0,0.0,289,python.exe,7340,python.exe,1880,,,,,,,,
2026-08-09 01:47:05,LAPTOP-UA90UR9H,100.0,2400.0,93.3,1080.12,93.3,0.86,252.81,0.0,0.0,290,python.exe,7384,python.exe,1880,,Healthy,0,100,,,,0
2026-08-09 01:47:14,LAPTOP-UA90UR9H,100.0,2400.0,93.9,977.05,93.3,2.67,270.82,0.0,0.0,291,python.exe,6964,python.exe,1880,,Healthy,0,100,,,,0
2026-08-09 01:47:22,LAPTOP-UA90UR9H,100.0,2400.0,93.9,983.43,93.3,1.2,253.7,0.0,0.0,292,python.exe,23328,python.exe,1880,,,,,,,,
2026-08-09 01:47:29,LAPTOP-UA90UR9H,100.0,2400.0,93.9,981.37,93.3,14.29,259.79,0.0,0.0,294,python.exe,26848,python.exe,1880,,Healthy,0,100,,,,0
2026-08-09 01:47:36,LAPTOP-UA90UR9H,100.0,2400.0,94.2,927.77,93.3,1.73,270.08,0.0,0.0,294,python.exe,10224,python.exe,1880,,Healthy,0,100,,,,0
2026-08-09 01:47:44,LAPTOP-UA90UR9H,100.0,2400.0,93.8,997.94,93.3,1.52,268.77,0.0,0.0,292,python.exe,11636,python.exe,1880,,,,,,,,
2026-08-09 01:47:50,LAPTOP-UA90UR9H,100.0,2400.0,93.5,1038.61,93.3,0.37,257.96,0.0,0.0,293,python.exe,7340,python.exe,1880,,Healthy,0,100,,,,0
2026-08-09 01:47:58,LAPTOP-UA90UR9H,100.0,2400.0,94.0,955.03,93.3,1.74,234.36,0.0,0.0,293,python.exe,19756,python.exe,1880,,Healthy,0,100,,,,0
2026-08-09 01:48:04,LAPTOP-UA90UR9H,100.0,2400.0,94.1,938.21,93.3,0.74,262.44,0.0,0.0,292,python.exe,16024,python.exe,1880,,Healthy,0,100,,,,0
2026-08-09 01:48:11,LAPTOP-UA90UR9H,100.0,2400.0,93.9,977.89,93.3,2.04,259.25,0.0,0.0,291,python.exe,28776,python.exe,1880,,,,,,,,
2026-08-09 01:48:19,LAPTOP-UA90UR9H,100.0,2400.0,93.2,1089.0,93.3,0.98,260.19,0.0,0.0,288,python.exe,3972,python.exe,1880,,Healthy,0,100,,,,0
2026-08-09 01:48:27,LAPTOP-UA90UR9H,100.0,2400.0,93.4,1059.08,93.3,1.16,265.1,0.0,0.0,287,python.exe,7384,python.exe,1880,,,,,,,,
2026-08-09 01:48:35,LAPTOP-UA90UR9H,100.0,2400.0,93.4,1052.96,93.3,0.38,275.63,0.0,0.0,287,python.exe,23948,python.exe,1880,,Healthy,0,100,,,,0
2026-08-09 01:48:42,LAPTOP-UA90UR9H,100.0,2400.0,93.3,1079.12,93.3,0.59,266.46,0.0,0.0,287,python.exe,10224,python.exe,1880,,,,,,,,
2026-08-09 01:48:50,LAPTOP-UA90UR9H,100.0,2400.0,93.4,1051.56,93.3,0.29,277.55,0.0,0.0,287,python.exe,23948,python.exe,1880,,,,,,,,
2026-08-09 01:48:56,LAPTOP-UA90UR9H,100.0,2400.0,93.4,1058.13,93.3,0.27,270.68,0.0,0.0,288,python.exe,19756,python.exe,1880,,Healthy,0,100,,,,0
2026-08-09 01:49:04,LAPTOP-UA90UR9H,100.0,2400.0,93.3,1070.54,93.3,0.15,289.2,0.0,0.0,289,python.exe,10224,python.exe,1880,,,,,,,,
2026-08-09 01:49:12,LAPTOP-UA90UR9H,100.0,2400.0,93.8,991.62,93.3,0.14,271.76,0.0,0.0,290,python.exe,7384,python.exe,1880,,,,,,,,
2026-08-09 01:49:20,LAPTOP-UA90UR9H,100.0,2400.0,93.6,1016.84,93.3,14.09,212.55,0.0,0.0,284,python.exe,10224,python.exe,1880,,,,,,,,
2026-08-09 01:49:27,LAPTOP-UA90UR9H,100.0,2400.0,93.4,1051.38,93.3,0.22,272.65,0.0,0.0,285,python.exe,7340,python.exe,1880,,,,,,,,
2026-08-09 01:49:34,LAPTOP-UA90UR9H,100.0,2400.0,93.7,1006.11,93.3,0.13,272.75,0.0,0.0,286,python.exe,7384,python.exe,1880,,Healthy,0,100,,,,0
2026-08-09 01:49:41,LAPTOP-UA90UR9H,100.0,2400.0,93.6,1020.03,93.3,2.83,259.93,0.0,0.0,286,python.exe,17876,python.exe,1880,,Healthy,0,100,,,,0
2026-08-09 01:49:49,LAPTOP-UA90UR9H,100.0,2400.0,93.2,1095.95,93.3,1.08,271.61,0.0,0.0,286,python.exe,31248,python.exe,1880,,,,,,,,
2026-08-09 01:49:58,LAPTOP-UA90UR9H,100.0,2400.0,92.8,1146.94,93.3,0.69,258.57,0.0,0.0,286,python.exe,16024,python.exe,1880,,Healthy,0,100,,,,0
2026-08-09 01:50:04,LAPTOP-UA90UR9H,100.0,2400.0,93.2,1087.82,93.3,0.66,263.34,0.0,0.0,287,python.exe,30768,python.exe,1880,,Healthy,0,100,,,,0
2026-08-09 01:50:11,LAPTOP-UA90UR9H,100.0,2400.0,92.7,1160.24,93.3,0.27,278.79,0.0,0.0,285,python.exe,28776,python.exe,1880,,Healthy,0,100,,,,0
2026-08-09 01:50:19,LAPTOP-UA90UR9H,100.0,2400.0,93.2,1081.3,93.3,0.31,245.93,0.0,0.0,285,python.exe,28776,python.exe,1880,,,,,,,,
2026-08-09 01:50:26,LAPTOP-UA90UR9H,100.0,2400.0,92.7,1169.66,93.3,0.18,274.99,0.0,0.0,283,python.exe,11636,python.exe,1880,,Healthy,0,100,,,,0
2026-08-09 01:50:34,LAPTOP-UA90UR9H,100.0,2400.0,92.8,1153.93,93.3,0.25,265.48,0.0,0.0,283,python.exe,30768,python.exe,1880,,Healthy,0,100,,,,0
2026-08-09 01:50:42,LAPTOP-UA90UR9H,100.0,2400.0,92.9,1143.36,93.3,0.11,270.02,0.0,0.0,283,python.exe,7340,python.exe,1880,,Healthy,0,100,,,,0
2026-08-09 01:50:49,LAPTOP-UA90UR9H,100.0,2400.0,93.2,1085.12,93.3,0.78,257.17,0.0,0.0,284,python.exe,11636,python.exe,1880,,,,,,,,
2026-08-09 01:50:57,LAPTOP-UA90UR9H,100.0,2400.0,93.1,1098.68,93.3,0.23,269.51,0.0,0.0,284,python.exe,16024,python.exe,1880,,Healthy,0,100,,,,0
2026-08-09 01:51:04,LAPTOP-UA90UR9H,100.0,2400.0,93.1,1102.16,93.3,0.11,260.09,0.0,0.0,285,python.exe,31248,python.exe,1880,,Healthy,0,100,,,,0
2026-08-09 01:51:12,LAPTOP-UA90UR9H,100.0,2400.0,93.2,1086.16,93.3,0.4,271.75,0.0,0.0,285,python.exe,23948,python.exe,1880,,,,,,,,
2026-08-09 01:51:20,LAPTOP-UA90UR9H,100.0,2400.0,93.1,1107.89,93.3,0.15,271.88,0.0,0.0,285,python.exe,16024,python.exe,1880,,,,,,,,
2026-08-09 01:51:27,LAPTOP-UA90UR9H,100.0,2400.0,92.7,1168.03,93.3,4.64,266.31,0.0,0.0,283,python.exe,23948,python.exe,1880,,,,,,,,
2026-08-09 01:51:35,LAPTOP-UA90UR9H,100.0,2400.0,93.1,1104.86,93.3,0.22,272.49,0.0,0.0,283,python.exe,28776,python.exe,1880,,Healthy,0,100,,,,0
2026-08-09 01:51:44,LAPTOP-UA90UR9H,100.0,2400.0,92.8,1151.15,93.3,0.24,269.82,0.0,0.0,283,python.exe,28776,python.exe,1880,,Healthy,0,100,,,,0
2026-08-09 01:51:51,LAPTOP-UA90UR9H,100.0,2400.0,92.8,1146.66,93.3,0.26,269.46,0.0,0.0,282,python.exe,10224,python.exe,1880,,,,,,,,
2026-08-09 01:51:59,LAPTOP-UA90UR9H,100.0,2400.0,93.3,1069.85,93.3,2.21,266.01,0.0,0.0,283,python.exe,17876,python.exe,1880,,,,,,,,
2026-08-09 01:52:05,LAPTOP-UA90UR9H,100.0,2400.0,93.1,1104.36,93.3,0.24,264.41,0.0,0.0,284,python.exe,7384,python.exe,1880,,Healthy,0,100,,,,0
2026-08-09 01:52:13,LAPTOP-UA90UR9H,100.0,2400.0,93.5,1037.8,93.3,1.43,268.0,0.0,0.0,284,python.exe,19756,python.exe,1880,,,,,,,,
2026-08-09 01:52:21,LAPTOP-UA90UR9H,100.0,2400.0,93.4,1053.47,93.3,0.34,267.69,0.0,0.0,283,python.exe,7340,python.exe,1880,,,,,,,,
2026-08-09 01:52:28,LAPTOP-UA90UR9H,100.0,2400.0,93.3,1069.39,93.3,0.52,273.65,0.0,0.0,282,python.exe,31248,python.exe,1880,,,,,,,,
2026-08-09 01:52:36,LAPTOP-UA90UR9H,100.0,2400.0,93.3,1068.18,93.3,0.35,276.94,0.0,0.0,283,python.exe,7340,python.exe,1880,,Healthy,0,100,,,,0
2026-08-09 01:52:44,LAPTOP-UA90UR9H,100.0,2400.0,93.4,1061.44,93.3,0.99,270.77,0.0,0.0,282,python.exe,3972,python.exe,1880,,Healthy,0,100,,,,0
2026-08-09 01:52:51,LAPTOP-UA90UR9H,100.0,2400.0,93.4,1058.18,93.3,0.61,275.2,0.0,0.0,282,python.exe,19756,python.exe,1880,,,,,,,,
2026-08-09 01:52:59,LAPTOP-UA90UR9H,100.0,2400.0,93.6,1020.37,93.3,1.25,265.72,0.0,0.0,284,python.exe,23948,python.exe,1880,,,,,,,,
2026-08-09 01:53:07,LAPTOP-UA90UR9H,100.0,2400.0,93.7,1000.49,93.3,3.28,257.06,0.0,0.0,286,python.exe,7384,python.exe,1880,,,,,,,,
2026-08-09 01:53:15,LAPTOP-UA90UR9H,100.0,2400.0,94.1,943.35,93.3,0.56,267.87,0.0,0.0,286,python.exe,17876,python.exe,1880,,,,,,,,
2026-08-09 01:53:22,LAPTOP-UA90UR9H,100.0,2400.0,93.8,999.31,93.3,0.36,258.33,0.0,0.0,286,python.exe,7384,python.exe,1880,,,,,,,,
2026-08-09 01:53:29,LAPTOP-UA90UR9H,100.0,2400.0,94.1,949.01,93.3,0.45,271.92,0.0,0.0,286,python.exe,6964,python.exe,1880,,Healthy,0,100,,,,0
2026-08-09 01:53:37,LAPTOP-UA90UR9H,100.0,2400.0,93.7,1010.24,93.3,0.71,267.45,0.0,0.0,286,OneDrive.exe,28452,python.exe,1880,,Healthy,0,100,,,,0
2026-08-09 01:53:44,LAPTOP-UA90UR9H,100.0,2400.0,93.5,1044.54,93.3,0.54,257.09,0.0,0.0,286,python.exe,30768,python.exe,1880,,Healthy,0,100,,,,0
2026-08-09 01:53:51,LAPTOP-UA90UR9H,100.0,2400.0,93.5,1047.84,93.3,0.7,265.01,0.0,0.0,286,OneDrive.exe,28452,python.exe,1880,,Healthy,0,100,,,,0
2026-08-09 01:53:59,LAPTOP-UA90UR9H,100.0,2400.0,94.6,857.82,93.3,3.61,247.83,0.0,0.0,288,python.exe,28776,python.exe,1880,,Healthy,0,100,,,,0
2026-08-09 01:54:07,LAPTOP-UA90UR9H,100.0,2400.0,95.2,761.55,93.3,19.69,210.98,0.0,0.0,289,python.exe,28776,python.exe,1880,,,,,,,,
2026-08-09 01:54:14,LAPTOP-UA90UR9H,100.0,2400.0,94.6,858.04,93.3,1.97,205.68,0.0,0.0,289,python.exe,23948,python.exe,1880,,Healthy,0,100,,,,0
2026-08-09 01:54:22,LAPTOP-UA90UR9H,100.0,2400.0,94.6,858.89,93.3,0.65,277.83,0.0,0.0,289,python.exe,23948,python.exe,1880,,Healthy,0,100,,,,0
2026-08-09 01:54:29,LAPTOP-UA90UR9H,100.0,2400.0,95.0,794.16,93.4,2.69,237.6,0.0,0.0,290,python.exe,30768,python.exe,1880,,Healthy,0,100,,,,0
2026-08-09 01:54:37,LAPTOP-UA90UR9H,100.0,2400.0,95.2,770.35,93.4,1.62,183.52,0.0,0.0,291,python.exe,17876,python.exe,1880,,Healthy,0,100,,,,0
2026-08-09 01:54:44,LAPTOP-UA90UR9H,100.0,2400.0,95.2,771.84,93.4,0.58,267.12,0.0,0.0,290,OneDrive.exe,28452,python.exe,1880,,Healthy,0,100,,,,0
2026-08-09 01:54:53,LAPTOP-UA90UR9H,100.0,2400.0,95.1,777.91,93.4,0.63,255.85,0.0,0.0,290,OneDrive.exe,28452,python.exe,1880,,Healthy,0,100,,,,0
2026-08-09 01:55:00,LAPTOP-UA90UR9H,100.0,2400.0,77.2,3648.85,93.4,0.96,251.85,0.0,0.0,290,python.exe,7384,python.exe,1880,,Healthy,0,100,,,,0
2026-08-09 01:55:08,LAPTOP-UA90UR9H,100.0,2400.0,58.8,6589.34,93.4,0.61,270.58,0.0,0.0,291,python.exe,25064,python.exe,1880,,Healthy,0,100,,,,0
2026-08-09 01:55:15,LAPTOP-UA90UR9H,100.0,2400.0,57.1,6860.82,93.4,0.97,297.59,0.0,0.0,291,python.exe,7384,python.exe,1880,,Healthy,0,100,,,,0
2026-08-09 01:55:22,LAPTOP-UA90UR9H,100.0,2400.0,56.7,6936.16,93.4,16.07,281.09,0.0,0.0,294,python.exe,19756,python.exe,1880,,Healthy,0,100,,,,0
2026-08-09 01:55:31,LAPTOP-UA90UR9H,100.0,2400.0,48.5,8237.54,93.4,0.79,266.91,0.0,0.0,296,python.exe,19756,python.exe,1880,,,,,,,,
2026-08-09 01:55:37,LAPTOP-UA90UR9H,100.0,2400.0,43.6,9021.36,93.4,0.56,280.2,0.0,0.0,296,python.exe,31248,msedgewebview2.exe,24064,,Healthy,0,100,,,,0
2026-08-09 01:55:44,LAPTOP-UA90UR9H,100.0,2400.0,43.9,8982.62,93.4,0.46,300.69,0.0,0.0,296,python.exe,30768,msedgewebview2.exe,24064,,Healthy,0,100,,,,0
2026-08-09 01:55:52,LAPTOP-UA90UR9H,100.0,2400.0,43.9,8974.3,93.4,0.3,282.89,0.0,0.0,296,python.exe,7340,msedgewebview2.exe,24064,,,,,,,,
2026-08-09 01:55:59,LAPTOP-UA90UR9H,100.0,2400.0,43.3,9068.9,93.4,0.14,287.33,0.0,0.0,293,python.exe,11636,msedgewebview2.exe,24064,,Healthy,0,100,,,,0
2026-08-09 01:56:05,LAPTOP-UA90UR9H,100.0,2400.0,43.3,9071.55,93.4,0.14,289.17,0.0,0.0,295,python.exe,10224,msedgewebview2.exe,24064,,Healthy,0,100,,,,0
2026-08-09 01:56:13,LAPTOP-UA90UR9H,100.0,2400.0,43.5,9042.66,93.4,1.65,303.34,0.0,0.0,295,python.exe,17876,msedgewebview2.exe,24064,,Healthy,0,100,,,,0
2026-08-09 01:56:21,LAPTOP-UA90UR9H,100.0,2400.0,43.5,9044.54,93.4,0.15,274.79,0.0,0.0,295,python.exe,10224,msedgewebview2.exe,24064,,,,,,,,
2026-08-09 01:56:28,LAPTOP-UA90UR9H,100.0,2400.0,43.5,9040.31,93.4,0.31,284.98,0.0,0.0,295,python.exe,28776,msedgewebview2.exe,24064,,Healthy,0,100,,,,0
2026-08-09 01:56:36,LAPTOP-UA90UR9H,100.0,2400.0,43.7,9015.21,93.4,1.57,275.83,0.0,0.0,298,python.exe,16024,msedgewebview2.exe,24064,,,,,,,,
2026-08-09 01:56:42,LAPTOP-UA90UR9H,100.0,2400.0,43.7,9011.49,93.4,1.1,287.34,0.0,0.0,298,python.exe,28776,msedgewebview2.exe,24064,,Healthy,0,100,,,,0
2026-08-09 01:56:50,LAPTOP-UA90UR9H,100.0,2400.0,43.7,9017.7,93.4,2.58,276.54,0.0,0.0,298,python.exe,25064,msedgewebview2.exe,24064,,Healthy,0,100,,,,0
2026-08-09 01:56:58,LAPTOP-UA90UR9H,100.0,2400.0,43.7,9011.37,93.4,0.82,288.03,0.0,0.0,299,python.exe,7384,msedgewebview2.exe,24064,,,,,,,,
2026-08-09 01:57:06,LAPTOP-UA90UR9H,100.0,2400.0,44.1,8943.01,93.4,5.02,283.36,0.0,0.0,300,python.exe,10224,msedgewebview2.exe,24064,,,,,,,,
2026-08-09 01:57:13,LAPTOP-UA90UR9H,100.0,2400.0,44.2,8926.77,93.4,0.16,278.91,0.0,0.0,301,python.exe,17876,msedgewebview2.exe,24064,,Healthy,0,100,,,,0
2026-08-09 01:57:20,LAPTOP-UA90UR9H,100.0,2400.0,44.2,8925.52,93.4,0.16,294.57,0.0,0.0,301,python.exe,23948,msedgewebview2.exe,24064,,Healthy,0,100,,,,0
2026-08-09 01:57:28,LAPTOP-UA90UR9H,100.0,2400.0,44.3,8908.96,93.4,0.39,276.58,0.0,0.0,301,python.exe,31248,msedgewebview2.exe,24064,,,,,,,,
2026-08-09 01:57:36,LAPTOP-UA90UR9H,100.0,2400.0,42.7,9170.79,93.4,0.41,277.91,0.0,0.0,287,python.exe,31248,msedgewebview2.exe,24064,,Healthy,0,100,,,,0
2026-08-09 01:57:42,LAPTOP-UA90UR9H,100.0,2400.0,42.8,9146.41,93.4,0.23,290.46,0.0,0.0,285,python.exe,25064,msedgewebview2.exe,24064,,Healthy,0,100,,,,0
2026-08-09 01:57:49,LAPTOP-UA90UR9H,100.0,2400.0,43.6,9029.28,93.4,2.75,281.23,0.0,0.0,287,python.exe,19756,msedgewebview2.exe,24064,,Healthy,0,100,,,,0
2026-08-09 01:57:57,LAPTOP-UA90UR9H,100.0,2400.0,42.9,9136.07,93.4,1.85,277.63,0.0,0.0,283,python.exe,11636,msedgewebview2.exe,24064,,Healthy,0,100,,,,0
2026-08-09 01:58:04,LAPTOP-UA90UR9H,100.0,2400.0,43.0,9127.25,93.4,1.9,277.21,0.0,0.0,287,python.exe,10224,msedgewebview2.exe,24064,,,,,,,,
2026-08-09 01:58:12,LAPTOP-UA90UR9H,100.0,2400.0,43.4,9063.16,93.4,0.62,286.02,0.0,0.0,290,python.exe,30768,msedgewebview2.exe,24064,,,,,,,,
2026-08-09 01:58:20,LAPTOP-UA90UR9H,100.0,2400.0,43.0,9123.36,93.4,1.06,279.74,0.0,0.0,287,python.exe,10224,msedgewebview2.exe,24064,,,,,,,,
2026-08-09 01:58:27,LAPTOP-UA90UR9H,100.0,2400.0,42.8,9146.04,93.4,1.94,289.3,0.0,0.0,287,python.exe,10224,msedgewebview2.exe,24064,,,,,,,,
2026-08-09 01:58:35,LAPTOP-UA90UR9H,100.0,2400.0,43.2,9094.18,93.4,1.1,290.41,0.0,0.0,288,python.exe,28776,msedgewebview2.exe,24064,,,,,,,,
2026-08-09 01:58:42,LAPTOP-UA90UR9H,100.0,2400.0,43.2,9085.16,93.4,1.09,284.41,0.0,0.0,288,python.exe,23948,msedgewebview2.exe,24064,,,,,,,,
2026-08-09 01:58:50,LAPTOP-UA90UR9H,100.0,2400.0,43.6,9028.09,93.4,2.26,298.65,0.0,0.0,292,python.exe,6964,msedgewebview2.exe,24064,,Healthy,0,100,,,,0
2026-08-09 01:58:56,LAPTOP-UA90UR9H,100.0,2400.0,43.6,9030.91,93.4,0.11,275.13,0.0,0.0,289,python.exe,10224,msedgewebview2.exe,24064,,Healthy,0,100,,,,0
2026-08-09 01:59:04,LAPTOP-UA90UR9H,100.0,2400.0,43.5,9044.54,93.4,0.75,286.28,0.0,0.0,288,python.exe,31248,msedgewebview2.exe,24064,,,,,,,,
2026-08-09 01:59:10,LAPTOP-UA90UR9H,100.0,2400.0,43.2,9082.3,93.4,0.85,280.96,0.0,0.0,286,python.exe,10224,msedgewebview2.exe,24064,,Healthy,0,100,,,,0
2026-08-09 01:59:17,LAPTOP-UA90UR9H,100.0,2400.0,44.1,8945.83,93.4,3.72,283.66,0.0,0.0,286,python.exe,3972,msedgewebview2.exe,24064,,Healthy,0,100,,,,0
2026-08-09 01:59:24,LAPTOP-UA90UR9H,100.0,2400.0,43.9,8983.66,93.4,2.34,285.12,0.0,0.0,286,python.exe,3972,msedgewebview2.exe,24064,,,,,,,,
2026-08-09 01:59:32,LAPTOP-UA90UR9H,100.0,2400.0,44.0,8968.16,93.4,1.89,291.3,0.0,0.0,285,python.exe,31248,msedgewebview2.exe,24064,,Healthy,0,100,,,,0
2026-08-09 01:59:39,LAPTOP-UA90UR9H,100.0,2400.0,43.9,8975.36,93.4,3.26,273.61,0.0,0.0,284,python.exe,6964,msedgewebview2.exe,24064,,Healthy,0,100,,,,0
2026-08-09 01:59:47,LAPTOP-UA90UR9H,100.0,2400.0,43.9,8978.28,93.4,0.48,286.49,0.0,0.0,284,python.exe,16024,msedgewebview2.exe,24064,,,,,,,,
2026-08-09 01:59:54,LAPTOP-UA90UR9H,100.0,2400.0,43.8,8995.31,93.4,0.48,296.95,0.0,0.0,284,python.exe,17876,msedgewebview2.exe,24064,,Healthy,0,100,,,,0
2026-08-09 02:00:02,LAPTOP-UA90UR9H,100.0,2400.0,44.2,8927.1,93.4,1.99,284.65,0.0,0.0,284,python.exe,17876,msedgewebview2.exe,24064,,Healthy,0,100,,,,0
2026-08-09 02:00:09,LAPTOP-UA90UR9H,100.0,2400.0,43.8,8989.95,93.4,1.64,276.53,0.0,0.0,284,python.exe,25064,msedgewebview2.exe,24064,,,,,,,,
2026-08-09 02:00:16,LAPTOP-UA90UR9H,100.0,2400.0,44.1,8942.6,93.4,0.16,290.7,0.0,0.0,284,python.exe,11636,msedgewebview2.exe,24064,,Healthy,0,100,,,,0
2026-08-09 02:00:23,LAPTOP-UA90UR9H,100.0,2400.0,43.9,8985.1,93.4,0.9,288.64,0.0,0.0,284,python.exe,16024,msedgewebview2.exe,24064,,Healthy,0,100,,,,0
2026-08-09 02:00:31,LAPTOP-UA90UR9H,100.0,2400.0,43.9,8975.3,93.4,0.18,284.27,0.0,0.0,284,python.exe,31248,msedgewebview2.exe,24064,,,,,,,,
2026-08-09 02:00:38,LAPTOP-UA90UR9H,100.0,2400.0,44.4,8901.97,93.4,0.28,291.92,0.0,0.0,284,python.exe,6964,msedgewebview2.exe,24064,,,,,,,,
2026-08-09 02:00:44,LAPTOP-UA90UR9H,100.0,2400.0,44.4,8903.56,93.4,0.22,290.49,0.0,0.0,286,python.exe,11636,msedgewebview2.exe,24064,,Healthy,0,100,,,,0
2026-08-09 02:00:52,LAPTOP-UA90UR9H,100.0,2400.0,43.9,8972.88,93.4,0.17,282.25,0.0,0.0,285,python.exe,23948,msedgewebview2.exe,24064,,Healthy,0,100,,,,0
2026-08-09 02:00:59,LAPTOP-UA90UR9H,100.0,2400.0,43.5,9036.15,93.4,0.09,275.54,0.0,0.0,281,python.exe,23948,msedgewebview2.exe,24064,,,,,,,,
2026-08-09 02:01:06,LAPTOP-UA90UR9H,100.0,2400.0,43.7,9010.81,93.4,0.09,307.87,0.0,0.0,281,python.exe,11636,msedgewebview2.exe,24064,,Healthy,0,100,,,,0
2026-08-09 02:01:14,LAPTOP-UA90UR9H,100.0,2400.0,43.3,9079.95,93.4,0.06,289.99,0.0,0.0,283,python.exe,7384,msedgewebview2.exe,24064,,Healthy,0,100,,,,0
2026-08-09 02:01:22,LAPTOP-UA90UR9H,100.0,2400.0,43.4,9061.51,93.4,0.05,291.41,0.0,0.0,283,python.exe,17876,msedgewebview2.exe,24064,,Healthy,0,100,,,,0
2026-08-09 02:01:29,LAPTOP-UA90UR9H,100.0,2400.0,43.9,8979.58,93.4,0.04,288.98,0.0,0.0,283,python.exe,16024,msedgewebview2.exe,24064,,,,,,,,
2026-08-09 02:01:37,LAPTOP-UA90UR9H,100.0,2400.0,43.7,9016.78,93.4,0.04,290.42,0.0,0.0,281,python.exe,7384,msedgewebview2.exe,24064,,,,,,,,
2026-08-09 02:01:45,LAPTOP-UA90UR9H,100.0,2400.0,43.7,9014.21,93.4,0.06,291.02,0.0,0.0,282,python.exe,31248,msedgewebview2.exe,24064,,,,,,,,
2026-08-09 02:01:52,LAPTOP-UA90UR9H,100.0,2400.0,43.6,9018.0,93.4,0.02,284.78,0.0,0.0,283,python.exe,31248,msedgewebview2.exe,24064,,Healthy,0,100,,,,0
2026-08-09 02:01:59,LAPTOP-UA90UR9H,100.0,2400.0,43.8,8990.35,93.4,0.1,288.26,0.0,0.0,283,python.exe,7340,msedgewebview2.exe,24064,,Healthy,0,100,,,,0
2026-08-09 02:02:06,LAPTOP-UA90UR9H,100.0,2400.0,44.0,8968.45,93.4,0.02,276.91,0.0,0.0,283,python.exe,25064,msedgewebview2.exe,24064,,,,,,,,
2026-08-09 02:02:14,LAPTOP-UA90UR9H,100.0,2400.0,43.3,9076.64,93.4,0.09,281.1,0.0,0.0,283,python.exe,7384,msedgewebview2.exe,24064,,,,,,,,
2026-08-09 02:02:20,LAPTOP-UA90UR9H,100.0,2400.0,43.6,9019.64,93.4,0.02,291.21,0.0,0.0,283,python.exe,6964,msedgewebview2.exe,24064,,Healthy,0,100,,,,0
2026-08-09 02:02:28,LAPTOP-UA90UR9H,100.0,2400.0,43.9,8976.96,93.4,0.01,280.77,0.0,0.0,283,python.exe,6964,msedgewebview2.exe,24064,,,,,,,,
2026-08-09 02:02:35,LAPTOP-UA90UR9H,100.0,2400.0,43.7,9013.01,93.4,0.05,287.22,0.0,0.0,283,python.exe,17876,msedgewebview2.exe,24064,,Healthy,0,100,,,,0
2026-08-09 02:02:42,LAPTOP-UA90UR9H,100.0,2400.0,44.1,8952.73,93.4,0.22,286.16,0.0,0.0,285,python.exe,30768,msedgewebview2.exe,24064,,Healthy,0,100,,,,0
2026-08-09 02:02:49,LAPTOP-UA90UR9H,100.0,2400.0,44.1,8947.05,93.4,0.45,289.58,0.0,0.0,285,python.exe,10224,msedgewebview2.exe,24064,,Healthy,0,100,,,,0
2026-08-09 02:02:57,LAPTOP-UA90UR9H,100.0,2400.0,44.2,8934.33,93.4,0.69,294.01,0.0,0.0,286,python.exe,30768,msedgewebview2.exe,24064,,,,,,,,
2026-08-09 02:03:03,LAPTOP-UA90UR9H,100.0,2400.0,44.1,8944.65,93.4,0.04,285.42,0.0,0.0,286,python.exe,10224,msedgewebview2.exe,24064,,Healthy,0,100,,,,0
2026-08-09 02:03:10,LAPTOP-UA90UR9H,100.0,2400.0,43.3,9068.21,93.4,0.03,298.17,0.0,0.0,283,python.exe,31248,msedgewebview2.exe,24064,,,,,,,,
2026-08-09 02:03:18,LAPTOP-UA90UR9H,100.0,2400.0,43.6,9017.93,93.4,0.03,283.46,0.0,0.0,283,python.exe,10224,msedgewebview2.exe,24064,,,,,,,,
2026-08-09 02:03:24,LAPTOP-UA90UR9H,100.0,2400.0,43.4,9063.78,93.4,0.07,290.46,0.0,0.0,284,python.exe,11636,msedgewebview2.exe,24064,,Healthy,0,100,,,,0
2026-08-09 02:03:32,LAPTOP-UA90UR9H,100.0,2400.0,43.6,9018.94,93.4,0.37,288.79,0.0,0.0,283,python.exe,31248,msedgewebview2.exe,24064,,Healthy,0,100,,,,0
2026-08-09 02:03:39,LAPTOP-UA90UR9H,100.0,2400.0,43.8,9000.2,93.4,0.02,290.84,0.0,0.0,283,python.exe,10224,msedgewebview2.exe,24064,,,,,,,,
2026-08-09 02:03:47,LAPTOP-UA90UR9H,100.0,2400.0,43.7,9002.23,93.4,0.09,297.96,0.0,0.0,283,python.exe,6964,msedgewebview2.exe,24064,,,,,,,,
2026-08-09 02:03:54,LAPTOP-UA90UR9H,100.0,2400.0,43.4,9053.36,93.4,2.65,287.66,0.0,0.0,283,python.exe,23948,msedgewebview2.exe,24064,,,,,,,,
2026-08-09 02:04:02,LAPTOP-UA90UR9H,100.0,2400.0,43.9,8980.0,93.4,0.02,288.31,0.0,0.0,283,python.exe,25064,msedgewebview2.exe,24064,,,,,,,,
2026-08-09 02:04:09,LAPTOP-UA90UR9H,100.0,2400.0,44.0,8957.13,93.4,0.3,281.98,0.0,0.0,284,python.exe,7340,msedgewebview2.exe,24064,,,,,,,,
2026-08-09 02:04:17,LAPTOP-UA90UR9H,100.0,2400.0,43.9,8982.48,93.4,1.5,284.18,0.0,0.0,283,python.exe,10224,msedgewebview2.exe,24064,,Healthy,0,100,,,,0
2026-08-09 02:04:25,LAPTOP-UA90UR9H,100.0,2400.0,43.8,8987.02,93.4,0.19,287.69,0.0,0.0,283,python.exe,17876,msedgewebview2.exe,24064,,,,,,,,
2026-08-09 02:04:33,LAPTOP-UA90UR9H,100.0,2400.0,44.3,8910.38,93.4,2.2,273.27,0.0,0.0,283,python.exe,7384,msedgewebview2.exe,24064,,,,,,,,
2026-08-09 02:04:40,LAPTOP-UA90UR9H,100.0,2400.0,44.0,8954.34,93.4,2.09,291.92,0.0,0.0,282,python.exe,3972,msedgewebview2.exe,24064,,,,,,,,
2026-08-09 02:04:48,LAPTOP-UA90UR9H,100.0,2400.0,43.7,9005.65,93.4,0.23,300.42,0.0,0.0,282,python.exe,23328,msedgewebview2.exe,24064,,,,,,,,
2026-08-09 02:04:55,LAPTOP-UA90UR9H,100.0,2400.0,44.1,8947.0,93.5,0.07,294.19,0.0,0.0,282,python.exe,23948,msedgewebview2.exe,24064,,,,,,,,
2026-08-09 02:05:03,LAPTOP-UA90UR9H,100.0,2400.0,44.0,8959.66,93.4,0.38,296.93,0.0,0.0,283,python.exe,19756,msedgewebview2.exe,24064,,,,,,,,
2026-08-09 02:05:09,LAPTOP-UA90UR9H,100.0,2400.0,44.1,8948.73,93.5,0.21,289.16,0.0,0.0,283,python.exe,23948,msedgewebview2.exe,24064,,Healthy,0,100,,,,0
2026-08-09 02:05:17,LAPTOP-UA90UR9H,100.0,2400.0,44.1,8938.3,93.4,0.29,286.88,0.0,0.0,285,python.exe,3972,msedgewebview2.exe,24064,,,,,,,,
2026-08-09 02:05:24,LAPTOP-UA90UR9H,100.0,2400.0,44.1,8952.59,93.5,0.26,290.96,0.0,0.0,283,python.exe,3972,msedgewebview2.exe,24064,,Healthy,0,100,,,,0
2026-08-09 02:05:31,LAPTOP-UA90UR9H,100.0,2400.0,44.0,8959.66,93.4,0.47,279.39,0.0,0.0,283,python.exe,30768,msedgewebview2.exe,24064,,Healthy,0,100,,,,0
2026-08-09 02:05:38,LAPTOP-UA90UR9H,100.0,2400.0,44.6,8857.85,93.5,1.22,289.99,0.0,0.0,283,python.exe,6964,msedgewebview2.exe,24064,,,,,,,,
2026-08-09 02:05:45,LAPTOP-UA90UR9H,100.0,2400.0,44.6,8860.11,93.5,0.44,275.18,0.0,0.0,283,python.exe,11636,msedgewebview2.exe,24064,,Healthy,0,100,,,,0
2026-08-09 02:05:52,LAPTOP-UA90UR9H,100.0,2400.0,44.7,8856.13,93.5,0.21,213.84,0.0,0.0,285,python.exe,7340,msedgewebview2.exe,24064,,Healthy,0,100,,,,0
2026-08-09 02:06:00,LAPTOP-UA90UR9H,100.0,2400.0,44.8,8840.1,93.5,0.36,211.5,0.0,0.0,286,OneDrive.exe,28452,msedgewebview2.exe,24064,,Healthy,0,100,,,,0
2026-08-09 02:06:09,LAPTOP-UA90UR9H,100.0,2400.0,44.9,8811.48,93.5,0.45,260.13,0.0,0.0,286,OneDrive.exe,28452,msedgewebview2.exe,24064,,Healthy,0,100,,,,0
2026-08-09 02:06:17,LAPTOP-UA90UR9H,100.0,2400.0,45.0,8799.29,93.5,0.91,275.89,0.0,0.0,286,python.exe,6964,msedgewebview2.exe,24064,,Healthy,0,100,,,,0
2026-08-09 02:06:24,LAPTOP-UA90UR9H,100.0,2400.0,45.2,8777.18,93.5,1.68,260.09,0.0,0.0,289,python.exe,30768,msedgewebview2.exe,24064,,,,,,,,
2026-08-09 02:06:32,LAPTOP-UA90UR9H,100.0,2400.0,45.1,8783.96,93.5,1.54,288.78,0.0,0.0,288,python.exe,26848,msedgewebview2.exe,24064,,,,,,,,
2026-08-09 02:06:39,LAPTOP-UA90UR9H,100.0,2400.0,45.2,8776.61,93.5,1.6,299.88,0.0,0.0,288,python.exe,31248,msedgewebview2.exe,24064,,Healthy,0,100,,,,0
2026-08-09 02:06:48,LAPTOP-UA90UR9H,100.0,2400.0,45.3,8756.54,93.4,0.12,291.03,0.0,0.0,289,python.exe,30768,msedgewebview2.exe,24064,,,,,,,,
2026-08-09 02:06:55,LAPTOP-UA90UR9H,100.0,2400.0,45.5,8720.36,93.5,0.41,269.65,0.0,0.0,288,python.exe,16024,msedgewebview2.exe,24064,,Healthy,0,100,,,,0
2026-08-09 02:07:02,LAPTOP-UA90UR9H,100.0,2400.0,45.9,8657.23,93.5,1.79,280.73,0.0,0.0,288,python.exe,7340,msedgewebview2.exe,24064,,Healthy,0,100,,,,0
2026-08-09 02:07:10,LAPTOP-UA90UR9H,100.0,2400.0,45.4,8740.58,93.5,0.89,278.97,0.0,0.0,286,python.exe,19756,msedgewebview2.exe,24064,,Healthy,0,100,,,,0
2026-08-09 02:07:17,LAPTOP-UA90UR9H,100.0,2400.0,45.1,8793.68,93.5,0.08,293.05,0.0,0.0,283,python.exe,6964,msedgewebview2.exe,24064,,Healthy,0,100,,,,0
2026-08-09 02:07:24,LAPTOP-UA90UR9H,100.0,2400.0,45.1,8786.08,93.5,0.02,292.83,0.0,0.0,283,python.exe,11636,msedgewebview2.exe,24064,,Healthy,0,100,,,,0
2026-08-09 02:07:31,LAPTOP-UA90UR9H,100.0,2400.0,45.1,8784.54,93.5,0.03,295.17,0.0,0.0,283,python.exe,16024,msedgewebview2.exe,24064,,Healthy,0,100,,,,0
2026-08-09 02:07:40,LAPTOP-UA90UR9H,100.0,2400.0,45.0,8795.29,93.5,0.17,306.46,0.0,0.0,282,python.exe,7384,msedgewebview2.exe,24064,,,,,,,,
2026-08-09 02:07:47,LAPTOP-UA90UR9H,100.0,2400.0,44.7,8856.64,93.5,0.05,281.01,0.0,0.0,280,python.exe,10224,msedgewebview2.exe,24064,,,,,,,,
2026-08-09 02:07:55,LAPTOP-UA90UR9H,100.0,2400.0,44.5,8878.46,93.5,0.02,299.67,0.0,0.0,280,python.exe,30768,msedgewebview2.exe,24064,,,,,,,,
2026-08-09 02:08:02,LAPTOP-UA90UR9H,100.0,2400.0,44.9,8822.93,93.5,0.04,301.0,0.0,0.0,282,python.exe,10224,msedgewebview2.exe,24064,,,,,,,,
2026-08-09 02:08:10,LAPTOP-UA90UR9H,100.0,2400.0,44.5,8875.81,93.5,0.03,286.51,0.0,0.0,282,python.exe,10224,msedgewebview2.exe,24064,,Healthy,0,100,,,,0
2026-08-09 02:08:18,LAPTOP-UA90UR9H,100.0,2400.0,44.9,8817.65,93.5,0.09,294.99,0.0,0.0,282,python.exe,26848,msedgewebview2.exe,24064,,,,,,,,
2026-08-09 02:08:25,LAPTOP-UA90UR9H,100.0,2400.0,44.6,8861.66,93.5,0.1,297.6,0.0,0.0,282,python.exe,26848,msedgewebview2.exe,24064,,Healthy,0,100,,,,0
2026-08-09 02:08:32,LAPTOP-UA90UR9H,100.0,2400.0,45.1,8781.5,93.5,3.81,297.9,0.0,0.0,284,python.exe,6964,msedgewebview2.exe,24064,,,,,,,,
2026-08-09 02:08:40,LAPTOP-UA90UR9H,100.0,2400.0,45.2,8776.66,93.5,1.03,280.98,0.0,0.0,285,python.exe,10224,msedgewebview2.exe,24064,,,,,,,,
2026-08-09 02:08:46,LAPTOP-UA90UR9H,100.0,2400.0,45.3,8758.52,93.5,0.06,287.58,0.0,0.0,285,python.exe,3972,msedgewebview2.exe,24064,,Healthy,0,100,,,,0
2026-08-09 02:08:54,LAPTOP-UA90UR9H,100.0,2400.0,45.5,8729.41,93.5,0.03,282.46,0.0,0.0,285,python.exe,23948,msedgewebview2.exe,24064,,,,,,,,
2026-08-09 02:09:01,LAPTOP-UA90UR9H,100.0,2400.0,44.7,8851.19,93.5,0.06,286.47,0.0,0.0,282,python.exe,16024,msedgewebview2.exe,24064,,,,,,,,
2026-08-09 02:09:09,LAPTOP-UA90UR9H,100.0,2400.0,45.0,8799.1,93.5,0.11,299.01,0.0,0.0,283,python.exe,30768,msedgewebview2.exe,24064,,,,,,,,
2026-08-09 02:09:15,LAPTOP-UA90UR9H,100.0,2400.0,45.0,8804.48,93.5,0.03,286.1,0.0,0.0,283,python.exe,16024,msedgewebview2.exe,24064,,Healthy,0,100,,,,0
2026-08-09 02:09:22,LAPTOP-UA90UR9H,100.0,2400.0,45.1,8780.19,93.5,0.18,284.65,0.0,0.0,283,python.exe,11636,msedgewebview2.exe,24064,,Healthy,0,100,,,,0
2026-08-09 02:09:29,LAPTOP-UA90UR9H,100.0,2400.0,44.9,8819.02,93.5,0.04,281.7,0.0,0.0,283,python.exe,7340,msedgewebview2.exe,24064,,Healthy,0,100,,,,0
2026-08-09 02:09:37,LAPTOP-UA90UR9H,100.0,2400.0,45.1,8789.09,93.5,0.08,294.17,0.0,0.0,284,python.exe,25064,msedgewebview2.exe,24064,,,,,,,,
2026-08-09 02:09:44,LAPTOP-UA90UR9H,100.0,2400.0,44.8,8835.7,93.5,0.05,293.11,0.0,0.0,282,python.exe,26848,msedgewebview2.exe,24064,,Healthy,0,100,,,,0
2026-08-09 02:09:52,LAPTOP-UA90UR9H,100.0,2400.0,45.4,8740.83,93.5,0.1,284.41,0.0,0.0,284,python.exe,25064,msedgewebview2.exe,24064,,,,,,,,
2026-08-09 02:09:59,LAPTOP-UA90UR9H,100.0,2400.0,44.9,8811.45,93.5,0.07,268.86,0.0,0.0,283,python.exe,23328,msedgewebview2.exe,24064,,Healthy,0,100,,,,0
2026-08-09 02:10:07,LAPTOP-UA90UR9H,100.0,2400.0,45.3,8760.77,93.5,0.09,289.39,0.0,0.0,284,python.exe,11636,msedgewebview2.exe,24064,,,,,,,,
2026-08-09 02:10:14,LAPTOP-UA90UR9H,100.0,2400.0,45.4,8735.98,93.5,0.07,297.66,0.0,0.0,284,python.exe,19756,msedgewebview2.exe,24064,,Healthy,0,100,,,,0
2026-08-09 02:10:22,LAPTOP-UA90UR9H,100.0,2400.0,45.5,8721.28,93.5,0.06,283.23,0.0,0.0,284,python.exe,3972,msedgewebview2.exe,24064,,Healthy,0,100,,,,0
2026-08-09 02:10:29,LAPTOP-UA90UR9H,100.0,2400.0,45.0,8809.34,93.5,0.03,289.3,0.0,0.0,282,python.exe,16024,msedgewebview2.exe,24064,,Healthy,0,100,,,,0
2026-08-09 02:10:36,LAPTOP-UA90UR9H,100.0,2400.0,44.5,8879.69,93.5,0.22,284.02,0.0,0.0,282,python.exe,11636,msedgewebview2.exe,24064,,Healthy,0,100,,,,0
2026-08-09 02:10:43,LAPTOP-UA90UR9H,100.0,2400.0,44.6,8861.33,93.5,0.02,299.62,0.0,0.0,282,python.exe,10224,msedgewebview2.exe,24064,,Healthy,0,100,,,,0
2026-08-09 02:10:51,LAPTOP-UA90UR9H,100.0,2400.0,44.7,8842.65,93.5,0.09,293.18,0.0,0.0,282,python.exe,19756,msedgewebview2.exe,24064,,,,,,,,
2026-08-09 02:10:57,LAPTOP-UA90UR9H,100.0,2400.0,44.3,8913.15,93.5,0.17,278.47,0.0,0.0,281,python.exe,30768,msedgewebview2.exe,24064,,Healthy,0,100,,,,0
2026-08-09 02:11:00,LAPTOP-UA90UR9H,86.3,1520.0,43.8,8992.17,90.2,2.54,234.12,0.0,0.0,263,System Idle Process,0,msedgewebview2.exe,24064,,Healthy,0,100,,,,0
2026-08-09 02:11:03,LAPTOP-UA90UR9H,23.7,2400.0,43.9,8970.94,90.2,1.94,0.68,0.0,0.0,263,System Idle Process,0,msedgewebview2.exe,24064,,Healthy,0,100,,,,0
2026-08-09 02:11:05,LAPTOP-UA90UR9H,22.1,2400.0,43.9,8975.23,90.2,0.09,5.97,0.0,0.0,263,System Idle Process,0,msedgewebview2.exe,24064,,Healthy,0,100,,,,0
2026-08-09 02:11:08,LAPTOP-UA90UR9H,26.3,2400.0,44.3,8915.46,90.2,6.8,3.39,0.0,0.0,266,System Idle Process,0,msedgewebview2.exe,24064,,Healthy,0,100,,,,0
