timestamp,hostname,cpu_percent,cpu_frequency_mhz,memory_percent,memory_available_mb,disk_percent,disk_read_mbps,disk_write_mbps,network_upload_mbps,network_download_mbps,process_count,top_cpu_process,top_cpu_pid,top_mem_process,top_mem_pid,ssd_model,ssd_health_status,ssd_percentage_used,ssd_available_spare,ssd_temperature,ssd_data_written_tb,ssd_power_on_hours,ssd_media_errors
8/8/2026 19:28,HI38,9.6,2396,55.1,5464.45,16.2,0.05,0.2,0,0,204,System Idle Process,0,msedgewebview2.exe,17500,INTEL SSDPEKKF256G7L,PASSED,4,100,25,9.7,3043,0
8/8/2026 19:28,HI38,100,2396,55,5478.58,16.2,0.5,0,0,0,204,python.exe,1272,msedgewebview2.exe,17500,INTEL SSDPEKKF256G7L,PASSED,4,100,25,9.7,3043,0
8/8/2026 19:28,HI38,100,2396,55,5478.4,16.2,0.02,0.24,0,0,204,python.exe,5520,msedgewebview2.exe,17500,INTEL SSDPEKKF256G7L,PASSED,4,100,25,9.7,3043,0
8/8/2026 19:29,HI38,100,2396,55,5479.4,16.2,0,0.09,0,0,204,python.exe,4316,msedgewebview2.exe,17500,INTEL SSDPEKKF256G7L,PASSED,4,100,25,9.7,3043,0
8/8/2026 19:29,HI38,100,2396,55,5476.83,16.2,0.02,0.16,0,0,204,python.exe,1272,msedgewebview2.exe,17500,INTEL SSDPEKKF256G7L,PASSED,4,100,25,9.7,3043,0
8/8/2026 19:29,HI38,100,2396,55,5474.42,16.2,0,0.05,0,0,204,python.exe,4316,msedgewebview2.exe,17500,INTEL SSDPEKKF256G7L,PASSED,4,100,25,9.7,3043,0
8/8/2026 19:29,HI38,100,2396,54.9,5485.1,16.2,0,0.01,0,0,204,python.exe,4316,msedgewebview2.exe,17500,INTEL SSDPEKKF256G7L,PASSED,4,100,26,9.7,3043,0
8/8/2026 19:29,HI38,100,2396,54.9,5486.12,16.2,0.01,0.08,0,0,204,python.exe,1272,msedgewebview2.exe,17500,INTEL SSDPEKKF256G7L,PASSED,4,100,26,9.7,3043,0
8/8/2026 19:29,HI38,100,2396,54.9,5490.91,16.2,0,0.01,0,0,203,python.exe,5520,msedgewebview2.exe,17500,INTEL SSDPEKKF256G7L,PASSED,4,100,26,9.7,3043,0
8/8/2026 19:29,HI38,100,2396,54.7,5510.16,16.3,0.01,3.16,0,0,202,python.exe,4316,msedgewebview2.exe,17500,INTEL SSDPEKKF256G7L,PASSED,4,100,26,9.7,3043,0
8/8/2026 19:29,HI38,100,2396,54.7,5510.62,16.2,0,6.65,0,0,202,python.exe,13996,msedgewebview2.exe,17500,INTEL SSDPEKKF256G7L,PASSED,4,100,26,9.7,3043,0
8/8/2026 19:29,HI38,100,2396,54.8,5496.15,16.2,0,0.06,0,0,203,python.exe,5520,msedgewebview2.exe,17500,INTEL SSDPEKKF256G7L,PASSED,4,100,26,9.7,3043,0
8/8/2026 19:29,HI38,100,2396,54.8,5497.79,16.2,0,0.09,0,0,203,python.exe,5520,msedgewebview2.exe,17500,INTEL SSDPEKKF256G7L,PASSED,4,100,26,9.7,3043,0
8/8/2026 19:29,HI38,100,2396,54.8,5495.87,16.2,0,0.03,0,0,203,python.exe,13996,msedgewebview2.exe,17500,INTEL SSDPEKKF256G7L,PASSED,4,100,27,9.7,3043,0
8/8/2026 19:29,HI38,100,2396,54.8,5494.75,16.2,0.01,0.09,0,0,203,python.exe,1272,msedgewebview2.exe,17500,INTEL SSDPEKKF256G7L,PASSED,4,100,26,9.7,3043,0
8/8/2026 19:29,HI38,100,2396,54.8,5502.88,16.2,0,0.01,0,0,203,python.exe,13996,msedgewebview2.exe,17500,INTEL SSDPEKKF256G7L,PASSED,4,100,26,9.7,3043,0
8/8/2026 19:29,HI38,100,2396,54.8,5504.04,16.2,0,0.05,0,0,202,python.exe,1272,msedgewebview2.exe,17500,INTEL SSDPEKKF256G7L,PASSED,4,100,26,9.7,3043,0
8/8/2026 19:29,HI38,100,2396,54.7,5506.63,16.2,0,0.16,0,0,202,python.exe,13996,msedgewebview2.exe,17500,INTEL SSDPEKKF256G7L,PASSED,4,100,26,9.7,3043,0
8/8/2026 19:29,HI38,100,2396,54.7,5507.04,16.2,0,0.05,0,0,202,python.exe,13996,msedgewebview2.exe,17500,INTEL SSDPEKKF256G7L,PASSED,4,100,26,9.7,3043,0
8/8/2026 19:29,HI38,100,2396,54.7,5506.72,16.2,0,0.04,0,0,202,python.exe,5520,msedgewebview2.exe,17500,INTEL SSDPEKKF256G7L,PASSED,4,100,26,9.7,3043,0
8/8/2026 19:29,HI38,100,2396,54.7,5506.7,16.2,0,0.02,0,0,202,python.exe,1272,msedgewebview2.exe,17500,INTEL SSDPEKKF256G7L,PASSED,4,100,26,9.7,3043,0
8/8/2026 19:29,HI38,100,2396,54.7,5507.54,16.2,0,0.09,0,0.01,202,python.exe,5520,msedgewebview2.exe,17500,INTEL SSDPEKKF256G7L,PASSED,4,100,25,9.7,3043,0
8/8/2026 19:29,HI38,99.8,2396,54.7,5506.32,16.2,0,0,0,0,202,python.exe,5520,msedgewebview2.exe,17500,INTEL SSDPEKKF256G7L,PASSED,4,100,26,9.7,3043,0
8/8/2026 19:29,HI38,99.8,2396,54.7,5506.54,16.2,0,0.01,0,0,202,python.exe,5520,msedgewebview2.exe,17500,INTEL SSDPEKKF256G7L,PASSED,4,100,26,9.7,3043,0
8/8/2026 19:29,HI38,100,2396,54.7,5508.36,16.2,0,0.01,0,0,202,python.exe,4316,msedgewebview2.exe,17500,INTEL SSDPEKKF256G7L,PASSED,4,100,25,9.7,3043,0
8/8/2026 19:29,HI38,100,2396,54.7,5506.86,16.2,0,0.08,0,0,202,python.exe,4316,msedgewebview2.exe,17500,INTEL SSDPEKKF256G7L,PASSED,4,100,26,9.7,3043,0
8/8/2026 19:29,HI38,100,2396,54.4,5542.7,16.2,0.18,0.03,0,0,201,python.exe,1272,msedgewebview2.exe,17500,INTEL SSDPEKKF256G7L,PASSED,4,100,26,9.7,3043,0
8/8/2026 19:29,HI38,100,2396,54.4,5543.09,16.2,0,0,0,0,201,python.exe,5520,msedgewebview2.exe,17500,INTEL SSDPEKKF256G7L,PASSED,4,100,25,9.7,3043,0
8/8/2026 19:29,HI38,100,2396,54.4,5542.66,16.2,0,0.13,0,0,201,python.exe,1272,msedgewebview2.exe,17500,INTEL SSDPEKKF256G7L,PASSED,4,100,26,9.7,3043,0
8/8/2026 19:29,HI38,100,2396,54.5,5537.46,16.2,0,0,0,0,201,python.exe,1272,msedgewebview2.exe,17500,INTEL SSDPEKKF256G7L,PASSED,4,100,26,9.7,3043,0
8/8/2026 19:29,HI38,100,2396,54.5,5537.92,16.2,0,0.03,0,0,201,python.exe,13996,msedgewebview2.exe,17500,INTEL SSDPEKKF256G7L,PASSED,4,100,27,9.7,3043,0
8/8/2026 19:30,HI38,100,2396,54.5,5536.87,16.2,0,0.01,0,0,201,python.exe,5520,msedgewebview2.exe,17500,INTEL SSDPEKKF256G7L,PASSED,4,100,26,9.7,3043,0
8/8/2026 19:30,HI38,100,2396,54.5,5538.76,16.2,0,0.11,0,0,201,python.exe,5520,msedgewebview2.exe,17500,INTEL SSDPEKKF256G7L,PASSED,4,100,26,9.7,3043,0
8/8/2026 19:30,HI38,100,2396,54.5,5537.28,16.2,0.02,0.06,0,0,201,python.exe,1272,msedgewebview2.exe,17500,INTEL SSDPEKKF256G7L,PASSED,4,100,26,9.7,3043,0
8/8/2026 19:30,HI38,100,2396,54.4,5543.91,16.2,0,0.06,0,0,200,python.exe,13996,msedgewebview2.exe,17500,INTEL SSDPEKKF256G7L,PASSED,4,100,26,9.7,3043,0
8/8/2026 19:30,HI38,100,2396,54.4,5544.1,16.2,0,0.04,0,0,200,python.exe,1272,msedgewebview2.exe,17500,INTEL SSDPEKKF256G7L,PASSED,4,100,26,9.7,3043,0
8/8/2026 19:30,HI38,100,2396,54.4,5542.7,16.2,0,0.01,0,0,200,python.exe,1272,msedgewebview2.exe,17500,INTEL SSDPEKKF256G7L,PASSED,4,100,26,9.7,3043,0
8/8/2026 19:30,HI38,100,2396,54.4,5547.25,16.2,0,0.04,0,0,199,python.exe,13996,msedgewebview2.exe,17500,INTEL SSDPEKKF256G7L,PASSED,4,100,27,9.7,3043,0
8/8/2026 19:30,HI38,100,2396,54.4,5547.17,16.2,0,0.01,0,0,199,python.exe,5520,msedgewebview2.exe,17500,INTEL SSDPEKKF256G7L,PASSED,4,100,27,9.7,3043,0
8/8/2026 19:30,HI38,100,2396,54.3,5555.79,16.2,0,0.06,0,0,199,python.exe,5520,msedgewebview2.exe,17500,INTEL SSDPEKKF256G7L,PASSED,4,100,25,9.7,3043,0
8/8/2026 19:30,HI38,100,2396,54.3,5557.18,16.2,0,0,0,0,199,python.exe,4316,msedgewebview2.exe,17500,INTEL SSDPEKKF256G7L,PASSED,4,100,26,9.7,3043,0
8/8/2026 19:30,HI38,100,2396,54.2,5568,16.2,0,0,0,0,198,python.exe,4316,msedgewebview2.exe,17500,INTEL SSDPEKKF256G7L,PASSED,4,100,26,9.7,3043,0
8/8/2026 19:30,HI38,100,2396,54.2,5568.26,16.2,0,0.13,0,0,198,python.exe,13996,msedgewebview2.exe,17500,INTEL SSDPEKKF256G7L,PASSED,4,100,26,9.7,3043,0
8/8/2026 19:30,HI38,100,2396,54.2,5569.21,16.2,0,0,0,0,198,python.exe,5520,msedgewebview2.exe,17500,INTEL SSDPEKKF256G7L,PASSED,4,100,27,9.7,3043,0
8/8/2026 19:30,HI38,100,2396,54.2,5569.91,16.2,0,0.08,0,0,198,python.exe,5520,msedgewebview2.exe,17500,INTEL SSDPEKKF256G7L,PASSED,4,100,26,9.7,3043,0
8/8/2026 19:30,HI38,100,2396,54.2,5570.52,16.2,0,0.03,0,0,198,python.exe,5520,msedgewebview2.exe,17500,INTEL SSDPEKKF256G7L,PASSED,4,100,26,9.7,3043,0
8/8/2026 19:30,HI38,100,2396,54.2,5573.48,16.2,0,0.08,0,0,198,python.exe,5520,msedgewebview2.exe,17500,INTEL SSDPEKKF256G7L,PASSED,4,100,26,9.7,3043,0
8/8/2026 19:30,HI38,99.8,2396,54.2,5573.44,16.2,0,0,0,0,198,python.exe,5520,msedgewebview2.exe,17500,INTEL SSDPEKKF256G7L,PASSED,4,100,26,9.7,3043,0
8/8/2026 19:30,HI38,100,2396,54.2,5573.02,16.2,0.01,0.07,0,0,198,python.exe,13996,msedgewebview2.exe,17500,INTEL SSDPEKKF256G7L,PASSED,4,100,26,9.7,3043,0
8/8/2026 19:30,HI38,100,2396,54.2,5574.07,16.2,0,0.04,0,0,198,python.exe,13996,msedgewebview2.exe,17500,INTEL SSDPEKKF256G7L,PASSED,4,100,26,9.7,3043,0
8/8/2026 19:30,HI38,100,2396,54.2,5575.72,16.2,0,0.05,0,0.01,198,python.exe,1272,msedgewebview2.exe,17500,INTEL SSDPEKKF256G7L,PASSED,4,100,26,9.7,3043,0
8/8/2026 19:30,HI38,100,2396,54.2,5575.84,16.2,0,0.07,0,0,198,python.exe,4316,msedgewebview2.exe,17500,INTEL SSDPEKKF256G7L,PASSED,4,100,26,9.7,3043,0
8/8/2026 19:30,HI38,100,2396,54.2,5574.7,16.2,0,0,0,0,198,python.exe,5520,msedgewebview2.exe,17500,INTEL SSDPEKKF256G7L,PASSED,4,100,26,9.7,3043,0
8/8/2026 19:30,HI38,100,2396,54.2,5576.36,16.2,0,0.01,0,0,198,python.exe,1272,msedgewebview2.exe,17500,INTEL SSDPEKKF256G7L,PASSED,4,100,26,9.7,3043,0
8/8/2026 19:30,HI38,100,2396,54.2,5576.56,16.2,0,0.05,0,0,198,python.exe,5520,msedgewebview2.exe,17500,INTEL SSDPEKKF256G7L,PASSED,4,100,26,9.7,3043,0
8/8/2026 19:30,HI38,100,2396,54.2,5577.11,16.2,0,0.01,0,0,198,python.exe,5520,msedgewebview2.exe,17500,INTEL SSDPEKKF256G7L,PASSED,4,100,26,9.7,3043,0
8/8/2026 19:30,HI38,100,2396,54.1,5579.98,16.2,0,0.06,0,0,198,python.exe,1272,msedgewebview2.exe,17500,INTEL SSDPEKKF256G7L,PASSED,4,100,26,9.7,3043,0
8/8/2026 19:30,HI38,100,2396,54.1,5580.89,16.2,0,0.06,0,0,198,python.exe,1272,msedgewebview2.exe,17500,INTEL SSDPEKKF256G7L,PASSED,4,100,26,9.7,3043,0
8/8/2026 19:31,HI38,100,2396,54.1,5579.45,16.2,0,0.11,0,0,199,python.exe,13996,msedgewebview2.exe,17500,INTEL SSDPEKKF256G7L,PASSED,4,100,27,9.7,3043,0
8/8/2026 19:31,HI38,100,2396,54.1,5579.68,16.2,0,0.04,0,0,199,python.exe,5520,msedgewebview2.exe,17500,INTEL SSDPEKKF256G7L,PASSED,4,100,26,9.7,3043,0
8/8/2026 19:31,HI38,100,2396,54.1,5580.3,16.2,0,0.01,0,0,199,python.exe,1272,msedgewebview2.exe,17500,INTEL SSDPEKKF256G7L,PASSED,4,100,26,9.7,3043,0
8/8/2026 19:31,HI38,100,2396,54.1,5581.2,16.2,0,0,0,0,199,python.exe,13996,msedgewebview2.exe,17500,INTEL SSDPEKKF256G7L,PASSED,4,100,26,9.7,3043,0
8/8/2026 19:31,HI38,100,2396,54.1,5581.55,16.2,0,0,0,0,199,python.exe,13996,msedgewebview2.exe,17500,INTEL SSDPEKKF256G7L,PASSED,4,100,26,9.7,3043,0
8/8/2026 19:31,HI38,100,2396,54.1,5581.8,16.2,0.01,0.08,0,0,199,python.exe,13996,msedgewebview2.exe,17500,INTEL SSDPEKKF256G7L,PASSED,4,100,26,9.7,3043,0
8/8/2026 19:31,HI38,100,2396,54.1,5583.39,16.2,0,0.07,0,0,199,python.exe,5520,msedgewebview2.exe,17500,INTEL SSDPEKKF256G7L,PASSED,4,100,27,9.7,3043,0
8/8/2026 19:31,HI38,100,2396,54.1,5585.73,16.2,0,0.1,0,0,199,python.exe,13996,msedgewebview2.exe,17500,INTEL SSDPEKKF256G7L,PASSED,4,100,26,9.7,3043,0
8/8/2026 19:31,HI38,100,2396,54.1,5586.38,16.2,0.01,0.27,0,0,199,python.exe,13996,msedgewebview2.exe,17500,INTEL SSDPEKKF256G7L,PASSED,4,100,26,9.7,3043,0
8/8/2026 19:31,HI38,100,2396,54.1,5586.65,16.2,0,0.01,0,0,199,python.exe,13996,msedgewebview2.exe,17500,INTEL SSDPEKKF256G7L,PASSED,4,100,26,9.7,3043,0
8/8/2026 19:31,HI38,100,2396,54.1,5587.04,16.2,0,0,0,0,199,python.exe,4316,msedgewebview2.exe,17500,INTEL SSDPEKKF256G7L,PASSED,4,100,26,9.7,3043,0
8/8/2026 19:31,HI38,100,2396,54.1,5588.02,16.2,0,0.05,0,0,199,python.exe,4316,msedgewebview2.exe,17500,INTEL SSDPEKKF256G7L,PASSED,4,100,26,9.7,3043,0
8/8/2026 19:31,HI38,100,2396,54.1,5588.02,16.2,0,0,0,0,199,python.exe,13996,msedgewebview2.exe,17500,INTEL SSDPEKKF256G7L,PASSED,4,100,27,9.7,3043,0
8/8/2026 19:31,HI38,100,2396,54.1,5588.38,16.2,0,0.03,0,0,199,python.exe,5520,msedgewebview2.exe,17500,INTEL SSDPEKKF256G7L,PASSED,4,100,27,9.7,3043,0
8/8/2026 19:31,HI38,99.7,2396,54.1,5588.71,16.2,0,0.1,0,0,199,python.exe,13996,msedgewebview2.exe,17500,INTEL SSDPEKKF256G7L,PASSED,4,100,26,9.7,3043,0
8/8/2026 19:31,HI38,100,2396,54.1,5588.71,16.2,0.01,0.02,0,0,199,python.exe,1272,msedgewebview2.exe,17500,INTEL SSDPEKKF256G7L,PASSED,4,100,26,9.7,3043,0
8/8/2026 19:31,HI38,100,2396,54.1,5589.26,16.2,0,0.05,0,0,199,python.exe,5520,msedgewebview2.exe,17500,INTEL SSDPEKKF256G7L,PASSED,4,100,27,9.7,3043,0
8/8/2026 19:31,HI38,100,2396,54.1,5589.51,16.2,0,0,0,0,199,python.exe,5520,msedgewebview2.exe,17500,INTEL SSDPEKKF256G7L,PASSED,4,100,26,9.7,3043,0
8/8/2026 19:31,HI38,100,2396,54.1,5589.93,16.2,0,0.01,0,0,199,python.exe,4316,msedgewebview2.exe,17500,INTEL SSDPEKKF256G7L,PASSED,4,100,26,9.7,3043,0
8/8/2026 19:31,HI38,100,2396,54.1,5590.25,16.2,0,0.01,0,0,199,python.exe,1272,msedgewebview2.exe,17500,INTEL SSDPEKKF256G7L,PASSED,4,100,26,9.7,3043,0
8/8/2026 19:31,HI38,100,2396,54.1,5590.05,16.2,0,0.05,0,0,199,python.exe,5520,msedgewebview2.exe,17500,INTEL SSDPEKKF256G7L,PASSED,4,100,26,9.7,3043,0
8/8/2026 19:31,HI38,100,2396,54.1,5590.19,16.2,0,0.03,0,0,199,python.exe,4316,msedgewebview2.exe,17500,INTEL SSDPEKKF256G7L,PASSED,4,100,26,9.7,3043,0
8/8/2026 19:31,HI38,100,2396,54.1,5589.91,16.2,0,0.01,0,0,199,python.exe,1272,msedgewebview2.exe,17500,INTEL SSDPEKKF256G7L,PASSED,4,100,26,9.7,3043,0
8/8/2026 19:31,HI38,100,2396,54.1,5590.27,16.2,0.02,0.08,0,0,199,python.exe,4316,msedgewebview2.exe,17500,INTEL SSDPEKKF256G7L,PASSED,4,100,26,9.7,3043,0
8/8/2026 19:31,HI38,100,1497,54.1,5588.84,16.2,0.06,0.03,0,0,200,python.exe,5520,msedgewebview2.exe,17500,INTEL SSDPEKKF256G7L,PASSED,4,100,26,9.7,3043,0
8/8/2026 19:31,HI38,100,2396,54.1,5582.73,16.2,0.01,0.04,0,0,200,python.exe,13996,msedgewebview2.exe,17500,INTEL SSDPEKKF256G7L,PASSED,4,100,26,9.7,3043,0
8/8/2026 19:31,HI38,100,2396,54.2,5576.82,16.2,0.91,0,0,0.07,200,python.exe,4316,msedgewebview2.exe,17500,INTEL SSDPEKKF256G7L,PASSED,4,100,26,9.7,3043,0
8/8/2026 19:31,HI38,99.9,2396,54.9,5482.41,16.2,0.19,1.17,0.01,0.02,202,python.exe,5520,msedgewebview2.exe,17500,INTEL SSDPEKKF256G7L,PASSED,4,100,26,9.7,3043,0
8/8/2026 19:32,HI38,100,2396,55.4,5432.11,16.2,4.51,4.48,0.01,0.02,202,python.exe,1272,msedgewebview2.exe,17500,INTEL SSDPEKKF256G7L,PASSED,4,100,27,9.7,3043,0
8/8/2026 19:32,HI38,100,2396,56,5353.48,16.2,2.89,3.21,0.01,0.08,202,python.exe,5520,msedgewebview2.exe,17500,INTEL SSDPEKKF256G7L,PASSED,4,100,27,9.7,3043,0
8/8/2026 19:32,HI38,100,2396,56.8,5253.68,16.2,0.34,1.41,0.01,0.11,202,python.exe,13996,msedgewebview2.exe,17500,INTEL SSDPEKKF256G7L,PASSED,4,100,27,9.7,3043,0
8/8/2026 19:32,HI38,100,2396,56.8,5256.82,16.2,0.01,0.08,0,0,202,python.exe,1272,msedgewebview2.exe,17500,INTEL SSDPEKKF256G7L,PASSED,4,100,27,9.7,3043,0
8/8/2026 19:32,HI38,100,2396,56.8,5256.73,16.2,0,0.27,0,0,202,python.exe,13996,msedgewebview2.exe,17500,INTEL SSDPEKKF256G7L,PASSED,4,100,27,9.7,3043,0
8/8/2026 19:32,HI38,100,2396,56.7,5273.6,16.2,0.03,0.76,0,0,201,python.exe,5520,msedgewebview2.exe,17500,INTEL SSDPEKKF256G7L,PASSED,4,100,26,9.7,3043,0
8/8/2026 19:32,HI38,100,2396,56.3,5315.74,16.2,0,0.02,0,0,201,python.exe,4316,msedgewebview2.exe,17500,INTEL SSDPEKKF256G7L,PASSED,4,100,26,9.7,3043,0
8/8/2026 19:32,HI38,100,2396,56.3,5316.7,16.2,0.27,0.19,0.01,0.1,201,python.exe,1272,msedgewebview2.exe,17500,INTEL SSDPEKKF256G7L,PASSED,4,100,27,9.7,3043,0
8/8/2026 19:32,HI38,100,2396,56.3,5317.28,16.2,0.16,0.32,0.01,0.02,201,python.exe,4316,msedgewebview2.exe,17500,INTEL SSDPEKKF256G7L,PASSED,4,100,27,9.7,3043,0
8/8/2026 19:32,HI38,100,2396,56.3,5317.3,16.2,0,0.02,0,0,201,python.exe,1272,msedgewebview2.exe,17500,INTEL SSDPEKKF256G7L,PASSED,4,100,27,9.7,3043,0
8/8/2026 19:32,HI38,100,2396,56.3,5318.19,16.2,0.24,0.33,0,0,201,python.exe,13996,msedgewebview2.exe,17500,INTEL SSDPEKKF256G7L,PASSED,4,100,27,9.7,3043,0
8/8/2026 19:32,HI38,100,2396,56.3,5320.34,16.2,0,0.05,0,0,201,python.exe,5520,msedgewebview2.exe,17500,INTEL SSDPEKKF256G7L,PASSED,4,100,26,9.7,3043,0
8/8/2026 19:32,HI38,100,2396,56.3,5321.51,16.2,0.01,0.21,0,0,201,python.exe,5520,msedgewebview2.exe,17500,INTEL SSDPEKKF256G7L,PASSED,4,100,27,9.7,3043,0
8/8/2026 19:32,HI38,100,2396,56.3,5321.61,16.2,0.01,0.16,0,0,201,python.exe,13996,msedgewebview2.exe,17500,INTEL SSDPEKKF256G7L,PASSED,4,100,27,9.7,3043,0
8/8/2026 19:32,HI38,100,2396,56.3,5322.52,16.2,0,0.04,0,0,201,python.exe,1272,msedgewebview2.exe,17500,INTEL SSDPEKKF256G7L,PASSED,4,100,26,9.7,3043,0
8/8/2026 19:32,HI38,100,2396,56.2,5323.48,16.2,0.12,0.33,0,0,201,python.exe,4316,msedgewebview2.exe,17500,INTEL SSDPEKKF256G7L,PASSED,4,100,26,9.7,3043,0
8/8/2026 19:32,HI38,100,2396,56.2,5330.02,16.2,0.01,0.06,0,0,201,python.exe,4316,msedgewebview2.exe,17500,INTEL SSDPEKKF256G7L,PASSED,4,100,26,9.7,3043,0
8/8/2026 19:32,HI38,100,2396,56.2,5334.82,16.2,0,0.07,0,0,201,python.exe,4316,msedgewebview2.exe,17500,INTEL SSDPEKKF256G7L,PASSED,4,100,26,9.7,3043,0
8/8/2026 19:32,HI38,100,2396,56.2,5335.16,16.2,0,0.01,0,0,201,python.exe,4316,msedgewebview2.exe,17500,INTEL SSDPEKKF256G7L,PASSED,4,100,27,9.7,3043,0
8/8/2026 19:32,HI38,100,2396,56.2,5335.02,16.2,0,0,0,0,201,python.exe,5520,msedgewebview2.exe,17500,INTEL SSDPEKKF256G7L,PASSED,4,100,27,9.7,3043,0
8/8/2026 19:32,HI38,100,2396,55.9,5370.91,16.2,0,0.05,0,0,201,python.exe,1272,msedgewebview2.exe,17500,INTEL SSDPEKKF256G7L,PASSED,4,100,26,9.7,3043,0
8/8/2026 19:32,HI38,100,2396,55.9,5371.86,16.2,0.01,0,0,0,201,python.exe,13996,msedgewebview2.exe,17500,INTEL SSDPEKKF256G7L,PASSED,4,100,26,9.7,3043,0
8/8/2026 19:32,HI38,100,2396,55.8,5371.92,16.2,0.11,0.32,0,0,201,python.exe,13996,msedgewebview2.exe,17500,INTEL SSDPEKKF256G7L,PASSED,4,100,27,9.7,3043,0
8/8/2026 19:32,HI38,100,2396,55.8,5371.9,16.2,0,0.13,0,0,201,python.exe,4316,msedgewebview2.exe,17500,INTEL SSDPEKKF256G7L,PASSED,4,100,27,9.7,3043,0
8/8/2026 19:32,HI38,100,2396,55.9,5370.84,16.2,0.04,0.06,0,0,201,python.exe,5520,msedgewebview2.exe,17500,INTEL SSDPEKKF256G7L,PASSED,4,100,26,9.7,3043,0
8/8/2026 19:32,HI38,100,2396,55.9,5361.69,16.2,0.13,0.15,0,0,203,python.exe,1272,msedgewebview2.exe,17500,INTEL SSDPEKKF256G7L,PASSED,4,100,26,9.7,3043,0
8/8/2026 19:33,HI38,100,2396,56,5357.59,16.2,0,0.14,0,0,203,python.exe,1272,msedgewebview2.exe,17500,INTEL SSDPEKKF256G7L,PASSED,4,100,26,9.7,3043,0
8/8/2026 19:33,HI38,100,2396,56,5355.11,16.2,0,0.03,0,0,203,python.exe,4316,msedgewebview2.exe,17500,INTEL SSDPEKKF256G7L,PASSED,4,100,26,9.7,3043,0
8/8/2026 19:33,HI38,100,2396,55.9,5363.7,16.2,0,0.01,0,0,202,python.exe,13996,msedgewebview2.exe,17500,INTEL SSDPEKKF256G7L,PASSED,4,100,27,9.7,3043,0
8/8/2026 19:33,HI38,100,2396,55.9,5366.86,16.2,0.01,0.13,0,0,203,python.exe,4316,msedgewebview2.exe,17500,INTEL SSDPEKKF256G7L,PASSED,4,100,27,9.7,3043,0
8/8/2026 19:33,HI38,100,2396,56,5358.96,16.2,0.11,0.68,0,0,205,python.exe,5520,msedgewebview2.exe,17500,INTEL SSDPEKKF256G7L,PASSED,4,100,28,9.7,3043,0
8/8/2026 19:33,HI38,99.8,2396,56,5353.82,16.2,0.04,0.25,0,0,205,python.exe,13996,msedgewebview2.exe,17500,INTEL SSDPEKKF256G7L,PASSED,4,100,27,9.7,3043,0
8/8/2026 19:33,HI38,100,2396,56,5354.87,16.2,0.01,0.05,0,0,204,python.exe,1272,msedgewebview2.exe,17500,INTEL SSDPEKKF256G7L,PASSED,4,100,27,9.7,3043,0
8/8/2026 19:33,HI38,100,2396,56,5356.91,16.2,0.03,0.21,0,0,204,python.exe,4316,msedgewebview2.exe,17500,INTEL SSDPEKKF256G7L,PASSED,4,100,27,9.7,3043,0
8/8/2026 19:33,HI38,100,2396,56,5357,16.2,0,0,0,0,204,python.exe,5520,msedgewebview2.exe,17500,INTEL SSDPEKKF256G7L,PASSED,4,100,27,9.7,3043,0
8/8/2026 19:33,HI38,100,2396,56,5357.09,16.2,0,0,0,0,204,python.exe,13996,msedgewebview2.exe,17500,INTEL SSDPEKKF256G7L,PASSED,4,100,26,9.7,3043,0
8/8/2026 19:33,HI38,100,2396,56,5357.14,16.2,0,0.03,0,0,204,python.exe,13996,msedgewebview2.exe,17500,INTEL SSDPEKKF256G7L,PASSED,4,100,27,9.7,3043,0
8/8/2026 19:33,HI38,100,2396,56,5357.18,16.2,0,0.03,0,0,204,python.exe,1272,msedgewebview2.exe,17500,INTEL SSDPEKKF256G7L,PASSED,4,100,27,9.7,3043,0
8/8/2026 19:33,HI38,100,2396,56,5356.9,16.2,0,0,0,0,204,python.exe,4316,msedgewebview2.exe,17500,INTEL SSDPEKKF256G7L,PASSED,4,100,27,9.7,3043,0
8/8/2026 19:33,HI38,100,2396,56.1,5341.15,16.3,0.01,2.88,0,0,206,python.exe,4316,msedgewebview2.exe,17500,INTEL SSDPEKKF256G7L,PASSED,4,100,26,9.7,3043,0
8/8/2026 19:33,HI38,100,2396,56.2,5334.26,16.2,0,5.19,0,0,206,python.exe,5520,msedgewebview2.exe,17500,INTEL SSDPEKKF256G7L,PASSED,4,100,27,9.7,3043,0
8/8/2026 19:33,HI38,100,2396,56.2,5334.73,16.2,0,0.14,0,0,206,python.exe,4316,msedgewebview2.exe,17500,INTEL SSDPEKKF256G7L,PASSED,4,100,27,9.7,3043,0
8/8/2026 19:33,HI38,100,2396,56.2,5334.95,16.2,0,0.01,0,0,206,python.exe,1272,msedgewebview2.exe,17500,INTEL SSDPEKKF256G7L,PASSED,4,100,27,9.7,3043,0
8/8/2026 19:33,HI38,100,2396,56.1,5346.88,16.2,0,0.03,0,0,206,python.exe,13996,msedgewebview2.exe,17500,INTEL SSDPEKKF256G7L,PASSED,4,100,27,9.7,3043,0
8/8/2026 19:33,HI38,100,2396,56.1,5346.98,16.2,0,0.06,0,0,206,python.exe,5520,msedgewebview2.exe,17500,INTEL SSDPEKKF256G7L,PASSED,4,100,27,9.7,3043,0
8/8/2026 19:33,HI38,100,2396,56.1,5346.71,16.2,0.01,0.1,0,0,206,python.exe,4316,msedgewebview2.exe,17500,INTEL SSDPEKKF256G7L,PASSED,4,100,27,9.7,3043,0
8/8/2026 19:33,HI38,100,2396,56,5349.33,16.2,0,0.18,0,0,205,python.exe,4316,msedgewebview2.exe,17500,INTEL SSDPEKKF256G7L,PASSED,4,100,27,9.7,3043,0
8/8/2026 19:33,HI38,100,2396,56,5349.73,16.2,0,0.02,0,0,205,python.exe,1272,msedgewebview2.exe,17500,INTEL SSDPEKKF256G7L,PASSED,4,100,27,9.7,3043,0
8/8/2026 19:33,HI38,100,2396,56,5349.74,16.2,0,0.07,0,0,205,python.exe,13996,msedgewebview2.exe,17500,INTEL SSDPEKKF256G7L,PASSED,4,100,27,9.7,3043,0
8/8/2026 19:33,HI38,100,2396,56,5349.62,16.2,0,0.45,0,0,205,python.exe,13996,msedgewebview2.exe,17500,INTEL SSDPEKKF256G7L,PASSED,4,100,26,9.7,3043,0
8/8/2026 19:33,HI38,100,2396,56,5349.66,16.2,0,0.06,0,0,205,python.exe,1272,msedgewebview2.exe,17500,INTEL SSDPEKKF256G7L,PASSED,4,100,26,9.7,3043,0
8/8/2026 19:33,HI38,99.8,2396,56,5349.62,16.2,0.01,0.1,0,0,205,python.exe,13996,msedgewebview2.exe,17500,INTEL SSDPEKKF256G7L,PASSED,4,100,27,9.7,3043,0
8/8/2026 19:34,HI38,100,1497,56.3,5315.73,16.2,0.01,0.15,0,0,205,python.exe,4316,msedgewebview2.exe,17500,INTEL SSDPEKKF256G7L,PASSED,4,100,26,9.7,3043,0
8/8/2026 19:34,HI38,100,2396,56.3,5315.45,16.2,0,0.07,0,0,205,python.exe,13996,msedgewebview2.exe,17500,INTEL SSDPEKKF256G7L,PASSED,4,100,27,9.7,3043,0
8/8/2026 19:34,HI38,100,2396,56.3,5315.74,16.2,0,0.06,0,0,205,python.exe,5520,msedgewebview2.exe,17500,INTEL SSDPEKKF256G7L,PASSED,4,100,26,9.7,3043,0
8/8/2026 19:34,HI38,100,2396,56.4,5309.38,16.2,0,0.08,0,0,205,python.exe,13996,msedgewebview2.exe,17500,INTEL SSDPEKKF256G7L,PASSED,4,100,27,9.7,3043,0
8/8/2026 19:34,HI38,100,2396,56.4,5308.99,16.2,0,0.04,0,0,205,python.exe,4316,msedgewebview2.exe,17500,INTEL SSDPEKKF256G7L,PASSED,4,100,26,9.7,3043,0
8/8/2026 19:34,HI38,100,2396,56.3,5313.36,16.2,0.01,0.09,0,0,204,python.exe,4316,msedgewebview2.exe,17500,INTEL SSDPEKKF256G7L,PASSED,4,100,26,9.7,3043,0
8/8/2026 19:34,HI38,100,2396,56.3,5312.99,16.2,0,0,0,0,204,python.exe,4316,msedgewebview2.exe,17500,INTEL SSDPEKKF256G7L,PASSED,4,100,26,9.7,3043,0
8/8/2026 19:34,HI38,100,2396,56.4,5310.07,16.2,0,0,0,0,205,python.exe,4316,msedgewebview2.exe,17500,INTEL SSDPEKKF256G7L,PASSED,4,100,27,9.7,3043,0
8/8/2026 19:34,HI38,100,2396,56.4,5306.72,16.2,0,0.01,0,0,205,python.exe,4316,msedgewebview2.exe,17500,INTEL SSDPEKKF256G7L,PASSED,4,100,27,9.7,3043,0
8/8/2026 19:34,HI38,100,2396,56.5,5296.38,16.2,0.01,0,0,0,205,python.exe,1272,msedgewebview2.exe,17500,INTEL SSDPEKKF256G7L,PASSED,4,100,26,9.7,3043,0
8/8/2026 19:34,HI38,100,2396,56.5,5296.78,16.2,0,0.05,0,0,205,python.exe,5520,msedgewebview2.exe,17500,INTEL SSDPEKKF256G7L,PASSED,4,100,27,9.7,3043,0
8/8/2026 19:34,HI38,100,2396,56.4,5299.14,16.2,0,0.05,0,0,205,python.exe,4316,msedgewebview2.exe,17500,INTEL SSDPEKKF256G7L,PASSED,4,100,26,9.7,3043,0
8/8/2026 19:34,HI38,100,2396,56.5,5297.29,16.2,0,0.07,0,0,205,python.exe,1272,msedgewebview2.exe,17500,INTEL SSDPEKKF256G7L,PASSED,4,100,26,9.7,3043,0
8/8/2026 19:34,HI38,100,2396,56.4,5302.9,16.2,0.01,0.03,0,0,204,python.exe,4316,msedgewebview2.exe,17500,INTEL SSDPEKKF256G7L,PASSED,4,100,27,9.7,3043,0
8/8/2026 19:34,HI38,100,2396,56.3,5313.06,16.2,0,0.14,0,0,204,python.exe,13996,msedgewebview2.exe,17500,INTEL SSDPEKKF256G7L,PASSED,4,100,27,9.7,3043,0
8/8/2026 19:34,HI38,100,2396,56.3,5313.52,16.2,0,0,0,0,204,python.exe,5520,msedgewebview2.exe,17500,INTEL SSDPEKKF256G7L,PASSED,4,100,26,9.7,3043,0
8/8/2026 19:34,HI38,100,2396,56.4,5302.03,16.2,0,0.01,0,0,206,python.exe,4316,msedgewebview2.exe,17500,INTEL SSDPEKKF256G7L,PASSED,4,100,26,9.7,3043,0
8/8/2026 19:34,HI38,100,2396,56.4,5302.8,16.2,0,0.05,0,0,206,python.exe,5520,msedgewebview2.exe,17500,INTEL SSDPEKKF256G7L,PASSED,4,100,26,9.7,3043,0
8/8/2026 19:34,HI38,100,2396,56.4,5302.99,16.2,0,0.02,0,0,206,python.exe,13996,msedgewebview2.exe,17500,INTEL SSDPEKKF256G7L,PASSED,4,100,27,9.7,3043,0
8/8/2026 19:34,HI38,100,2396,56.4,5306.25,16.2,0,0.14,0,0,205,python.exe,13996,msedgewebview2.exe,17500,INTEL SSDPEKKF256G7L,PASSED,4,100,26,9.7,3043,0
8/8/2026 19:34,HI38,100,2396,56.3,5320.32,16.2,0,0,0,0,204,python.exe,5520,msedgewebview2.exe,17500,INTEL SSDPEKKF256G7L,PASSED,4,100,27,9.7,3043,0
8/8/2026 19:34,HI38,100,2396,56.3,5320.36,16.2,0,0.09,0,0,204,python.exe,13996,msedgewebview2.exe,17500,INTEL SSDPEKKF256G7L,PASSED,4,100,27,9.7,3043,0
8/8/2026 19:34,HI38,100,2396,56.4,5310.95,16.2,0,6.87,0,0,204,python.exe,13996,msedgewebview2.exe,17500,INTEL SSDPEKKF256G7L,PASSED,4,100,26,9.7,3043,0
8/8/2026 19:34,HI38,100,2396,56.3,5317.48,16.2,0,0.03,0,0,204,python.exe,4316,msedgewebview2.exe,17500,INTEL SSDPEKKF256G7L,PASSED,4,100,26,9.7,3043,0
8/8/2026 19:34,HI38,100,2396,56.3,5318.93,16.2,0.01,0.1,0,0,204,python.exe,5520,msedgewebview2.exe,17500,INTEL SSDPEKKF256G7L,PASSED,4,100,27,9.7,3043,0
8/8/2026 19:34,HI38,100,2396,56.2,5332.54,16.2,0.03,0.24,0,0,204,python.exe,4316,msedgewebview2.exe,17500,INTEL SSDPEKKF256G7L,PASSED,4,100,27,9.7,3043,0
8/8/2026 19:34,HI38,100,2396,56.2,5332.19,16.2,0.14,0.8,0,0,204,python.exe,4316,msedgewebview2.exe,17500,INTEL SSDPEKKF256G7L,PASSED,4,100,27,9.7,3043,0
8/8/2026 19:35,HI38,100,2396,56.2,5332.66,16.2,0,0.08,0,0,204,python.exe,4316,msedgewebview2.exe,17500,INTEL SSDPEKKF256G7L,PASSED,4,100,27,9.7,3043,0
8/8/2026 19:35,HI38,100,2396,56.2,5332.59,16.2,0,0.26,0,0,204,python.exe,1272,msedgewebview2.exe,17500,INTEL SSDPEKKF256G7L,PASSED,4,100,27,9.7,3043,0
8/8/2026 19:35,HI38,100,2396,56.1,5343.66,16.2,0,0.05,0,0,205,python.exe,4316,msedgewebview2.exe,17500,INTEL SSDPEKKF256G7L,PASSED,4,100,26,9.7,3043,0
8/8/2026 19:35,HI38,100,2396,56.1,5344.08,16.2,0,0.14,0,0,205,python.exe,5520,msedgewebview2.exe,17500,INTEL SSDPEKKF256G7L,PASSED,4,100,26,9.7,3043,0
8/8/2026 19:35,HI38,100,2396,56.1,5343.81,16.2,0.02,0.08,0,0,205,python.exe,1272,msedgewebview2.exe,17500,INTEL SSDPEKKF256G7L,PASSED,4,100,27,9.7,3043,0
8/8/2026 19:35,HI38,100,2396,56.1,5344.38,16.2,0,0.16,0,0,205,python.exe,1272,msedgewebview2.exe,17500,INTEL SSDPEKKF256G7L,PASSED,4,100,27,9.7,3043,0
8/8/2026 19:35,HI38,100,2396,56.1,5344.34,16.2,0,0.17,0,0,205,python.exe,13996,msedgewebview2.exe,17500,INTEL SSDPEKKF256G7L,PASSED,4,100,26,9.7,3043,0
8/8/2026 19:35,HI38,100,2396,56.1,5345.41,16.2,0,0.12,0,0,205,python.exe,13996,msedgewebview2.exe,17500,INTEL SSDPEKKF256G7L,PASSED,4,100,27,9.7,3043,0
8/8/2026 19:35,HI38,100,2396,56.1,5345.53,16.2,0,0.07,0,0,205,python.exe,4316,msedgewebview2.exe,17500,INTEL SSDPEKKF256G7L,PASSED,4,100,27,9.7,3043,0
8/8/2026 19:35,HI38,100,2396,56.1,5346.95,16.2,0,0.09,0,0,204,python.exe,4316,msedgewebview2.exe,17500,INTEL SSDPEKKF256G7L,PASSED,4,100,26,9.7,3043,0
8/8/2026 19:35,HI38,100,2396,56.1,5347.4,16.2,0.23,1.01,0,0,204,python.exe,5520,msedgewebview2.exe,17500,INTEL SSDPEKKF256G7L,PASSED,4,100,27,9.7,3043,0
8/8/2026 19:35,HI38,100,2396,56.1,5347.37,16.2,0,0,0,0,204,python.exe,1272,msedgewebview2.exe,17500,INTEL SSDPEKKF256G7L,PASSED,4,100,26,9.7,3043,0
8/8/2026 19:35,HI38,100,2396,56,5349.68,16.2,0,0.03,0,0,203,python.exe,5520,msedgewebview2.exe,17500,INTEL SSDPEKKF256G7L,PASSED,4,100,26,9.7,3043,0
8/8/2026 19:35,HI38,100,2396,56,5349.95,16.2,0,0.05,0,0,203,python.exe,13996,msedgewebview2.exe,17500,INTEL SSDPEKKF256G7L,PASSED,4,100,26,9.7,3043,0
8/8/2026 19:35,HI38,100,2396,56,5350.27,16.2,0,0.1,0.01,0.01,203,python.exe,4316,msedgewebview2.exe,17500,INTEL SSDPEKKF256G7L,PASSED,4,100,26,9.7,3043,0
8/8/2026 19:35,HI38,100,2396,56,5350.39,16.2,0,0.04,0,0,203,python.exe,1272,msedgewebview2.exe,17500,INTEL SSDPEKKF256G7L,PASSED,4,100,27,9.7,3043,0
8/8/2026 19:35,HI38,100,2396,56,5359.32,16.2,0,0.09,0,0,203,python.exe,13996,msedgewebview2.exe,17500,INTEL SSDPEKKF256G7L,PASSED,4,100,26,9.7,3043,0
8/8/2026 19:35,HI38,100,2396,55.9,5361.52,16.2,0,0,0,0,203,python.exe,5520,msedgewebview2.exe,17500,INTEL SSDPEKKF256G7L,PASSED,4,100,26,9.7,3043,0
8/8/2026 19:35,HI38,100,2396,56,5351.58,16.2,0,0.04,0,0,205,python.exe,13996,msedgewebview2.exe,17500,INTEL SSDPEKKF256G7L,PASSED,4,100,26,9.7,3043,0
8/8/2026 19:35,HI38,100,2396,56,5351.34,16.2,0,0,0,0,204,python.exe,13996,msedgewebview2.exe,17500,INTEL SSDPEKKF256G7L,PASSED,4,100,26,9.7,3043,0
8/8/2026 19:35,HI38,100,2396,56,5355.79,16.2,0,0.22,0,0,204,python.exe,1272,msedgewebview2.exe,17500,INTEL SSDPEKKF256G7L,PASSED,4,100,27,9.7,3043,0
8/8/2026 19:35,HI38,100,2396,56,5358.93,16.2,0.03,0.13,0,0.01,204,python.exe,5520,msedgewebview2.exe,17500,INTEL SSDPEKKF256G7L,PASSED,4,100,26,9.7,3043,0
8/8/2026 19:35,HI38,100,2396,55.9,5367.04,16.2,0,0.06,0,0,203,python.exe,1272,msedgewebview2.exe,17500,INTEL SSDPEKKF256G7L,PASSED,4,100,27,9.7,3043,0
8/8/2026 19:35,HI38,100,2396,55.9,5368.19,16.2,0,0.06,0,0,203,python.exe,1272,msedgewebview2.exe,17500,INTEL SSDPEKKF256G7L,PASSED,4,100,26,9.7,3043,0
8/8/2026 19:35,HI38,100,2396,55.9,5368.04,16.2,0,0.03,0,0,203,python.exe,13996,msedgewebview2.exe,17500,INTEL SSDPEKKF256G7L,PASSED,4,100,26,9.7,3043,0
8/8/2026 19:35,HI38,100,2396,55.9,5368.62,16.2,0.01,0.1,0,0,203,python.exe,1272,msedgewebview2.exe,17500,INTEL SSDPEKKF256G7L,PASSED,4,100,26,9.7,3043,0
8/8/2026 19:35,HI38,100,2396,55.9,5368.39,16.2,0.01,0.06,0,0,203,python.exe,1272,msedgewebview2.exe,17500,INTEL SSDPEKKF256G7L,PASSED,4,100,26,9.7,3043,0
8/8/2026 19:36,HI38,100,2396,55.9,5368.23,16.2,0,0,0,0,203,python.exe,13996,msedgewebview2.exe,17500,INTEL SSDPEKKF256G7L,PASSED,4,100,26,9.7,3043,0
8/8/2026 19:36,HI38,100,2396,55.9,5368.51,16.2,0.01,0.2,0,0,203,python.exe,4316,msedgewebview2.exe,17500,INTEL SSDPEKKF256G7L,PASSED,4,100,27,9.7,3043,0
8/8/2026 19:36,HI38,100,2396,56,5355.38,16.2,0,0.04,0,0,203,python.exe,4316,msedgewebview2.exe,17500,INTEL SSDPEKKF256G7L,PASSED,4,100,26,9.7,3043,0
8/8/2026 19:36,HI38,100,2396,56,5355.21,16.2,0,0.24,0,0,203,python.exe,4316,msedgewebview2.exe,17500,INTEL SSDPEKKF256G7L,PASSED,4,100,26,9.7,3043,0
8/8/2026 19:36,HI38,100,2396,56,5355.17,16.2,0.01,0.05,0,0,203,python.exe,5520,msedgewebview2.exe,17500,INTEL SSDPEKKF256G7L,PASSED,4,100,26,9.7,3043,0
8/8/2026 19:36,HI38,100,2396,55.9,5360.9,16.2,0,0.06,0,0,203,python.exe,5520,msedgewebview2.exe,17500,INTEL SSDPEKKF256G7L,PASSED,4,100,26,9.7,3043,0
8/8/2026 19:36,HI38,100,2396,55.9,5361.77,16.2,0,0.02,0,0,203,python.exe,5520,msedgewebview2.exe,17500,INTEL SSDPEKKF256G7L,PASSED,4,100,26,9.7,3043,0
8/8/2026 19:36,HI38,100,2396,55.9,5362.26,16.2,0.01,0.31,0,0,203,python.exe,13996,msedgewebview2.exe,17500,INTEL SSDPEKKF256G7L,PASSED,4,100,27,9.7,3043,0
8/8/2026 19:36,HI38,100,2396,55.9,5362.04,16.2,0,0.05,0,0,203,python.exe,13996,msedgewebview2.exe,17500,INTEL SSDPEKKF256G7L,PASSED,4,100,27,9.7,3043,0
8/8/2026 19:36,HI38,100,2396,55.9,5362.78,16.2,0.01,0.2,0,0,203,python.exe,1272,msedgewebview2.exe,17500,INTEL SSDPEKKF256G7L,PASSED,4,100,27,9.7,3043,0
8/8/2026 19:36,HI38,100,2396,55.9,5362.79,16.2,0,0.09,0,0,203,python.exe,4316,msedgewebview2.exe,17500,INTEL SSDPEKKF256G7L,PASSED,4,100,26,9.7,3043,0
8/8/2026 19:36,HI38,100,2396,55.9,5362.52,16.2,0,0,0,0,203,python.exe,5520,msedgewebview2.exe,17500,INTEL SSDPEKKF256G7L,PASSED,4,100,26,9.7,3043,0
8/8/2026 19:36,HI38,100,2396,55.9,5362.62,16.2,0.01,0.08,0,0,203,python.exe,5520,msedgewebview2.exe,17500,INTEL SSDPEKKF256G7L,PASSED,4,100,26,9.7,3043,0
8/8/2026 19:36,HI38,100,2396,56,5356.96,16.2,0,0.1,0,0,203,python.exe,1272,msedgewebview2.exe,17500,INTEL SSDPEKKF256G7L,PASSED,4,100,27,9.7,3043,0
8/8/2026 19:36,HI38,100,2396,56,5355,16.2,0.01,0.37,0,0,203,python.exe,1272,msedgewebview2.exe,17500,INTEL SSDPEKKF256G7L,PASSED,4,100,26,9.7,3043,0
8/8/2026 19:36,HI38,100,2396,56,5353.45,16.2,0,0.04,0,0,203,python.exe,1272,msedgewebview2.exe,17500,INTEL SSDPEKKF256G7L,PASSED,4,100,26,9.7,3043,0
8/8/2026 19:36,HI38,100,2396,56,5353.27,16.2,0,0.14,0,0,203,python.exe,13996,msedgewebview2.exe,17500,INTEL SSDPEKKF256G7L,PASSED,4,100,26,9.7,3043,0
8/8/2026 19:36,HI38,100,2396,56,5351.94,16.2,0,0,0,0,203,python.exe,4316,msedgewebview2.exe,17500,INTEL SSDPEKKF256G7L,PASSED,4,100,26,9.7,3043,0
8/8/2026 19:36,HI38,100,2396,56,5357.37,16.2,0,0.02,0,0,203,python.exe,5520,msedgewebview2.exe,17500,INTEL SSDPEKKF256G7L,PASSED,4,100,26,9.7,3043,0
8/8/2026 19:36,HI38,100,2396,56,5357.86,16.2,0,0.02,0,0,203,python.exe,1272,msedgewebview2.exe,17500,INTEL SSDPEKKF256G7L,PASSED,4,100,27,9.7,3043,0
8/8/2026 19:36,HI38,100,2396,56.1,5346.5,16.2,0,0.08,0,0,205,python.exe,13996,msedgewebview2.exe,17500,INTEL SSDPEKKF256G7L,PASSED,4,100,26,9.7,3043,0
8/8/2026 19:36,HI38,100,2396,56,5350.46,16.2,0,0.09,0,0,206,python.exe,13996,msedgewebview2.exe,17500,INTEL SSDPEKKF256G7L,PASSED,4,100,27,9.7,3043,0
8/8/2026 19:36,HI38,99.8,2396,56,5355.76,16.2,0,0.03,0,0.01,205,python.exe,1272,msedgewebview2.exe,17500,INTEL SSDPEKKF256G7L,PASSED,4,100,26,9.7,3043,0
8/8/2026 19:36,HI38,100,2396,56,5356.07,16.2,0,0.15,0,0,205,python.exe,1272,msedgewebview2.exe,17500,INTEL SSDPEKKF256G7L,PASSED,4,100,26,9.7,3043,0
8/8/2026 19:36,HI38,100,2396,55.9,5361.35,16.2,0,0.05,0,0,204,python.exe,4316,msedgewebview2.exe,17500,INTEL SSDPEKKF256G7L,PASSED,4,100,27,9.7,3043,0
8/8/2026 19:36,HI38,100,2396,55.9,5361.86,16.2,0,0.02,0,0,204,python.exe,1272,msedgewebview2.exe,17500,INTEL SSDPEKKF256G7L,PASSED,4,100,26,9.7,3043,0
8/8/2026 19:37,HI38,99.8,2396,55.9,5361.95,16.2,0,0.01,0,0,204,python.exe,1272,msedgewebview2.exe,17500,INTEL SSDPEKKF256G7L,PASSED,4,100,26,9.7,3043,0
8/8/2026 19:37,HI38,100,2396,55.9,5362.28,16.2,0.01,0.11,0,0,204,python.exe,1272,msedgewebview2.exe,17500,INTEL SSDPEKKF256G7L,PASSED,4,100,27,9.7,3043,0
8/8/2026 19:37,HI38,100,2396,55.9,5362.38,16.2,0,0.01,0,0,204,python.exe,5520,msedgewebview2.exe,17500,INTEL SSDPEKKF256G7L,PASSED,4,100,26,9.7,3043,0
8/8/2026 19:37,HI38,100,2396,55.9,5362.86,16.2,0,0.04,0,0,204,python.exe,13996,msedgewebview2.exe,17500,INTEL SSDPEKKF256G7L,PASSED,4,100,27,9.7,3043,0
8/8/2026 19:37,HI38,100,2396,55.9,5362.31,16.2,0.01,0.04,0,0,204,python.exe,13996,msedgewebview2.exe,17500,INTEL SSDPEKKF256G7L,PASSED,4,100,27,9.7,3043,0
8/8/2026 19:37,HI38,100,2396,55.9,5362.5,16.2,0,0.05,0,0.01,204,python.exe,4316,msedgewebview2.exe,17500,INTEL SSDPEKKF256G7L,PASSED,4,100,27,9.7,3043,0
8/8/2026 19:37,HI38,100,2396,55.8,5375.27,16.2,0.01,0.34,0,0,202,python.exe,1272,msedgewebview2.exe,17500,INTEL SSDPEKKF256G7L,PASSED,4,100,27,9.7,3043,0
8/8/2026 19:37,HI38,100,2396,55.8,5376,16.2,0,0.02,0,0,202,python.exe,4316,msedgewebview2.exe,17500,INTEL SSDPEKKF256G7L,PASSED,4,100,26,9.7,3043,0
8/8/2026 19:37,HI38,100,2396,55.8,5378.03,16.2,0,0.01,0,0,202,python.exe,5520,msedgewebview2.exe,17500,INTEL SSDPEKKF256G7L,PASSED,4,100,27,9.7,3043,0
8/8/2026 19:37,HI38,100,2396,55.8,5379.05,16.2,0,0,0,0,202,python.exe,13996,msedgewebview2.exe,17500,INTEL SSDPEKKF256G7L,PASSED,4,100,26,9.7,3043,0
8/8/2026 19:37,HI38,100,2396,55.8,5380.38,16.2,0,0.07,0,0,202,python.exe,13996,msedgewebview2.exe,17500,INTEL SSDPEKKF256G7L,PASSED,4,100,27,9.7,3043,0
8/8/2026 19:37,HI38,100,2396,55.8,5380.4,16.2,0,0.1,0,0,202,python.exe,13996,msedgewebview2.exe,17500,INTEL SSDPEKKF256G7L,PASSED,4,100,26,9.7,3043,0
8/8/2026 19:37,HI38,100,2396,55.8,5383.23,16.2,0,0.04,0,0,202,python.exe,4316,msedgewebview2.exe,17500,INTEL SSDPEKKF256G7L,PASSED,4,100,26,9.7,3043,0
8/8/2026 19:37,HI38,100,2396,55.8,5383.24,16.2,0.01,0.11,0,0,202,python.exe,1272,msedgewebview2.exe,17500,INTEL SSDPEKKF256G7L,PASSED,4,100,26,9.7,3043,0
8/8/2026 19:37,HI38,100,1497,55.7,5384.98,16.2,0,0,0,0,202,python.exe,4316,msedgewebview2.exe,17500,INTEL SSDPEKKF256G7L,PASSED,4,100,27,9.7,3043,0
8/8/2026 19:37,HI38,100,2396,55.7,5384.99,16.2,0.01,0.09,0,0,202,python.exe,1272,msedgewebview2.exe,17500,INTEL SSDPEKKF256G7L,PASSED,4,100,26,9.7,3043,0
8/8/2026 19:37,HI38,100,2396,55.7,5385.33,16.2,0.02,0.05,0,0,202,python.exe,13996,msedgewebview2.exe,17500,INTEL SSDPEKKF256G7L,PASSED,4,100,27,9.7,3043,0
8/8/2026 19:37,HI38,100,2396,55.6,5396.66,16.2,0,0.1,0,0,202,python.exe,1272,msedgewebview2.exe,17500,INTEL SSDPEKKF256G7L,PASSED,4,100,27,9.7,3043,0
8/8/2026 19:37,HI38,100,2396,55.6,5397.08,16.2,0,0.11,0,0,201,python.exe,13996,msedgewebview2.exe,17500,INTEL SSDPEKKF256G7L,PASSED,4,100,26,9.7,3043,0
8/8/2026 19:37,HI38,100,2396,55.5,5417.27,16.2,0,0.1,0,0,201,python.exe,5520,msedgewebview2.exe,17500,INTEL SSDPEKKF256G7L,PASSED,4,100,26,9.7,3043,0
8/8/2026 19:37,HI38,100,2396,55.4,5427.73,16.2,0,0.07,0,0,201,python.exe,13996,msedgewebview2.exe,17500,INTEL SSDPEKKF256G7L,PASSED,4,100,26,9.7,3043,0
8/8/2026 19:37,HI38,100,2396,55.3,5438.09,16.2,0,0.07,0,0,201,python.exe,13996,msedgewebview2.exe,17500,INTEL SSDPEKKF256G7L,PASSED,4,100,26,9.7,3043,0
8/8/2026 19:37,HI38,100,2396,55.4,5427.98,16.2,0,0.05,0,0,202,python.exe,1272,msedgewebview2.exe,17500,INTEL SSDPEKKF256G7L,PASSED,4,100,26,9.7,3043,0
8/8/2026 19:37,HI38,100,2396,55.4,5428.83,16.2,0,0.05,0,0,202,python.exe,13996,msedgewebview2.exe,17500,INTEL SSDPEKKF256G7L,PASSED,4,100,27,9.7,3043,0
8/8/2026 19:37,HI38,100,2396,55.3,5432.93,16.2,0,0,0,0,201,python.exe,13996,msedgewebview2.exe,17500,INTEL SSDPEKKF256G7L,PASSED,4,100,26,9.7,3043,0
8/8/2026 19:37,HI38,100,2396,55.3,5434.65,16.2,0,0.22,0,0,201,python.exe,4316,msedgewebview2.exe,17500,INTEL SSDPEKKF256G7L,PASSED,4,100,27,9.7,3043,0
8/8/2026 19:37,HI38,100,2396,55.4,5428.77,16.2,0.01,0.19,0,0,201,python.exe,5520,msedgewebview2.exe,17500,INTEL SSDPEKKF256G7L,PASSED,4,100,26,9.7,3043,0
8/8/2026 19:38,HI38,99.8,2396,55.4,5428.87,16.2,0,0.08,0,0,201,python.exe,4316,msedgewebview2.exe,17500,INTEL SSDPEKKF256G7L,PASSED,4,100,27,9.7,3043,0
8/8/2026 19:38,HI38,99.8,2396,55.3,5441.86,16.2,0,0.05,0,0,200,python.exe,13996,msedgewebview2.exe,17500,INTEL SSDPEKKF256G7L,PASSED,4,100,26,9.7,3043,0
8/8/2026 19:38,HI38,100,2396,55.2,5456.25,16.2,0,0,0,0,200,python.exe,13996,msedgewebview2.exe,17500,INTEL SSDPEKKF256G7L,PASSED,4,100,26,9.7,3043,0
8/8/2026 19:38,HI38,100,2396,55.1,5469.16,16.2,0,0.09,0,0,200,python.exe,5520,msedgewebview2.exe,17500,INTEL SSDPEKKF256G7L,PASSED,4,100,26,9.7,3043,0
8/8/2026 19:38,HI38,100,2396,55,5469.36,16.2,0,0,0,0,200,python.exe,1272,msedgewebview2.exe,17500,INTEL SSDPEKKF256G7L,PASSED,4,100,26,9.7,3043,0
8/8/2026 19:38,HI38,100,2396,55,5480.85,16.2,0,0.05,0,0,200,python.exe,1272,msedgewebview2.exe,17500,INTEL SSDPEKKF256G7L,PASSED,4,100,26,9.7,3043,0
8/8/2026 19:38,HI38,100,2396,55,5481.24,16.2,0,0.11,0,0,200,python.exe,4316,msedgewebview2.exe,17500,INTEL SSDPEKKF256G7L,PASSED,4,100,26,9.7,3043,0
8/8/2026 19:38,HI38,100,2396,54.9,5483.39,16.2,0,0.09,0,0,200,python.exe,4316,msedgewebview2.exe,17500,INTEL SSDPEKKF256G7L,PASSED,4,100,26,9.7,3043,0
8/8/2026 19:38,HI38,100,2396,54.9,5483.47,16.2,0,0.02,0,0,200,python.exe,5520,msedgewebview2.exe,17500,INTEL SSDPEKKF256G7L,PASSED,4,100,27,9.7,3043,0
8/8/2026 19:38,HI38,100,2396,54.9,5484.88,16.2,0,0.28,0,0,199,python.exe,4316,msedgewebview2.exe,17500,INTEL SSDPEKKF256G7L,PASSED,4,100,26,9.7,3043,0
8/8/2026 19:38,HI38,100,2396,55,5480.2,16.2,0,0.01,0,0,199,python.exe,1272,msedgewebview2.exe,17500,INTEL SSDPEKKF256G7L,PASSED,4,100,26,9.7,3043,0
8/8/2026 19:38,HI38,100,2396,54.8,5500.3,16.2,0,0.01,0,0,199,python.exe,13996,msedgewebview2.exe,17500,INTEL SSDPEKKF256G7L,PASSED,4,100,27,9.7,3043,0
8/8/2026 19:38,HI38,100,2396,54.8,5502.89,16.2,0.01,0.21,0,0,199,python.exe,4316,msedgewebview2.exe,17500,INTEL SSDPEKKF256G7L,PASSED,4,100,26,9.7,3043,0
8/8/2026 19:38,HI38,100,1497,54.8,5504.49,16.2,0,0.06,0,0,199,python.exe,5520,msedgewebview2.exe,17500,INTEL SSDPEKKF256G7L,PASSED,4,100,26,9.7,3043,0
8/8/2026 19:38,HI38,100,1497,54.9,5492.36,16.2,0,0.03,0,0,199,python.exe,13996,msedgewebview2.exe,17500,INTEL SSDPEKKF256G7L,PASSED,4,100,26,9.7,3043,0
8/8/2026 19:38,HI38,100,1497,54.7,5507.29,16.2,0,0.07,0,0,199,python.exe,4316,msedgewebview2.exe,17500,INTEL SSDPEKKF256G7L,PASSED,4,100,26,9.7,3043,0
8/8/2026 19:38,HI38,100,1497,54.7,5508.2,16.2,0,0.01,0,0,199,python.exe,5520,msedgewebview2.exe,17500,INTEL SSDPEKKF256G7L,PASSED,4,100,26,9.7,3043,0
8/8/2026 19:38,HI38,100,2396,54.4,5543.71,16.2,0,0.05,0,0,200,python.exe,5520,msedgewebview2.exe,17500,INTEL SSDPEKKF256G7L,PASSED,4,100,26,9.7,3043,0
8/8/2026 19:38,HI38,100,1497,54.5,5540.02,16.2,0,0,0,0,200,python.exe,1272,msedgewebview2.exe,17500,INTEL SSDPEKKF256G7L,PASSED,4,100,26,9.7,3043,0
8/8/2026 19:38,HI38,100,1497,54.5,5534.46,16.2,0.01,0.13,0,0,200,python.exe,5520,msedgewebview2.exe,17500,INTEL SSDPEKKF256G7L,PASSED,4,100,27,9.7,3043,0
8/8/2026 19:38,HI38,100,2396,54.5,5535.21,16.2,0,0.01,0,0,200,python.exe,1272,msedgewebview2.exe,17500,INTEL SSDPEKKF256G7L,PASSED,4,100,26,9.7,3043,0
8/8/2026 19:38,HI38,100,2396,54.5,5539.84,16.2,0,0.06,0,0,200,python.exe,13996,msedgewebview2.exe,17500,INTEL SSDPEKKF256G7L,PASSED,4,100,26,9.7,3043,0
8/8/2026 19:38,HI38,100,2396,54.6,5524.02,16.2,0,0.02,0,0,200,python.exe,13996,msedgewebview2.exe,17500,INTEL SSDPEKKF256G7L,PASSED,4,100,26,9.7,3043,0
8/8/2026 19:38,HI38,100,2396,54.7,5507.07,16.2,0,0.59,0,0,201,python.exe,13996,msedgewebview2.exe,17500,INTEL SSDPEKKF256G7L,PASSED,4,100,26,9.7,3043,0
8/8/2026 19:38,HI38,100,1497,54.8,5505.27,16.2,0.01,0.12,0,0,202,python.exe,5520,msedgewebview2.exe,17500,INTEL SSDPEKKF256G7L,PASSED,4,100,27,9.7,3043,0
8/8/2026 19:39,HI38,100,2396,54.6,5518.9,16.2,0,0.26,0,0,201,python.exe,1272,msedgewebview2.exe,17500,INTEL SSDPEKKF256G7L,PASSED,4,100,26,9.7,3043,0
8/8/2026 19:39,HI38,100,2396,54.6,5519.83,16.2,0,0.18,0,0,202,python.exe,13996,msedgewebview2.exe,17500,INTEL SSDPEKKF256G7L,PASSED,4,100,26,9.7,3043,0
8/8/2026 19:39,HI38,100,2396,54.6,5521.05,16.2,0,0.05,0,0,202,python.exe,1272,msedgewebview2.exe,17500,INTEL SSDPEKKF256G7L,PASSED,4,100,27,9.7,3043,0
8/8/2026 19:39,HI38,100,2396,54.5,5532.89,16.2,0,0.08,0,0,202,python.exe,5520,msedgewebview2.exe,17500,INTEL SSDPEKKF256G7L,PASSED,4,100,26,9.7,3043,0
8/8/2026 19:39,HI38,100,2396,54.5,5541.97,16.2,0.01,0.03,0,0,201,python.exe,4316,msedgewebview2.exe,17500,INTEL SSDPEKKF256G7L,PASSED,4,100,26,9.7,3043,0
8/8/2026 19:39,HI38,100,2396,54.4,5543.03,16.2,0,0.01,0,0,201,python.exe,1272,msedgewebview2.exe,17500,INTEL SSDPEKKF256G7L,PASSED,4,100,27,9.7,3043,0
8/8/2026 19:39,HI38,100,2396,54.5,5541.87,16.2,0,0.01,0,0,201,python.exe,4316,msedgewebview2.exe,17500,INTEL SSDPEKKF256G7L,PASSED,4,100,27,9.7,3043,0
8/8/2026 19:39,HI38,100,2396,54.4,5543.53,16.2,0.01,0.08,0,0,200,python.exe,4316,msedgewebview2.exe,17500,INTEL SSDPEKKF256G7L,PASSED,4,100,26,9.7,3043,0
8/8/2026 19:39,HI38,100,2396,54.4,5545.79,16.2,0,0.11,0,0,200,python.exe,13996,msedgewebview2.exe,17500,INTEL SSDPEKKF256G7L,PASSED,4,100,27,9.7,3043,0
8/8/2026 19:39,HI38,100,2396,54.4,5546.12,16.2,0,0.07,0,0,200,python.exe,1272,msedgewebview2.exe,17500,INTEL SSDPEKKF256G7L,PASSED,4,100,26,9.7,3043,0
8/8/2026 19:39,HI38,100,2396,54.4,5546.31,16.2,0,0.01,0,0,200,python.exe,1272,msedgewebview2.exe,17500,INTEL SSDPEKKF256G7L,PASSED,4,100,27,9.7,3043,0
8/8/2026 19:39,HI38,100,2396,54.4,5546.31,16.2,0,0,0,0,200,python.exe,13996,msedgewebview2.exe,17500,INTEL SSDPEKKF256G7L,PASSED,4,100,27,9.7,3043,0
8/8/2026 19:39,HI38,100,2396,54.4,5546.94,16.2,0,0.07,0,0,200,python.exe,4316,msedgewebview2.exe,17500,INTEL SSDPEKKF256G7L,PASSED,4,100,26,9.7,3043,0
8/8/2026 19:39,HI38,100,2396,54.4,5546.8,16.2,0,0.02,0,0,200,python.exe,5520,msedgewebview2.exe,17500,INTEL SSDPEKKF256G7L,PASSED,4,100,26,9.7,3043,0
8/8/2026 19:39,HI38,100,2396,54.4,5546.85,16.2,0,0.07,0,0,200,python.exe,1272,msedgewebview2.exe,17500,INTEL SSDPEKKF256G7L,PASSED,4,100,26,9.7,3043,0
8/8/2026 19:39,HI38,100,2396,54.4,5546.86,16.2,0,0.04,0,0,200,python.exe,5520,msedgewebview2.exe,17500,INTEL SSDPEKKF256G7L,PASSED,4,100,27,9.7,3043,0
8/8/2026 19:39,HI38,100,2396,54.4,5546.85,16.2,0,0.04,0,0,200,python.exe,1272,msedgewebview2.exe,17500,INTEL SSDPEKKF256G7L,PASSED,4,100,26,9.7,3043,0
8/8/2026 19:39,HI38,100,2396,54.4,5546.63,16.2,0,0.04,0,0,200,python.exe,5520,msedgewebview2.exe,17500,INTEL SSDPEKKF256G7L,PASSED,4,100,26,9.7,3043,0
8/8/2026 19:39,HI38,100,2396,54.5,5541.97,16.2,0,0,0,0,200,python.exe,4316,msedgewebview2.exe,17500,INTEL SSDPEKKF256G7L,PASSED,4,100,27,9.7,3043,0
8/8/2026 19:39,HI38,100,2396,54.5,5533.01,16.2,0,0.07,0,0,200,python.exe,4316,msedgewebview2.exe,17500,INTEL SSDPEKKF256G7L,PASSED,4,100,27,9.7,3043,0
8/8/2026 19:39,HI38,100,2396,54.5,5531.62,16.2,0,0.01,0,0,200,python.exe,13996,msedgewebview2.exe,17500,INTEL SSDPEKKF256G7L,PASSED,4,100,26,9.7,3043,0
8/8/2026 19:39,HI38,100,2396,54.5,5532.23,16.2,0,0.09,0,0,200,python.exe,5520,msedgewebview2.exe,17500,INTEL SSDPEKKF256G7L,PASSED,4,100,26,9.7,3043,0
8/8/2026 19:39,HI38,100,2396,54.5,5532.49,16.2,0,0,0,0,200,python.exe,5520,msedgewebview2.exe,17500,INTEL SSDPEKKF256G7L,PASSED,4,100,26,9.7,3043,0
8/8/2026 19:39,HI38,100,2396,54.6,5528.31,16.2,0,0.1,0,0,200,python.exe,5520,msedgewebview2.exe,17500,INTEL SSDPEKKF256G7L,PASSED,4,100,26,9.7,3043,0
8/8/2026 19:39,HI38,100,2396,54.6,5528.5,16.2,0,0.02,0,0,200,python.exe,5520,msedgewebview2.exe,17500,INTEL SSDPEKKF256G7L,PASSED,4,100,27,9.7,3043,0
8/8/2026 19:39,HI38,100,2396,54.6,5528.53,16.2,0,0.03,0,0,200,python.exe,13996,msedgewebview2.exe,17500,INTEL SSDPEKKF256G7L,PASSED,4,100,26,9.7,3043,0
8/8/2026 19:40,HI38,100,2396,54.6,5518.96,16.2,0.27,0.08,0,0,200,python.exe,1272,msedgewebview2.exe,17500,INTEL SSDPEKKF256G7L,PASSED,4,100,26,9.7,3043,0
8/8/2026 19:40,HI38,100,2396,54.6,5519.1,16.2,0.02,0.07,0,0,201,python.exe,1272,msedgewebview2.exe,17500,INTEL SSDPEKKF256G7L,PASSED,4,100,26,9.7,3043,0
8/8/2026 19:40,HI38,100,2396,54.7,5517.56,16.2,0.01,0.09,0,0,202,python.exe,4316,msedgewebview2.exe,17500,INTEL SSDPEKKF256G7L,PASSED,4,100,26,9.7,3043,0
8/8/2026 19:40,HI38,100,2396,54.7,5517.84,16.2,0,0.01,0,0,202,python.exe,4316,msedgewebview2.exe,17500,INTEL SSDPEKKF256G7L,PASSED,4,100,26,9.7,3043,0
8/8/2026 19:40,HI38,100,2396,54.6,5517.97,16.2,0,0.09,0,0,202,python.exe,4316,msedgewebview2.exe,17500,INTEL SSDPEKKF256G7L,PASSED,4,100,26,9.7,3043,0
8/8/2026 19:40,HI38,100,2396,54.6,5518.04,16.2,0,0,0,0,202,python.exe,5520,msedgewebview2.exe,17500,INTEL SSDPEKKF256G7L,PASSED,4,100,26,9.7,3043,0
8/8/2026 19:40,HI38,100,2396,54.5,5536.04,16.2,0,0.06,0,0,201,python.exe,5520,msedgewebview2.exe,17500,INTEL SSDPEKKF256G7L,PASSED,4,100,26,9.7,3043,0
8/8/2026 19:40,HI38,100,2396,54.5,5536.58,16.2,0,0.08,0,0,201,python.exe,4316,msedgewebview2.exe,17500,INTEL SSDPEKKF256G7L,PASSED,4,100,27,9.7,3043,0
8/8/2026 19:40,HI38,100,2396,54.4,5543.5,16.2,0,0.04,0,0,200,python.exe,1272,msedgewebview2.exe,17500,INTEL SSDPEKKF256G7L,PASSED,4,100,26,9.7,3043,0
8/8/2026 19:40,HI38,100,2396,54.4,5547.8,16.2,0,0,0,0,200,python.exe,5520,msedgewebview2.exe,17500,INTEL SSDPEKKF256G7L,PASSED,4,100,26,9.7,3043,0
8/8/2026 19:40,HI38,100,2396,54.3,5558.43,16.2,0,0,0,0,199,python.exe,13996,msedgewebview2.exe,17500,INTEL SSDPEKKF256G7L,PASSED,4,100,26,9.7,3043,0
8/8/2026 19:40,HI38,100,2396,54.3,5564.53,16.2,0,0.09,0,0,198,python.exe,13996,msedgewebview2.exe,17500,INTEL SSDPEKKF256G7L,PASSED,4,100,27,9.7,3043,0
8/8/2026 19:40,HI38,100,2396,54.3,5564.8,16.2,0,0.01,0,0,198,python.exe,5520,msedgewebview2.exe,17500,INTEL SSDPEKKF256G7L,PASSED,4,100,26,9.7,3043,0
8/8/2026 19:40,HI38,100,2396,54.3,5564.83,16.2,0.01,0.14,0,0,198,python.exe,4316,msedgewebview2.exe,17500,INTEL SSDPEKKF256G7L,PASSED,4,100,26,9.7,3043,0
8/8/2026 19:40,HI38,100,2396,54.3,5564.84,16.2,0.01,0.03,0,0,198,python.exe,13996,msedgewebview2.exe,17500,INTEL SSDPEKKF256G7L,PASSED,4,100,26,9.7,3043,0
8/8/2026 19:40,HI38,100,2396,54.3,5564.63,16.2,0,0,0,0,198,python.exe,5520,msedgewebview2.exe,17500,INTEL SSDPEKKF256G7L,PASSED,4,100,26,9.7,3043,0
8/8/2026 19:40,HI38,100,2396,54.3,5563.19,16.2,0.01,0.06,0,0,198,python.exe,4316,msedgewebview2.exe,17500,INTEL SSDPEKKF256G7L,PASSED,4,100,26,9.7,3043,0
8/8/2026 19:40,HI38,99.8,2396,54.3,5563.32,16.2,0.03,0.08,0,0,198,python.exe,1272,msedgewebview2.exe,17500,INTEL SSDPEKKF256G7L,PASSED,4,100,26,9.7,3043,0
8/8/2026 19:40,HI38,99.8,2396,54.3,5563.05,16.2,0,0,0,0,198,python.exe,5520,msedgewebview2.exe,17500,INTEL SSDPEKKF256G7L,PASSED,4,100,27,9.7,3043,0
8/8/2026 19:40,HI38,100,2396,54.3,5563.34,16.2,0,0.11,0,0,198,python.exe,5520,msedgewebview2.exe,17500,INTEL SSDPEKKF256G7L,PASSED,4,100,27,9.7,3043,0
8/8/2026 19:40,HI38,100,2396,54.3,5563.34,16.2,0,0.06,0,0,198,python.exe,13996,msedgewebview2.exe,17500,INTEL SSDPEKKF256G7L,PASSED,4,100,26,9.7,3043,0
8/8/2026 19:40,HI38,100,2396,54.3,5563.34,16.2,0,0,0,0,198,python.exe,13996,msedgewebview2.exe,17500,INTEL SSDPEKKF256G7L,PASSED,4,100,26,9.7,3043,0
8/8/2026 19:40,HI38,100,2396,54.3,5563.29,16.2,0,0.05,0.01,0.01,198,python.exe,13996,msedgewebview2.exe,17500,INTEL SSDPEKKF256G7L,PASSED,4,100,26,9.7,3043,0
8/8/2026 19:40,HI38,100,2396,54.3,5563.17,16.2,0,0.02,0,0,198,python.exe,5520,msedgewebview2.exe,17500,INTEL SSDPEKKF256G7L,PASSED,4,100,26,9.7,3043,0
8/8/2026 19:40,HI38,99.8,2396,54.5,5542.12,16.2,2.57,7.46,0,0,198,python.exe,4316,msedgewebview2.exe,17500,INTEL SSDPEKKF256G7L,PASSED,4,100,27,9.7,3043,0
8/8/2026 19:40,HI38,100,2396,54.4,5542.77,16.2,0,0.01,0,0,198,python.exe,5520,msedgewebview2.exe,17500,INTEL SSDPEKKF256G7L,PASSED,4,100,26,9.7,3043,0
8/8/2026 19:40,HI38,100,2396,54.4,5542.89,16.2,0,0.38,0,0,198,python.exe,5520,msedgewebview2.exe,17500,INTEL SSDPEKKF256G7L,PASSED,4,100,27,9.7,3043,0
8/8/2026 19:41,HI38,100,2396,54.3,5555.67,16.2,0,0.06,0,0,198,python.exe,4316,msedgewebview2.exe,17500,INTEL SSDPEKKF256G7L,PASSED,4,100,27,9.7,3043,0
8/8/2026 19:41,HI38,100,2396,54.3,5556.7,16.2,0.01,0.13,0,0,198,python.exe,13996,msedgewebview2.exe,17500,INTEL SSDPEKKF256G7L,PASSED,4,100,26,9.7,3043,0
8/8/2026 19:41,HI38,100,2396,54.4,5549.98,16.2,0,0.02,0,0,198,python.exe,5520,msedgewebview2.exe,17500,INTEL SSDPEKKF256G7L,PASSED,4,100,26,9.7,3043,0
8/8/2026 19:41,HI38,100,2396,54.4,5545.22,16.3,0,5.11,0,0,199,python.exe,4316,msedgewebview2.exe,17500,INTEL SSDPEKKF256G7L,PASSED,4,100,27,9.7,3043,0
8/8/2026 19:41,HI38,100,2396,54.4,5545.86,16.2,0,4.38,0,0,200,python.exe,13996,msedgewebview2.exe,17500,INTEL SSDPEKKF256G7L,PASSED,4,100,27,9.7,3043,0
8/8/2026 19:41,HI38,100,2396,54.4,5553.55,16.2,0,0,0,0,199,python.exe,4316,msedgewebview2.exe,17500,INTEL SSDPEKKF256G7L,PASSED,4,100,27,9.7,3043,0
8/8/2026 19:41,HI38,100,2396,54.3,5558.76,16.2,0,0.31,0,0,199,python.exe,4316,msedgewebview2.exe,17500,INTEL SSDPEKKF256G7L,PASSED,4,100,27,9.7,3043,0
8/8/2026 19:41,HI38,100,2396,54.3,5559.23,16.2,0.01,0.24,0,0,199,python.exe,13996,msedgewebview2.exe,17500,INTEL SSDPEKKF256G7L,PASSED,4,100,26,9.7,3043,0
8/8/2026 19:41,HI38,100,2396,54.2,5569.07,16.2,0,0.07,0,0,198,python.exe,1272,msedgewebview2.exe,17500,INTEL SSDPEKKF256G7L,PASSED,4,100,27,9.7,3043,0
8/8/2026 19:41,HI38,100,2396,54.2,5569.59,16.2,0,0,0,0,198,python.exe,4316,msedgewebview2.exe,17500,INTEL SSDPEKKF256G7L,PASSED,4,100,26,9.7,3043,0
8/8/2026 19:41,HI38,100,2396,54.2,5569.68,16.2,0,0.06,0,0,198,python.exe,5520,msedgewebview2.exe,17500,INTEL SSDPEKKF256G7L,PASSED,4,100,26,9.7,3043,0
8/8/2026 19:41,HI38,100,2396,54.2,5569.7,16.2,0,0,0,0,198,python.exe,5520,msedgewebview2.exe,17500,INTEL SSDPEKKF256G7L,PASSED,4,100,26,9.7,3043,0
8/8/2026 19:41,HI38,100,2396,54.2,5569.75,16.2,0.01,0.11,0,0,198,python.exe,1272,msedgewebview2.exe,17500,INTEL SSDPEKKF256G7L,PASSED,4,100,27,9.7,3043,0
8/8/2026 19:41,HI38,100,2396,54.2,5569.75,16.2,0,0.05,0,0,198,python.exe,4316,msedgewebview2.exe,17500,INTEL SSDPEKKF256G7L,PASSED,4,100,26,9.7,3043,0
8/8/2026 19:41,HI38,100,2396,54.2,5569.78,16.2,0.01,0.03,0,0,198,python.exe,4316,msedgewebview2.exe,17500,INTEL SSDPEKKF256G7L,PASSED,4,100,26,9.7,3043,0
8/8/2026 19:41,HI38,100,2396,54.2,5569.78,16.2,0,0.1,0,0,198,python.exe,5520,msedgewebview2.exe,17500,INTEL SSDPEKKF256G7L,PASSED,4,100,26,9.7,3043,0
8/8/2026 19:41,HI38,100,2396,54.2,5569.77,16.2,0,0,0,0,198,python.exe,1272,msedgewebview2.exe,17500,INTEL SSDPEKKF256G7L,PASSED,4,100,27,9.7,3043,0
8/8/2026 19:41,HI38,100,2396,54.2,5569.77,16.2,0,0.01,0,0,198,python.exe,1272,msedgewebview2.exe,17500,INTEL SSDPEKKF256G7L,PASSED,4,100,27,9.7,3043,0
8/8/2026 19:41,HI38,100,2396,54.2,5569.77,16.2,0,0,0,0,198,python.exe,1272,msedgewebview2.exe,17500,INTEL SSDPEKKF256G7L,PASSED,4,100,26,9.7,3043,0
8/8/2026 19:41,HI38,99.8,2396,54.2,5569.54,16.2,0,0.07,0,0,198,python.exe,4316,msedgewebview2.exe,17500,INTEL SSDPEKKF256G7L,PASSED,4,100,26,9.7,3043,0
8/8/2026 19:41,HI38,100,2396,54.2,5569.99,16.2,0,0.04,0,0,198,python.exe,4316,msedgewebview2.exe,17500,INTEL SSDPEKKF256G7L,PASSED,4,100,26,9.7,3043,0
8/8/2026 19:41,HI38,100,2396,54.2,5570.03,16.2,0,0.07,0,0,198,python.exe,13996,msedgewebview2.exe,17500,INTEL SSDPEKKF256G7L,PASSED,4,100,27,9.7,3043,0
8/8/2026 19:41,HI38,100,2396,54.2,5570.23,16.2,0,0.13,0,0,198,python.exe,4316,msedgewebview2.exe,17500,INTEL SSDPEKKF256G7L,PASSED,4,100,26,9.7,3043,0
8/8/2026 19:41,HI38,100,2396,54.2,5568.68,16.2,0,0.09,0,0,198,python.exe,4316,msedgewebview2.exe,17500,INTEL SSDPEKKF256G7L,PASSED,4,100,26,9.7,3043,0
8/8/2026 19:41,HI38,100,2396,54.3,5564.41,16.2,0.05,0,0,0,197,python.exe,13996,msedgewebview2.exe,17500,INTEL SSDPEKKF256G7L,PASSED,4,100,26,9.7,3043,0
8/8/2026 19:41,HI38,100,2396,54.3,5561.51,16.2,0.01,0.02,0,0,197,python.exe,4316,msedgewebview2.exe,17500,INTEL SSDPEKKF256G7L,PASSED,4,100,26,9.7,3043,0
8/8/2026 19:42,HI38,100,2396,54.3,5555.72,16.2,0,0.05,0,0,197,python.exe,1272,msedgewebview2.exe,17500,INTEL SSDPEKKF256G7L,PASSED,4,100,26,9.7,3043,0
8/8/2026 19:42,HI38,100,2396,54.3,5554.6,16.2,0.01,0.04,0,0,197,python.exe,5520,msedgewebview2.exe,17500,INTEL SSDPEKKF256G7L,PASSED,4,100,26,9.7,3043,0
8/8/2026 19:42,HI38,100,2396,54.3,5558.13,16.2,0,0.11,0,0,197,python.exe,5520,msedgewebview2.exe,17500,INTEL SSDPEKKF256G7L,PASSED,4,100,26,9.7,3043,0
8/8/2026 19:42,HI38,100,2396,54.3,5558.12,16.2,0,0.02,0,0,197,python.exe,5520,msedgewebview2.exe,17500,INTEL SSDPEKKF256G7L,PASSED,4,100,26,9.7,3043,0
8/8/2026 19:42,HI38,100,2396,54.3,5559.21,16.2,0,0.05,0,0,197,python.exe,1272,msedgewebview2.exe,17500,INTEL SSDPEKKF256G7L,PASSED,4,100,27,9.7,3043,0
8/8/2026 19:42,HI38,100,2396,54.4,5545.47,16.2,0,0.04,0,0,198,python.exe,1272,msedgewebview2.exe,17500,INTEL SSDPEKKF256G7L,PASSED,4,100,26,9.7,3043,0
8/8/2026 19:42,HI38,100,2396,54.4,5544.47,16.2,0,0.06,0,0,199,python.exe,4316,msedgewebview2.exe,17500,INTEL SSDPEKKF256G7L,PASSED,4,100,27,9.7,3043,0
8/8/2026 19:42,HI38,100,2396,54.4,5544.54,16.2,0.01,0,0,0,199,python.exe,13996,msedgewebview2.exe,17500,INTEL SSDPEKKF256G7L,PASSED,4,100,27,9.7,3043,0
8/8/2026 19:42,HI38,100,2396,54.4,5544.54,16.2,0,0.05,0,0,199,python.exe,5520,msedgewebview2.exe,17500,INTEL SSDPEKKF256G7L,PASSED,4,100,27,9.7,3043,0
8/8/2026 19:42,HI38,100,2396,54.4,5549.53,16.2,0,0.05,0,0,198,python.exe,13996,msedgewebview2.exe,17500,INTEL SSDPEKKF256G7L,PASSED,4,100,26,9.7,3043,0
8/8/2026 19:42,HI38,100,2396,54.3,5560.32,16.2,0,0,0,0,197,python.exe,5520,msedgewebview2.exe,17500,INTEL SSDPEKKF256G7L,PASSED,4,100,26,9.7,3043,0
8/8/2026 19:42,HI38,100,2396,54.3,5560.58,16.2,0,0.09,0,0,197,python.exe,4316,msedgewebview2.exe,17500,INTEL SSDPEKKF256G7L,PASSED,4,100,26,9.7,3043,0
8/8/2026 19:42,HI38,100,2396,54.2,5572.31,16.2,0.01,0.01,0,0,196,python.exe,1272,msedgewebview2.exe,17500,INTEL SSDPEKKF256G7L,PASSED,4,100,27,9.7,3043,0
8/8/2026 19:42,HI38,100,2396,54.2,5573.11,16.2,0,0.03,0,0,196,python.exe,1272,msedgewebview2.exe,17500,INTEL SSDPEKKF256G7L,PASSED,4,100,26,9.7,3043,0
8/8/2026 19:42,HI38,99.8,2396,54.2,5572.89,16.2,0.01,0.07,0,0,196,python.exe,1272,msedgewebview2.exe,17500,INTEL SSDPEKKF256G7L,PASSED,4,100,26,9.7,3043,0
8/8/2026 19:42,HI38,100,2396,54.2,5573.88,16.2,0,0.07,0,0,196,python.exe,1272,msedgewebview2.exe,17500,INTEL SSDPEKKF256G7L,PASSED,4,100,26,9.7,3043,0
8/8/2026 19:42,HI38,100,2396,54.2,5574.18,16.2,0,0.24,0,0.01,196,python.exe,4316,msedgewebview2.exe,17500,INTEL SSDPEKKF256G7L,PASSED,4,100,26,9.7,3043,0
8/8/2026 19:42,HI38,100,2396,54.2,5573.79,16.2,0,0.02,0,0,197,python.exe,4316,msedgewebview2.exe,17500,INTEL SSDPEKKF256G7L,PASSED,4,100,26,9.7,3043,0
8/8/2026 19:42,HI38,100,2396,54.2,5573.25,16.2,0,0.12,0,0,197,python.exe,4316,msedgewebview2.exe,17500,INTEL SSDPEKKF256G7L,PASSED,4,100,26,9.7,3043,0
8/8/2026 19:42,HI38,100,2396,54.2,5573.35,16.2,0,0,0,0,197,python.exe,1272,msedgewebview2.exe,17500,INTEL SSDPEKKF256G7L,PASSED,4,100,26,9.7,3043,0
8/8/2026 19:42,HI38,100,2396,54.2,5573.26,16.2,0,0.07,0,0,197,python.exe,4316,msedgewebview2.exe,17500,INTEL SSDPEKKF256G7L,PASSED,4,100,26,9.7,3043,0
8/8/2026 19:42,HI38,100,2396,54.2,5571.73,16.2,0,0.05,0,0,197,python.exe,4316,msedgewebview2.exe,17500,INTEL SSDPEKKF256G7L,PASSED,4,100,26,9.7,3043,0
8/8/2026 19:42,HI38,100,2396,54.3,5554.55,16.2,0.1,0.08,0,0,200,python.exe,5520,msedgewebview2.exe,17500,INTEL SSDPEKKF256G7L,PASSED,4,100,27,9.7,3043,0
8/8/2026 19:42,HI38,100,2396,54.4,5551.21,16.2,0,0.08,0,0,200,python.exe,4316,msedgewebview2.exe,17500,INTEL SSDPEKKF256G7L,PASSED,4,100,27,9.7,3043,0
8/8/2026 19:42,HI38,100,2396,54.4,5551.34,16.2,0.05,0.08,0,0,200,python.exe,4316,msedgewebview2.exe,17500,INTEL SSDPEKKF256G7L,PASSED,4,100,26,9.7,3043,0
8/8/2026 19:42,HI38,100,2396,54.4,5551.5,16.2,0,0,0,0,200,python.exe,13996,msedgewebview2.exe,17500,INTEL SSDPEKKF256G7L,PASSED,4,100,26,9.7,3043,0
8/8/2026 19:42,HI38,100,2396,54.4,5550.4,16.2,0,0.08,0,0,200,python.exe,13996,msedgewebview2.exe,17500,INTEL SSDPEKKF256G7L,PASSED,4,100,26,9.7,3043,0
8/8/2026 19:43,HI38,100,2396,54.5,5534.14,16.2,0.03,0.01,0,0,200,python.exe,1272,msedgewebview2.exe,17500,INTEL SSDPEKKF256G7L,PASSED,4,100,26,9.7,3043,0
8/8/2026 19:43,HI38,100,2396,54.5,5533.43,16.2,0,0,0,0,200,python.exe,5520,msedgewebview2.exe,17500,INTEL SSDPEKKF256G7L,PASSED,4,100,26,9.7,3043,0
8/8/2026 19:43,HI38,100,2396,54.5,5533.46,16.2,0,0.05,0,0,200,python.exe,13996,msedgewebview2.exe,17500,INTEL SSDPEKKF256G7L,PASSED,4,100,26,9.7,3043,0
8/8/2026 19:43,HI38,100,2396,54.5,5533.42,16.2,0,0.04,0,0,200,python.exe,5520,msedgewebview2.exe,17500,INTEL SSDPEKKF256G7L,PASSED,4,100,27,9.7,3043,0
8/8/2026 19:43,HI38,100,2396,54.5,5536.63,16.2,0,0.08,0,0,200,python.exe,4316,msedgewebview2.exe,17500,INTEL SSDPEKKF256G7L,PASSED,4,100,26,9.7,3043,0
8/8/2026 19:43,HI38,100,2396,54.5,5535.94,16.2,0,0.02,0,0,201,python.exe,4316,msedgewebview2.exe,17500,INTEL SSDPEKKF256G7L,PASSED,4,100,26,9.7,3043,0
8/8/2026 19:43,HI38,100,2396,54.6,5523.92,16.2,0,0.04,0.01,0.01,201,python.exe,5520,msedgewebview2.exe,17500,INTEL SSDPEKKF256G7L,PASSED,4,100,27,9.7,3043,0
8/8/2026 19:43,HI38,100,2396,54.6,5522.96,16.2,0,0.03,0,0,202,python.exe,5520,msedgewebview2.exe,17500,INTEL SSDPEKKF256G7L,PASSED,4,100,26,9.7,3043,0
8/8/2026 19:43,HI38,100,2396,54.7,5506.76,16.2,0,0.09,0,0,203,python.exe,1272,msedgewebview2.exe,17500,INTEL SSDPEKKF256G7L,PASSED,4,100,26,9.7,3043,0
8/8/2026 19:43,HI38,100,2396,54.7,5507.12,16.2,0,0.08,0,0.01,203,python.exe,4316,msedgewebview2.exe,17500,INTEL SSDPEKKF256G7L,PASSED,4,100,26,9.7,3043,0
8/8/2026 19:43,HI38,100,2396,54.7,5507.09,16.2,0,0.08,0,0,203,python.exe,5520,msedgewebview2.exe,17500,INTEL SSDPEKKF256G7L,PASSED,4,100,26,9.7,3043,0
8/8/2026 19:43,HI38,100,2396,54.7,5511.81,16.2,0,0.02,0,0,202,python.exe,1272,msedgewebview2.exe,17500,INTEL SSDPEKKF256G7L,PASSED,4,100,26,9.7,3043,0
8/8/2026 19:43,HI38,100,2396,54.3,5564.87,16.2,0.01,0.18,0,0,201,python.exe,5520,msedgewebview2.exe,17500,INTEL SSDPEKKF256G7L,PASSED,4,100,26,9.7,3043,0
8/8/2026 19:43,HI38,100,2396,54.1,5579.74,16.2,0,0,0,0,200,python.exe,1272,msedgewebview2.exe,17500,INTEL SSDPEKKF256G7L,PASSED,4,100,26,9.7,3043,0
8/8/2026 19:43,HI38,100,2396,54.1,5579.94,16.2,0,0,0,0,200,python.exe,5520,msedgewebview2.exe,17500,INTEL SSDPEKKF256G7L,PASSED,4,100,27,9.7,3043,0
8/8/2026 19:43,HI38,100,2396,54.1,5580.06,16.2,0.01,0.01,0,0,200,python.exe,4316,msedgewebview2.exe,17500,INTEL SSDPEKKF256G7L,PASSED,4,100,26,9.7,3043,0
8/8/2026 19:43,HI38,100,2396,54.1,5579.9,16.2,0,0.04,0,0,200,python.exe,5520,msedgewebview2.exe,17500,INTEL SSDPEKKF256G7L,PASSED,4,100,26,9.7,3043,0
8/8/2026 19:43,HI38,100,2396,54.1,5580.27,16.2,0,0.11,0,0,200,python.exe,13996,msedgewebview2.exe,17500,INTEL SSDPEKKF256G7L,PASSED,4,100,26,9.7,3043,0
8/8/2026 19:43,HI38,100,2396,54.1,5580.4,16.2,0,0.05,0,0,200,python.exe,4316,msedgewebview2.exe,17500,INTEL SSDPEKKF256G7L,PASSED,4,100,26,9.7,3043,0
8/8/2026 19:43,HI38,100,2396,54.1,5581.18,16.2,0,0.17,0,0,200,python.exe,5520,msedgewebview2.exe,17500,INTEL SSDPEKKF256G7L,PASSED,4,100,26,9.7,3043,0
8/8/2026 19:43,HI38,100,2396,54.1,5581.44,16.2,0,0,0,0,200,python.exe,13996,msedgewebview2.exe,17500,INTEL SSDPEKKF256G7L,PASSED,4,100,26,9.7,3043,0
8/8/2026 19:43,HI38,100,2396,54.1,5583.61,16.2,0.01,0.07,0,0,199,python.exe,1272,msedgewebview2.exe,17500,INTEL SSDPEKKF256G7L,PASSED,4,100,26,9.7,3043,0
8/8/2026 19:43,HI38,100,2396,54.1,5583.78,16.2,0,0.04,0,0,199,python.exe,5520,msedgewebview2.exe,17500,INTEL SSDPEKKF256G7L,PASSED,4,100,26,9.7,3043,0
8/8/2026 19:43,HI38,100,2396,54.2,5575.14,16.2,0,0.07,0,0,199,python.exe,4316,msedgewebview2.exe,17500,INTEL SSDPEKKF256G7L,PASSED,4,100,26,9.7,3043,0
8/8/2026 19:43,HI38,100,2396,54.2,5575.78,16.2,0,0.02,0,0,199,python.exe,4316,msedgewebview2.exe,17500,INTEL SSDPEKKF256G7L,PASSED,4,100,26,9.7,3043,0
8/8/2026 19:43,HI38,100,2396,54.2,5575.18,16.2,0,0.05,0,0,199,python.exe,1272,msedgewebview2.exe,17500,INTEL SSDPEKKF256G7L,PASSED,4,100,26,9.7,3043,0
8/8/2026 19:44,HI38,100,2396,54.2,5576.32,16.2,0,0.09,0,0,199,python.exe,5520,msedgewebview2.exe,17500,INTEL SSDPEKKF256G7L,PASSED,4,100,26,9.7,3043,0
8/8/2026 19:44,HI38,100,2396,54.1,5580.96,16.2,0,0.04,0,0,199,python.exe,13996,msedgewebview2.exe,17500,INTEL SSDPEKKF256G7L,PASSED,4,100,27,9.7,3043,0
8/8/2026 19:44,HI38,100,2396,54.1,5580.93,16.2,0,0.04,0,0,199,python.exe,4316,msedgewebview2.exe,17500,INTEL SSDPEKKF256G7L,PASSED,4,100,26,9.7,3043,0
8/8/2026 19:44,HI38,100,2396,54.1,5581.18,16.2,0,0,0,0,199,python.exe,1272,msedgewebview2.exe,17500,INTEL SSDPEKKF256G7L,PASSED,4,100,26,9.7,3043,0
8/8/2026 19:44,HI38,100,2396,54.2,5576.74,16.2,0,0.06,0,0,199,python.exe,5520,msedgewebview2.exe,17500,INTEL SSDPEKKF256G7L,PASSED,4,100,26,9.7,3043,0
8/8/2026 19:44,HI38,100,2396,54.2,5577.45,16.2,0,0,0,0,199,python.exe,5520,msedgewebview2.exe,17500,INTEL SSDPEKKF256G7L,PASSED,4,100,26,9.7,3043,0
8/8/2026 19:44,HI38,100,2396,54.1,5579.1,16.2,0,0.05,0,0,199,python.exe,4316,msedgewebview2.exe,17500,INTEL SSDPEKKF256G7L,PASSED,4,100,26,9.7,3043,0
8/8/2026 19:44,HI38,99.8,2396,54.1,5579.3,16.2,0,0.01,0,0,199,python.exe,1272,msedgewebview2.exe,17500,INTEL SSDPEKKF256G7L,PASSED,4,100,26,9.7,3043,0
8/8/2026 19:44,HI38,100,2396,54.1,5579.83,16.2,0,0.08,0,0,200,python.exe,1272,msedgewebview2.exe,17500,INTEL SSDPEKKF256G7L,PASSED,4,100,26,9.7,3043,0
8/8/2026 19:44,HI38,100,2396,54.2,5568.33,16.2,0,0.02,0,0,200,python.exe,1272,msedgewebview2.exe,17500,INTEL SSDPEKKF256G7L,PASSED,4,100,26,9.7,3043,0
8/8/2026 19:44,HI38,100,2396,54.2,5568.45,16.2,0.01,0.01,0,0,200,python.exe,13996,msedgewebview2.exe,17500,INTEL SSDPEKKF256G7L,PASSED,4,100,26,9.7,3043,0
8/8/2026 19:44,HI38,100,2396,54.2,5576.92,16.2,0,0.05,0,0,200,python.exe,5520,msedgewebview2.exe,17500,INTEL SSDPEKKF256G7L,PASSED,4,100,26,9.7,3043,0
8/8/2026 19:44,HI38,100,2396,54.2,5576.87,16.2,0.01,0.04,0,0,200,python.exe,5520,msedgewebview2.exe,17500,INTEL SSDPEKKF256G7L,PASSED,4,100,26,9.7,3043,0
8/8/2026 19:44,HI38,100,2396,54.1,5584.25,16.2,0,0.13,0,0,199,python.exe,5520,msedgewebview2.exe,17500,INTEL SSDPEKKF256G7L,PASSED,4,100,26,9.7,3043,0
8/8/2026 19:44,HI38,99.8,2396,54.1,5584.62,16.2,0,0.01,0,0,199,python.exe,4316,msedgewebview2.exe,17500,INTEL SSDPEKKF256G7L,PASSED,4,100,27,9.7,3043,0
8/8/2026 19:44,HI38,100,2396,54.2,5574.14,16.2,0,0.07,0,0,199,python.exe,1272,msedgewebview2.exe,17500,INTEL SSDPEKKF256G7L,PASSED,4,100,30,9.7,3043,0
8/8/2026 19:44,HI38,99.9,2396,54.2,5574.11,16.2,0.01,0.03,0,0,199,python.exe,5520,msedgewebview2.exe,17500,INTEL SSDPEKKF256G7L,PASSED,4,100,28,9.7,3043,0
8/8/2026 19:44,HI38,100,2396,54.2,5574.12,16.2,0,0.01,0,0,199,python.exe,13996,msedgewebview2.exe,17500,INTEL SSDPEKKF256G7L,PASSED,4,100,28,9.7,3043,0
8/8/2026 19:44,HI38,100,2396,54.2,5574.11,16.2,0,0.11,0,0,199,python.exe,1272,msedgewebview2.exe,17500,INTEL SSDPEKKF256G7L,PASSED,4,100,32,9.7,3043,0
8/8/2026 19:44,HI38,100,2396,54.1,5582.12,16.2,0.01,0.04,0,0,199,python.exe,5520,msedgewebview2.exe,17500,INTEL SSDPEKKF256G7L,PASSED,4,100,30,9.7,3043,0
8/8/2026 19:44,HI38,100,2396,54.1,5582.6,16.2,0,0.01,0,0,199,python.exe,5520,msedgewebview2.exe,17500,INTEL SSDPEKKF256G7L,PASSED,4,100,29,9.7,3043,0
8/8/2026 19:44,HI38,100,2396,54.1,5582.45,16.2,0,0.08,0,0,199,python.exe,5520,msedgewebview2.exe,17500,INTEL SSDPEKKF256G7L,PASSED,4,100,28,9.7,3043,0
8/8/2026 19:44,HI38,100,2396,54.1,5582.71,16.2,0.01,0.01,0,0,199,python.exe,13996,msedgewebview2.exe,17500,INTEL SSDPEKKF256G7L,PASSED,4,100,28,9.7,3043,0
8/8/2026 19:45,HI38,100,2396,54.1,5582.69,16.2,0,0,0,0,199,python.exe,13996,msedgewebview2.exe,17500,INTEL SSDPEKKF256G7L,PASSED,4,100,29,9.7,3043,0
8/8/2026 19:45,HI38,100,2396,54.1,5582.2,16.2,0,0.04,0,0,199,python.exe,5520,msedgewebview2.exe,17500,INTEL SSDPEKKF256G7L,PASSED,4,100,28,9.7,3043,0
8/8/2026 19:45,HI38,100,2396,54.1,5582.35,16.2,0.02,0.05,0,0,199,python.exe,1272,msedgewebview2.exe,17500,INTEL SSDPEKKF256G7L,PASSED,4,100,28,9.7,3043,0
8/8/2026 19:45,HI38,100,2396,54.1,5581.95,16.2,0,0.12,0.04,0.03,199,python.exe,5520,msedgewebview2.exe,17500,INTEL SSDPEKKF256G7L,PASSED,4,100,28,9.7,3043,0
8/8/2026 19:45,HI38,100,2396,54.1,5580.42,16.2,0,0.01,0,0.03,199,python.exe,4316,msedgewebview2.exe,17500,INTEL SSDPEKKF256G7L,PASSED,4,100,28,9.7,3043,0
8/8/2026 19:45,HI38,100,2396,54.2,5578.25,16.2,0,0,0,0.01,199,python.exe,1272,msedgewebview2.exe,17500,INTEL SSDPEKKF256G7L,PASSED,4,100,28,9.7,3043,0
8/8/2026 19:45,HI38,100,2396,54.2,5574.07,16.2,0,0,0,0,199,python.exe,4316,msedgewebview2.exe,17500,INTEL SSDPEKKF256G7L,PASSED,4,100,28,9.7,3043,0
8/8/2026 19:45,HI38,100,2396,54.2,5573.42,16.2,0,0.04,0,0,199,python.exe,5520,msedgewebview2.exe,17500,INTEL SSDPEKKF256G7L,PASSED,4,100,28,9.7,3043,0
8/8/2026 19:45,HI38,100,2396,54.1,5579.06,16.2,0,0.02,0,0,199,python.exe,5520,msedgewebview2.exe,17500,INTEL SSDPEKKF256G7L,PASSED,4,100,27,9.7,3043,0
8/8/2026 19:45,HI38,100,2396,54.1,5580.14,16.2,0,0.19,0,0,199,python.exe,1272,msedgewebview2.exe,17500,INTEL SSDPEKKF256G7L,PASSED,4,100,27,9.7,3043,0
8/8/2026 19:45,HI38,100,2396,54.1,5580.42,16.2,0,0.01,0,0,199,python.exe,1272,msedgewebview2.exe,17500,INTEL SSDPEKKF256G7L,PASSED,4,100,27,9.7,3043,0
8/8/2026 19:45,HI38,100,2396,54.2,5568.21,16.2,0,0.05,0,0,200,python.exe,4316,msedgewebview2.exe,17500,INTEL SSDPEKKF256G7L,PASSED,4,100,26,9.7,3043,0
8/8/2026 19:45,HI38,100,2396,54.2,5568.22,16.2,0,0.02,0,0,200,python.exe,5520,msedgewebview2.exe,17500,INTEL SSDPEKKF256G7L,PASSED,4,100,27,9.7,3043,0
8/8/2026 19:45,HI38,100,2396,54.1,5584.02,16.2,0.01,0.04,0,0,199,python.exe,5520,msedgewebview2.exe,17500,INTEL SSDPEKKF256G7L,PASSED,4,100,27,9.7,3043,0
8/8/2026 19:45,HI38,100,1497,54.2,5571.68,16.2,0,0.12,0,0,199,python.exe,4316,msedgewebview2.exe,17500,INTEL SSDPEKKF256G7L,PASSED,4,100,27,9.7,3043,0
8/8/2026 19:45,HI38,100,2396,54.2,5567.09,16.2,0,7.93,0,0,199,python.exe,4316,msedgewebview2.exe,17500,INTEL SSDPEKKF256G7L,PASSED,4,100,28,9.7,3043,0
8/8/2026 19:45,HI38,100,2396,54.2,5567.31,16.2,0,0.19,0,0,199,python.exe,5520,msedgewebview2.exe,17500,INTEL SSDPEKKF256G7L,PASSED,4,100,27,9.7,3043,0
8/8/2026 19:45,HI38,100,2396,54.2,5567.82,16.2,0,0,0,0.01,199,python.exe,5520,msedgewebview2.exe,17500,INTEL SSDPEKKF256G7L,PASSED,4,100,27,9.7,3043,0
8/8/2026 19:45,HI38,100,2396,54.1,5583.37,16.2,0,0.11,0,0,199,python.exe,4316,msedgewebview2.exe,17500,INTEL SSDPEKKF256G7L,PASSED,4,100,27,9.7,3043,0
8/8/2026 19:45,HI38,100,2396,54.1,5584.04,16.2,0,0,0,0,199,python.exe,1272,msedgewebview2.exe,17500,INTEL SSDPEKKF256G7L,PASSED,4,100,27,9.7,3043,0
8/8/2026 19:45,HI38,100,2396,54.1,5584.41,16.2,0,0.02,0,0,199,python.exe,1272,msedgewebview2.exe,17500,INTEL SSDPEKKF256G7L,PASSED,4,100,27,9.7,3043,0
8/8/2026 19:45,HI38,100,2396,54.3,5565.87,16.2,0.35,0.08,0,0.01,200,python.exe,13996,msedgewebview2.exe,17500,INTEL SSDPEKKF256G7L,PASSED,4,100,27,9.7,3043,0
8/8/2026 19:45,HI38,100,2396,54.3,5559.82,16.2,0,0.16,0,0.01,201,python.exe,4316,msedgewebview2.exe,17500,INTEL SSDPEKKF256G7L,PASSED,4,100,27,9.7,3043,0
8/8/2026 19:45,HI38,100,2396,54.3,5565.86,16.2,0.04,0.21,0,0,200,python.exe,1272,msedgewebview2.exe,17500,INTEL SSDPEKKF256G7L,PASSED,4,100,27,9.7,3043,0
8/8/2026 19:45,HI38,100,2396,54.3,5566.17,16.2,0,0.28,0,0,200,python.exe,4316,msedgewebview2.exe,17500,INTEL SSDPEKKF256G7L,PASSED,4,100,27,9.7,3043,0
8/8/2026 19:46,HI38,100,2396,54.3,5566.17,16.2,0,0.09,0,0,200,python.exe,5520,msedgewebview2.exe,17500,INTEL SSDPEKKF256G7L,PASSED,4,100,27,9.7,3043,0
8/8/2026 19:46,HI38,100,2396,54.3,5566.19,16.2,0,0.01,0,0,200,python.exe,13996,msedgewebview2.exe,17500,INTEL SSDPEKKF256G7L,PASSED,4,100,27,9.7,3043,0
8/8/2026 19:46,HI38,99.8,2396,54.3,5565.93,16.2,0,0.05,0,0,200,python.exe,4316,msedgewebview2.exe,17500,INTEL SSDPEKKF256G7L,PASSED,4,100,26,9.7,3043,0
8/8/2026 19:46,HI38,100,2396,54.3,5566.2,16.2,0,0.09,0,0,200,python.exe,5520,msedgewebview2.exe,17500,INTEL SSDPEKKF256G7L,PASSED,4,100,27,9.7,3043,0
8/8/2026 19:46,HI38,100,2396,54.3,5566.07,16.2,0,0.07,0,0,200,python.exe,13996,msedgewebview2.exe,17500,INTEL SSDPEKKF256G7L,PASSED,4,100,27,9.7,3043,0
8/8/2026 19:46,HI38,100,2396,54.3,5565.71,16.2,0,0.08,0,0,200,python.exe,4316,msedgewebview2.exe,17500,INTEL SSDPEKKF256G7L,PASSED,4,100,27,9.7,3043,0
8/8/2026 19:46,HI38,100,2396,54.3,5565.98,16.2,0,0,0,0,200,python.exe,1272,msedgewebview2.exe,17500,INTEL SSDPEKKF256G7L,PASSED,4,100,27,9.7,3043,0
8/8/2026 19:46,HI38,100,2396,54.3,5566.05,16.2,0,0.09,0,0,200,python.exe,4316,msedgewebview2.exe,17500,INTEL SSDPEKKF256G7L,PASSED,4,100,27,9.7,3043,0
8/8/2026 19:46,HI38,100,2396,54.3,5564.97,16.2,0,0.07,0,0,200,python.exe,4316,msedgewebview2.exe,17500,INTEL SSDPEKKF256G7L,PASSED,4,100,27,9.7,3043,0
8/8/2026 19:46,HI38,100,2396,54.3,5565.1,16.2,0,0.03,0,0,200,python.exe,1272,msedgewebview2.exe,17500,INTEL SSDPEKKF256G7L,PASSED,4,100,27,9.7,3043,0
8/8/2026 19:46,HI38,99.7,2396,54.3,5564.82,16.2,0.01,0.09,0,0,200,python.exe,13996,msedgewebview2.exe,17500,INTEL SSDPEKKF256G7L,PASSED,4,100,27,9.7,3043,0
8/8/2026 19:46,HI38,100,2396,54.3,5566.18,16.2,0,0.02,0,0,200,python.exe,4316,msedgewebview2.exe,17500,INTEL SSDPEKKF256G7L,PASSED,4,100,27,9.7,3043,0
8/8/2026 19:46,HI38,99.8,2396,54.2,5567.45,16.2,0,0.14,0,0,200,python.exe,13996,msedgewebview2.exe,17500,INTEL SSDPEKKF256G7L,PASSED,4,100,27,9.7,3043,0
8/8/2026 19:46,HI38,100,2396,54.4,5553.25,16.2,0,0.03,0,0,201,python.exe,4316,msedgewebview2.exe,17500,INTEL SSDPEKKF256G7L,PASSED,4,100,27,9.7,3043,0
8/8/2026 19:46,HI38,100,2396,54.4,5553.26,16.2,0,0.08,0,0,201,python.exe,13996,msedgewebview2.exe,17500,INTEL SSDPEKKF256G7L,PASSED,4,100,27,9.7,3043,0
8/8/2026 19:46,HI38,100,2396,54.4,5553.23,16.2,0.01,0.02,0,0,202,python.exe,13996,msedgewebview2.exe,17500,INTEL SSDPEKKF256G7L,PASSED,4,100,27,9.7,3043,0
8/8/2026 19:46,HI38,100,2396,54.4,5553.23,16.2,0,0.05,0,0,202,python.exe,13996,msedgewebview2.exe,17500,INTEL SSDPEKKF256G7L,PASSED,4,100,27,9.7,3043,0
8/8/2026 19:46,HI38,100,2396,54.3,5559.02,16.2,0,0,0,0,201,python.exe,4316,msedgewebview2.exe,17500,INTEL SSDPEKKF256G7L,PASSED,4,100,27,9.7,3043,0
8/8/2026 19:46,HI38,100,2396,54.2,5571.71,16.2,0,0.05,0,0,200,python.exe,13996,msedgewebview2.exe,17500,INTEL SSDPEKKF256G7L,PASSED,4,100,27,9.7,3043,0
8/8/2026 19:46,HI38,100,2396,54.2,5572.12,16.2,0,0.05,0,0,200,python.exe,4316,msedgewebview2.exe,17500,INTEL SSDPEKKF256G7L,PASSED,4,100,27,9.7,3043,0
8/8/2026 19:46,HI38,100,2396,54.2,5571.9,16.2,0,0.19,0,0,200,python.exe,5520,msedgewebview2.exe,17500,INTEL SSDPEKKF256G7L,PASSED,4,100,26,9.7,3043,0
8/8/2026 19:46,HI38,100,2396,54.2,5572.24,16.2,0,0.2,0,0,200,python.exe,13996,msedgewebview2.exe,17500,INTEL SSDPEKKF256G7L,PASSED,4,100,27,9.7,3043,0
8/8/2026 19:46,HI38,100,2396,54.2,5571.93,16.2,0,0.01,0,0,200,python.exe,13996,msedgewebview2.exe,17500,INTEL SSDPEKKF256G7L,PASSED,4,100,27,9.7,3043,0
8/8/2026 19:46,HI38,100,2396,54.2,5572.39,16.2,0,0.04,0,0,200,python.exe,1272,msedgewebview2.exe,17500,INTEL SSDPEKKF256G7L,PASSED,4,100,27,9.7,3043,0
8/8/2026 19:46,HI38,99.8,2396,54.2,5572.41,16.2,0,0,0,0,200,python.exe,4316,msedgewebview2.exe,17500,INTEL SSDPEKKF256G7L,PASSED,4,100,27,9.7,3043,0
8/8/2026 19:46,HI38,100,2396,54.2,5571.17,16.2,0,0.15,0,0,201,python.exe,4316,msedgewebview2.exe,17500,INTEL SSDPEKKF256G7L,PASSED,4,100,27,9.7,3043,0
8/8/2026 19:47,HI38,100,2396,54.2,5570.46,16.2,0,0,0,0,201,python.exe,1272,msedgewebview2.exe,17500,INTEL SSDPEKKF256G7L,PASSED,4,100,26,9.7,3043,0
8/8/2026 19:47,HI38,100,2396,54.2,5570.39,16.2,0,0.06,0,0,201,python.exe,4316,msedgewebview2.exe,17500,INTEL SSDPEKKF256G7L,PASSED,4,100,26,9.7,3043,0
8/8/2026 19:47,HI38,100,2396,54.2,5570.41,16.2,0,0,0,0,201,python.exe,13996,msedgewebview2.exe,17500,INTEL SSDPEKKF256G7L,PASSED,4,100,27,9.7,3043,0
8/8/2026 19:47,HI38,100,2396,54.2,5570.16,16.2,0,0.04,0,0,201,python.exe,4316,msedgewebview2.exe,17500,INTEL SSDPEKKF256G7L,PASSED,4,100,26,9.7,3043,0
8/8/2026 19:47,HI38,100,2396,54.3,5558.19,16.2,0,6.36,0,0.01,201,python.exe,13996,msedgewebview2.exe,17500,INTEL SSDPEKKF256G7L,PASSED,4,100,26,9.7,3043,0
8/8/2026 19:47,HI38,100,1497,54.3,5565.26,16.2,0,1.85,0,0,201,python.exe,13996,msedgewebview2.exe,17500,INTEL SSDPEKKF256G7L,PASSED,4,100,27,9.7,3043,0
8/8/2026 19:47,HI38,100,2396,54.3,5564.88,16.2,0,0.12,0,0,201,python.exe,1272,msedgewebview2.exe,17500,INTEL SSDPEKKF256G7L,PASSED,4,100,27,9.7,3043,0
8/8/2026 19:47,HI38,100,2396,54.3,5564.16,16.2,0,0.05,0,0,201,python.exe,4316,msedgewebview2.exe,17500,INTEL SSDPEKKF256G7L,PASSED,4,100,27,9.7,3043,0
8/8/2026 19:47,HI38,100,2396,54.3,5563.21,16.2,0,0.02,0,0,201,python.exe,13996,msedgewebview2.exe,17500,INTEL SSDPEKKF256G7L,PASSED,4,100,26,9.7,3043,0
8/8/2026 19:47,HI38,100,2396,54.3,5561.72,16.2,0,0.06,0,0,201,python.exe,13996,msedgewebview2.exe,17500,INTEL SSDPEKKF256G7L,PASSED,4,100,27,9.7,3043,0
8/8/2026 19:47,HI38,100,2396,54.4,5551.32,16.2,0,0,0,0,201,python.exe,4316,msedgewebview2.exe,17500,INTEL SSDPEKKF256G7L,PASSED,4,100,27,9.7,3043,0
8/8/2026 19:47,HI38,100,2396,54.4,5551.78,16.2,0,0.08,0,0,201,python.exe,13996,msedgewebview2.exe,17500,INTEL SSDPEKKF256G7L,PASSED,4,100,26,9.7,3043,0
8/8/2026 19:47,HI38,99.8,2396,54.4,5551.73,16.2,0,0.05,0,0,201,python.exe,13996,msedgewebview2.exe,17500,INTEL SSDPEKKF256G7L,PASSED,4,100,26,9.7,3043,0
8/8/2026 19:47,HI38,100,2396,54.4,5551.54,16.2,0.01,0.09,0,0,201,python.exe,13996,msedgewebview2.exe,17500,INTEL SSDPEKKF256G7L,PASSED,4,100,27,9.7,3043,0
8/8/2026 19:47,HI38,100,2396,54.5,5534.96,16.2,0,0.09,0,0,201,python.exe,5520,msedgewebview2.exe,17500,INTEL SSDPEKKF256G7L,PASSED,4,100,26,9.7,3043,0
8/8/2026 19:47,HI38,100,2396,54.6,5522.86,16.2,0,0.01,0,0,202,python.exe,5520,msedgewebview2.exe,17500,INTEL SSDPEKKF256G7L,PASSED,4,100,27,9.7,3043,0
8/8/2026 19:47,HI38,100,1497,54.6,5523.23,16.2,0,0.05,0,0,202,python.exe,5520,msedgewebview2.exe,17500,INTEL SSDPEKKF256G7L,PASSED,4,100,26,9.7,3043,0
8/8/2026 19:47,HI38,100,2396,54.4,5552.15,16.2,0,0.08,0,0,201,python.exe,13996,msedgewebview2.exe,17500,INTEL SSDPEKKF256G7L,PASSED,4,100,26,9.7,3043,0
8/8/2026 19:47,HI38,100,2396,54.2,5568.66,16.2,0,0.03,0,0,200,python.exe,1272,msedgewebview2.exe,17500,INTEL SSDPEKKF256G7L,PASSED,4,100,27,9.7,3043,0
8/8/2026 19:47,HI38,100,1497,54.2,5569.04,16.2,0,0.07,0,0,200,python.exe,1272,msedgewebview2.exe,17500,INTEL SSDPEKKF256G7L,PASSED,4,100,27,9.7,3043,0
8/8/2026 19:47,HI38,100,1497,54.2,5568.86,16.2,0,0.05,0,0,200,python.exe,13996,msedgewebview2.exe,17500,INTEL SSDPEKKF256G7L,PASSED,4,100,26,9.7,3043,0
8/8/2026 19:47,HI38,100,1497,54.4,5554.2,16.2,0,0.1,0,0,201,python.exe,13996,msedgewebview2.exe,17500,INTEL SSDPEKKF256G7L,PASSED,4,100,27,9.7,3043,0
8/8/2026 19:47,HI38,100,1497,54.4,5552.82,16.2,0,0.01,0,0,201,python.exe,4316,msedgewebview2.exe,17500,INTEL SSDPEKKF256G7L,PASSED,4,100,27,9.7,3043,0
8/8/2026 19:47,HI38,100,2396,54.4,5553.64,16.2,0,0.02,0,0,201,python.exe,1272,msedgewebview2.exe,17500,INTEL SSDPEKKF256G7L,PASSED,4,100,27,9.7,3043,0
8/8/2026 19:48,HI38,100,2396,54.5,5540.75,16.2,0.01,0.01,0,0,201,python.exe,1272,msedgewebview2.exe,17500,INTEL SSDPEKKF256G7L,PASSED,4,100,26,9.7,3043,0
8/8/2026 19:48,HI38,100,1497,54.5,5541.59,16.2,0,0.07,0,0,201,python.exe,4316,msedgewebview2.exe,17500,INTEL SSDPEKKF256G7L,PASSED,4,100,27,9.7,3043,0
8/8/2026 19:48,HI38,100,2396,54.5,5540.03,16.2,0,0.03,0,0,202,python.exe,5520,msedgewebview2.exe,17500,INTEL SSDPEKKF256G7L,PASSED,4,100,27,9.7,3043,0
8/8/2026 19:48,HI38,100,1497,54.5,5539.76,16.2,0,0.06,0,0,202,python.exe,1272,msedgewebview2.exe,17500,INTEL SSDPEKKF256G7L,PASSED,4,100,26,9.7,3043,0
8/8/2026 19:48,HI38,100,2396,54.4,5549.28,16.2,0,0,0,0,201,python.exe,5520,msedgewebview2.exe,17500,INTEL SSDPEKKF256G7L,PASSED,4,100,26,9.7,3043,0
8/8/2026 19:48,HI38,100,2396,54.4,5549.78,16.2,0,0.01,0,0,201,python.exe,5520,msedgewebview2.exe,17500,INTEL SSDPEKKF256G7L,PASSED,4,100,27,9.7,3043,0
8/8/2026 19:48,HI38,100,1497,54.5,5535.3,16.2,0,0,0,0,201,python.exe,5520,msedgewebview2.exe,17500,INTEL SSDPEKKF256G7L,PASSED,4,100,27,9.7,3043,0
8/8/2026 19:48,HI38,99.9,1497,54.5,5533.07,16.2,0.01,0.07,0,0,201,python.exe,4316,msedgewebview2.exe,17500,INTEL SSDPEKKF256G7L,PASSED,4,100,27,9.7,3043,0
8/8/2026 19:48,HI38,100,2396,54.5,5533.09,16.2,0,0.09,0,0,201,python.exe,13996,msedgewebview2.exe,17500,INTEL SSDPEKKF256G7L,PASSED,4,100,27,9.7,3043,0
8/8/2026 19:48,HI38,100,2396,54.4,5550.5,16.2,0,0.02,0,0,201,python.exe,4316,msedgewebview2.exe,17500,INTEL SSDPEKKF256G7L,PASSED,4,100,27,9.7,3043,0
8/8/2026 19:48,HI38,100,2396,54.4,5551.48,16.2,0,0.07,0,0,201,python.exe,13996,msedgewebview2.exe,17500,INTEL SSDPEKKF256G7L,PASSED,4,100,27,9.7,3043,0
8/8/2026 19:48,HI38,100,2396,54.4,5551.94,16.2,0,0.09,0,0,201,python.exe,5520,msedgewebview2.exe,17500,INTEL SSDPEKKF256G7L,PASSED,4,100,26,9.7,3043,0
8/8/2026 19:48,HI38,100,2396,54.4,5553.72,16.2,0.01,0.01,0,0,201,python.exe,1272,msedgewebview2.exe,17500,INTEL SSDPEKKF256G7L,PASSED,4,100,26,9.7,3043,0
8/8/2026 19:48,HI38,100,2396,54.4,5553.31,16.2,0.01,0.22,0,0,201,python.exe,13996,msedgewebview2.exe,17500,INTEL SSDPEKKF256G7L,PASSED,4,100,26,9.7,3043,0
8/8/2026 19:48,HI38,100,2396,54.3,5561.13,16.2,0,0.03,0,0,201,python.exe,13996,msedgewebview2.exe,17500,INTEL SSDPEKKF256G7L,PASSED,4,100,27,9.7,3043,0
8/8/2026 19:48,HI38,100,2396,54.3,5562.77,16.2,0,0.12,0,0,201,python.exe,4316,msedgewebview2.exe,17500,INTEL SSDPEKKF256G7L,PASSED,4,100,26,9.7,3043,0
8/8/2026 19:48,HI38,100,2396,54.3,5559.23,16.2,0,0.05,0,0,202,python.exe,5520,msedgewebview2.exe,17500,INTEL SSDPEKKF256G7L,PASSED,4,100,26,9.7,3043,0
8/8/2026 19:48,HI38,100,2396,54.3,5559.64,16.2,0,0.04,0,0,202,python.exe,4316,msedgewebview2.exe,17500,INTEL SSDPEKKF256G7L,PASSED,4,100,26,9.7,3043,0
8/8/2026 19:48,HI38,100,2396,54.3,5559.64,16.2,0,0,0,0,202,python.exe,13996,msedgewebview2.exe,17500,INTEL SSDPEKKF256G7L,PASSED,4,100,27,9.7,3043,0
8/8/2026 19:48,HI38,100,2396,54.3,5559.62,16.2,0,0.04,0,0,202,python.exe,1272,msedgewebview2.exe,17500,INTEL SSDPEKKF256G7L,PASSED,4,100,26,9.7,3043,0
8/8/2026 19:48,HI38,100,2396,54.3,5559.61,16.2,0,0,0,0,202,python.exe,13996,msedgewebview2.exe,17500,INTEL SSDPEKKF256G7L,PASSED,4,100,26,9.7,3043,0
8/8/2026 19:48,HI38,100,2396,54.3,5565.4,16.2,0,0.03,0,0,201,python.exe,1272,msedgewebview2.exe,17500,INTEL SSDPEKKF256G7L,PASSED,4,100,26,9.7,3043,0
8/8/2026 19:48,HI38,100,2396,54.4,5552.84,16.2,0,0.1,0,0,201,python.exe,5520,msedgewebview2.exe,17500,INTEL SSDPEKKF256G7L,PASSED,4,100,26,9.7,3043,0
8/8/2026 19:48,HI38,100,2396,54.4,5553.55,16.2,0,0.02,0,0,201,python.exe,5520,msedgewebview2.exe,17500,INTEL SSDPEKKF256G7L,PASSED,4,100,27,9.7,3043,0
8/8/2026 19:48,HI38,100,2396,54.5,5532.52,16.2,0,0.1,0,0,202,python.exe,5520,msedgewebview2.exe,17500,INTEL SSDPEKKF256G7L,PASSED,4,100,26,9.7,3043,0
8/8/2026 19:49,HI38,100,2396,54.5,5532.71,16.2,0,0,0,0,202,python.exe,13996,msedgewebview2.exe,17500,INTEL SSDPEKKF256G7L,PASSED,4,100,27,9.7,3043,0
8/8/2026 19:49,HI38,100,2396,54.5,5534.02,16.2,0,0.05,0,0,202,python.exe,5520,msedgewebview2.exe,17500,INTEL SSDPEKKF256G7L,PASSED,4,100,27,9.7,3043,0
8/8/2026 19:49,HI38,100,2396,54.3,5555.63,16.3,0,2.8,0,0,201,python.exe,13996,msedgewebview2.exe,17500,INTEL SSDPEKKF256G7L,PASSED,4,100,26,9.7,3043,0
8/8/2026 19:49,HI38,99.8,2396,54.3,5557.66,16.2,0,6.16,0,0,202,python.exe,4316,msedgewebview2.exe,17500,INTEL SSDPEKKF256G7L,PASSED,4,100,27,9.7,3043,0
8/8/2026 19:49,HI38,100,2396,54.3,5559.37,16.2,0,0.02,0,0,202,python.exe,1272,msedgewebview2.exe,17500,INTEL SSDPEKKF256G7L,PASSED,4,100,26,9.7,3043,0
8/8/2026 19:49,HI38,100,2396,54.3,5559.65,16.2,0,0.04,0,0,202,python.exe,13996,msedgewebview2.exe,17500,INTEL SSDPEKKF256G7L,PASSED,4,100,27,9.7,3043,0
8/8/2026 19:49,HI38,100,2396,54.3,5559.61,16.2,0,0,0,0,202,python.exe,13996,msedgewebview2.exe,17500,INTEL SSDPEKKF256G7L,PASSED,4,100,27,9.7,3043,0
8/8/2026 19:49,HI38,100,2396,54.3,5559.77,16.2,0,0.04,0,0,202,python.exe,4316,msedgewebview2.exe,17500,INTEL SSDPEKKF256G7L,PASSED,4,100,26,9.7,3043,0
8/8/2026 19:49,HI38,100,2396,54.3,5559.06,16.2,0,0,0,0,202,python.exe,5520,msedgewebview2.exe,17500,INTEL SSDPEKKF256G7L,PASSED,4,100,26,9.7,3043,0
8/8/2026 19:49,HI38,100,2396,54.4,5548.79,16.2,0,0.05,0,0,201,python.exe,1272,msedgewebview2.exe,17500,INTEL SSDPEKKF256G7L,PASSED,4,100,26,9.7,3043,0
8/8/2026 19:49,HI38,100,2396,54.4,5549.61,16.2,0,0,0,0,201,python.exe,1272,msedgewebview2.exe,17500,INTEL SSDPEKKF256G7L,PASSED,4,100,26,9.7,3043,0
8/8/2026 19:49,HI38,100,2396,54.4,5549.31,16.2,0,0.09,0,0,201,python.exe,13996,msedgewebview2.exe,17500,INTEL SSDPEKKF256G7L,PASSED,4,100,26,9.7,3043,0
8/8/2026 19:49,HI38,100,2396,54.4,5549.58,16.2,0,0.02,0,0,201,python.exe,5520,msedgewebview2.exe,17500,INTEL SSDPEKKF256G7L,PASSED,4,100,27,9.7,3043,0
8/8/2026 19:49,HI38,100,2396,54.3,5559.69,16.2,0,0,0,0,201,python.exe,5520,msedgewebview2.exe,17500,INTEL SSDPEKKF256G7L,PASSED,4,100,26,9.7,3043,0
8/8/2026 19:49,HI38,100,2396,54.3,5559.9,16.2,0,0.07,0,0,201,python.exe,5520,msedgewebview2.exe,17500,INTEL SSDPEKKF256G7L,PASSED,4,100,27,9.7,3043,0
8/8/2026 19:49,HI38,100,2396,54.3,5559.91,16.2,0,0.02,0,0,201,python.exe,4316,msedgewebview2.exe,17500,INTEL SSDPEKKF256G7L,PASSED,4,100,27,9.7,3043,0
8/8/2026 19:49,HI38,100,2396,54.3,5559.91,16.2,0,0.11,0,0,201,python.exe,13996,msedgewebview2.exe,17500,INTEL SSDPEKKF256G7L,PASSED,4,100,27,9.7,3043,0
8/8/2026 19:49,HI38,100,2396,54.2,5566.69,16.2,0,0.01,0,0,201,python.exe,5520,msedgewebview2.exe,17500,INTEL SSDPEKKF256G7L,PASSED,4,100,26,9.7,3043,0
8/8/2026 19:49,HI38,100,2396,54.2,5566.71,16.2,0,0.1,0,0,201,python.exe,13996,msedgewebview2.exe,17500,INTEL SSDPEKKF256G7L,PASSED,4,100,26,9.7,3043,0
8/8/2026 19:49,HI38,100,2396,54.4,5550.85,16.2,0,0.01,0,0,202,python.exe,13996,msedgewebview2.exe,17500,INTEL SSDPEKKF256G7L,PASSED,4,100,26,9.7,3043,0
8/8/2026 19:49,HI38,100,2396,54.4,5553.95,16.2,0,0.09,0,0,201,python.exe,1272,msedgewebview2.exe,17500,INTEL SSDPEKKF256G7L,PASSED,4,100,26,9.7,3043,0
8/8/2026 19:49,HI38,100,2396,54.4,5554.27,16.2,0,0,0,0,201,python.exe,4316,msedgewebview2.exe,17500,INTEL SSDPEKKF256G7L,PASSED,4,100,26,9.7,3043,0
8/8/2026 19:49,HI38,100,2396,54.4,5554.27,16.2,0,0.02,0,0,201,python.exe,4316,msedgewebview2.exe,17500,INTEL SSDPEKKF256G7L,PASSED,4,100,27,9.7,3043,0
8/8/2026 19:49,HI38,100,2396,54.3,5554.86,16.2,0,0.03,0,0,201,python.exe,4316,msedgewebview2.exe,17500,INTEL SSDPEKKF256G7L,PASSED,4,100,27,9.7,3043,0
8/8/2026 19:49,HI38,100,2396,54.3,5554.9,16.2,0,0.08,0,0,201,python.exe,13996,msedgewebview2.exe,17500,INTEL SSDPEKKF256G7L,PASSED,4,100,26,9.7,3043,0
8/8/2026 19:50,HI38,100,2396,54.3,5554.95,16.2,0,0.05,0,0,201,python.exe,13996,msedgewebview2.exe,17500,INTEL SSDPEKKF256G7L,PASSED,4,100,27,9.7,3043,0
8/8/2026 19:50,HI38,100,2396,54.3,5554.4,16.2,0,0.11,0,0,201,python.exe,4316,msedgewebview2.exe,17500,INTEL SSDPEKKF256G7L,PASSED,4,100,26,9.7,3043,0
8/8/2026 19:50,HI38,100,2396,54.3,5554.73,16.2,0,0.03,0,0,201,python.exe,5520,msedgewebview2.exe,17500,INTEL SSDPEKKF256G7L,PASSED,4,100,27,9.7,3043,0
8/8/2026 19:50,HI38,100,2396,54.3,5555.24,16.2,0,0.02,0,0,202,python.exe,13996,msedgewebview2.exe,17500,INTEL SSDPEKKF256G7L,PASSED,4,100,26,9.7,3043,0
8/8/2026 19:50,HI38,100,2396,54.3,5555.54,16.2,0,0.03,0,0,202,python.exe,4316,msedgewebview2.exe,17500,INTEL SSDPEKKF256G7L,PASSED,4,100,26,9.7,3043,0
8/8/2026 19:50,HI38,100,2396,54.3,5560.99,16.2,0,0,0,0,201,python.exe,13996,msedgewebview2.exe,17500,INTEL SSDPEKKF256G7L,PASSED,4,100,27,9.7,3043,0
8/8/2026 19:50,HI38,100,2396,54.3,5559.61,16.2,0,0.1,0,0,202,python.exe,1272,msedgewebview2.exe,17500,INTEL SSDPEKKF256G7L,PASSED,4,100,26,9.7,3043,0
8/8/2026 19:50,HI38,100,2396,54.2,5569.97,16.2,0,0.03,0,0,201,python.exe,13996,msedgewebview2.exe,17500,INTEL SSDPEKKF256G7L,PASSED,4,100,26,9.7,3043,0
8/8/2026 19:50,HI38,100,2396,54.2,5572.28,16.2,0,0.03,0,0,201,python.exe,13996,msedgewebview2.exe,17500,INTEL SSDPEKKF256G7L,PASSED,4,100,27,9.7,3043,0
8/8/2026 19:50,HI38,100,2396,54.2,5572.39,16.2,0,0,0,0,201,python.exe,4316,msedgewebview2.exe,17500,INTEL SSDPEKKF256G7L,PASSED,4,100,26,9.7,3043,0
8/8/2026 19:50,HI38,100,2396,54.2,5572.55,16.2,0,0,0,0,201,python.exe,13996,msedgewebview2.exe,17500,INTEL SSDPEKKF256G7L,PASSED,4,100,27,9.7,3043,0
8/8/2026 19:50,HI38,100,2396,54.2,5572.55,16.2,0,0,0,0,201,python.exe,1272,msedgewebview2.exe,17500,INTEL SSDPEKKF256G7L,PASSED,4,100,26,9.7,3043,0
8/8/2026 19:50,HI38,100,2396,54.2,5572.55,16.2,0,0.2,0,0,201,python.exe,4316,msedgewebview2.exe,17500,INTEL SSDPEKKF256G7L,PASSED,4,100,26,9.7,3043,0
8/8/2026 19:50,HI38,100,2396,54.2,5572.64,16.2,0,0,0,0,201,python.exe,5520,msedgewebview2.exe,17500,INTEL SSDPEKKF256G7L,PASSED,4,100,26,9.7,3043,0
8/8/2026 19:50,HI38,100,2396,54.2,5572.39,16.2,0,0,0,0,201,python.exe,5520,msedgewebview2.exe,17500,INTEL SSDPEKKF256G7L,PASSED,4,100,26,9.7,3043,0
8/8/2026 19:50,HI38,100,2396,54.2,5572.65,16.2,0,0.01,0,0,201,python.exe,5520,msedgewebview2.exe,17500,INTEL SSDPEKKF256G7L,PASSED,4,100,26,9.7,3043,0
8/8/2026 19:50,HI38,100,2396,54.2,5572.66,16.2,0,0.02,0,0,201,python.exe,1272,msedgewebview2.exe,17500,INTEL SSDPEKKF256G7L,PASSED,4,100,27,9.7,3043,0
8/8/2026 19:50,HI38,100,2396,54.2,5572.7,16.2,0,0.09,0,0,201,python.exe,13996,msedgewebview2.exe,17500,INTEL SSDPEKKF256G7L,PASSED,4,100,26,9.7,3043,0
8/8/2026 19:50,HI38,99.8,2396,54.2,5570.29,16.2,0,0,0,0,201,python.exe,5520,msedgewebview2.exe,17500,INTEL SSDPEKKF256G7L,PASSED,4,100,26,9.7,3043,0
8/8/2026 19:50,HI38,100,2396,54.3,5564.61,16.2,0,0.08,0,0,201,python.exe,1272,msedgewebview2.exe,17500,INTEL SSDPEKKF256G7L,PASSED,4,100,26,9.7,3043,0
8/8/2026 19:50,HI38,100,2396,54.2,5569.52,16.2,0,0.02,0,0,201,python.exe,5520,msedgewebview2.exe,17500,INTEL SSDPEKKF256G7L,PASSED,4,100,26,9.7,3043,0
8/8/2026 19:50,HI38,100,2396,54.2,5569.79,16.2,0,0.06,0,0,201,python.exe,13996,msedgewebview2.exe,17500,INTEL SSDPEKKF256G7L,PASSED,4,100,27,9.7,3043,0
8/8/2026 19:50,HI38,100,2396,54.3,5557.46,16.2,0,0,0,0,202,python.exe,4316,msedgewebview2.exe,17500,INTEL SSDPEKKF256G7L,PASSED,4,100,27,9.7,3043,0
8/8/2026 19:50,HI38,100,2396,54.2,5568.92,16.2,0,0.1,0.01,0.01,202,python.exe,13996,msedgewebview2.exe,17500,INTEL SSDPEKKF256G7L,PASSED,4,100,27,9.7,3043,0
8/8/2026 19:50,HI38,100,2396,54.2,5569.5,16.2,0,0.06,0,0,202,python.exe,4316,msedgewebview2.exe,17500,INTEL SSDPEKKF256G7L,PASSED,4,100,26,9.7,3043,0
8/8/2026 19:50,HI38,100,2396,54.2,5569.51,16.2,0,0.01,0,0,202,python.exe,13996,msedgewebview2.exe,17500,INTEL SSDPEKKF256G7L,PASSED,4,100,27,9.7,3043,0
8/8/2026 19:51,HI38,100,2396,54.2,5569.64,16.2,0.01,0.04,0,0,202,python.exe,1272,msedgewebview2.exe,17500,INTEL SSDPEKKF256G7L,PASSED,4,100,26,9.7,3043,0
8/8/2026 19:51,HI38,100,2396,54.2,5568.54,16.2,0,0.22,0,0,202,python.exe,4316,msedgewebview2.exe,17500,INTEL SSDPEKKF256G7L,PASSED,4,100,27,9.7,3043,0
8/8/2026 19:51,HI38,100,2396,54.3,5566.4,16.2,0,0,0,0,203,python.exe,1272,msedgewebview2.exe,17500,INTEL SSDPEKKF256G7L,PASSED,4,100,26,9.7,3043,0
8/8/2026 19:51,HI38,100,2396,54.3,5565.21,16.2,0,0,0,0,203,python.exe,5520,msedgewebview2.exe,17500,INTEL SSDPEKKF256G7L,PASSED,4,100,26,9.7,3043,0
8/8/2026 19:51,HI38,100,2396,54.3,5563.08,16.2,0,0.01,0,0,203,python.exe,4316,msedgewebview2.exe,17500,INTEL SSDPEKKF256G7L,PASSED,4,100,26,9.7,3043,0
8/8/2026 19:51,HI38,100,2396,54.3,5560.21,16.2,0.01,0.07,0,0,203,python.exe,4316,msedgewebview2.exe,17500,INTEL SSDPEKKF256G7L,PASSED,4,100,27,9.7,3043,0
8/8/2026 19:51,HI38,100,2396,54.2,5570.99,16.2,0,0.25,0,0,202,python.exe,1272,msedgewebview2.exe,17500,INTEL SSDPEKKF256G7L,PASSED,4,100,26,9.7,3043,0
8/8/2026 19:51,HI38,100,2396,54.2,5571.01,16.2,0.01,0.16,0,0,202,python.exe,5520,msedgewebview2.exe,17500,INTEL SSDPEKKF256G7L,PASSED,4,100,26,9.7,3043,0
8/8/2026 19:51,HI38,99.8,2396,54.2,5572.17,16.2,0,0.11,0,0,202,python.exe,4316,msedgewebview2.exe,17500,INTEL SSDPEKKF256G7L,PASSED,4,100,26,9.7,3043,0
8/8/2026 19:51,HI38,100,2396,54.2,5572.43,16.2,0,0.01,0,0,202,python.exe,13996,msedgewebview2.exe,17500,INTEL SSDPEKKF256G7L,PASSED,4,100,27,9.7,3043,0
8/8/2026 19:51,HI38,100,2396,54.2,5572.64,16.2,0,0.1,0,0,202,python.exe,1272,msedgewebview2.exe,17500,INTEL SSDPEKKF256G7L,PASSED,4,100,27,9.7,3043,0
8/8/2026 19:51,HI38,100,2396,54.1,5581.86,16.2,0,0,0,0,201,python.exe,5520,msedgewebview2.exe,17500,INTEL SSDPEKKF256G7L,PASSED,4,100,27,9.7,3043,0
8/8/2026 19:51,HI38,100,2396,54.1,5582.35,16.2,0,0.09,0,0,201,python.exe,4316,msedgewebview2.exe,17500,INTEL SSDPEKKF256G7L,PASSED,4,100,26,9.7,3043,0
8/8/2026 19:51,HI38,100,2396,54.1,5584.16,16.2,0,0.07,0,0,201,python.exe,5520,msedgewebview2.exe,17500,INTEL SSDPEKKF256G7L,PASSED,4,100,27,9.7,3043,0
8/8/2026 19:51,HI38,100,2396,54.1,5584.48,16.2,0,0.04,0,0,202,python.exe,1272,msedgewebview2.exe,17500,INTEL SSDPEKKF256G7L,PASSED,4,100,27,9.7,3043,0
8/8/2026 19:51,HI38,100,2396,54.1,5584.5,16.2,0,0.02,0,0,202,python.exe,4316,msedgewebview2.exe,17500,INTEL SSDPEKKF256G7L,PASSED,4,100,26,9.7,3043,0
8/8/2026 19:51,HI38,100,2396,54.1,5584.5,16.2,0,0.01,0,0,202,python.exe,5520,msedgewebview2.exe,17500,INTEL SSDPEKKF256G7L,PASSED,4,100,27,9.7,3043,0
8/8/2026 19:51,HI38,100,2396,54.1,5584.5,16.2,0,0,0,0,202,python.exe,13996,msedgewebview2.exe,17500,INTEL SSDPEKKF256G7L,PASSED,4,100,26,9.7,3043,0
8/8/2026 19:51,HI38,100,2396,54.1,5584.99,16.2,0,0.08,0,0,202,python.exe,4316,msedgewebview2.exe,17500,INTEL SSDPEKKF256G7L,PASSED,4,100,26,9.7,3043,0
8/8/2026 19:51,HI38,100,2396,54.1,5585.5,16.2,0,0.01,0,0,202,python.exe,5520,msedgewebview2.exe,17500,INTEL SSDPEKKF256G7L,PASSED,4,100,27,9.7,3043,0
8/8/2026 19:51,HI38,100,2396,54.1,5584.33,16.2,0,0.11,0,0,202,python.exe,13996,msedgewebview2.exe,17500,INTEL SSDPEKKF256G7L,PASSED,4,100,26,9.7,3043,0
8/8/2026 19:51,HI38,100,2396,54.1,5582.46,16.2,0,0.02,0,0,202,python.exe,13996,msedgewebview2.exe,17500,INTEL SSDPEKKF256G7L,PASSED,4,100,26,9.7,3043,0
8/8/2026 19:51,HI38,100,2396,54.1,5582.21,16.2,0,0.02,0,0,202,python.exe,13996,msedgewebview2.exe,17500,INTEL SSDPEKKF256G7L,PASSED,4,100,27,9.7,3043,0
8/8/2026 19:51,HI38,100,2396,54.2,5566.78,16.2,0,0.03,0,0,203,python.exe,4316,msedgewebview2.exe,17500,INTEL SSDPEKKF256G7L,PASSED,4,100,26,9.7,3043,0
8/8/2026 19:51,HI38,100,2396,54.2,5566.93,16.2,0,0,0,0,203,python.exe,13996,msedgewebview2.exe,17500,INTEL SSDPEKKF256G7L,PASSED,4,100,27,9.7,3043,0
8/8/2026 19:52,HI38,100,2396,54.2,5567.03,16.2,0,0.1,0,0,203,python.exe,4316,msedgewebview2.exe,17500,INTEL SSDPEKKF256G7L,PASSED,4,100,27,9.7,3043,0
8/8/2026 19:52,HI38,100,2396,54.2,5574.03,16.2,0,0.01,0,0,202,python.exe,5520,msedgewebview2.exe,17500,INTEL SSDPEKKF256G7L,PASSED,4,100,26,9.7,3043,0
8/8/2026 19:52,HI38,100,2396,54.2,5574.39,16.2,0,0.1,0,0,202,python.exe,5520,msedgewebview2.exe,17500,INTEL SSDPEKKF256G7L,PASSED,4,100,26,9.7,3043,0
8/8/2026 19:52,HI38,100,2396,54.2,5574.35,16.2,0,0,0,0,202,python.exe,1272,msedgewebview2.exe,17500,INTEL SSDPEKKF256G7L,PASSED,4,100,27,9.7,3043,0
8/8/2026 19:52,HI38,100,2396,54.2,5574.3,16.2,0,0.06,0.01,0.01,202,python.exe,1272,msedgewebview2.exe,17500,INTEL SSDPEKKF256G7L,PASSED,4,100,26,9.7,3043,0
8/8/2026 19:52,HI38,100,2396,54.2,5574.29,16.2,0,0.03,0,0,202,python.exe,4316,msedgewebview2.exe,17500,INTEL SSDPEKKF256G7L,PASSED,4,100,26,9.7,3043,0
8/8/2026 19:52,HI38,100,2396,54.3,5557.11,16.2,0,0.04,0,0,204,python.exe,5520,msedgewebview2.exe,17500,INTEL SSDPEKKF256G7L,PASSED,4,100,26,9.7,3043,0
8/8/2026 19:52,HI38,100,2396,54.3,5555.77,16.2,0,0,0,0.01,204,python.exe,4316,msedgewebview2.exe,17500,INTEL SSDPEKKF256G7L,PASSED,4,100,26,9.7,3043,0
8/8/2026 19:52,HI38,100,2396,54.3,5558.41,16.2,0.02,0.23,0,0,203,python.exe,5520,msedgewebview2.exe,17500,INTEL SSDPEKKF256G7L,PASSED,4,100,26,9.7,3043,0
8/8/2026 19:52,HI38,100,2396,54.2,5572.61,16.2,0,0.05,0,0,202,python.exe,1272,msedgewebview2.exe,17500,INTEL SSDPEKKF256G7L,PASSED,4,100,26,9.7,3043,0
8/8/2026 19:52,HI38,100,2396,54.2,5573.12,16.2,0,0.1,0,0,202,python.exe,1272,msedgewebview2.exe,17500,INTEL SSDPEKKF256G7L,PASSED,4,100,27,9.7,3043,0
8/8/2026 19:52,HI38,100,2396,54.2,5573.21,16.2,0,0,0,0,202,python.exe,13996,msedgewebview2.exe,17500,INTEL SSDPEKKF256G7L,PASSED,4,100,26,9.7,3043,0
8/8/2026 19:52,HI38,100,2396,54.2,5573,16.2,0.01,0.05,0,0,202,python.exe,5520,msedgewebview2.exe,17500,INTEL SSDPEKKF256G7L,PASSED,4,100,26,9.7,3043,0
8/8/2026 19:52,HI38,100,2396,54.2,5573.3,16.2,0,0,0,0,202,python.exe,4316,msedgewebview2.exe,17500,INTEL SSDPEKKF256G7L,PASSED,4,100,26,9.7,3043,0
8/8/2026 19:52,HI38,100,2396,54.2,5573.3,16.2,0.01,0.13,0,0,202,python.exe,1272,msedgewebview2.exe,17500,INTEL SSDPEKKF256G7L,PASSED,4,100,27,9.7,3043,0
8/8/2026 19:52,HI38,100,2396,54.2,5573.36,16.2,0,0.01,0,0,202,python.exe,1272,msedgewebview2.exe,17500,INTEL SSDPEKKF256G7L,PASSED,4,100,26,9.7,3043,0
8/8/2026 19:52,HI38,100,2396,54.2,5573.37,16.2,0,0.12,0,0,203,python.exe,4316,msedgewebview2.exe,17500,INTEL SSDPEKKF256G7L,PASSED,4,100,26,9.7,3043,0
8/8/2026 19:52,HI38,100,2396,54.2,5573.36,16.2,0,0.04,0,0,203,python.exe,5520,msedgewebview2.exe,17500,INTEL SSDPEKKF256G7L,PASSED,4,100,26,9.7,3043,0
8/8/2026 19:52,HI38,100,2396,54.2,5573.38,16.2,0,0.01,0,0,203,python.exe,1272,msedgewebview2.exe,17500,INTEL SSDPEKKF256G7L,PASSED,4,100,26,9.7,3043,0
8/8/2026 19:52,HI38,100,2396,54.2,5573.28,16.2,0,0.04,0,0,203,python.exe,4316,msedgewebview2.exe,17500,INTEL SSDPEKKF256G7L,PASSED,4,100,26,9.7,3043,0
8/8/2026 19:52,HI38,100,2396,54.2,5573.28,16.2,0,0.02,0,0,203,python.exe,13996,msedgewebview2.exe,17500,INTEL SSDPEKKF256G7L,PASSED,4,100,26,9.7,3043,0
8/8/2026 19:52,HI38,100,2396,54.2,5573.29,16.2,0,0.07,0,0,203,python.exe,13996,msedgewebview2.exe,17500,INTEL SSDPEKKF256G7L,PASSED,4,100,26,9.7,3043,0
8/8/2026 19:52,HI38,100,2396,54.3,5562.91,16.2,0,0.01,0,0,203,python.exe,1272,msedgewebview2.exe,17500,INTEL SSDPEKKF256G7L,PASSED,4,100,26,9.7,3043,0
8/8/2026 19:52,HI38,100,2396,54.2,5568.02,16.2,0,0.11,0,0,203,python.exe,1272,msedgewebview2.exe,17500,INTEL SSDPEKKF256G7L,PASSED,4,100,27,9.7,3043,0
8/8/2026 19:52,HI38,100,2396,54.2,5567.88,16.2,0,0.01,0,0,205,python.exe,4316,msedgewebview2.exe,17500,INTEL SSDPEKKF256G7L,PASSED,4,100,27,9.7,3043,0
8/8/2026 19:53,HI38,100,2396,54.3,5555.6,16.2,0,0.13,0,0,205,python.exe,1272,msedgewebview2.exe,17500,INTEL SSDPEKKF256G7L,PASSED,4,100,27,9.7,3043,0
8/8/2026 19:53,HI38,100,2396,54.3,5556.09,16.2,0.01,0.03,0,0,205,python.exe,13996,msedgewebview2.exe,17500,INTEL SSDPEKKF256G7L,PASSED,4,100,27,9.7,3043,0
8/8/2026 19:53,HI38,100,2396,54.3,5556.09,16.2,0,0,0,0,205,python.exe,5520,msedgewebview2.exe,17500,INTEL SSDPEKKF256G7L,PASSED,4,100,27,9.7,3043,0
8/8/2026 19:53,HI38,100,2396,54.3,5555.86,16.2,0,0.04,0,0,205,python.exe,13996,msedgewebview2.exe,17500,INTEL SSDPEKKF256G7L,PASSED,4,100,26,9.7,3043,0
8/8/2026 19:53,HI38,100,2396,54.3,5556.05,16.2,0,0.1,0,0,205,python.exe,4316,msedgewebview2.exe,17500,INTEL SSDPEKKF256G7L,PASSED,4,100,27,9.7,3043,0
8/8/2026 19:53,HI38,100,2396,54.3,5566.23,16.2,0.05,0.12,0,0,204,python.exe,1272,msedgewebview2.exe,17500,INTEL SSDPEKKF256G7L,PASSED,4,100,27,9.7,3043,0
8/8/2026 19:53,HI38,100,2396,54.2,5566.69,16.2,0,0.11,0,0,204,python.exe,13996,msedgewebview2.exe,17500,INTEL SSDPEKKF256G7L,PASSED,4,100,27,9.7,3043,0
8/8/2026 19:53,HI38,100,2396,54.2,5566.88,16.2,0.04,0.2,0,0,204,python.exe,13996,msedgewebview2.exe,17500,INTEL SSDPEKKF256G7L,PASSED,4,100,26,9.7,3043,0
8/8/2026 19:53,HI38,100,2396,54.2,5574.8,16.2,0,0.02,0,0,200,python.exe,5520,msedgewebview2.exe,17500,INTEL SSDPEKKF256G7L,PASSED,4,100,27,9.7,3043,0
8/8/2026 19:53,HI38,100,2396,54.2,5575.25,16.2,0,0.03,0,0,200,python.exe,13996,msedgewebview2.exe,17500,INTEL SSDPEKKF256G7L,PASSED,4,100,26,9.7,3043,0
8/8/2026 19:53,HI38,100,2396,54.2,5575.59,16.2,0,0,0,0,200,python.exe,5520,msedgewebview2.exe,17500,INTEL SSDPEKKF256G7L,PASSED,4,100,26,9.7,3043,0
8/8/2026 19:53,HI38,100,2396,54.2,5575.82,16.2,0,0.04,0,0,200,python.exe,5520,msedgewebview2.exe,17500,INTEL SSDPEKKF256G7L,PASSED,4,100,27,9.7,3043,0
8/8/2026 19:53,HI38,100,2396,54.2,5576.32,16.2,0,0.08,0,0,200,python.exe,4316,msedgewebview2.exe,17500,INTEL SSDPEKKF256G7L,PASSED,4,100,27,9.7,3043,0
8/8/2026 19:53,HI38,100,2396,54.2,5577.21,16.2,0,0.04,0,0,200,python.exe,13996,msedgewebview2.exe,17500,INTEL SSDPEKKF256G7L,PASSED,4,100,27,9.7,3043,0
8/8/2026 19:53,HI38,100,2396,54.1,5579.48,16.2,0,0.01,0,0,199,python.exe,13996,msedgewebview2.exe,17500,INTEL SSDPEKKF256G7L,PASSED,4,100,27,9.7,3043,0
8/8/2026 19:53,HI38,100,2396,54.1,5579.82,16.2,0,0.01,0,0,199,python.exe,13996,msedgewebview2.exe,17500,INTEL SSDPEKKF256G7L,PASSED,4,100,27,9.7,3043,0
8/8/2026 19:53,HI38,100,2396,54.1,5579.65,16.2,0,0,0,0,199,python.exe,5520,msedgewebview2.exe,17500,INTEL SSDPEKKF256G7L,PASSED,4,100,26,9.7,3043,0
8/8/2026 19:53,HI38,100,2396,54.1,5579.93,16.2,0,0.05,0,0,199,python.exe,13996,msedgewebview2.exe,17500,INTEL SSDPEKKF256G7L,PASSED,4,100,26,9.7,3043,0
8/8/2026 19:53,HI38,100,2396,54.1,5579.91,16.2,0,0.01,0,0,199,python.exe,4316,msedgewebview2.exe,17500,INTEL SSDPEKKF256G7L,PASSED,4,100,27,9.7,3043,0
8/8/2026 19:53,HI38,100,2396,54.1,5579.79,16.2,0,0.09,0,0,199,python.exe,4316,msedgewebview2.exe,17500,INTEL SSDPEKKF256G7L,PASSED,4,100,27,9.7,3043,0
8/8/2026 19:53,HI38,100,2396,54.1,5579.8,16.2,0,0,0,0,199,python.exe,1272,msedgewebview2.exe,17500,INTEL SSDPEKKF256G7L,PASSED,4,100,27,9.7,3043,0
8/8/2026 19:53,HI38,100,2396,54.1,5579.8,16.2,0,0.01,0,0,199,python.exe,5520,msedgewebview2.exe,17500,INTEL SSDPEKKF256G7L,PASSED,4,100,26,9.7,3043,0
8/8/2026 19:53,HI38,100,2396,54.1,5579.69,16.2,0,0.01,0,0,199,python.exe,13996,msedgewebview2.exe,17500,INTEL SSDPEKKF256G7L,PASSED,4,100,26,9.7,3043,0
8/8/2026 19:53,HI38,100,2396,54.1,5579.45,16.2,0,0.12,0,0,199,python.exe,13996,msedgewebview2.exe,17500,INTEL SSDPEKKF256G7L,PASSED,4,100,26,9.7,3043,0
8/8/2026 19:53,HI38,100,2396,54.1,5580.81,16.2,0,0,0,0,198,python.exe,1272,msedgewebview2.exe,17500,INTEL SSDPEKKF256G7L,PASSED,4,100,26,9.7,3043,0
8/8/2026 19:53,HI38,100,2396,54.1,5580.82,16.2,0,0.04,0,0,198,python.exe,5520,msedgewebview2.exe,17500,INTEL SSDPEKKF256G7L,PASSED,4,100,27,9.7,3043,0
8/8/2026 19:54,HI38,100,2396,54.2,5575.43,16.2,0,0.05,0,0,198,python.exe,13996,msedgewebview2.exe,17500,INTEL SSDPEKKF256G7L,PASSED,4,100,27,9.7,3043,0
8/8/2026 19:54,HI38,100,2396,54.2,5575.57,16.2,0.01,0.11,0,0,198,python.exe,1272,msedgewebview2.exe,17500,INTEL SSDPEKKF256G7L,PASSED,4,100,27,9.7,3043,0
8/8/2026 19:54,HI38,100,2396,54.3,5559.4,16.2,0,0.01,0,0,199,python.exe,1272,msedgewebview2.exe,17500,INTEL SSDPEKKF256G7L,PASSED,4,100,26,9.7,3043,0
8/8/2026 19:54,HI38,100,2396,54.3,5559.43,16.2,0,0.02,0,0,199,python.exe,5520,msedgewebview2.exe,17500,INTEL SSDPEKKF256G7L,PASSED,4,100,27,9.7,3043,0
8/8/2026 19:54,HI38,100,2396,54.3,5559.05,16.2,0,0.01,0,0,199,python.exe,13996,msedgewebview2.exe,17500,INTEL SSDPEKKF256G7L,PASSED,4,100,26,9.7,3043,0
8/8/2026 19:54,HI38,100,2396,54.3,5559.33,16.2,0,0,0,0,199,python.exe,5520,msedgewebview2.exe,17500,INTEL SSDPEKKF256G7L,PASSED,4,100,27,9.7,3043,0
8/8/2026 19:54,HI38,100,2396,54.3,5559.33,16.2,0,0.11,0,0,199,python.exe,13996,msedgewebview2.exe,17500,INTEL SSDPEKKF256G7L,PASSED,4,100,26,9.7,3043,0
8/8/2026 19:54,HI38,100,2396,54.1,5583.21,16.2,0,0.03,0,0,198,python.exe,5520,msedgewebview2.exe,17500,INTEL SSDPEKKF256G7L,PASSED,4,100,26,9.7,3043,0
8/8/2026 19:54,HI38,100,2396,54.1,5584.01,16.2,0,0.04,0,0,198,python.exe,5520,msedgewebview2.exe,17500,INTEL SSDPEKKF256G7L,PASSED,4,100,26,9.7,3043,0
8/8/2026 19:54,HI38,100,2396,54.1,5584.56,16.2,0,0.02,0,0,198,python.exe,5520,msedgewebview2.exe,17500,INTEL SSDPEKKF256G7L,PASSED,4,100,26,9.7,3043,0
8/8/2026 19:54,HI38,100,2396,54.1,5585.45,16.2,0,0.08,0,0,198,python.exe,13996,msedgewebview2.exe,17500,INTEL SSDPEKKF256G7L,PASSED,4,100,26,9.7,3043,0
8/8/2026 19:54,HI38,100,2396,54.1,5586.57,16.2,0,0,0,0,198,python.exe,5520,msedgewebview2.exe,17500,INTEL SSDPEKKF256G7L,PASSED,4,100,26,9.7,3043,0
8/8/2026 19:54,HI38,100,2396,54.1,5588.03,16.2,0.01,0.12,0,0,198,python.exe,4316,msedgewebview2.exe,17500,INTEL SSDPEKKF256G7L,PASSED,4,100,27,9.7,3043,0
8/8/2026 19:54,HI38,100,2396,54.1,5588.2,16.2,0,0.07,0,0,198,python.exe,5520,msedgewebview2.exe,17500,INTEL SSDPEKKF256G7L,PASSED,4,100,26,9.7,3043,0
8/8/2026 19:54,HI38,100,2396,54.1,5589.15,16.2,0,0.11,0,0,198,python.exe,13996,msedgewebview2.exe,17500,INTEL SSDPEKKF256G7L,PASSED,4,100,26,9.7,3043,0
8/8/2026 19:54,HI38,100,2396,54.1,5589.15,16.2,0,0,0,0,198,python.exe,4316,msedgewebview2.exe,17500,INTEL SSDPEKKF256G7L,PASSED,4,100,26,9.7,3043,0
8/8/2026 19:54,HI38,100,2396,54.1,5589.05,16.2,0,0,0,0,198,python.exe,13996,msedgewebview2.exe,17500,INTEL SSDPEKKF256G7L,PASSED,4,100,26,9.7,3043,0
8/8/2026 19:54,HI38,100,2396,54.1,5588.82,16.2,0,0.05,0,0,198,python.exe,1272,msedgewebview2.exe,17500,INTEL SSDPEKKF256G7L,PASSED,4,100,27,9.7,3043,0
8/8/2026 19:54,HI38,100,2396,54.1,5589.09,16.2,0,0,0,0,198,python.exe,4316,msedgewebview2.exe,17500,INTEL SSDPEKKF256G7L,PASSED,4,100,27,9.7,3043,0
8/8/2026 19:54,HI38,100,2396,54.1,5589.11,16.2,0,0.04,0,0,198,python.exe,4316,msedgewebview2.exe,17500,INTEL SSDPEKKF256G7L,PASSED,4,100,27,9.7,3043,0
8/8/2026 19:54,HI38,100,2396,54.1,5588.82,16.2,0,0,0,0,198,python.exe,4316,msedgewebview2.exe,17500,INTEL SSDPEKKF256G7L,PASSED,4,100,26,9.7,3043,0
8/8/2026 19:54,HI38,100,2396,54.1,5587.36,16.2,0.01,0.05,0,0,198,python.exe,5520,msedgewebview2.exe,17500,INTEL SSDPEKKF256G7L,PASSED,4,100,26,9.7,3043,0
8/8/2026 19:54,HI38,100,2396,54.1,5587.17,16.2,0,0,0,0,198,python.exe,13996,msedgewebview2.exe,17500,INTEL SSDPEKKF256G7L,PASSED,4,100,27,9.7,3043,0
8/8/2026 19:54,HI38,100,2396,54.1,5586.46,16.2,0,0.04,0,0,198,python.exe,5520,msedgewebview2.exe,17500,INTEL SSDPEKKF256G7L,PASSED,4,100,26,9.7,3043,0
8/8/2026 19:54,HI38,100,2396,54.2,5577.21,16.2,0,0,0,0,198,python.exe,13996,msedgewebview2.exe,17500,INTEL SSDPEKKF256G7L,PASSED,4,100,27,9.7,3043,0
8/8/2026 19:54,HI38,100,2396,54.2,5576.62,16.2,0,0.07,0,0,199,python.exe,13996,msedgewebview2.exe,17500,INTEL SSDPEKKF256G7L,PASSED,4,100,26,9.7,3043,0
8/8/2026 19:55,HI38,100,2396,54.2,5575.25,16.2,0,0.01,0,0,199,python.exe,1272,msedgewebview2.exe,17500,INTEL SSDPEKKF256G7L,PASSED,4,100,26,9.7,3043,0
8/8/2026 19:55,HI38,100,2396,54.2,5574.53,16.2,0,0.11,0,0,199,python.exe,1272,msedgewebview2.exe,17500,INTEL SSDPEKKF256G7L,PASSED,4,100,27,9.7,3043,0
8/8/2026 19:55,HI38,100,2396,54.2,5573.71,16.2,0,0.05,0,0,199,python.exe,1272,msedgewebview2.exe,17500,INTEL SSDPEKKF256G7L,PASSED,4,100,26,9.7,3043,0
8/8/2026 19:55,HI38,100,2396,54.3,5564,16.2,0,0,0,0,199,python.exe,13996,msedgewebview2.exe,17500,INTEL SSDPEKKF256G7L,PASSED,4,100,27,9.7,3043,0
8/8/2026 19:55,HI38,100,2396,54.4,5549.62,16.2,0,0.09,0,0,200,python.exe,4316,msedgewebview2.exe,17500,INTEL SSDPEKKF256G7L,PASSED,4,100,26,9.7,3043,0
8/8/2026 19:55,HI38,99.8,2396,54.4,5549.27,16.2,0.01,0.03,0,0,200,python.exe,1272,msedgewebview2.exe,17500,INTEL SSDPEKKF256G7L,PASSED,4,100,26,9.7,3043,0
8/8/2026 19:55,HI38,100,2396,54.4,5549.23,16.2,0,0.02,0,0,200,python.exe,4316,msedgewebview2.exe,17500,INTEL SSDPEKKF256G7L,PASSED,4,100,26,9.7,3043,0
8/8/2026 19:55,HI38,99.8,2396,54.1,5579.31,16.2,0,0.07,0,0,199,python.exe,4316,msedgewebview2.exe,17500,INTEL SSDPEKKF256G7L,PASSED,4,100,26,9.7,3043,0
8/8/2026 19:55,HI38,100,2396,54.1,5579.45,16.2,0,0.08,0,0,199,python.exe,1272,msedgewebview2.exe,17500,INTEL SSDPEKKF256G7L,PASSED,4,100,26,9.7,3043,0
8/8/2026 19:55,HI38,100,2396,54.1,5579.21,16.2,0,0.04,0,0,199,python.exe,1272,msedgewebview2.exe,17500,INTEL SSDPEKKF256G7L,PASSED,4,100,27,9.7,3043,0
8/8/2026 19:55,HI38,100,2396,54.1,5579.7,16.2,0,0.04,0,0,199,python.exe,5520,msedgewebview2.exe,17500,INTEL SSDPEKKF256G7L,PASSED,4,100,26,9.7,3043,0
8/8/2026 19:55,HI38,99.8,2396,54.1,5579.71,16.2,0,0,0,0,199,python.exe,5520,msedgewebview2.exe,17500,INTEL SSDPEKKF256G7L,PASSED,4,100,26,9.7,3043,0
8/8/2026 19:55,HI38,100,2396,54.1,5579.74,16.2,0.01,0.08,0,0,199,python.exe,13996,msedgewebview2.exe,17500,INTEL SSDPEKKF256G7L,PASSED,4,100,26,9.7,3043,0
8/8/2026 19:55,HI38,100,2396,54.1,5579.35,16.2,0,0.03,0,0,199,python.exe,4316,msedgewebview2.exe,17500,INTEL SSDPEKKF256G7L,PASSED,4,100,26,9.7,3043,0
8/8/2026 19:55,HI38,100,2396,54.1,5579.61,16.2,0,0.08,0,0,199,python.exe,5520,msedgewebview2.exe,17500,INTEL SSDPEKKF256G7L,PASSED,4,100,27,9.7,3043,0
8/8/2026 19:55,HI38,100,2396,54.1,5579.62,16.2,0,0.01,0,0,199,python.exe,4316,msedgewebview2.exe,17500,INTEL SSDPEKKF256G7L,PASSED,4,100,26,9.7,3043,0
8/8/2026 19:55,HI38,100,2396,54.1,5580.64,16.2,0.01,0.14,0,0,199,python.exe,5520,msedgewebview2.exe,17500,INTEL SSDPEKKF256G7L,PASSED,4,100,26,9.7,3043,0
8/8/2026 19:55,HI38,100,2396,54.1,5580.39,16.2,0,0,0,0,199,python.exe,5520,msedgewebview2.exe,17500,INTEL SSDPEKKF256G7L,PASSED,4,100,27,9.7,3043,0
8/8/2026 19:55,HI38,100,2396,54.1,5580.64,16.2,0,0.02,0,0,199,python.exe,13996,msedgewebview2.exe,17500,INTEL SSDPEKKF256G7L,PASSED,4,100,27,9.7,3043,0
8/8/2026 19:55,HI38,100,2396,54.1,5580.64,16.2,0,0,0,0,199,python.exe,13996,msedgewebview2.exe,17500,INTEL SSDPEKKF256G7L,PASSED,4,100,26,9.7,3043,0
8/8/2026 19:55,HI38,99.8,2396,54.1,5580.52,16.2,0,0.09,0,0,199,python.exe,1272,msedgewebview2.exe,17500,INTEL SSDPEKKF256G7L,PASSED,4,100,27,9.7,3043,0
8/8/2026 19:55,HI38,100,2396,54.1,5580.29,16.2,0,0,0.01,0.01,199,python.exe,13996,msedgewebview2.exe,17500,INTEL SSDPEKKF256G7L,PASSED,4,100,26,9.7,3043,0
8/8/2026 19:55,HI38,100,2396,54.1,5580.21,16.2,0,0.04,0,0,199,python.exe,4316,msedgewebview2.exe,17500,INTEL SSDPEKKF256G7L,PASSED,4,100,26,9.7,3043,0
8/8/2026 19:55,HI38,100,2396,54.1,5580.21,16.2,0,0.06,0,0,199,python.exe,5520,msedgewebview2.exe,17500,INTEL SSDPEKKF256G7L,PASSED,4,100,27,9.7,3043,0
8/8/2026 19:55,HI38,100,2396,54.3,5564.17,16.2,0,0.1,0,0,199,python.exe,13996,msedgewebview2.exe,17500,INTEL SSDPEKKF256G7L,PASSED,4,100,27,9.7,3043,0
8/8/2026 19:56,HI38,100,2396,54.3,5565.15,16.2,0,0.06,0,0,199,python.exe,5520,msedgewebview2.exe,17500,INTEL SSDPEKKF256G7L,PASSED,4,100,26,9.7,3043,0
8/8/2026 19:56,HI38,100,2396,54.3,5565.69,16.2,0,0.05,0,0,200,python.exe,4316,msedgewebview2.exe,17500,INTEL SSDPEKKF256G7L,PASSED,4,100,26,9.7,3043,0
8/8/2026 19:56,HI38,100,2396,54.5,5536.41,16.2,0,0.04,0,0,200,python.exe,5520,msedgewebview2.exe,17500,INTEL SSDPEKKF256G7L,PASSED,4,100,27,9.7,3043,0
8/8/2026 19:56,HI38,99.8,2396,54.5,5536.17,16.2,0,0,0,0,200,python.exe,1272,msedgewebview2.exe,17500,INTEL SSDPEKKF256G7L,PASSED,4,100,26,9.7,3043,0
8/8/2026 19:56,HI38,100,2396,54.3,5561.11,16.2,0,0.17,0,0,200,python.exe,4316,msedgewebview2.exe,17500,INTEL SSDPEKKF256G7L,PASSED,4,100,26,9.7,3043,0
8/8/2026 19:56,HI38,100,2396,54.3,5561.46,16.2,0,0.03,0,0,200,python.exe,5520,msedgewebview2.exe,17500,INTEL SSDPEKKF256G7L,PASSED,4,100,26,9.7,3043,0
8/8/2026 19:56,HI38,100,2396,54.2,5571.61,16.2,0,0.11,0,0,199,python.exe,4316,msedgewebview2.exe,17500,INTEL SSDPEKKF256G7L,PASSED,4,100,26,9.7,3043,0
8/8/2026 19:56,HI38,100,2396,54.2,5572.28,16.2,0.01,0.03,0,0,199,python.exe,4316,msedgewebview2.exe,17500,INTEL SSDPEKKF256G7L,PASSED,4,100,26,9.7,3043,0
8/8/2026 19:56,HI38,100,2396,54.3,5560.67,16.2,0.01,0.11,0,0,200,python.exe,1272,msedgewebview2.exe,17500,INTEL SSDPEKKF256G7L,PASSED,4,100,26,9.7,3043,0
8/8/2026 19:56,HI38,100,2396,54.2,5574.93,16.2,0,0.02,0,0,199,python.exe,13996,msedgewebview2.exe,17500,INTEL SSDPEKKF256G7L,PASSED,4,100,26,9.7,3043,0
8/8/2026 19:56,HI38,100,2396,54.2,5574.95,16.2,0,0.08,0,0,199,python.exe,5520,msedgewebview2.exe,17500,INTEL SSDPEKKF256G7L,PASSED,4,100,26,9.7,3043,0
8/8/2026 19:56,HI38,99.8,2396,54.2,5574.97,16.2,0,0.05,0,0,199,python.exe,4316,msedgewebview2.exe,17500,INTEL SSDPEKKF256G7L,PASSED,4,100,26,9.7,3043,0
8/8/2026 19:56,HI38,100,2396,54.2,5575.73,16.2,0.01,0.19,0,0,199,python.exe,13996,msedgewebview2.exe,17500,INTEL SSDPEKKF256G7L,PASSED,4,100,26,9.7,3043,0
8/8/2026 19:56,HI38,100,2396,54.2,5575.62,16.2,0,0,0,0,199,python.exe,5520,msedgewebview2.exe,17500,INTEL SSDPEKKF256G7L,PASSED,4,100,27,9.7,3043,0
8/8/2026 19:56,HI38,100,2396,54.2,5575.66,16.2,0.01,0.03,0,0,199,python.exe,13996,msedgewebview2.exe,17500,INTEL SSDPEKKF256G7L,PASSED,4,100,27,9.7,3043,0
8/8/2026 19:56,HI38,100,2396,54.2,5575.54,16.2,0,0,0,0,199,python.exe,1272,msedgewebview2.exe,17500,INTEL SSDPEKKF256G7L,PASSED,4,100,26,9.7,3043,0
8/8/2026 19:56,HI38,100,2396,54.2,5575.29,16.2,0,0,0,0,199,python.exe,4316,msedgewebview2.exe,17500,INTEL SSDPEKKF256G7L,PASSED,4,100,27,9.7,3043,0
8/8/2026 19:56,HI38,100,2396,54.2,5575.79,16.2,0,0.07,0,0,199,python.exe,1272,msedgewebview2.exe,17500,INTEL SSDPEKKF256G7L,PASSED,4,100,26,9.7,3043,0
8/8/2026 19:56,HI38,100,2396,54.2,5575.79,16.2,0,0.04,0,0,199,python.exe,4316,msedgewebview2.exe,17500,INTEL SSDPEKKF256G7L,PASSED,4,100,26,9.7,3043,0
8/8/2026 19:56,HI38,100,2396,54.2,5575.8,16.2,0,0.11,0,0,199,python.exe,4316,msedgewebview2.exe,17500,INTEL SSDPEKKF256G7L,PASSED,4,100,26,9.7,3043,0
8/8/2026 19:56,HI38,100,2396,54.2,5575.49,16.2,0,0.03,0,0,199,python.exe,1272,msedgewebview2.exe,17500,INTEL SSDPEKKF256G7L,PASSED,4,100,26,9.7,3043,0
8/8/2026 19:56,HI38,100,2396,54.2,5575.49,16.2,0,0.05,0,0.01,199,python.exe,4316,msedgewebview2.exe,17500,INTEL SSDPEKKF256G7L,PASSED,4,100,26,9.7,3043,0
8/8/2026 19:56,HI38,100,2396,54.2,5577.23,16.2,0,0,0,0,199,python.exe,5520,msedgewebview2.exe,17500,INTEL SSDPEKKF256G7L,PASSED,4,100,26,9.7,3043,0
8/8/2026 19:56,HI38,100,2396,54.2,5577,16.2,0,0.05,0,0,199,python.exe,1272,msedgewebview2.exe,17500,INTEL SSDPEKKF256G7L,PASSED,4,100,26,9.7,3043,0
8/8/2026 19:56,HI38,100,2396,54.2,5577.07,16.2,0,0,0,0,199,python.exe,4316,msedgewebview2.exe,17500,INTEL SSDPEKKF256G7L,PASSED,4,100,27,9.7,3043,0
8/8/2026 19:57,HI38,100,2396,54.2,5578.43,16.2,0,0.07,0,0,199,python.exe,4316,msedgewebview2.exe,17500,INTEL SSDPEKKF256G7L,PASSED,4,100,26,9.7,3043,0
8/8/2026 19:57,HI38,100,2396,54.2,5578.07,16.2,0.01,0.07,0,0,199,python.exe,1272,msedgewebview2.exe,17500,INTEL SSDPEKKF256G7L,PASSED,4,100,26,9.7,3043,0
8/8/2026 19:57,HI38,100,2396,54.2,5578.51,16.2,0,0.09,0,0,199,python.exe,13996,msedgewebview2.exe,17500,INTEL SSDPEKKF256G7L,PASSED,4,100,26,9.7,3043,0
8/8/2026 19:57,HI38,100,2396,54.2,5578.25,16.2,0,0,0,0,199,python.exe,4316,msedgewebview2.exe,17500,INTEL SSDPEKKF256G7L,PASSED,4,100,26,9.7,3043,0
8/8/2026 19:57,HI38,100,2396,54.3,5562.37,16.2,0,0.01,0,0,200,python.exe,1272,msedgewebview2.exe,17500,INTEL SSDPEKKF256G7L,PASSED,4,100,26,9.7,3043,0
8/8/2026 19:57,HI38,100,2396,54.3,5562.57,16.2,0,0,0,0,200,python.exe,13996,msedgewebview2.exe,17500,INTEL SSDPEKKF256G7L,PASSED,4,100,26,9.7,3043,0
8/8/2026 19:57,HI38,100,2396,54.3,5562.42,16.2,0.01,0.1,0,0,200,python.exe,5520,msedgewebview2.exe,17500,INTEL SSDPEKKF256G7L,PASSED,4,100,26,9.7,3043,0
8/8/2026 19:57,HI38,100,2396,54.2,5574.69,16.2,0,0.07,0,0,199,python.exe,4316,msedgewebview2.exe,17500,INTEL SSDPEKKF256G7L,PASSED,4,100,26,9.7,3043,0
8/8/2026 19:57,HI38,100,2396,54.2,5574.87,16.2,0,0.03,0,0,199,python.exe,13996,msedgewebview2.exe,17500,INTEL SSDPEKKF256G7L,PASSED,4,100,26,9.7,3043,0
8/8/2026 19:57,HI38,100,2396,54.1,5583.86,16.2,0,0.07,0,0,199,python.exe,1272,msedgewebview2.exe,17500,INTEL SSDPEKKF256G7L,PASSED,4,100,26,9.7,3043,0
8/8/2026 19:57,HI38,100,2396,54.1,5583.97,16.2,0,0,0,0,199,python.exe,1272,msedgewebview2.exe,17500,INTEL SSDPEKKF256G7L,PASSED,4,100,26,9.7,3043,0
8/8/2026 19:57,HI38,100,2396,54.2,5572.64,16.2,0,0.05,0,0,200,python.exe,4316,msedgewebview2.exe,17500,INTEL SSDPEKKF256G7L,PASSED,4,100,27,9.7,3043,0
8/8/2026 19:57,HI38,100,2396,54.2,5572.59,16.2,0,0.07,0,0,200,python.exe,1272,msedgewebview2.exe,17500,INTEL SSDPEKKF256G7L,PASSED,4,100,26,9.7,3043,0
8/8/2026 19:57,HI38,100,2396,54.1,5580.23,16.2,0,0.05,0,0,199,python.exe,1272,msedgewebview2.exe,17500,INTEL SSDPEKKF256G7L,PASSED,4,100,26,9.7,3043,0
8/8/2026 19:57,HI38,100,2396,54.1,5580.66,16.2,0,0.05,0,0,199,python.exe,1272,msedgewebview2.exe,17500,INTEL SSDPEKKF256G7L,PASSED,4,100,26,9.7,3043,0
8/8/2026 19:57,HI38,100,2396,54.1,5580.66,16.2,0,0.08,0,0,199,python.exe,13996,msedgewebview2.exe,17500,INTEL SSDPEKKF256G7L,PASSED,4,100,26,9.7,3043,0
8/8/2026 19:57,HI38,100,2396,54.1,5580.63,16.2,0,0.05,0,0,199,python.exe,5520,msedgewebview2.exe,17500,INTEL SSDPEKKF256G7L,PASSED,4,100,26,9.7,3043,0
8/8/2026 19:57,HI38,100,2396,54.1,5580.22,16.2,0,0.02,0,0,200,python.exe,4316,msedgewebview2.exe,17500,INTEL SSDPEKKF256G7L,PASSED,4,100,26,9.7,3043,0
8/8/2026 19:57,HI38,100,2396,54.2,5578.61,16.2,0,0.01,0,0,200,python.exe,5520,msedgewebview2.exe,17500,INTEL SSDPEKKF256G7L,PASSED,4,100,26,9.7,3043,0
8/8/2026 19:57,HI38,100,2396,54.2,5577.43,16.2,0,0.05,0,0,200,python.exe,13996,msedgewebview2.exe,17500,INTEL SSDPEKKF256G7L,PASSED,4,100,26,9.7,3043,0
8/8/2026 19:57,HI38,100,2396,54.2,5576.55,16.2,0,0,0,0,200,python.exe,13996,msedgewebview2.exe,17500,INTEL SSDPEKKF256G7L,PASSED,4,100,26,9.7,3043,0
8/8/2026 19:57,HI38,100,2396,54.2,5576.56,16.2,0,0.09,0,0,200,python.exe,5520,msedgewebview2.exe,17500,INTEL SSDPEKKF256G7L,PASSED,4,100,26,9.7,3043,0
8/8/2026 19:57,HI38,99.8,2396,54.2,5575.22,16.2,0,0.02,0,0,200,python.exe,1272,msedgewebview2.exe,17500,INTEL SSDPEKKF256G7L,PASSED,4,100,26,9.7,3043,0
8/8/2026 19:57,HI38,100,2396,54.1,5590.66,16.2,0,0,0,0,200,python.exe,4316,msedgewebview2.exe,17500,INTEL SSDPEKKF256G7L,PASSED,4,100,26,9.7,3043,0
8/8/2026 19:57,HI38,100,2396,54.1,5590.42,16.2,0,0.07,0,0,200,python.exe,5520,msedgewebview2.exe,17500,INTEL SSDPEKKF256G7L,PASSED,4,100,26,9.7,3043,0
8/8/2026 19:58,HI38,100,2396,54.1,5590.46,16.2,0,0.01,0,0,200,python.exe,1272,msedgewebview2.exe,17500,INTEL SSDPEKKF256G7L,PASSED,4,100,26,9.7,3043,0
8/8/2026 19:58,HI38,100,2396,53.9,5610.7,16.2,0.01,0.07,0,0,200,python.exe,4316,msedgewebview2.exe,17500,INTEL SSDPEKKF256G7L,PASSED,4,100,26,9.7,3043,0
8/8/2026 19:58,HI38,100,2396,53.9,5611,16.2,0,0,0,0,200,python.exe,4316,msedgewebview2.exe,17500,INTEL SSDPEKKF256G7L,PASSED,4,100,26,9.7,3043,0
8/8/2026 19:58,HI38,100,2396,53.9,5611.35,16.2,0,0.13,0,0,200,python.exe,5520,msedgewebview2.exe,17500,INTEL SSDPEKKF256G7L,PASSED,4,100,26,9.7,3043,0
8/8/2026 19:58,HI38,100,2396,53.9,5611.76,16.2,0,0.01,0,0,200,python.exe,13996,msedgewebview2.exe,17500,INTEL SSDPEKKF256G7L,PASSED,4,100,26,9.7,3043,0
8/8/2026 19:58,HI38,100,2396,53.9,5613.12,16.2,0,0.08,0,0,200,python.exe,5520,msedgewebview2.exe,17500,INTEL SSDPEKKF256G7L,PASSED,4,100,26,9.7,3043,0
8/8/2026 19:58,HI38,100,2396,53.9,5610.18,16.2,0,0,0,0,201,python.exe,1272,msedgewebview2.exe,17500,INTEL SSDPEKKF256G7L,PASSED,4,100,27,9.7,3043,0
8/8/2026 19:58,HI38,100,2396,53.9,5610.7,16.2,0,0.03,0,0,200,python.exe,1272,msedgewebview2.exe,17500,INTEL SSDPEKKF256G7L,PASSED,4,100,26,9.7,3043,0
8/8/2026 19:58,HI38,100,2396,53.9,5609.45,16.2,0,0,0,0,200,python.exe,4316,msedgewebview2.exe,17500,INTEL SSDPEKKF256G7L,PASSED,4,100,26,9.7,3043,0
8/8/2026 19:58,HI38,100,2396,53.9,5606.48,16.2,0,0,0.01,0.01,200,python.exe,5520,msedgewebview2.exe,17500,INTEL SSDPEKKF256G7L,PASSED,4,100,26,9.7,3043,0
8/8/2026 19:58,HI38,100,2396,54,5595.91,16.2,0,0.32,0,0,200,python.exe,13996,msedgewebview2.exe,17500,INTEL SSDPEKKF256G7L,PASSED,4,100,26,9.7,3043,0
8/8/2026 19:58,HI38,100,2396,53.9,5605.38,16.2,0,0.01,0,0,199,python.exe,4316,msedgewebview2.exe,17500,INTEL SSDPEKKF256G7L,PASSED,4,100,26,9.7,3043,0
8/8/2026 19:58,HI38,100,2396,53.9,5605.61,16.2,0,0.08,0,0,199,python.exe,13996,msedgewebview2.exe,17500,INTEL SSDPEKKF256G7L,PASSED,4,100,26,9.7,3043,0
8/8/2026 19:58,HI38,100,2396,54.1,5588.64,16.2,0,0.03,0,0,200,python.exe,5520,msedgewebview2.exe,17500,INTEL SSDPEKKF256G7L,PASSED,4,100,26,9.7,3043,0
8/8/2026 19:58,HI38,100,2396,54.1,5588.69,16.2,0,0.03,0,0,200,python.exe,1272,msedgewebview2.exe,17500,INTEL SSDPEKKF256G7L,PASSED,4,100,26,9.7,3043,0
8/8/2026 19:58,HI38,100,2396,53.9,5610.43,16.2,0,0.01,0,0,199,python.exe,1272,msedgewebview2.exe,17500,INTEL SSDPEKKF256G7L,PASSED,4,100,26,9.7,3043,0
8/8/2026 19:58,HI38,100,2396,53.9,5610.48,16.2,0,0,0,0,199,python.exe,1272,msedgewebview2.exe,17500,INTEL SSDPEKKF256G7L,PASSED,4,100,26,9.7,3043,0
8/8/2026 19:58,HI38,100,2396,53.9,5611.23,16.2,0,0.13,0,0,199,python.exe,5520,msedgewebview2.exe,17500,INTEL SSDPEKKF256G7L,PASSED,4,100,26,9.7,3043,0
8/8/2026 19:58,HI38,100,2396,53.9,5611.23,16.2,0,0.02,0,0,199,python.exe,13996,msedgewebview2.exe,17500,INTEL SSDPEKKF256G7L,PASSED,4,100,27,9.7,3043,0
8/8/2026 19:58,HI38,100,2396,53.9,5610.98,16.2,0,0.04,0,0,199,python.exe,1272,msedgewebview2.exe,17500,INTEL SSDPEKKF256G7L,PASSED,4,100,27,9.7,3043,0
8/8/2026 19:58,HI38,100,2396,53.9,5611.24,16.2,0,0.04,0,0,199,python.exe,4316,msedgewebview2.exe,17500,INTEL SSDPEKKF256G7L,PASSED,4,100,27,9.7,3043,0
8/8/2026 19:58,HI38,99.8,2396,53.9,5609.93,16.2,0.03,0.12,0,0,199,python.exe,5520,msedgewebview2.exe,17500,INTEL SSDPEKKF256G7L,PASSED,4,100,27,9.7,3043,0
8/8/2026 19:58,HI38,100,2396,54,5594.84,16.2,0,0.04,0,0,199,python.exe,13996,msedgewebview2.exe,17500,INTEL SSDPEKKF256G7L,PASSED,4,100,26,9.7,3043,0
8/8/2026 19:58,HI38,97.6,2396,53.3,5677.09,16.2,1.24,7,0.03,0.25,198,msedgewebview2.exe,17500,msedgewebview2.exe,17500,INTEL SSDPEKKF256G7L,PASSED,4,100,26,9.7,3043,0
8/8/2026 19:58,HI38,90,2396,51.7,5882.62,16.2,0,2.02,0.01,0.06,199,MemCompression,2352,msedgewebview2.exe,17500,INTEL SSDPEKKF256G7L,PASSED,4,100,26,9.7,3043,0
8/8/2026 19:58,HI38,74.6,1497,51.1,5946.48,16.2,0.07,0.48,0,0,199,System Idle Process,0,python.exe,6692,INTEL SSDPEKKF256G7L,PASSED,4,100,27,9.7,3043,0
8/8/2026 19:58,HI38,51.9,1497,61.1,4735.78,16.2,0.12,1.32,0.01,0.01,199,System Idle Process,0,python.exe,6692,INTEL SSDPEKKF256G7L,PASSED,4,100,26,9.7,3043,0
8/8/2026 19:59,HI38,30.7,2396,71.3,3492,16.2,0.02,0.59,0,0,198,System Idle Process,0,python.exe,6692,INTEL SSDPEKKF256G7L,PASSED,4,100,26,9.7,3043,0
8/8/2026 19:59,HI38,23.2,2396,80.3,2393.7,16.2,0.21,0.19,0,0,198,System Idle Process,0,python.exe,6692,INTEL SSDPEKKF256G7L,PASSED,4,100,27,9.7,3043,0
8/8/2026 19:59,HI38,18.4,1497,89.1,1331.11,16.2,0.64,0.26,0,0,198,System Idle Process,0,python.exe,6692,INTEL SSDPEKKF256G7L,PASSED,4,100,26,9.7,3043,0
8/8/2026 19:59,HI38,20.6,2396,97.5,306.99,16.2,0.56,0.21,0,0,198,System Idle Process,0,python.exe,6692,INTEL SSDPEKKF256G7L,PASSED,4,100,27,9.7,3043,0
8/8/2026 19:59,HI38,26.5,2396,96.9,382.86,16.2,0.56,18.59,0,0,198,System Idle Process,0,python.exe,6692,INTEL SSDPEKKF256G7L,PASSED,4,100,26,9.7,3043,0
8/8/2026 19:59,HI38,11.9,1497,97,364.66,16.2,0.02,0.38,0,0,198,System Idle Process,0,python.exe,6692,INTEL SSDPEKKF256G7L,PASSED,4,100,26,9.7,3043,0
8/8/2026 19:59,HI38,12.7,2396,97.1,347.96,16.2,0.07,0.39,0,0,198,System Idle Process,0,python.exe,6692,INTEL SSDPEKKF256G7L,PASSED,4,100,26,9.7,3043,0
8/8/2026 19:59,HI38,19.2,2396,96.7,400.38,16.2,0.8,264,0,0,198,System Idle Process,0,python.exe,6692,INTEL SSDPEKKF256G7L,PASSED,4,100,28,9.7,3043,0
8/8/2026 19:59,HI38,6.6,1497,97,368.07,16.2,1.15,0.24,0,0,198,System Idle Process,0,python.exe,6692,INTEL SSDPEKKF256G7L,PASSED,4,100,27,9.7,3043,0
8/8/2026 19:59,HI38,9,2396,96.9,377.27,16.2,1.37,0.21,0,0,198,System Idle Process,0,python.exe,6692,INTEL SSDPEKKF256G7L,PASSED,4,100,27,9.7,3043,0
8/8/2026 19:59,HI38,8.1,1497,96.9,373.3,16.2,0.13,0.2,0,0,198,System Idle Process,0,python.exe,6692,INTEL SSDPEKKF256G7L,PASSED,4,100,27,9.7,3043,0
8/8/2026 19:59,HI38,4.8,2396,97,367.19,16.2,0.06,0.22,0,0,198,System Idle Process,0,python.exe,6692,INTEL SSDPEKKF256G7L,PASSED,4,100,27,9.7,3043,0
8/8/2026 19:59,HI38,6.8,2396,97,367.76,16.2,0.07,0.3,0,0,198,System Idle Process,0,python.exe,6692,INTEL SSDPEKKF256G7L,PASSED,4,100,26,9.7,3043,0
8/8/2026 19:59,HI38,5,2396,97,367.91,16.2,0,0.09,0,0,198,System Idle Process,0,python.exe,6692,INTEL SSDPEKKF256G7L,PASSED,4,100,26,9.7,3043,0
8/8/2026 19:59,HI38,7.3,1497,96.8,386.26,16.2,0.46,0.11,0,0,197,System Idle Process,0,python.exe,6692,INTEL SSDPEKKF256G7L,PASSED,4,100,27,9.7,3043,0
8/8/2026 19:59,HI38,6.3,1497,96.8,387.43,16.2,0.07,0.15,0,0,197,System Idle Process,0,python.exe,6692,INTEL SSDPEKKF256G7L,PASSED,4,100,26,9.7,3043,0
8/8/2026 19:59,HI38,7.1,1497,96.7,400.13,16.2,0.29,0.05,0,0,196,System Idle Process,0,python.exe,6692,INTEL SSDPEKKF256G7L,PASSED,4,100,27,9.7,3043,0
8/8/2026 19:59,HI38,5,1497,96.7,400.27,16.2,0,0.15,0,0,196,System Idle Process,0,python.exe,6692,INTEL SSDPEKKF256G7L,PASSED,4,100,27,9.7,3043,0
8/8/2026 19:59,HI38,5.6,1497,96.7,400.79,16.2,0.04,0.08,0,0,196,System Idle Process,0,python.exe,6692,INTEL SSDPEKKF256G7L,PASSED,4,100,26,9.7,3043,0
8/8/2026 19:59,HI38,6.3,1497,96.4,434.02,16.2,0.15,0.16,0,0,195,System Idle Process,0,python.exe,6692,INTEL SSDPEKKF256G7L,PASSED,4,100,27,9.7,3043,0
8/8/2026 19:59,HI38,12.8,1497,96.3,447.7,16.2,4.51,0.19,0,0,195,System Idle Process,0,python.exe,6692,INTEL SSDPEKKF256G7L,PASSED,4,100,27,9.7,3043,0
8/8/2026 19:59,HI38,7.1,1497,96.4,444.1,16.2,0,0.04,0,0,195,System Idle Process,0,python.exe,6692,INTEL SSDPEKKF256G7L,PASSED,4,100,26,9.7,3043,0
8/8/2026 19:59,HI38,6.3,1497,96.4,442.52,16.2,0.14,0.06,0,0,195,System Idle Process,0,python.exe,6692,INTEL SSDPEKKF256G7L,PASSED,4,100,26,9.7,3043,0
8/8/2026 19:59,HI38,6.6,1497,96.4,440.46,16.2,0,0.03,0,0,195,System Idle Process,0,python.exe,6692,INTEL SSDPEKKF256G7L,PASSED,4,100,26,9.7,3043,0
8/8/2026 19:59,HI38,24.9,2396,96.4,434.19,16.2,0.04,0.13,0,0,195,System Idle Process,0,python.exe,6692,INTEL SSDPEKKF256G7L,PASSED,4,100,26,9.7,3043,0
8/8/2026 19:59,HI38,20.6,1497,96.5,425.66,16.2,0,0,0,0,194,System Idle Process,0,python.exe,6692,INTEL SSDPEKKF256G7L,PASSED,4,100,26,9.7,3043,0
8/8/2026 19:59,HI38,21.4,2396,92.8,878.77,16.2,0.04,0.3,0,0,194,System Idle Process,0,python.exe,6692,INTEL SSDPEKKF256G7L,PASSED,4,100,26,9.7,3043,0
8/8/2026 19:59,HI38,21.2,1497,75.6,2966.94,16.2,0.01,0.08,0,0,194,System Idle Process,0,python.exe,6692,INTEL SSDPEKKF256G7L,PASSED,4,100,26,9.7,3043,0
8/8/2026 19:59,HI38,18.3,2396,57,5231.96,16.2,0.04,0,0,0,194,System Idle Process,0,python.exe,6692,INTEL SSDPEKKF256G7L,PASSED,4,100,26,9.7,3043,0
8/8/2026 19:59,HI38,17.9,1497,40.8,7202.5,16.2,0.02,0,0,0,194,System Idle Process,0,msedgewebview2.exe,17500,INTEL SSDPEKKF256G7L,PASSED,4,100,26,9.7,3043,0
8/8/2026 19:59,HI38,4.4,1497,40.8,7202.78,16.2,0,0,0,0,194,System Idle Process,0,msedgewebview2.exe,17500,INTEL SSDPEKKF256G7L,PASSED,4,100,26,9.7,3043,0
8/8/2026 19:59,HI38,5.6,1497,40.8,7202.71,16.2,0,0,0,0,194,System Idle Process,0,msedgewebview2.exe,17500,INTEL SSDPEKKF256G7L,PASSED,4,100,28,9.7,3043,0
8/8/2026 19:59,HI38,18.3,1497,41.1,7167.3,16.2,16.4,0.32,0,0,199,System Idle Process,0,msedgewebview2.exe,17500,INTEL SSDPEKKF256G7L,PASSED,4,100,30,9.7,3043,0
8/8/2026 19:59,HI38,12,1497,41.4,7127.7,16.2,25.73,0.51,0,0,199,System Idle Process,0,msedgewebview2.exe,17500,INTEL SSDPEKKF256G7L,PASSED,4,100,28,9.7,3043,0
8/8/2026 19:59,HI38,8.8,1497,41.4,7127.09,16.2,2.53,0.14,0,0,198,System Idle Process,0,msedgewebview2.exe,17500,INTEL SSDPEKKF256G7L,PASSED,4,100,27,9.7,3043,0
8/8/2026 19:59,HI38,7.1,2396,41.6,7105.57,16.2,12.51,0.02,0,0,198,System Idle Process,0,msedgewebview2.exe,17500,INTEL SSDPEKKF256G7L,PASSED,4,100,28,9.7,3043,0
8/8/2026 19:59,HI38,8.1,2396,41.5,7123.17,16.2,4.22,0.03,0,0.01,198,System Idle Process,0,msedgewebview2.exe,17500,INTEL SSDPEKKF256G7L,PASSED,4,100,28,9.7,3043,0
8/8/2026 19:59,HI38,5.4,1497,41.5,7118.45,16.2,0.02,0.17,0,0,198,System Idle Process,0,msedgewebview2.exe,17500,INTEL SSDPEKKF256G7L,PASSED,4,100,27,9.7,3043,0
8/8/2026 20:00,HI38,5.2,1497,41.5,7120.06,16.2,0.05,0.2,0,0,198,System Idle Process,0,msedgewebview2.exe,17500,INTEL SSDPEKKF256G7L,PASSED,4,100,27,9.7,3043,0
8/8/2026 20:00,HI38,5.7,1497,41.5,7119.81,16.2,0.28,0.08,0,0,198,System Idle Process,0,msedgewebview2.exe,17500,INTEL SSDPEKKF256G7L,PASSED,4,100,27,9.7,3043,0
8/8/2026 20:00,HI38,5.9,1497,41.5,7119.46,16.2,0,0.23,0,0,198,System Idle Process,0,msedgewebview2.exe,17500,INTEL SSDPEKKF256G7L,PASSED,4,100,27,9.7,3043,0
8/8/2026 20:00,HI38,5.2,1497,41.5,7119.46,16.2,0,0,0,0,198,System Idle Process,0,msedgewebview2.exe,17500,INTEL SSDPEKKF256G7L,PASSED,4,100,27,9.7,3043,0
8/8/2026 20:00,HI38,4.8,1497,41.5,7120.1,16.2,0.03,0.64,0,0,198,System Idle Process,0,msedgewebview2.exe,17500,INTEL SSDPEKKF256G7L,PASSED,4,100,27,9.7,3043,0
8/8/2026 20:00,HI38,5.2,1497,41.5,7119.9,16.2,0.01,0.06,0,0,198,System Idle Process,0,msedgewebview2.exe,17500,INTEL SSDPEKKF256G7L,PASSED,4,100,27,9.7,3043,0
8/8/2026 20:00,HI38,4.5,1497,41.5,7120.16,16.2,0,0,0,0,198,System Idle Process,0,msedgewebview2.exe,17500,INTEL SSDPEKKF256G7L,PASSED,4,100,27,9.7,3043,0
8/8/2026 20:00,HI38,5.4,1497,41.4,7124.1,16.2,0.06,0,0,0,197,System Idle Process,0,msedgewebview2.exe,17500,INTEL SSDPEKKF256G7L,PASSED,4,100,26,9.7,3043,0
8/8/2026 20:00,HI38,4.7,1497,41.4,7127.03,16.2,0,0.05,0,0,197,System Idle Process,0,msedgewebview2.exe,17500,INTEL SSDPEKKF256G7L,PASSED,4,100,26,9.7,3043,0
8/8/2026 20:00,HI38,4.7,1497,41.4,7127.21,16.2,0,0,0,0,197,System Idle Process,0,msedgewebview2.exe,17500,INTEL SSDPEKKF256G7L,PASSED,4,100,27,9.7,3043,0
8/8/2026 20:00,HI38,5.4,1497,41.4,7127.06,16.2,0,0,0,0,197,System Idle Process,0,msedgewebview2.exe,17500,INTEL SSDPEKKF256G7L,PASSED,4,100,26,9.7,3043,0
8/8/2026 20:00,HI38,5.9,1497,41.4,7127.22,16.2,0,0.04,0,0,197,System Idle Process,0,msedgewebview2.exe,17500,INTEL SSDPEKKF256G7L,PASSED,4,100,26,9.7,3043,0
8/8/2026 20:00,HI38,6.6,1497,41.4,7127.27,16.2,0,0,0,0,197,System Idle Process,0,msedgewebview2.exe,17500,INTEL SSDPEKKF256G7L,PASSED,4,100,26,9.7,3043,0
8/8/2026 20:00,HI38,5.7,1497,41.4,7127.68,16.2,0,0,0,0,197,System Idle Process,0,msedgewebview2.exe,17500,INTEL SSDPEKKF256G7L,PASSED,4,100,27,9.7,3043,0
8/8/2026 20:00,HI38,7.7,2396,41.4,7128.89,16.2,0.01,0.15,0,0,196,System Idle Process,0,msedgewebview2.exe,17500,INTEL SSDPEKKF256G7L,PASSED,4,100,26,9.7,3043,0
8/8/2026 20:00,HI38,5.9,1497,41.4,7128.81,16.2,0,0.51,0,0,196,System Idle Process,0,msedgewebview2.exe,17500,INTEL SSDPEKKF256G7L,PASSED,4,100,26,9.7,3043,0
8/8/2026 20:00,HI38,6.4,1497,41.4,7129.07,16.2,0,0,0,0,196,System Idle Process,0,msedgewebview2.exe,17500,INTEL SSDPEKKF256G7L,PASSED,4,100,27,9.7,3043,0
8/8/2026 20:00,HI38,7.8,2396,41.3,7141.92,16.2,0.94,0.17,0,0,196,System Idle Process,0,msedgewebview2.exe,17500,INTEL SSDPEKKF256G7L,PASSED,4,100,29,9.7,3043,0
8/8/2026 20:00,HI38,47.4,2396,41.7,7087.62,16.2,99.97,5.76,0,0,197,System Idle Process,0,msedgewebview2.exe,17500,INTEL SSDPEKKF256G7L,PASSED,4,100,27,9.7,3043,0
8/8/2026 20:00,HI38,6.9,1497,41.7,7087.72,16.2,0,0,0,0,197,System Idle Process,0,msedgewebview2.exe,17500,INTEL SSDPEKKF256G7L,PASSED,4,100,27,9.7,3043,0
8/8/2026 20:00,HI38,6.4,2396,41.7,7087.79,16.2,0.04,0.28,0,0,197,System Idle Process,0,msedgewebview2.exe,17500,INTEL SSDPEKKF256G7L,PASSED,4,100,27,9.7,3043,0
8/8/2026 20:00,HI38,7.4,2396,41.7,7087.82,16.2,0,0,0,0,197,System Idle Process,0,msedgewebview2.exe,17500,INTEL SSDPEKKF256G7L,PASSED,4,100,26,9.7,3043,0
8/8/2026 20:00,HI38,6.7,1497,41.7,7087.59,16.2,0,0,0,0,197,System Idle Process,0,msedgewebview2.exe,17500,INTEL SSDPEKKF256G7L,PASSED,4,100,27,9.7,3043,0
8/8/2026 20:00,HI38,5.5,1497,41.7,7090.96,16.2,0,0,0,0,197,System Idle Process,0,msedgewebview2.exe,17500,INTEL SSDPEKKF256G7L,PASSED,4,100,26,9.7,3043,0
8/8/2026 20:00,HI38,6.4,1497,41.7,7092.09,16.2,0,0.08,0,0,197,System Idle Process,0,msedgewebview2.exe,17500,INTEL SSDPEKKF256G7L,PASSED,4,100,26,9.7,3043,0
8/8/2026 20:00,HI38,6.1,1497,41.7,7092.05,16.2,0,0.07,0,0,197,System Idle Process,0,msedgewebview2.exe,17500,INTEL SSDPEKKF256G7L,PASSED,4,100,27,9.7,3043,0
8/8/2026 20:00,HI38,10.8,1497,41.7,7093.3,16.2,5.22,0,0,0,197,System Idle Process,0,msedgewebview2.exe,17500,INTEL SSDPEKKF256G7L,PASSED,4,100,27,9.7,3043,0
8/8/2026 20:00,HI38,5.4,1497,41.7,7093.38,16.2,0,0.1,0,0,197,System Idle Process,0,msedgewebview2.exe,17500,INTEL SSDPEKKF256G7L,PASSED,4,100,26,9.7,3043,0
8/8/2026 20:00,HI38,4.5,2396,41.7,7088.73,16.2,0,0,0,0,197,System Idle Process,0,msedgewebview2.exe,17500,INTEL SSDPEKKF256G7L,PASSED,4,100,26,9.7,3043,0
8/8/2026 20:00,HI38,6.2,1497,41.8,7082.41,16.2,0.06,0,0,0,197,System Idle Process,0,msedgewebview2.exe,17500,INTEL SSDPEKKF256G7L,PASSED,4,100,26,9.7,3043,0
8/8/2026 20:00,HI38,6.5,1497,41.8,7080.84,16.2,0,0.02,0,0,197,System Idle Process,0,msedgewebview2.exe,17500,INTEL SSDPEKKF256G7L,PASSED,4,100,26,9.7,3043,0
8/8/2026 20:00,HI38,6.2,2396,41.8,7083.96,16.2,2.56,0.04,0,0,197,System Idle Process,0,msedgewebview2.exe,17500,INTEL SSDPEKKF256G7L,PASSED,4,100,26,9.7,3043,0
8/8/2026 20:00,HI38,6.7,1497,41.8,7083.41,16.2,0.01,0.09,0,0,197,System Idle Process,0,msedgewebview2.exe,17500,INTEL SSDPEKKF256G7L,PASSED,4,100,26,9.7,3043,0
8/8/2026 20:00,HI38,7.6,1497,41.8,7086.27,16.2,0.8,0.09,0,0,196,System Idle Process,0,msedgewebview2.exe,17500,INTEL SSDPEKKF256G7L,PASSED,4,100,27,9.7,3043,0
8/8/2026 20:00,HI38,5.9,2396,41.8,7086.09,16.2,0.02,0.01,0,0,196,System Idle Process,0,msedgewebview2.exe,17500,INTEL SSDPEKKF256G7L,PASSED,4,100,26,9.7,3043,0
8/8/2026 20:00,HI38,6.3,1497,41.8,7086.11,16.2,0,0,0,0,196,System Idle Process,0,msedgewebview2.exe,17500,INTEL SSDPEKKF256G7L,PASSED,4,100,26,9.7,3043,0
8/8/2026 20:00,HI38,7.4,2396,41.8,7087.34,16.2,0,0.16,0.01,0.01,196,System Idle Process,0,msedgewebview2.exe,17500,INTEL SSDPEKKF256G7L,PASSED,4,100,26,9.7,3043,0
8/8/2026 20:00,HI38,8,1497,41.4,7130.91,16.2,0,0.03,0.01,0.01,195,System Idle Process,0,msedgewebview2.exe,17500,INTEL SSDPEKKF256G7L,PASSED,4,100,26,9.7,3043,0
8/8/2026 20:01,HI38,7,2396,41.4,7131.2,16.2,0,0.04,0,0,195,System Idle Process,0,msedgewebview2.exe,17500,INTEL SSDPEKKF256G7L,PASSED,4,100,26,9.7,3043,0
8/8/2026 20:01,HI38,5.9,2396,41.4,7131.6,16.2,0.01,0.13,0,0,195,System Idle Process,0,msedgewebview2.exe,17500,INTEL SSDPEKKF256G7L,PASSED,4,100,26,9.7,3043,0
8/8/2026 20:01,HI38,5.2,2396,41.4,7131.38,16.2,0,0.01,0,0,195,System Idle Process,0,msedgewebview2.exe,17500,INTEL SSDPEKKF256G7L,PASSED,4,100,26,9.7,3043,0
8/8/2026 20:01,HI38,6.8,2396,41.4,7131.66,16.2,0,0,0,0,195,System Idle Process,0,msedgewebview2.exe,17500,INTEL SSDPEKKF256G7L,PASSED,4,100,26,9.7,3043,0
8/8/2026 20:01,HI38,6,1497,41.4,7131.94,16.2,0.01,0.08,0,0,195,System Idle Process,0,msedgewebview2.exe,17500,INTEL SSDPEKKF256G7L,PASSED,4,100,26,9.7,3043,0
8/8/2026 20:01,HI38,6.3,1497,41.4,7131.96,16.2,0,0.1,0,0,195,System Idle Process,0,msedgewebview2.exe,17500,INTEL SSDPEKKF256G7L,PASSED,4,100,26,9.7,3043,0
8/8/2026 20:01,HI38,6,1497,41.4,7132.11,16.2,0,0,0,0,195,System Idle Process,0,msedgewebview2.exe,17500,INTEL SSDPEKKF256G7L,PASSED,4,100,27,9.7,3043,0
8/8/2026 20:01,HI38,5.5,1497,41.4,7133.27,16.2,0.03,0,0,0,195,System Idle Process,0,msedgewebview2.exe,17500,INTEL SSDPEKKF256G7L,PASSED,4,100,26,9.7,3043,0
8/8/2026 20:01,HI38,5.8,1497,41.4,7133.46,16.2,0,0.16,0,0,195,System Idle Process,0,msedgewebview2.exe,17500,INTEL SSDPEKKF256G7L,PASSED,4,100,26,9.7,3043,0
8/8/2026 20:01,HI38,6.1,1497,41.4,7133.36,16.2,0,0.02,0,0.01,195,System Idle Process,0,msedgewebview2.exe,17500,INTEL SSDPEKKF256G7L,PASSED,4,100,26,9.7,3043,0
8/8/2026 20:01,HI38,9.2,2396,41.4,7133.84,16.2,0.05,0.11,0,0,195,System Idle Process,0,msedgewebview2.exe,17500,INTEL SSDPEKKF256G7L,PASSED,4,100,26,9.7,3043,0
8/8/2026 20:01,HI38,6.1,1497,41.4,7133.63,16.2,0,0.09,0,0,195,System Idle Process,0,msedgewebview2.exe,17500,INTEL SSDPEKKF256G7L,PASSED,4,100,26,9.7,3043,0
8/8/2026 20:01,HI38,6.4,2396,41.4,7133.95,16.2,0.24,0.01,0,0,195,System Idle Process,0,msedgewebview2.exe,17500,INTEL SSDPEKKF256G7L,PASSED,4,100,26,9.7,3043,0
8/8/2026 20:01,HI38,9.5,1497,41.4,7135.19,16.2,0.14,0,0,0,195,System Idle Process,0,msedgewebview2.exe,17500,INTEL SSDPEKKF256G7L,PASSED,4,100,26,9.7,3043,0
8/8/2026 20:01,HI38,12,1497,41.4,7135.07,16.2,0.03,0.02,0,0.01,195,System Idle Process,0,msedgewebview2.exe,17500,INTEL SSDPEKKF256G7L,PASSED,4,100,26,9.7,3043,0
8/8/2026 20:01,HI38,15.3,1497,41.4,7134.61,16.2,0,0.06,0,0,195,System Idle Process,0,msedgewebview2.exe,17500,INTEL SSDPEKKF256G7L,PASSED,4,100,27,9.7,3043,0
8/8/2026 20:01,HI38,14.8,1497,41.4,7133.16,16.2,0,0.09,0,0,195,System Idle Process,0,msedgewebview2.exe,17500,INTEL SSDPEKKF256G7L,PASSED,4,100,26,9.7,3043,0
8/8/2026 20:01,HI38,25.3,2396,41.5,7119.95,16.2,2.3,0.12,0,0,195,System Idle Process,0,msedgewebview2.exe,17500,INTEL SSDPEKKF256G7L,PASSED,4,100,27,9.7,3043,0
8/8/2026 20:01,HI38,91.2,1497,42.2,7031.8,16.2,0.92,0.2,0,0,196,python.exe,13088,msedgewebview2.exe,17500,INTEL SSDPEKKF256G7L,PASSED,4,100,26,9.7,3043,0
8/8/2026 20:01,HI38,22.5,2396,42.3,7024.8,16.2,0,0.11,0,0,196,System Idle Process,0,msedgewebview2.exe,17500,INTEL SSDPEKKF256G7L,PASSED,4,100,26,9.7,3043,0
8/8/2026 20:01,HI38,17.9,1497,42.3,7025.82,16.2,0,0.05,0,0,196,System Idle Process,0,msedgewebview2.exe,17500,INTEL SSDPEKKF256G7L,PASSED,4,100,27,9.7,3043,0
8/8/2026 20:01,HI38,20.2,1497,42.2,7031.4,16.2,0.11,0.03,0,0,194,System Idle Process,0,msedgewebview2.exe,17500,INTEL SSDPEKKF256G7L,PASSED,4,100,26,9.7,3043,0
8/8/2026 20:01,HI38,29.9,2396,42.2,7029.66,16.2,0.4,0.05,0,0,194,System Idle Process,0,msedgewebview2.exe,17500,INTEL SSDPEKKF256G7L,PASSED,4,100,27,9.7,3043,0
8/8/2026 20:02,HI38,25.7,2396,42.3,7016.79,16.2,0.17,0.01,0,0,194,System Idle Process,0,msedgewebview2.exe,17500,INTEL SSDPEKKF256G7L,PASSED,4,100,26,9.7,3043,0
8/8/2026 20:02,HI38,19.8,1497,42.3,7018.59,16.2,0.01,0.12,0,0,194,System Idle Process,0,msedgewebview2.exe,17500,INTEL SSDPEKKF256G7L,PASSED,4,100,28,9.7,3043,0
8/8/2026 20:02,HI38,30.9,1497,42.3,7019.91,16.2,8.66,0.1,0,0,194,System Idle Process,0,msedgewebview2.exe,17500,INTEL SSDPEKKF256G7L,PASSED,4,100,27,9.7,3043,0
8/8/2026 20:02,HI38,30.5,1497,42,7062.11,16.2,4.26,0.08,0,0,193,System Idle Process,0,msedgewebview2.exe,17500,INTEL SSDPEKKF256G7L,PASSED,4,100,27,9.7,3043,0
8/8/2026 20:02,HI38,18.4,1497,42,7062.55,16.2,0,0.01,0,0,193,System Idle Process,0,msedgewebview2.exe,17500,INTEL SSDPEKKF256G7L,PASSED,4,100,26,9.7,3043,0
8/8/2026 20:02,HI38,16.4,1497,42,7062.85,16.2,0,0.02,0,0,193,System Idle Process,0,msedgewebview2.exe,17500,INTEL SSDPEKKF256G7L,PASSED,4,100,26,9.7,3043,0
8/8/2026 20:02,HI38,16.7,1497,41.9,7065.62,16.2,0.02,0.05,0,0,193,System Idle Process,0,msedgewebview2.exe,17500,INTEL SSDPEKKF256G7L,PASSED,4,100,26,9.7,3043,0
8/8/2026 20:02,HI38,22.6,2396,41.9,7065.24,16.2,0.01,0.03,0,0,193,System Idle Process,0,msedgewebview2.exe,17500,INTEL SSDPEKKF256G7L,PASSED,4,100,26,9.7,3043,0
8/8/2026 20:02,HI38,15.7,1497,41.9,7068.62,16.2,0.03,0.04,0,0,193,System Idle Process,0,msedgewebview2.exe,17500,INTEL SSDPEKKF256G7L,PASSED,4,100,26,9.7,3043,0
8/8/2026 20:02,HI38,18.4,1497,41.9,7070.07,16.2,0.01,0.04,0,0,193,System Idle Process,0,msedgewebview2.exe,17500,INTEL SSDPEKKF256G7L,PASSED,4,100,26,9.7,3043,0
8/8/2026 20:02,HI38,21.2,1497,41.9,7070.7,16.2,0.3,0.13,0,0,193,System Idle Process,0,msedgewebview2.exe,17500,INTEL SSDPEKKF256G7L,PASSED,4,100,26,9.7,3043,0
8/8/2026 20:02,HI38,19.2,2396,41.9,7070.8,16.2,0,0.06,0,0,193,System Idle Process,0,msedgewebview2.exe,17500,INTEL SSDPEKKF256G7L,PASSED,4,100,26,9.7,3043,0
8/8/2026 20:02,HI38,19.3,1497,41.9,7070.72,16.2,0.02,0.07,0,0,193,System Idle Process,0,msedgewebview2.exe,17500,INTEL SSDPEKKF256G7L,PASSED,4,100,27,9.7,3043,0
8/8/2026 20:02,HI38,16.9,2396,41.9,7071.01,16.2,0.04,0.05,0,0,194,System Idle Process,0,msedgewebview2.exe,17500,INTEL SSDPEKKF256G7L,PASSED,4,100,26,9.7,3043,0
8/8/2026 20:02,HI38,41.4,1497,42.2,7038.66,16.2,1.07,0.06,0,0,194,System Idle Process,0,msedgewebview2.exe,17500,INTEL SSDPEKKF256G7L,PASSED,4,100,26,9.7,3043,0
8/8/2026 20:03,HI38,15.1,1497,42.1,7041.75,16.2,0.11,0.03,0,0,193,System Idle Process,0,msedgewebview2.exe,17500,INTEL SSDPEKKF256G7L,PASSED,4,100,26,9.7,3043,0
8/8/2026 20:03,HI38,19.2,1497,42.1,7043.36,16.2,0.01,0.12,0,0,193,System Idle Process,0,msedgewebview2.exe,17500,INTEL SSDPEKKF256G7L,PASSED,4,100,26,9.7,3043,0
8/8/2026 20:03,HI38,15.2,1497,42.1,7043.79,16.2,0,0.05,0,0,193,System Idle Process,0,msedgewebview2.exe,17500,INTEL SSDPEKKF256G7L,PASSED,4,100,26,9.7,3043,0
8/8/2026 20:03,HI38,16,2396,42.1,7044.04,16.2,0,0.04,0,0,193,System Idle Process,0,msedgewebview2.exe,17500,INTEL SSDPEKKF256G7L,PASSED,4,100,26,9.7,3043,0
8/8/2026 20:03,HI38,20.5,2396,42.1,7047.14,16.2,0.36,0.06,0,0,193,System Idle Process,0,msedgewebview2.exe,17500,INTEL SSDPEKKF256G7L,PASSED,4,100,26,9.7,3043,0
8/8/2026 20:03,HI38,27.7,1497,42.1,7048.3,16.2,0.03,0.03,0,0,193,System Idle Process,0,msedgewebview2.exe,17500,INTEL SSDPEKKF256G7L,PASSED,4,100,26,9.7,3043,0
8/8/2026 20:03,HI38,17.7,1497,42.1,7048.73,16.2,0,0.05,0,0,193,System Idle Process,0,msedgewebview2.exe,17500,INTEL SSDPEKKF256G7L,PASSED,4,100,26,9.7,3043,0
8/8/2026 20:03,HI38,21,1497,41.9,7067.36,16.2,0.36,0.05,0,0,192,System Idle Process,0,msedgewebview2.exe,17500,INTEL SSDPEKKF256G7L,PASSED,4,100,26,9.7,3043,0
8/8/2026 20:03,HI38,16.4,1497,41.9,7067.84,16.2,0.01,0.06,0,0,192,System Idle Process,0,msedgewebview2.exe,17500,INTEL SSDPEKKF256G7L,PASSED,4,100,26,9.7,3043,0
8/8/2026 20:03,HI38,15.6,1497,41.9,7068.5,16.2,0.02,0.06,0,0,192,System Idle Process,0,msedgewebview2.exe,17500,INTEL SSDPEKKF256G7L,PASSED,4,100,26,9.7,3043,0
8/8/2026 20:03,HI38,17.5,1497,41.9,7069.11,16.2,0.01,0.02,0,0,192,System Idle Process,0,msedgewebview2.exe,17500,INTEL SSDPEKKF256G7L,PASSED,4,100,26,9.7,3043,0
8/8/2026 20:03,HI38,15.2,1497,41.9,7071.49,16.2,0.02,0.08,0,0,192,System Idle Process,0,msedgewebview2.exe,17500,INTEL SSDPEKKF256G7L,PASSED,4,100,26,9.7,3043,0
8/8/2026 20:03,HI38,16.8,1497,41.9,7071.85,16.2,0.01,0.04,0,0,192,System Idle Process,0,msedgewebview2.exe,17500,INTEL SSDPEKKF256G7L,PASSED,4,100,26,9.7,3043,0
8/8/2026 20:03,HI38,17.5,1497,41.9,7072.64,16.2,0.02,0.04,0,0,192,System Idle Process,0,msedgewebview2.exe,17500,INTEL SSDPEKKF256G7L,PASSED,4,100,26,9.7,3043,0
8/8/2026 20:03,HI38,16.9,1497,41.9,7073.24,16.2,0,0.03,0,0,192,System Idle Process,0,msedgewebview2.exe,17500,INTEL SSDPEKKF256G7L,PASSED,4,100,26,9.7,3043,0
8/8/2026 20:03,HI38,17.3,2396,41.9,7074.09,16.2,0,0.03,0,0,192,System Idle Process,0,msedgewebview2.exe,17500,INTEL SSDPEKKF256G7L,PASSED,4,100,26,9.7,3043,0
8/8/2026 20:03,HI38,14.5,1497,41.9,7074.28,16.2,0.02,0.09,0,0,192,System Idle Process,0,msedgewebview2.exe,17500,INTEL SSDPEKKF256G7L,PASSED,4,100,26,9.7,3043,0
8/8/2026 20:04,HI38,17.8,1497,41.8,7076.49,16.2,0,0.01,0,0,192,System Idle Process,0,msedgewebview2.exe,17500,INTEL SSDPEKKF256G7L,PASSED,4,100,26,9.7,3043,0
8/8/2026 20:04,HI38,14.9,2396,41.8,7077.67,16.2,0,0.02,0,0,192,System Idle Process,0,msedgewebview2.exe,17500,INTEL SSDPEKKF256G7L,PASSED,4,100,26,9.7,3043,0
8/8/2026 20:04,HI38,16.9,2396,41.8,7077.84,16.2,0,0.08,0,0,192,System Idle Process,0,msedgewebview2.exe,17500,INTEL SSDPEKKF256G7L,PASSED,4,100,26,9.7,3043,0
8/8/2026 20:04,HI38,16.8,2396,41.8,7078,16.2,0,0,0,0,192,System Idle Process,0,msedgewebview2.exe,17500,INTEL SSDPEKKF256G7L,PASSED,4,100,26,9.7,3043,0
8/8/2026 20:04,HI38,15.7,2396,41.8,7078.09,16.2,0,0.05,0,0,192,System Idle Process,0,msedgewebview2.exe,17500,INTEL SSDPEKKF256G7L,PASSED,4,100,26,9.7,3043,0
8/8/2026 20:04,HI38,15.7,2396,41.8,7078.28,16.2,0,0.05,0,0,192,System Idle Process,0,msedgewebview2.exe,17500,INTEL SSDPEKKF256G7L,PASSED,4,100,26,9.7,3043,0
8/8/2026 20:04,HI38,16.5,1497,41.8,7079.19,16.2,0,0.04,0,0,192,System Idle Process,0,msedgewebview2.exe,17500,INTEL SSDPEKKF256G7L,PASSED,4,100,26,9.7,3043,0
8/8/2026 20:04,HI38,17.3,1497,41.8,7079.64,16.2,0,0.01,0,0,192,System Idle Process,0,msedgewebview2.exe,17500,INTEL SSDPEKKF256G7L,PASSED,4,100,26,9.7,3043,0
8/8/2026 20:04,HI38,17.9,2396,41.8,7079.59,16.2,0.01,0.08,0,0,192,System Idle Process,0,msedgewebview2.exe,17500,INTEL SSDPEKKF256G7L,PASSED,4,100,26,9.7,3043,0
8/8/2026 20:04,HI38,16.6,2396,41.8,7079.7,16.2,0,0.07,0,0,192,System Idle Process,0,msedgewebview2.exe,17500,INTEL SSDPEKKF256G7L,PASSED,4,100,26,9.7,3043,0
8/8/2026 20:04,HI38,14.1,1497,41.8,7079.64,16.2,0,0.01,0,0,192,System Idle Process,0,msedgewebview2.exe,17500,INTEL SSDPEKKF256G7L,PASSED,4,100,26,9.7,3043,0
8/8/2026 20:04,HI38,16.2,1497,41.8,7079.64,16.2,0,0.03,0,0,192,System Idle Process,0,msedgewebview2.exe,17500,INTEL SSDPEKKF256G7L,PASSED,4,100,26,9.7,3043,0
8/8/2026 20:04,HI38,15.9,2396,41.8,7079.67,16.2,0,0.05,0,0,192,System Idle Process,0,msedgewebview2.exe,17500,INTEL SSDPEKKF256G7L,PASSED,4,100,25,9.7,3043,0
8/8/2026 20:04,HI38,16.7,2396,41.8,7079.94,16.2,0.02,0.02,0,0,192,System Idle Process,0,msedgewebview2.exe,17500,INTEL SSDPEKKF256G7L,PASSED,4,100,26,9.7,3043,0
8/8/2026 20:04,HI38,44.1,1497,41.9,7066.17,16.2,1.2,0.1,0,0,198,System Idle Process,0,msedgewebview2.exe,17500,INTEL SSDPEKKF256G7L,PASSED,4,100,26,9.7,3043,0
8/8/2026 20:04,HI38,16.8,1497,41.9,7066.05,16.2,0.02,0.06,0,0,196,System Idle Process,0,msedgewebview2.exe,17500,INTEL SSDPEKKF256G7L,PASSED,4,100,26,9.7,3043,0
8/8/2026 20:05,HI38,14.7,1497,41.9,7067.9,16.2,0.06,0.07,0,0,195,System Idle Process,0,msedgewebview2.exe,17500,INTEL SSDPEKKF256G7L,PASSED,4,100,26,9.7,3043,0
8/8/2026 20:05,HI38,20.4,1497,41.9,7067.71,16.2,0.01,0.07,0,0,195,System Idle Process,0,msedgewebview2.exe,17500,INTEL SSDPEKKF256G7L,PASSED,4,100,26,9.7,3043,0
8/8/2026 20:05,HI38,19.4,2396,41.8,7075.98,16.2,0,0.09,0,0,191,System Idle Process,0,msedgewebview2.exe,17500,INTEL SSDPEKKF256G7L,PASSED,4,100,26,9.7,3043,0
8/8/2026 20:05,HI38,17,2396,41.8,7077.39,16.2,0.04,0.06,0,0,191,System Idle Process,0,msedgewebview2.exe,17500,INTEL SSDPEKKF256G7L,PASSED,4,100,26,9.7,3043,0
8/8/2026 20:05,HI38,14.5,1497,41.8,7080.68,16.2,0,0.05,0,0,191,System Idle Process,0,msedgewebview2.exe,17500,INTEL SSDPEKKF256G7L,PASSED,4,100,25,9.7,3043,0
8/8/2026 20:05,HI38,15.2,1497,41.8,7082.03,16.2,0,0,0,0,191,System Idle Process,0,msedgewebview2.exe,17500,INTEL SSDPEKKF256G7L,PASSED,4,100,26,9.7,3043,0
8/8/2026 20:05,HI38,15.4,1497,41.8,7083.86,16.2,0,0.02,0,0,191,System Idle Process,0,msedgewebview2.exe,17500,INTEL SSDPEKKF256G7L,PASSED,4,100,26,9.7,3043,0
8/8/2026 20:05,HI38,17,1497,41.8,7084.53,16.2,0,0.12,0,0,191,System Idle Process,0,msedgewebview2.exe,17500,INTEL SSDPEKKF256G7L,PASSED,4,100,26,9.7,3043,0
8/8/2026 20:05,HI38,14.2,1497,41.8,7085.02,16.2,0,0.01,0,0,191,System Idle Process,0,msedgewebview2.exe,17500,INTEL SSDPEKKF256G7L,PASSED,4,100,26,9.7,3043,0
8/8/2026 20:05,HI38,16.7,2396,41.8,7085.14,16.2,0.01,0.05,0,0,191,System Idle Process,0,msedgewebview2.exe,17500,INTEL SSDPEKKF256G7L,PASSED,4,100,26,9.7,3043,0
8/8/2026 20:05,HI38,15.2,1497,41.8,7085.96,16.2,0,0.06,0,0,191,System Idle Process,0,msedgewebview2.exe,17500,INTEL SSDPEKKF256G7L,PASSED,4,100,26,9.7,3043,0
8/8/2026 20:05,HI38,14.6,1497,41.8,7085.18,16.2,0,0.03,0,0,191,System Idle Process,0,msedgewebview2.exe,17500,INTEL SSDPEKKF256G7L,PASSED,4,100,25,9.7,3043,0
8/8/2026 20:05,HI38,15.5,1497,41.8,7085.19,16.2,0,0.03,0,0,191,System Idle Process,0,msedgewebview2.exe,17500,INTEL SSDPEKKF256G7L,PASSED,4,100,26,9.7,3043,0
8/8/2026 20:05,HI38,16.7,2396,41.8,7085.09,16.2,0,0.06,0,0,191,System Idle Process,0,msedgewebview2.exe,17500,INTEL SSDPEKKF256G7L,PASSED,4,100,26,9.7,3043,0
8/8/2026 20:05,HI38,15.8,1497,41.8,7085.25,16.2,0,0.05,0,0,191,System Idle Process,0,msedgewebview2.exe,17500,INTEL SSDPEKKF256G7L,PASSED,4,100,26,9.7,3043,0
8/8/2026 20:05,HI38,17.9,2396,41.8,7085.41,16.2,0,0.04,0,0,191,System Idle Process,0,msedgewebview2.exe,17500,INTEL SSDPEKKF256G7L,PASSED,4,100,26,9.7,3043,0
8/8/2026 20:05,HI38,19.5,1497,41.8,7085.39,16.2,0.09,0.31,0,0,191,System Idle Process,0,msedgewebview2.exe,17500,INTEL SSDPEKKF256G7L,PASSED,4,100,26,9.7,3043,0
8/8/2026 20:06,HI38,16.1,2396,41.8,7085.24,16.2,0.13,0.07,0,0,191,System Idle Process,0,msedgewebview2.exe,17500,INTEL SSDPEKKF256G7L,PASSED,4,100,26,9.7,3043,0
8/8/2026 20:06,HI38,17.4,1497,41.8,7084.78,16.2,0.13,0.03,0,0,191,System Idle Process,0,msedgewebview2.exe,17500,INTEL SSDPEKKF256G7L,PASSED,4,100,26,9.7,3043,0
8/8/2026 20:06,HI38,17,1497,41.8,7086.09,16.2,0,0.05,0,0,191,System Idle Process,0,msedgewebview2.exe,17500,INTEL SSDPEKKF256G7L,PASSED,4,100,26,9.7,3043,0
8/8/2026 20:06,HI38,15.2,1497,41.7,7088.1,16.2,0,0.09,0,0,191,System Idle Process,0,msedgewebview2.exe,17500,INTEL SSDPEKKF256G7L,PASSED,4,100,26,9.7,3043,0
8/8/2026 20:06,HI38,16.2,2396,41.7,7089.76,16.2,0,0.04,0,0,191,System Idle Process,0,msedgewebview2.exe,17500,INTEL SSDPEKKF256G7L,PASSED,4,100,26,9.7,3043,0
8/8/2026 20:06,HI38,18.3,2396,41.7,7095.48,16.2,2.49,0.07,0,0,192,System Idle Process,0,msedgewebview2.exe,17500,INTEL SSDPEKKF256G7L,PASSED,4,100,26,9.7,3043,0
8/8/2026 20:06,HI38,22.9,1497,41.6,7101.88,16.2,3.32,0.09,0,0,191,System Idle Process,0,msedgewebview2.exe,17500,INTEL SSDPEKKF256G7L,PASSED,4,100,26,9.7,3043,0
8/8/2026 20:06,HI38,16.2,1497,41.7,7093.37,16.2,0.01,0.08,0,0,191,System Idle Process,0,msedgewebview2.exe,17500,INTEL SSDPEKKF256G7L,PASSED,4,100,26,9.7,3043,0
8/8/2026 20:06,HI38,14.9,1497,41.7,7092.49,16.2,0,0.04,0,0,191,System Idle Process,0,msedgewebview2.exe,17500,INTEL SSDPEKKF256G7L,PASSED,4,100,26,9.7,3043,0
8/8/2026 20:06,HI38,14.2,1497,41.7,7091.3,16.2,0,0.09,0,0,191,System Idle Process,0,msedgewebview2.exe,17500,INTEL SSDPEKKF256G7L,PASSED,4,100,26,9.7,3043,0
8/8/2026 20:06,HI38,16.4,1497,41.7,7093.11,16.2,0,0.03,0,0,191,System Idle Process,0,msedgewebview2.exe,17500,INTEL SSDPEKKF256G7L,PASSED,4,100,26,9.7,3043,0
8/8/2026 20:06,HI38,15.6,1497,41.7,7093.53,16.2,0,0.01,0,0,191,System Idle Process,0,msedgewebview2.exe,17500,INTEL SSDPEKKF256G7L,PASSED,4,100,26,9.7,3043,0
8/8/2026 20:06,HI38,14.7,1497,41.7,7094.33,16.2,0.01,0.05,0,0,191,System Idle Process,0,msedgewebview2.exe,17500,INTEL SSDPEKKF256G7L,PASSED,4,100,26,9.7,3043,0
8/8/2026 20:06,HI38,18.4,1497,41.7,7094.26,16.2,0.01,0.06,0,0,191,System Idle Process,0,msedgewebview2.exe,17500,INTEL SSDPEKKF256G7L,PASSED,4,100,26,9.7,3043,0
8/8/2026 20:06,HI38,15.9,1497,41.7,7094.29,16.2,0,0.04,0,0,191,System Idle Process,0,msedgewebview2.exe,17500,INTEL SSDPEKKF256G7L,PASSED,4,100,26,9.7,3043,0
8/8/2026 20:06,HI38,15.9,2396,41.7,7094.33,16.2,0.04,0.01,0,0,191,System Idle Process,0,msedgewebview2.exe,17500,INTEL SSDPEKKF256G7L,PASSED,4,100,26,9.7,3043,0
8/8/2026 20:06,HI38,38.9,1497,41.9,7067.89,16.2,0.02,0.05,0,0,192,System Idle Process,0,msedgewebview2.exe,17500,INTEL SSDPEKKF256G7L,PASSED,4,100,26,9.7,3043,0
8/8/2026 20:07,HI38,29.7,1497,42,7056.02,16.2,0.02,0.09,0,0,198,System Idle Process,0,msedgewebview2.exe,17500,INTEL SSDPEKKF256G7L,PASSED,4,100,26,9.7,3043,0
8/8/2026 20:07,HI38,18.6,1497,42,7054.45,16.2,0.01,0.07,0,0,196,System Idle Process,0,msedgewebview2.exe,17500,INTEL SSDPEKKF256G7L,PASSED,4,100,26,9.7,3043,0
8/8/2026 20:07,HI38,16.9,1497,42,7053.56,16.2,0,0.08,0,0,196,System Idle Process,0,msedgewebview2.exe,17500,INTEL SSDPEKKF256G7L,PASSED,4,100,26,9.7,3043,0
8/8/2026 20:07,HI38,15.9,1497,42,7055.18,16.2,0,0.04,0,0,196,System Idle Process,0,msedgewebview2.exe,17500,INTEL SSDPEKKF256G7L,PASSED,4,100,26,9.7,3043,0
8/8/2026 20:07,HI38,17.3,1497,41.9,7066.75,16.2,0.01,0.07,0,0,192,System Idle Process,0,msedgewebview2.exe,17500,INTEL SSDPEKKF256G7L,PASSED,4,100,26,9.7,3043,0
8/8/2026 20:07,HI38,14.7,1497,41.9,7067.5,16.2,0,0.06,0,0,192,System Idle Process,0,msedgewebview2.exe,17500,INTEL SSDPEKKF256G7L,PASSED,4,100,26,9.7,3043,0
8/8/2026 20:07,HI38,39.9,1497,41.9,7067.03,16.2,1.08,0.09,0,0,193,System Idle Process,0,msedgewebview2.exe,17500,INTEL SSDPEKKF256G7L,PASSED,4,100,26,9.7,3043,0
8/8/2026 20:07,HI38,19.1,1497,41.8,7082.49,16.2,0,0.16,0,0,192,System Idle Process,0,msedgewebview2.exe,17500,INTEL SSDPEKKF256G7L,PASSED,4,100,26,9.7,3043,0
8/8/2026 20:07,HI38,14.9,2396,41.8,7084.2,16.2,0,0.08,0,0,192,System Idle Process,0,msedgewebview2.exe,17500,INTEL SSDPEKKF256G7L,PASSED,4,100,26,9.7,3043,0
8/8/2026 20:07,HI38,14.1,1497,41.8,7084.05,16.2,0,0.05,0,0,192,System Idle Process,0,msedgewebview2.exe,17500,INTEL SSDPEKKF256G7L,PASSED,4,100,26,9.7,3043,0
8/8/2026 20:07,HI38,16.9,1497,41.8,7084.21,16.2,0.03,0.03,0,0,192,System Idle Process,0,msedgewebview2.exe,17500,INTEL SSDPEKKF256G7L,PASSED,4,100,26,9.7,3043,0
8/8/2026 20:07,HI38,15.5,2396,41.8,7085.2,16.2,0,0.04,0,0,192,System Idle Process,0,msedgewebview2.exe,17500,INTEL SSDPEKKF256G7L,PASSED,4,100,26,9.7,3043,0
8/8/2026 20:07,HI38,21.5,2396,41.7,7088.62,16.2,0.06,0.08,0,0,191,System Idle Process,0,msedgewebview2.exe,17500,INTEL SSDPEKKF256G7L,PASSED,4,100,26,9.7,3043,0
8/8/2026 20:07,HI38,29.1,1497,41.8,7085.35,16.2,0,0.01,0,0,191,System Idle Process,0,msedgewebview2.exe,17500,INTEL SSDPEKKF256G7L,PASSED,4,100,26,9.7,3043,0
8/8/2026 20:07,HI38,17.6,1497,41.8,7085.86,16.2,0,0.04,0,0,191,System Idle Process,0,msedgewebview2.exe,17500,INTEL SSDPEKKF256G7L,PASSED,4,100,26,9.7,3043,0
8/8/2026 20:07,HI38,17.9,1497,41.8,7085.32,16.2,0.02,0.05,0,0,191,System Idle Process,0,msedgewebview2.exe,17500,INTEL SSDPEKKF256G7L,PASSED,4,100,26,9.7,3043,0
8/8/2026 20:08,HI38,16.9,2396,41.8,7084.53,16.2,0,0.03,0,0,191,System Idle Process,0,msedgewebview2.exe,17500,INTEL SSDPEKKF256G7L,PASSED,4,100,26,9.7,3043,0
8/8/2026 20:08,HI38,18.9,1497,41.7,7088.86,16.2,0.01,0.09,0,0,190,System Idle Process,0,msedgewebview2.exe,17500,INTEL SSDPEKKF256G7L,PASSED,4,100,26,9.7,3043,0
8/8/2026 20:08,HI38,15.8,2396,41.8,7086.89,16.2,0,0.03,0,0,190,System Idle Process,0,msedgewebview2.exe,17500,INTEL SSDPEKKF256G7L,PASSED,4,100,26,9.7,3043,0
8/8/2026 20:08,HI38,14.8,2396,41.7,7087.45,16.2,0,0.03,0,0,190,System Idle Process,0,msedgewebview2.exe,17500,INTEL SSDPEKKF256G7L,PASSED,4,100,26,9.7,3043,0
8/8/2026 20:08,HI38,15.9,1497,41.7,7087.55,16.2,0,0.06,0,0,190,System Idle Process,0,msedgewebview2.exe,17500,INTEL SSDPEKKF256G7L,PASSED,4,100,26,9.7,3043,0
8/8/2026 20:08,HI38,14.4,1497,41.7,7087.63,16.2,0,0.03,0,0,190,System Idle Process,0,msedgewebview2.exe,17500,INTEL SSDPEKKF256G7L,PASSED,4,100,26,9.7,3043,0
8/8/2026 20:08,HI38,14.4,2396,41.7,7088.01,16.2,0,0.06,0,0,190,System Idle Process,0,msedgewebview2.exe,17500,INTEL SSDPEKKF256G7L,PASSED,4,100,25,9.7,3043,0
8/8/2026 20:08,HI38,15.6,1497,41.7,7088.16,16.2,0,0.01,0,0,190,System Idle Process,0,msedgewebview2.exe,17500,INTEL SSDPEKKF256G7L,PASSED,4,100,25,9.7,3043,0
8/8/2026 20:08,HI38,16.7,1497,41.7,7088.41,16.2,0,0.05,0,0,190,System Idle Process,0,msedgewebview2.exe,17500,INTEL SSDPEKKF256G7L,PASSED,4,100,26,9.7,3043,0
8/8/2026 20:08,HI38,15.4,1497,41.7,7088.21,16.2,0.01,0.09,0,0,190,System Idle Process,0,msedgewebview2.exe,17500,INTEL SSDPEKKF256G7L,PASSED,4,100,26,9.7,3043,0
8/8/2026 20:08,HI38,16.4,2396,41.7,7088.68,16.2,0,0.03,0,0,190,System Idle Process,0,msedgewebview2.exe,17500,INTEL SSDPEKKF256G7L,PASSED,4,100,26,9.7,3043,0
8/8/2026 20:08,HI38,15.4,1497,41.7,7088.29,16.2,0,0.04,0,0,190,System Idle Process,0,msedgewebview2.exe,17500,INTEL SSDPEKKF256G7L,PASSED,4,100,26,9.7,3043,0
8/8/2026 20:08,HI38,13.5,2396,41.7,7088.61,16.2,0,0.07,0,0,190,System Idle Process,0,msedgewebview2.exe,17500,INTEL SSDPEKKF256G7L,PASSED,4,100,26,9.7,3043,0
8/8/2026 20:08,HI38,15.3,1497,41.7,7088.54,16.2,0,0.01,0,0,190,System Idle Process,0,msedgewebview2.exe,17500,INTEL SSDPEKKF256G7L,PASSED,4,100,25,9.7,3043,0
8/8/2026 20:08,HI38,16.6,1497,41.7,7088.91,16.2,0,0.05,0,0,190,System Idle Process,0,msedgewebview2.exe,17500,INTEL SSDPEKKF256G7L,PASSED,4,100,26,9.7,3043,0
8/8/2026 20:08,HI38,14.5,1497,41.7,7088.99,16.2,0,0.03,0,0,190,System Idle Process,0,msedgewebview2.exe,17500,INTEL SSDPEKKF256G7L,PASSED,4,100,25,9.7,3043,0
8/8/2026 20:08,HI38,16.4,1497,41.7,7089.05,16.2,0,0.02,0,0,190,System Idle Process,0,msedgewebview2.exe,17500,INTEL SSDPEKKF256G7L,PASSED,4,100,26,9.7,3043,0
8/8/2026 20:08,HI38,15.2,1497,41.7,7089.27,16.2,0,0.05,0,0,190,System Idle Process,0,msedgewebview2.exe,17500,INTEL SSDPEKKF256G7L,PASSED,4,100,26,9.7,3043,0
8/8/2026 20:09,HI38,16.8,1497,41.7,7092.33,16.2,0,0.01,0,0,190,System Idle Process,0,msedgewebview2.exe,17500,INTEL SSDPEKKF256G7L,PASSED,4,100,26,9.7,3043,0
8/8/2026 20:09,HI38,14.7,2396,41.7,7089.14,16.2,0.01,0.1,0,0,190,System Idle Process,0,msedgewebview2.exe,17500,INTEL SSDPEKKF256G7L,PASSED,4,100,26,9.7,3043,0
8/8/2026 20:09,HI38,17.8,1497,41.7,7089.62,16.2,0.02,0.07,0,0,190,System Idle Process,0,msedgewebview2.exe,17500,INTEL SSDPEKKF256G7L,PASSED,4,100,26,9.7,3043,0
8/8/2026 20:09,HI38,15.5,1497,41.7,7091.26,16.2,0,0.03,0,0,190,System Idle Process,0,msedgewebview2.exe,17500,INTEL SSDPEKKF256G7L,PASSED,4,100,26,9.7,3043,0
8/8/2026 20:09,HI38,53.8,2396,41.7,7090.39,16.2,0.01,0.14,0,0,190,System Idle Process,0,msedgewebview2.exe,17500,INTEL SSDPEKKF256G7L,PASSED,4,100,26,9.7,3043,0
8/8/2026 20:09,HI38,24.9,1497,41.7,7090.54,16.2,0,0.04,0,0,190,System Idle Process,0,msedgewebview2.exe,17500,INTEL SSDPEKKF256G7L,PASSED,4,100,26,9.7,3043,0
8/8/2026 20:09,HI38,19.3,1497,41.7,7090.6,16.2,0,0,0,0,190,System Idle Process,0,msedgewebview2.exe,17500,INTEL SSDPEKKF256G7L,PASSED,4,100,26,9.7,3043,0
8/8/2026 20:09,HI38,14.9,1497,41.7,7091.23,16.2,0,0.07,0,0,190,System Idle Process,0,msedgewebview2.exe,17500,INTEL SSDPEKKF256G7L,PASSED,4,100,26,9.7,3043,0
8/8/2026 20:09,HI38,16.5,1497,41.7,7090.61,16.2,0,0.05,0,0,190,System Idle Process,0,msedgewebview2.exe,17500,INTEL SSDPEKKF256G7L,PASSED,4,100,26,9.7,3043,0
8/8/2026 20:09,HI38,14.8,1497,41.7,7091.65,16.2,0,0.04,0,0,190,System Idle Process,0,msedgewebview2.exe,17500,INTEL SSDPEKKF256G7L,PASSED,4,100,26,9.7,3043,0
8/8/2026 20:09,HI38,14.8,1497,41.7,7092.07,16.2,0,0.02,0,0,190,System Idle Process,0,msedgewebview2.exe,17500,INTEL SSDPEKKF256G7L,PASSED,4,100,26,9.7,3043,0
8/8/2026 20:09,HI38,16.7,1497,41.7,7092.05,16.2,0,0.06,0,0,190,System Idle Process,0,msedgewebview2.exe,17500,INTEL SSDPEKKF256G7L,PASSED,4,100,26,9.7,3043,0
8/8/2026 20:09,HI38,17.1,1497,41.7,7092.25,16.2,0,0.14,0,0,190,System Idle Process,0,msedgewebview2.exe,17500,INTEL SSDPEKKF256G7L,PASSED,4,100,25,9.7,3043,0
8/8/2026 20:09,HI38,24.2,1497,41.7,7091.72,16.2,0,0.02,0,0,190,System Idle Process,0,msedgewebview2.exe,17500,INTEL SSDPEKKF256G7L,PASSED,4,100,26,9.7,3043,0
8/8/2026 20:09,HI38,14.2,1497,41.7,7094.25,16.2,0,0.39,0,0,190,System Idle Process,0,msedgewebview2.exe,17500,INTEL SSDPEKKF256G7L,PASSED,4,100,26,9.7,3043,0
8/8/2026 20:09,HI38,14.2,1497,41.6,7099.66,16.2,0.01,0.06,0,0,189,System Idle Process,0,msedgewebview2.exe,17500,INTEL SSDPEKKF256G7L,PASSED,4,100,26,9.7,3043,0
8/8/2026 20:10,HI38,14.4,1497,41.6,7100.3,16.2,0,0.09,0,0,189,System Idle Process,0,msedgewebview2.exe,17500,INTEL SSDPEKKF256G7L,PASSED,4,100,25,9.7,3043,0
8/8/2026 20:10,HI38,17.5,1497,41.6,7101.06,16.2,0,0,0,0,189,System Idle Process,0,msedgewebview2.exe,17500,INTEL SSDPEKKF256G7L,PASSED,4,100,26,9.7,3043,0
8/8/2026 20:10,HI38,16.3,1497,41.6,7100.42,16.2,0,0.02,0,0,189,System Idle Process,0,msedgewebview2.exe,17500,INTEL SSDPEKKF256G7L,PASSED,4,100,25,9.7,3043,0
8/8/2026 20:10,HI38,17.9,2396,41.6,7101.37,16.2,0,0.07,0,0,189,System Idle Process,0,msedgewebview2.exe,17500,INTEL SSDPEKKF256G7L,PASSED,4,100,26,9.7,3043,0
8/8/2026 20:10,HI38,16,1497,41.6,7101.16,16.2,0,0.02,0,0,189,System Idle Process,0,msedgewebview2.exe,17500,INTEL SSDPEKKF256G7L,PASSED,4,100,26,9.7,3044,0
8/8/2026 20:10,HI38,15.8,2396,41.6,7101.49,16.2,0,0.03,0,0,189,System Idle Process,0,msedgewebview2.exe,17500,INTEL SSDPEKKF256G7L,PASSED,4,100,25,9.7,3044,0
8/8/2026 20:10,HI38,18.7,2396,41.6,7102.43,16.2,0,0.06,0,0,190,System Idle Process,0,msedgewebview2.exe,17500,INTEL SSDPEKKF256G7L,PASSED,4,100,26,9.7,3044,0
8/8/2026 20:10,HI38,24.2,2396,41.6,7103.02,16.2,0,0.02,0,0,189,System Idle Process,0,msedgewebview2.exe,17500,INTEL SSDPEKKF256G7L,PASSED,4,100,26,9.7,3044,0
8/8/2026 20:10,HI38,14.1,1497,41.6,7103.04,16.2,0,0.04,0,0,189,System Idle Process,0,msedgewebview2.exe,17500,INTEL SSDPEKKF256G7L,PASSED,4,100,26,9.7,3044,0
8/8/2026 20:10,HI38,15.8,1497,41.6,7103.38,16.2,0,0.07,0,0,189,System Idle Process,0,msedgewebview2.exe,17500,INTEL SSDPEKKF256G7L,PASSED,4,100,26,9.7,3044,0
8/8/2026 20:10,HI38,17.7,1497,41.6,7103.77,16.2,0,0.03,0,0,189,System Idle Process,0,msedgewebview2.exe,17500,INTEL SSDPEKKF256G7L,PASSED,4,100,25,9.7,3044,0
8/8/2026 20:10,HI38,15.6,1497,41.6,7103.88,16.2,0.02,0.03,0,0,189,System Idle Process,0,msedgewebview2.exe,17500,INTEL SSDPEKKF256G7L,PASSED,4,100,25,9.7,3044,0
8/8/2026 20:10,HI38,15.6,2396,41.6,7103.94,16.2,0,0.03,0,0,189,System Idle Process,0,msedgewebview2.exe,17500,INTEL SSDPEKKF256G7L,PASSED,4,100,25,9.7,3044,0
8/8/2026 20:10,HI38,16.1,1497,41.6,7104.17,16.2,0,0.09,0,0,189,System Idle Process,0,msedgewebview2.exe,17500,INTEL SSDPEKKF256G7L,PASSED,4,100,26,9.7,3044,0
8/8/2026 20:10,HI38,15.6,2396,41.6,7104.16,16.2,0,0.01,0,0,189,System Idle Process,0,msedgewebview2.exe,17500,INTEL SSDPEKKF256G7L,PASSED,4,100,26,9.7,3044,0
8/8/2026 20:10,HI38,16.6,1497,41.6,7104.36,16.2,0,0.04,0,0,189,System Idle Process,0,msedgewebview2.exe,17500,INTEL SSDPEKKF256G7L,PASSED,4,100,26,9.7,3044,0
8/8/2026 20:10,HI38,31.1,2396,41.7,7088.07,16.2,0,0.04,0,0,190,System Idle Process,0,msedgewebview2.exe,17500,INTEL SSDPEKKF256G7L,PASSED,4,100,26,9.7,3044,0
8/8/2026 20:11,HI38,21.2,1497,41.8,7076.78,16.2,0,0.03,0,0,190,System Idle Process,0,msedgewebview2.exe,17500,INTEL SSDPEKKF256G7L,PASSED,4,100,26,9.7,3044,0
8/8/2026 20:11,HI38,17.1,2396,41.8,7077.28,16.2,0,0.07,0,0,190,System Idle Process,0,msedgewebview2.exe,17500,INTEL SSDPEKKF256G7L,PASSED,4,100,26,9.7,3044,0
8/8/2026 20:11,HI38,15.4,1497,41.8,7078.35,16.2,0.01,0.11,0,0,190,System Idle Process,0,msedgewebview2.exe,17500,INTEL SSDPEKKF256G7L,PASSED,4,100,26,9.7,3044,0
8/8/2026 20:11,HI38,15.6,1497,41.8,7078.71,16.2,0,0,0,0,190,System Idle Process,0,msedgewebview2.exe,17500,INTEL SSDPEKKF256G7L,PASSED,4,100,26,9.7,3044,0
8/8/2026 20:11,HI38,15.8,1497,41.8,7079.78,16.2,0,0,0,0,190,System Idle Process,0,msedgewebview2.exe,17500,INTEL SSDPEKKF256G7L,PASSED,4,100,26,9.7,3044,0
8/8/2026 20:11,HI38,16.3,1497,41.8,7079.29,16.2,0,0.06,0,0,190,System Idle Process,0,msedgewebview2.exe,17500,INTEL SSDPEKKF256G7L,PASSED,4,100,25,9.7,3044,0
8/8/2026 20:11,HI38,13.9,1497,41.8,7080.54,16.2,0,0.03,0,0,190,System Idle Process,0,msedgewebview2.exe,17500,INTEL SSDPEKKF256G7L,PASSED,4,100,26,9.7,3044,0
8/8/2026 20:11,HI38,16.2,1497,41.8,7081.8,16.2,0,0.07,0,0,190,System Idle Process,0,msedgewebview2.exe,17500,INTEL SSDPEKKF256G7L,PASSED,4,100,26,9.7,3044,0
8/8/2026 20:11,HI38,15.2,2396,41.6,7106.03,16.2,0,0.15,0,0,189,System Idle Process,0,msedgewebview2.exe,17500,INTEL SSDPEKKF256G7L,PASSED,4,100,26,9.7,3044,0
8/8/2026 20:11,HI38,14.8,1497,41.6,7106.81,16.2,0,0.1,0,0,189,System Idle Process,0,msedgewebview2.exe,17500,INTEL SSDPEKKF256G7L,PASSED,4,100,26,9.7,3044,0
8/8/2026 20:11,HI38,14.9,1497,41.6,7107.33,16.2,0,0.01,0,0,189,System Idle Process,0,msedgewebview2.exe,17500,INTEL SSDPEKKF256G7L,PASSED,4,100,26,9.7,3044,0
8/8/2026 20:11,HI38,16,1497,41.6,7107.23,16.2,0,0.11,0,0,189,System Idle Process,0,msedgewebview2.exe,17500,INTEL SSDPEKKF256G7L,PASSED,4,100,25,9.7,3044,0
8/8/2026 20:11,HI38,15.7,1497,41.6,7107.6,16.2,0,0.06,0,0,189,System Idle Process,0,msedgewebview2.exe,17500,INTEL SSDPEKKF256G7L,PASSED,4,100,26,9.7,3044,0
8/8/2026 20:11,HI38,14.7,1497,41.6,7107.39,16.2,0,0,0,0,189,System Idle Process,0,msedgewebview2.exe,17500,INTEL SSDPEKKF256G7L,PASSED,4,100,25,9.7,3044,0
8/8/2026 20:11,HI38,17.1,1497,41.6,7107.65,16.2,0,0.04,0,0,189,System Idle Process,0,msedgewebview2.exe,17500,INTEL SSDPEKKF256G7L,PASSED,4,100,26,9.7,3044,0
8/8/2026 20:11,HI38,14.4,1497,41.6,7107.67,16.2,0.27,0.04,0,0,189,System Idle Process,0,msedgewebview2.exe,17500,INTEL SSDPEKKF256G7L,PASSED,4,100,26,9.7,3044,0
8/8/2026 20:11,HI38,15.6,1497,41.6,7107.95,16.2,0,0.02,0,0,189,System Idle Process,0,msedgewebview2.exe,17500,INTEL SSDPEKKF256G7L,PASSED,4,100,25,9.7,3044,0
8/8/2026 20:11,HI38,14,2396,41.6,7107.67,16.2,0,0.05,0,0,189,System Idle Process,0,msedgewebview2.exe,17500,INTEL SSDPEKKF256G7L,PASSED,4,100,26,9.7,3044,0
8/8/2026 20:12,HI38,22.3,1497,41.6,7109.14,16.2,0,0.03,0,0,189,System Idle Process,0,msedgewebview2.exe,17500,INTEL SSDPEKKF256G7L,PASSED,4,100,25,9.7,3044,0
8/8/2026 20:12,HI38,14.3,1497,41.6,7107.55,16.2,0.13,0.02,0,0,189,System Idle Process,0,msedgewebview2.exe,17500,INTEL SSDPEKKF256G7L,PASSED,4,100,26,9.7,3044,0
8/8/2026 20:12,HI38,15.5,1497,41.6,7107.54,16.2,0.01,0.12,0,0,189,System Idle Process,0,msedgewebview2.exe,17500,INTEL SSDPEKKF256G7L,PASSED,4,100,26,9.7,3044,0
8/8/2026 20:12,HI38,16.7,1497,41.6,7107.54,16.2,0.07,0.09,0,0,189,System Idle Process,0,msedgewebview2.exe,17500,INTEL SSDPEKKF256G7L,PASSED,4,100,26,9.7,3044,0
8/8/2026 20:12,HI38,15.6,1497,41.6,7107.83,16.2,0.03,0,0,0,189,System Idle Process,0,msedgewebview2.exe,17500,INTEL SSDPEKKF256G7L,PASSED,4,100,26,9.7,3044,0
8/8/2026 20:12,HI38,15.3,1497,41.6,7107.72,16.2,0,0.03,0,0,189,System Idle Process,0,msedgewebview2.exe,17500,INTEL SSDPEKKF256G7L,PASSED,4,100,26,9.7,3044,0
8/8/2026 20:12,HI38,16.9,1497,41.6,7107.7,16.2,0,0.03,0,0,189,System Idle Process,0,msedgewebview2.exe,17500,INTEL SSDPEKKF256G7L,PASSED,4,100,26,9.7,3044,0
8/8/2026 20:12,HI38,20.7,1497,41.6,7107.75,16.2,0.22,0.06,0,0,189,System Idle Process,0,msedgewebview2.exe,17500,INTEL SSDPEKKF256G7L,PASSED,4,100,26,9.7,3044,0
8/8/2026 20:12,HI38,16.1,1497,41.6,7107.38,16.2,0,0.04,0,0,189,System Idle Process,0,msedgewebview2.exe,17500,INTEL SSDPEKKF256G7L,PASSED,4,100,28,9.7,3044,0
8/8/2026 20:12,HI38,19.8,1497,41.6,7109.61,16.2,1.67,0.14,0,0,189,System Idle Process,0,msedgewebview2.exe,17500,INTEL SSDPEKKF256G7L,PASSED,4,100,26,9.7,3044,0
8/8/2026 20:12,HI38,16,1497,41.6,7106.54,16.2,0.02,0.09,0,0,189,System Idle Process,0,msedgewebview2.exe,17500,INTEL SSDPEKKF256G7L,PASSED,4,100,26,9.7,3044,0
8/8/2026 20:12,HI38,29.1,1497,41.7,7098.08,16.2,0.05,0.01,0,0,190,System Idle Process,0,msedgewebview2.exe,17500,INTEL SSDPEKKF256G7L,PASSED,4,100,26,9.7,3044,0
8/8/2026 20:12,HI38,17.7,1497,41.7,7095.32,16.2,0.06,0.2,0,0,191,System Idle Process,0,msedgewebview2.exe,17500,INTEL SSDPEKKF256G7L,PASSED,4,100,26,9.7,3044,0
8/8/2026 20:12,HI38,17.8,2396,41.7,7095.57,16.2,0,0.09,0,0,191,System Idle Process,0,msedgewebview2.exe,17500,INTEL SSDPEKKF256G7L,PASSED,4,100,26,9.7,3044,0
8/8/2026 20:12,HI38,14.1,1497,41.7,7095.78,16.2,0,0.01,0,0,191,System Idle Process,0,msedgewebview2.exe,17500,INTEL SSDPEKKF256G7L,PASSED,4,100,26,9.7,3044,0
8/8/2026 20:12,HI38,17.2,2396,41.7,7094.8,16.2,0.01,0.06,0,0,191,System Idle Process,0,msedgewebview2.exe,17500,INTEL SSDPEKKF256G7L,PASSED,4,100,26,9.7,3044,0
8/8/2026 20:12,HI38,15.8,1497,41.7,7094.84,16.2,0,0.04,0,0,191,System Idle Process,0,msedgewebview2.exe,17500,INTEL SSDPEKKF256G7L,PASSED,4,100,26,9.7,3044,0
8/8/2026 20:13,HI38,15.7,1497,41.7,7094.77,16.2,0,0.02,0,0,191,System Idle Process,0,msedgewebview2.exe,17500,INTEL SSDPEKKF256G7L,PASSED,4,100,26,9.7,3044,0
8/8/2026 20:13,HI38,16.5,2396,41.7,7093.86,16.2,0,0.06,0,0,191,System Idle Process,0,msedgewebview2.exe,17500,INTEL SSDPEKKF256G7L,PASSED,4,100,26,9.7,3044,0
8/8/2026 20:13,HI38,14.8,1497,41.7,7094.49,16.2,0,0.04,0,0,191,System Idle Process,0,msedgewebview2.exe,17500,INTEL SSDPEKKF256G7L,PASSED,4,100,26,9.7,3044,0
8/8/2026 20:13,HI38,21,2396,41.7,7093.88,16.2,0.92,0.18,0,0,191,System Idle Process,0,msedgewebview2.exe,17500,INTEL SSDPEKKF256G7L,PASSED,4,100,26,9.7,3044,0
8/8/2026 20:13,HI38,18,1497,41.7,7093.75,16.2,0.36,0.02,0,0,191,System Idle Process,0,msedgewebview2.exe,17500,INTEL SSDPEKKF256G7L,PASSED,4,100,26,9.7,3044,0
8/8/2026 20:13,HI38,18.6,1497,41.7,7088.69,16.2,0.15,0.22,0,0,191,System Idle Process,0,msedgewebview2.exe,17500,INTEL SSDPEKKF256G7L,PASSED,4,100,26,9.7,3044,0
8/8/2026 20:13,HI38,18.3,2396,41.8,7087.29,16.2,0.23,0.03,0,0,191,System Idle Process,0,msedgewebview2.exe,17500,INTEL SSDPEKKF256G7L,PASSED,4,100,27,9.7,3044,0
8/8/2026 20:13,HI38,42,2396,41.9,7074.21,16.2,2.91,0.21,0,0,192,System Idle Process,0,msedgewebview2.exe,17500,INTEL SSDPEKKF256G7L,PASSED,4,100,27,9.7,3044,0
8/8/2026 20:13,HI38,60,2396,42.2,7028.7,16.2,0.05,0.12,0,0,192,System Idle Process,0,msedgewebview2.exe,17500,INTEL SSDPEKKF256G7L,PASSED,4,100,26,9.7,3044,0
8/8/2026 20:13,HI38,26.6,2396,42.2,7031.93,16.2,0.01,0.11,0,0,192,System Idle Process,0,msedgewebview2.exe,17500,INTEL SSDPEKKF256G7L,PASSED,4,100,26,9.7,3044,0
8/8/2026 20:13,HI38,19.7,2396,42.2,7032.86,16.2,0.01,0.08,0,0,192,System Idle Process,0,msedgewebview2.exe,17500,INTEL SSDPEKKF256G7L,PASSED,4,100,26,9.7,3044,0
8/8/2026 20:13,HI38,14.6,1497,42.2,7032.89,16.2,0.01,0.01,0,0,192,System Idle Process,0,msedgewebview2.exe,17500,INTEL SSDPEKKF256G7L,PASSED,4,100,26,9.7,3044,0
8/8/2026 20:13,HI38,14.9,1497,42.2,7033.47,16.2,0.02,0.05,0,0,192,System Idle Process,0,msedgewebview2.exe,17500,INTEL SSDPEKKF256G7L,PASSED,4,100,26,9.7,3044,0
8/8/2026 20:13,HI38,19.6,1497,42.2,7033.84,16.2,0,0.03,0,0,192,System Idle Process,0,msedgewebview2.exe,17500,INTEL SSDPEKKF256G7L,PASSED,4,100,26,9.7,3044,0
8/8/2026 20:13,HI38,26.9,1497,42.2,7035.96,16.2,0,0.2,0,0,192,System Idle Process,0,msedgewebview2.exe,17500,INTEL SSDPEKKF256G7L,PASSED,4,100,26,9.7,3044,0
8/8/2026 20:13,HI38,16.5,2396,42.2,7034.05,16.2,0,0.02,0,0,192,System Idle Process,0,msedgewebview2.exe,17500,INTEL SSDPEKKF256G7L,PASSED,4,100,26,9.7,3044,0
8/8/2026 20:14,HI38,15.2,1497,42.2,7033.74,16.2,0,0.01,0,0,192,System Idle Process,0,msedgewebview2.exe,17500,INTEL SSDPEKKF256G7L,PASSED,4,100,28,9.7,3044,0
8/8/2026 20:14,HI38,38,2396,42.2,7036.41,16.2,0.77,0.79,0,0,192,System Idle Process,0,msedgewebview2.exe,17500,INTEL SSDPEKKF256G7L,PASSED,4,100,27,9.7,3044,0
8/8/2026 20:14,HI38,22.3,1497,42.2,7036.13,16.2,0.06,0.15,0,0,192,System Idle Process,0,msedgewebview2.exe,17500,INTEL SSDPEKKF256G7L,PASSED,4,100,26,9.7,3044,0
8/8/2026 20:14,HI38,16.4,1497,42.2,7035.53,16.2,0,0,0,0,192,System Idle Process,0,msedgewebview2.exe,17500,INTEL SSDPEKKF256G7L,PASSED,4,100,26,9.7,3044,0
8/8/2026 20:14,HI38,16.2,2396,42.2,7035.07,16.2,0,0,0,0,192,System Idle Process,0,msedgewebview2.exe,17500,INTEL SSDPEKKF256G7L,PASSED,4,100,26,9.7,3044,0
8/8/2026 20:14,HI38,17.1,1497,42.2,7034.84,16.2,0.04,0.03,0,0,192,System Idle Process,0,msedgewebview2.exe,17500,INTEL SSDPEKKF256G7L,PASSED,4,100,26,9.7,3044,0
8/8/2026 20:14,HI38,17.7,1497,42.2,7034.76,16.2,0,0.24,0,0,192,System Idle Process,0,msedgewebview2.exe,17500,INTEL SSDPEKKF256G7L,PASSED,4,100,26,9.7,3044,0
8/8/2026 20:14,HI38,18.2,1497,42.2,7035.29,16.2,0,0.06,0,0,192,System Idle Process,0,msedgewebview2.exe,17500,INTEL SSDPEKKF256G7L,PASSED,4,100,26,9.7,3044,0
8/8/2026 20:14,HI38,17.2,1497,42.2,7034.96,16.2,0,0.01,0,0,192,System Idle Process,0,msedgewebview2.exe,17500,INTEL SSDPEKKF256G7L,PASSED,4,100,26,9.7,3044,0
8/8/2026 20:14,HI38,18.4,1497,42.2,7035.31,16.2,0,0.08,0,0,192,System Idle Process,0,msedgewebview2.exe,17500,INTEL SSDPEKKF256G7L,PASSED,4,100,26,9.7,3044,0
8/8/2026 20:14,HI38,17.1,1497,42.2,7035.35,16.2,0,0.05,0,0,192,System Idle Process,0,msedgewebview2.exe,17500,INTEL SSDPEKKF256G7L,PASSED,4,100,26,9.7,3044,0
8/8/2026 20:14,HI38,16.5,1497,42.2,7035.25,16.2,0,0.04,0,0,192,System Idle Process,0,msedgewebview2.exe,17500,INTEL SSDPEKKF256G7L,PASSED,4,100,26,9.7,3044,0
8/8/2026 20:14,HI38,18.3,1497,42.2,7034.37,16.2,0.02,0.03,0,0,192,System Idle Process,0,msedgewebview2.exe,17500,INTEL SSDPEKKF256G7L,PASSED,4,100,26,9.7,3044,0
8/8/2026 20:14,HI38,16.6,1497,42.2,7035.61,16.2,0,0.02,0,0,192,System Idle Process,0,msedgewebview2.exe,17500,INTEL SSDPEKKF256G7L,PASSED,4,100,26,9.7,3044,0
8/8/2026 20:14,HI38,27,1497,42.4,7010.7,16.2,0,0.05,0,0,192,System Idle Process,0,msedgewebview2.exe,17500,INTEL SSDPEKKF256G7L,PASSED,4,100,26,9.7,3044,0
8/8/2026 20:14,HI38,30.6,1497,42.1,7046.32,16.2,0.01,0.15,0,0,192,System Idle Process,0,msedgewebview2.exe,17500,INTEL SSDPEKKF256G7L,PASSED,4,100,26,9.7,3044,0
8/8/2026 20:14,HI38,27.8,1497,42.4,7014.14,16.2,0.12,0.02,0,0,193,System Idle Process,0,msedgewebview2.exe,17500,INTEL SSDPEKKF256G7L,PASSED,4,100,26,9.7,3044,0
8/8/2026 20:15,HI38,24.6,1497,42.3,7022.41,16.2,0.05,0.06,0,0,193,System Idle Process,0,msedgewebview2.exe,17500,INTEL SSDPEKKF256G7L,PASSED,4,100,26,9.7,3044,0
8/8/2026 20:15,HI38,19,2396,42.3,7022.27,16.2,0,0.06,0,0,193,System Idle Process,0,msedgewebview2.exe,17500,INTEL SSDPEKKF256G7L,PASSED,4,100,27,9.7,3044,0
8/8/2026 20:15,HI38,20.9,1497,42.3,7021.93,16.2,0.05,0.14,0,0,193,System Idle Process,0,msedgewebview2.exe,17500,INTEL SSDPEKKF256G7L,PASSED,4,100,26,9.7,3044,0
8/8/2026 20:15,HI38,18.6,1497,42.3,7022.04,16.2,0,0.06,0,0,193,System Idle Process,0,msedgewebview2.exe,17500,INTEL SSDPEKKF256G7L,PASSED,4,100,26,9.7,3044,0
8/8/2026 20:15,HI38,16,2396,42.3,7024.73,16.2,0.01,0.05,0,0,193,System Idle Process,0,msedgewebview2.exe,17500,INTEL SSDPEKKF256G7L,PASSED,4,100,26,9.7,3044,0
8/8/2026 20:15,HI38,16.5,1497,42.3,7024.96,16.2,0.09,0.01,0,0,193,System Idle Process,0,msedgewebview2.exe,17500,INTEL SSDPEKKF256G7L,PASSED,4,100,26,9.7,3044,0
8/8/2026 20:15,HI38,16.9,1497,42.3,7025.33,16.2,0,0.01,0,0,193,System Idle Process,0,msedgewebview2.exe,17500,INTEL SSDPEKKF256G7L,PASSED,4,100,26,9.7,3044,0
8/8/2026 20:15,HI38,18.4,1497,42.3,7026.4,16.2,0.05,0.07,0,0,193,System Idle Process,0,msedgewebview2.exe,17500,INTEL SSDPEKKF256G7L,PASSED,4,100,26,9.7,3044,0
8/8/2026 20:15,HI38,18.5,1497,42.1,7044.91,16.2,0.13,0.07,0,0,192,System Idle Process,0,msedgewebview2.exe,17500,INTEL SSDPEKKF256G7L,PASSED,4,100,26,9.7,3044,0
8/8/2026 20:15,HI38,16.8,2396,42.1,7045.04,16.2,0.03,0.02,0,0,192,System Idle Process,0,msedgewebview2.exe,17500,INTEL SSDPEKKF256G7L,PASSED,4,100,26,9.7,3044,0
8/8/2026 20:15,HI38,16,1497,42.1,7045.84,16.2,0.01,0,0,0,192,System Idle Process,0,msedgewebview2.exe,17500,INTEL SSDPEKKF256G7L,PASSED,4,100,26,9.7,3044,0
8/8/2026 20:15,HI38,16.6,1497,42.1,7046.73,16.2,0,0.06,0,0,192,System Idle Process,0,msedgewebview2.exe,17500,INTEL SSDPEKKF256G7L,PASSED,4,100,26,9.7,3044,0
8/8/2026 20:15,HI38,15,1497,42.1,7047.04,16.2,0,0.08,0,0,192,System Idle Process,0,msedgewebview2.exe,17500,INTEL SSDPEKKF256G7L,PASSED,4,100,26,9.7,3044,0
8/8/2026 20:15,HI38,16.4,2396,42.1,7047.12,16.2,0.02,0.03,0,0,192,System Idle Process,0,msedgewebview2.exe,17500,INTEL SSDPEKKF256G7L,PASSED,4,100,26,9.7,3044,0
8/8/2026 20:15,HI38,14.2,1497,42.1,7047.36,16.2,0,0.03,0,0,192,System Idle Process,0,msedgewebview2.exe,17500,INTEL SSDPEKKF256G7L,PASSED,4,100,26,9.7,3044,0
8/8/2026 20:15,HI38,57.6,2396,42.2,7034.26,16.2,1.71,0.05,0,0,193,System Idle Process,0,msedgewebview2.exe,17500,INTEL SSDPEKKF256G7L,PASSED,4,100,27,9.7,3044,0
8/8/2026 20:15,HI38,37.1,1497,42.4,7006.52,16.2,3.49,0.11,0,0,196,System Idle Process,0,msedgewebview2.exe,17500,INTEL SSDPEKKF256G7L,PASSED,4,100,26,9.7,3044,0
8/8/2026 20:16,HI38,23,1497,42.2,7033.44,16.2,1.13,0.16,0,0,195,System Idle Process,0,msedgewebview2.exe,17500,INTEL SSDPEKKF256G7L,PASSED,4,100,26,9.7,3044,0
8/8/2026 20:16,HI38,17.8,1497,42.2,7027.96,16.2,0.12,0.13,0,0,195,System Idle Process,0,msedgewebview2.exe,17500,INTEL SSDPEKKF256G7L,PASSED,4,100,26,9.7,3044,0
8/8/2026 20:16,HI38,16.8,1497,42.2,7027.89,16.2,0,0.02,0,0,195,System Idle Process,0,msedgewebview2.exe,17500,INTEL SSDPEKKF256G7L,PASSED,4,100,26,9.7,3044,0
8/8/2026 20:16,HI38,15.8,2396,42.2,7028.3,16.2,0,0.11,0,0,195,System Idle Process,0,msedgewebview2.exe,17500,INTEL SSDPEKKF256G7L,PASSED,4,100,26,9.7,3044,0
8/8/2026 20:16,HI38,15.8,1497,42.2,7029.02,16.2,0,0.01,0,0,195,System Idle Process,0,msedgewebview2.exe,17500,INTEL SSDPEKKF256G7L,PASSED,4,100,26,9.7,3044,0
8/8/2026 20:16,HI38,17,1497,42.2,7028.89,16.2,0,0.02,0,0,195,System Idle Process,0,msedgewebview2.exe,17500,INTEL SSDPEKKF256G7L,PASSED,4,100,26,9.7,3044,0
8/8/2026 20:16,HI38,17,1497,42.2,7029.16,16.2,0,0.24,0,0,195,System Idle Process,0,msedgewebview2.exe,17500,INTEL SSDPEKKF256G7L,PASSED,4,100,26,9.7,3044,0
8/8/2026 20:16,HI38,15.7,2396,42.2,7029.3,16.2,0,0.02,0,0,195,System Idle Process,0,msedgewebview2.exe,17500,INTEL SSDPEKKF256G7L,PASSED,4,100,26,9.7,3044,0
8/8/2026 20:16,HI38,15.8,2396,42.2,7029.61,16.2,0.01,0.13,0,0,195,System Idle Process,0,msedgewebview2.exe,17500,INTEL SSDPEKKF256G7L,PASSED,4,100,26,9.7,3044,0
8/8/2026 20:16,HI38,17.9,2396,42.2,7029.63,16.2,0,0.07,0,0,195,System Idle Process,0,msedgewebview2.exe,17500,INTEL SSDPEKKF256G7L,PASSED,4,100,26,9.7,3044,0
8/8/2026 20:16,HI38,17.6,1497,42.2,7029.84,16.2,0,0.06,0,0,195,System Idle Process,0,msedgewebview2.exe,17500,INTEL SSDPEKKF256G7L,PASSED,4,100,26,9.7,3044,0
8/8/2026 20:16,HI38,14.9,1497,42.2,7029.88,16.2,0,0.01,0,0,195,System Idle Process,0,msedgewebview2.exe,17500,INTEL SSDPEKKF256G7L,PASSED,4,100,26,9.7,3044,0
8/8/2026 20:16,HI38,16.5,1497,42.2,7029.86,16.2,0,0.07,0,0,195,System Idle Process,0,msedgewebview2.exe,17500,INTEL SSDPEKKF256G7L,PASSED,4,100,26,9.7,3044,0
8/8/2026 20:16,HI38,15.3,1497,42.2,7029.92,16.2,0,0.03,0,0,195,System Idle Process,0,msedgewebview2.exe,17500,INTEL SSDPEKKF256G7L,PASSED,4,100,26,9.7,3044,0
8/8/2026 20:16,HI38,16.8,1497,42.2,7029.77,16.2,0,0.06,0,0,195,System Idle Process,0,msedgewebview2.exe,17500,INTEL SSDPEKKF256G7L,PASSED,4,100,26,9.7,3044,0
8/8/2026 20:16,HI38,15.5,1497,42.2,7030.93,16.2,0.01,0.02,0,0,194,System Idle Process,0,msedgewebview2.exe,17500,INTEL SSDPEKKF256G7L,PASSED,4,100,26,9.7,3044,0
8/8/2026 20:17,HI38,15.2,2396,42.2,7033.04,16.2,0.01,0.14,0,0,193,System Idle Process,0,msedgewebview2.exe,17500,INTEL SSDPEKKF256G7L,PASSED,4,100,26,9.7,3044,0
8/8/2026 20:17,HI38,17.8,1497,42.2,7033.12,16.2,0,0.04,0,0,193,System Idle Process,0,msedgewebview2.exe,17500,INTEL SSDPEKKF256G7L,PASSED,4,100,26,9.7,3044,0
8/8/2026 20:17,HI38,15.5,2396,42.2,7033.71,16.2,0,0,0,0,193,System Idle Process,0,msedgewebview2.exe,17500,INTEL SSDPEKKF256G7L,PASSED,4,100,26,9.7,3044,0
8/8/2026 20:17,HI38,17.5,1497,42.2,7034.93,16.2,0,0.09,0,0,193,System Idle Process,0,msedgewebview2.exe,17500,INTEL SSDPEKKF256G7L,PASSED,4,100,26,9.7,3044,0
8/8/2026 20:17,HI38,15.3,2396,42.2,7037.05,16.2,0,0.05,0,0,193,System Idle Process,0,msedgewebview2.exe,17500,INTEL SSDPEKKF256G7L,PASSED,4,100,26,9.7,3044,0
8/8/2026 20:17,HI38,14.8,1497,42.2,7037.39,16.2,0.04,0.01,0,0,193,System Idle Process,0,msedgewebview2.exe,17500,INTEL SSDPEKKF256G7L,PASSED,4,100,26,9.7,3044,0
8/8/2026 20:17,HI38,16,1497,42.2,7036.43,16.2,0,0.01,0,0,193,System Idle Process,0,msedgewebview2.exe,17500,INTEL SSDPEKKF256G7L,PASSED,4,100,26,9.7,3044,0
8/8/2026 20:17,HI38,17,1497,42.2,7036.76,16.2,0,0.05,0,0,193,System Idle Process,0,msedgewebview2.exe,17500,INTEL SSDPEKKF256G7L,PASSED,4,100,26,9.7,3044,0
8/8/2026 20:17,HI38,16.6,2396,42.1,7039.91,16.2,0.01,0.05,0,0,192,System Idle Process,0,msedgewebview2.exe,17500,INTEL SSDPEKKF256G7L,PASSED,4,100,26,9.7,3044,0
8/8/2026 20:17,HI38,20.9,1497,42.1,7039.97,16.2,0.13,0.01,0,0,192,System Idle Process,0,msedgewebview2.exe,17500,INTEL SSDPEKKF256G7L,PASSED,4,100,26,9.7,3044,0
8/8/2026 20:17,HI38,20.4,1497,42.1,7039.81,16.2,0.03,0.06,0,0,192,System Idle Process,0,msedgewebview2.exe,17500,INTEL SSDPEKKF256G7L,PASSED,4,100,26,9.7,3044,0
8/8/2026 20:17,HI38,16.4,2396,42.1,7039.46,16.2,0,0.07,0,0,192,System Idle Process,0,msedgewebview2.exe,17500,INTEL SSDPEKKF256G7L,PASSED,4,100,26,9.7,3044,0
8/8/2026 20:17,HI38,22.2,2396,42.1,7039.29,16.2,0,0.04,0,0,192,System Idle Process,0,msedgewebview2.exe,17500,INTEL SSDPEKKF256G7L,PASSED,4,100,26,9.7,3044,0
8/8/2026 20:17,HI38,21.3,1497,42.1,7039.54,16.2,0,0.19,0,0,192,System Idle Process,0,msedgewebview2.exe,17500,INTEL SSDPEKKF256G7L,PASSED,4,100,26,9.7,3044,0
8/8/2026 20:17,HI38,15.9,1497,42.1,7039.55,16.2,0,0.06,0,0,192,System Idle Process,0,msedgewebview2.exe,17500,INTEL SSDPEKKF256G7L,PASSED,4,100,26,9.7,3044,0
8/8/2026 20:17,HI38,16.1,1497,42.1,7040.16,16.2,0,0.01,0,0,192,System Idle Process,0,msedgewebview2.exe,17500,INTEL SSDPEKKF256G7L,PASSED,4,100,26,9.7,3044,0
8/8/2026 20:17,HI38,16.1,2396,42.1,7039.45,16.2,0,0.03,0,0,192,System Idle Process,0,msedgewebview2.exe,17500,INTEL SSDPEKKF256G7L,PASSED,4,100,26,9.7,3044,0
8/8/2026 20:18,HI38,17.9,1497,42.1,7039.89,16.2,0,0.04,0,0,192,System Idle Process,0,msedgewebview2.exe,17500,INTEL SSDPEKKF256G7L,PASSED,4,100,26,9.7,3044,0
8/8/2026 20:18,HI38,17.9,1497,42.1,7039.65,16.2,0,0.05,0,0,192,System Idle Process,0,msedgewebview2.exe,17500,INTEL SSDPEKKF256G7L,PASSED,4,100,26,9.7,3044,0
8/8/2026 20:18,HI38,16,1497,42.1,7040.4,16.2,0.02,0.01,0,0,192,System Idle Process,0,msedgewebview2.exe,17500,INTEL SSDPEKKF256G7L,PASSED,4,100,26,9.7,3044,0
8/8/2026 20:18,HI38,16.5,2396,42.2,7035.83,16.2,1.32,0.06,0,0,194,System Idle Process,0,msedgewebview2.exe,17500,INTEL SSDPEKKF256G7L,PASSED,4,100,27,9.7,3044,0
8/8/2026 20:18,HI38,63.1,2396,42.5,6999.58,16.2,17.99,1.79,0,0,196,System Idle Process,0,msedgewebview2.exe,17500,INTEL SSDPEKKF256G7L,PASSED,4,100,27,9.7,3044,0
8/8/2026 20:18,HI38,31.7,2396,42.4,7005.09,16.2,4.23,0.25,0,0,195,System Idle Process,0,msedgewebview2.exe,17500,INTEL SSDPEKKF256G7L,PASSED,4,100,27,9.7,3044,0
8/8/2026 20:18,HI38,7.4,2396,42.4,7003.48,16.2,0,0.14,0,0,195,System Idle Process,0,msedgewebview2.exe,17500,INTEL SSDPEKKF256G7L,PASSED,4,100,27,9.7,3044,0
8/8/2026 20:18,HI38,7.7,2396,42.4,7003.22,16.2,0.06,0.32,0,0,195,System Idle Process,0,msedgewebview2.exe,17500,INTEL SSDPEKKF256G7L,PASSED,4,100,27,9.7,3044,0
8/8/2026 20:18,HI38,6.7,2396,42.4,7003.22,16.2,0,0.04,0,0,195,System Idle Process,0,msedgewebview2.exe,17500,INTEL SSDPEKKF256G7L,PASSED,4,100,27,9.7,3044,0
8/8/2026 20:18,HI38,5.4,2396,42.4,7003.2,16.2,0,0.03,0,0,195,System Idle Process,0,msedgewebview2.exe,17500,INTEL SSDPEKKF256G7L,PASSED,4,100,27,9.7,3044,0
8/8/2026 20:18,HI38,5.9,2396,42.4,7005.01,16.2,0,0.04,0,0,195,System Idle Process,0,msedgewebview2.exe,17500,INTEL SSDPEKKF256G7L,PASSED,4,100,27,9.7,3044,0
8/8/2026 20:18,HI38,6.6,2396,42.4,7003.26,16.2,0,0.15,0,0,195,System Idle Process,0,msedgewebview2.exe,17500,INTEL SSDPEKKF256G7L,PASSED,4,100,27,9.7,3044,0
8/8/2026 20:18,HI38,5.4,2396,42.4,7003.37,16.2,0,0.01,0,0,195,System Idle Process,0,msedgewebview2.exe,17500,INTEL SSDPEKKF256G7L,PASSED,4,100,27,9.7,3044,0
8/8/2026 20:18,HI38,6.4,2396,42.4,7003,16.2,0,0.06,0,0,195,System Idle Process,0,msedgewebview2.exe,17500,INTEL SSDPEKKF256G7L,PASSED,4,100,27,9.7,3044,0
8/8/2026 20:18,HI38,6.2,2396,42.4,7003.41,16.2,0,0,0,0,195,System Idle Process,0,msedgewebview2.exe,17500,INTEL SSDPEKKF256G7L,PASSED,4,100,27,9.7,3044,0
8/8/2026 20:18,HI38,6.9,2396,42.4,7003.27,16.2,0,0.08,0,0,195,System Idle Process,0,msedgewebview2.exe,17500,INTEL SSDPEKKF256G7L,PASSED,4,100,27,9.7,3044,0
8/8/2026 20:18,HI38,6.7,2396,42.4,7003.4,16.2,0,0.01,0,0,195,System Idle Process,0,msedgewebview2.exe,17500,INTEL SSDPEKKF256G7L,PASSED,4,100,27,9.7,3044,0
8/8/2026 20:18,HI38,5.4,2396,42.4,7003.2,16.2,0,0,0,0,195,System Idle Process,0,msedgewebview2.exe,17500,INTEL SSDPEKKF256G7L,PASSED,4,100,27,9.7,3044,0
8/8/2026 20:18,HI38,7.2,2396,42.4,7003.21,16.2,0.04,0.3,0,0,195,System Idle Process,0,msedgewebview2.exe,17500,INTEL SSDPEKKF256G7L,PASSED,4,100,27,9.7,3044,0
8/8/2026 20:18,HI38,5.4,2396,42.4,7003.32,16.2,0,0,0,0,195,System Idle Process,0,msedgewebview2.exe,17500,INTEL SSDPEKKF256G7L,PASSED,4,100,27,9.7,3044,0
8/8/2026 20:18,HI38,6.2,2396,42.4,7004.05,16.2,0,0,0,0,195,System Idle Process,0,msedgewebview2.exe,17500,INTEL SSDPEKKF256G7L,PASSED,4,100,27,9.7,3044,0
8/8/2026 20:18,HI38,6.8,2396,42.4,7002.98,16.2,0,0.42,0,0,195,System Idle Process,0,msedgewebview2.exe,17500,INTEL SSDPEKKF256G7L,PASSED,4,100,27,9.7,3044,0
8/8/2026 20:18,HI38,5.9,2396,42.4,7003,16.2,0,0.01,0,0,195,System Idle Process,0,msedgewebview2.exe,17500,INTEL SSDPEKKF256G7L,PASSED,4,100,27,9.7,3044,0
8/8/2026 20:18,HI38,6.4,2396,42.4,7003.52,16.2,0,0.09,0,0,195,System Idle Process,0,msedgewebview2.exe,17500,INTEL SSDPEKKF256G7L,PASSED,4,100,27,9.7,3044,0
8/8/2026 20:18,HI38,7,2396,42.4,7003.34,16.2,0,0.11,0,0,195,System Idle Process,0,msedgewebview2.exe,17500,INTEL SSDPEKKF256G7L,PASSED,4,100,27,9.7,3044,0
8/8/2026 20:18,HI38,5.9,2396,42.4,7003.29,16.2,0.04,0.05,0,0,195,System Idle Process,0,msedgewebview2.exe,17500,INTEL SSDPEKKF256G7L,PASSED,4,100,27,9.7,3044,0
8/8/2026 20:18,HI38,7.2,2396,42.4,7003.19,16.2,0,0.03,0,0,195,System Idle Process,0,msedgewebview2.exe,17500,INTEL SSDPEKKF256G7L,PASSED,4,100,27,9.7,3044,0
8/8/2026 20:18,HI38,6.1,2396,42.4,7008.59,16.2,0.1,0.12,0,0,193,System Idle Process,0,msedgewebview2.exe,17500,INTEL SSDPEKKF256G7L,PASSED,4,100,27,9.7,3044,0
8/8/2026 20:18,HI38,5.1,2396,42.4,7008.66,16.2,0,0.13,0,0,193,System Idle Process,0,msedgewebview2.exe,17500,INTEL SSDPEKKF256G7L,PASSED,4,100,27,9.7,3044,0
8/8/2026 20:18,HI38,6.2,2396,42.4,7008.57,16.2,0,0,0,0,193,System Idle Process,0,msedgewebview2.exe,17500,INTEL SSDPEKKF256G7L,PASSED,4,100,27,9.7,3044,0
8/8/2026 20:18,HI38,5.9,2396,42.4,7008.83,16.2,0,0,0,0,193,System Idle Process,0,msedgewebview2.exe,17500,INTEL SSDPEKKF256G7L,PASSED,4,100,27,9.7,3044,0
8/8/2026 20:18,HI38,5.2,2396,42.4,7008.97,16.2,0,0.05,0,0,193,System Idle Process,0,msedgewebview2.exe,17500,INTEL SSDPEKKF256G7L,PASSED,4,100,27,9.7,3044,0
8/8/2026 20:18,HI38,6.9,2396,42.4,7009.65,16.2,0,0.06,0,0,193,System Idle Process,0,msedgewebview2.exe,17500,INTEL SSDPEKKF256G7L,PASSED,4,100,27,9.7,3044,0
8/8/2026 20:18,HI38,7.3,2396,42.6,6982.2,16.2,0,0.02,0,0,194,System Idle Process,0,msedgewebview2.exe,17500,INTEL SSDPEKKF256G7L,PASSED,4,100,27,9.7,3044,0
8/8/2026 20:18,HI38,8.1,2396,42.6,6983.83,16.2,0,0.02,0,0,194,System Idle Process,0,msedgewebview2.exe,17500,INTEL SSDPEKKF256G7L,PASSED,4,100,27,9.7,3044,0
8/8/2026 20:18,HI38,6.5,2396,42.6,6985.02,16.2,0,0.15,0,0,194,System Idle Process,0,msedgewebview2.exe,17500,INTEL SSDPEKKF256G7L,PASSED,4,100,27,9.7,3044,0
8/8/2026 20:19,HI38,6.7,2396,42.6,6987.97,16.2,0,0,0,0,194,System Idle Process,0,msedgewebview2.exe,17500,INTEL SSDPEKKF256G7L,PASSED,4,100,27,9.7,3044,0
8/8/2026 20:19,HI38,6,2396,42.6,6985.54,16.2,0,0,0,0,194,System Idle Process,0,msedgewebview2.exe,17500,INTEL SSDPEKKF256G7L,PASSED,4,100,27,9.7,3044,0
8/8/2026 20:19,HI38,12.5,2396,42.6,6984.31,16.2,0,0.08,0,0,194,System Idle Process,0,msedgewebview2.exe,17500,INTEL SSDPEKKF256G7L,PASSED,4,100,27,9.7,3044,0
8/8/2026 20:19,HI38,5.4,2396,42.6,6984.42,16.2,0,0.01,0,0,194,System Idle Process,0,msedgewebview2.exe,17500,INTEL SSDPEKKF256G7L,PASSED,4,100,27,9.7,3044,0
8/8/2026 20:19,HI38,6.7,2396,42.6,6985.02,16.2,0,0.05,0,0,194,System Idle Process,0,msedgewebview2.exe,17500,INTEL SSDPEKKF256G7L,PASSED,4,100,27,9.7,3044,0
8/8/2026 20:19,HI38,5.4,2396,42.6,6985.21,16.2,0,0.1,0,0,194,System Idle Process,0,msedgewebview2.exe,17500,INTEL SSDPEKKF256G7L,PASSED,4,100,27,9.7,3044,0
8/8/2026 20:19,HI38,6.5,2396,42.6,6985.22,16.2,0,0.12,0,0,194,System Idle Process,0,msedgewebview2.exe,17500,INTEL SSDPEKKF256G7L,PASSED,4,100,27,9.7,3044,0
8/8/2026 20:19,HI38,5.4,2396,42.6,6986.65,16.2,0,0.01,0,0,194,System Idle Process,0,msedgewebview2.exe,17500,INTEL SSDPEKKF256G7L,PASSED,4,100,27,9.7,3044,0
8/8/2026 20:19,HI38,4.9,2396,42.6,6986.71,16.2,0,0.03,0,0,194,System Idle Process,0,msedgewebview2.exe,17500,INTEL SSDPEKKF256G7L,PASSED,4,100,27,9.7,3044,0
8/8/2026 20:19,HI38,5.9,2396,42.6,6986.71,16.2,0,0.19,0,0,194,System Idle Process,0,msedgewebview2.exe,17500,INTEL SSDPEKKF256G7L,PASSED,4,100,27,9.7,3044,0
8/8/2026 20:19,HI38,5.9,2396,42.6,6986.91,16.2,0,0.02,0,0,194,System Idle Process,0,msedgewebview2.exe,17500,INTEL SSDPEKKF256G7L,PASSED,4,100,27,9.7,3044,0
8/8/2026 20:19,HI38,4.9,2396,42.6,6987.15,16.2,0,0.05,0,0,194,System Idle Process,0,msedgewebview2.exe,17500,INTEL SSDPEKKF256G7L,PASSED,4,100,27,9.7,3044,0
8/8/2026 20:19,HI38,5.5,2396,42.6,6987.03,16.2,0,0.08,0,0,194,System Idle Process,0,msedgewebview2.exe,17500,INTEL SSDPEKKF256G7L,PASSED,4,100,27,9.7,3044,0
8/8/2026 20:19,HI38,5.9,2396,42.6,6987.83,16.2,0,0,0,0,194,System Idle Process,0,msedgewebview2.exe,17500,INTEL SSDPEKKF256G7L,PASSED,4,100,27,9.7,3044,0
8/8/2026 20:19,HI38,5.7,2396,42.6,6988.25,16.2,0,0,0,0,194,System Idle Process,0,msedgewebview2.exe,17500,INTEL SSDPEKKF256G7L,PASSED,4,100,27,9.7,3044,0
8/8/2026 20:19,HI38,5.9,2396,42.6,6988.38,16.2,0.01,0.08,0,0,194,System Idle Process,0,msedgewebview2.exe,17500,INTEL SSDPEKKF256G7L,PASSED,4,100,27,9.7,3044,0
8/8/2026 20:19,HI38,6.2,2396,42.6,6988.65,16.2,0,0,0,0,194,System Idle Process,0,msedgewebview2.exe,17500,INTEL SSDPEKKF256G7L,PASSED,4,100,27,9.7,3044,0
8/8/2026 20:19,HI38,6.2,2396,42.4,7011.78,16.2,0.02,0.13,0,0,193,System Idle Process,0,msedgewebview2.exe,17500,INTEL SSDPEKKF256G7L,PASSED,4,100,27,9.7,3044,0
8/8/2026 20:19,HI38,5.4,2396,42.4,7012.02,16.2,0,0,0,0,193,System Idle Process,0,msedgewebview2.exe,17500,INTEL SSDPEKKF256G7L,PASSED,4,100,27,9.7,3044,0
8/8/2026 20:19,HI38,5.7,2396,42.4,7012.15,16.2,0,0.13,0,0,193,System Idle Process,0,msedgewebview2.exe,17500,INTEL SSDPEKKF256G7L,PASSED,4,100,27,9.7,3044,0
8/8/2026 20:19,HI38,4.7,2396,42.4,7012.37,16.2,0,0,0,0,193,System Idle Process,0,msedgewebview2.exe,17500,INTEL SSDPEKKF256G7L,PASSED,4,100,27,9.7,3044,0
8/8/2026 20:19,HI38,6.5,2396,42.4,7012.19,16.2,0,0.01,0,0,193,System Idle Process,0,msedgewebview2.exe,17500,INTEL SSDPEKKF256G7L,PASSED,4,100,27,9.7,3044,0
8/8/2026 20:19,HI38,5.7,2396,42.4,7012.25,16.2,0,0.08,0,0,193,System Idle Process,0,msedgewebview2.exe,17500,INTEL SSDPEKKF256G7L,PASSED,4,100,27,9.7,3044,0
8/8/2026 20:19,HI38,5.4,2396,42.4,7012.34,16.2,0,0.01,0,0,193,System Idle Process,0,msedgewebview2.exe,17500,INTEL SSDPEKKF256G7L,PASSED,4,100,27,9.7,3044,0
8/8/2026 20:19,HI38,6,2396,42.4,7012.62,16.2,0,0,0,0,193,System Idle Process,0,msedgewebview2.exe,17500,INTEL SSDPEKKF256G7L,PASSED,4,100,27,9.7,3044,0
8/8/2026 20:19,HI38,5.2,2396,42.4,7012.73,16.2,0,0.08,0,0,193,System Idle Process,0,msedgewebview2.exe,17500,INTEL SSDPEKKF256G7L,PASSED,4,100,27,9.7,3044,0
8/8/2026 20:19,HI38,4.9,2396,42.4,7012.73,16.2,0,0,0,0,193,System Idle Process,0,msedgewebview2.exe,17500,INTEL SSDPEKKF256G7L,PASSED,4,100,27,9.7,3044,0
8/8/2026 20:19,HI38,4.4,2396,42.4,7012.77,16.2,0,0,0,0,193,System Idle Process,0,msedgewebview2.exe,17500,INTEL SSDPEKKF256G7L,PASSED,4,100,27,9.7,3044,0
8/8/2026 20:19,HI38,5.5,2396,42.4,7012.79,16.2,0,0.04,0,0,193,System Idle Process,0,msedgewebview2.exe,17500,INTEL SSDPEKKF256G7L,PASSED,4,100,27,9.7,3044,0
8/8/2026 20:19,HI38,5.2,2396,42.4,7012.93,16.2,0,0.16,0,0,193,System Idle Process,0,msedgewebview2.exe,17500,INTEL SSDPEKKF256G7L,PASSED,4,100,27,9.7,3044,0
8/8/2026 20:19,HI38,5.7,2396,42.4,7012.79,16.2,0,0,0,0,193,System Idle Process,0,msedgewebview2.exe,17500,INTEL SSDPEKKF256G7L,PASSED,4,100,27,9.7,3044,0
8/8/2026 20:19,HI38,5.4,2396,42.4,7012.83,16.2,0,0.01,0,0,193,System Idle Process,0,msedgewebview2.exe,17500,INTEL SSDPEKKF256G7L,PASSED,4,100,27,9.7,3044,0
8/8/2026 20:19,HI38,6,2396,42.4,7012.57,16.2,0,0.07,0,0,193,System Idle Process,0,msedgewebview2.exe,17500,INTEL SSDPEKKF256G7L,PASSED,4,100,27,9.7,3044,0
8/8/2026 20:19,HI38,5.2,2396,42.4,7013,16.2,0,0.01,0,0,193,System Idle Process,0,msedgewebview2.exe,17500,INTEL SSDPEKKF256G7L,PASSED,4,100,27,9.7,3044,0
8/8/2026 20:19,HI38,6.7,2396,42.4,7012.98,16.2,0,0.01,0,0,193,System Idle Process,0,msedgewebview2.exe,17500,INTEL SSDPEKKF256G7L,PASSED,4,100,27,9.7,3044,0
8/8/2026 20:19,HI38,5.4,2396,42.4,7012.69,16.2,0,0.14,0,0,193,System Idle Process,0,msedgewebview2.exe,17500,INTEL SSDPEKKF256G7L,PASSED,4,100,27,9.7,3044,0
8/8/2026 20:19,HI38,5.7,2396,42.4,7012.95,16.2,0,0,0,0,193,System Idle Process,0,msedgewebview2.exe,17500,INTEL SSDPEKKF256G7L,PASSED,4,100,27,9.7,3044,0
8/8/2026 20:19,HI38,5.4,2396,42.4,7012.95,16.2,0.02,0,0,0,193,System Idle Process,0,msedgewebview2.exe,17500,INTEL SSDPEKKF256G7L,PASSED,4,100,27,9.7,3044,0
8/8/2026 20:19,HI38,4.9,2396,42.4,7012.95,16.2,0,0,0,0,193,System Idle Process,0,msedgewebview2.exe,17500,INTEL SSDPEKKF256G7L,PASSED,4,100,27,9.7,3044,0
8/8/2026 20:19,HI38,5.5,2396,42.4,7013.13,16.2,0,0.08,0,0,193,System Idle Process,0,msedgewebview2.exe,17500,INTEL SSDPEKKF256G7L,PASSED,4,100,27,9.7,3044,0
8/8/2026 20:20,HI38,5.5,2396,42.4,7013.11,16.2,0,0.02,0,0,193,System Idle Process,0,msedgewebview2.exe,17500,INTEL SSDPEKKF256G7L,PASSED,4,100,27,9.7,3044,0
8/8/2026 20:20,HI38,5.2,2396,42.4,7013.08,16.2,0,0,0,0,193,System Idle Process,0,msedgewebview2.exe,17500,INTEL SSDPEKKF256G7L,PASSED,4,100,27,9.7,3044,0
8/8/2026 20:20,HI38,4.9,2396,42.4,7013.42,16.2,0,0.24,0,0,193,System Idle Process,0,msedgewebview2.exe,17500,INTEL SSDPEKKF256G7L,PASSED,4,100,27,9.7,3044,0
8/8/2026 20:20,HI38,5,2396,42.4,7013.74,16.2,0,0.04,0,0,193,System Idle Process,0,msedgewebview2.exe,17500,INTEL SSDPEKKF256G7L,PASSED,4,100,27,9.7,3044,0
8/8/2026 20:20,HI38,6.2,2396,42.4,7013.9,16.2,0,0,0,0,193,System Idle Process,0,msedgewebview2.exe,17500,INTEL SSDPEKKF256G7L,PASSED,4,100,27,9.7,3044,0
8/8/2026 20:20,HI38,5.5,2396,42.4,7014,16.2,0,0.05,0,0,193,System Idle Process,0,msedgewebview2.exe,17500,INTEL SSDPEKKF256G7L,PASSED,4,100,27,9.7,3044,0
8/8/2026 20:20,HI38,5.2,2396,42.4,7012.98,16.2,0,0.02,0,0,193,System Idle Process,0,msedgewebview2.exe,17500,INTEL SSDPEKKF256G7L,PASSED,4,100,27,9.7,3044,0
8/8/2026 20:20,HI38,6.5,2396,42.4,7014.05,16.2,0.02,0.09,0,0,193,System Idle Process,0,msedgewebview2.exe,17500,INTEL SSDPEKKF256G7L,PASSED,4,100,27,9.7,3044,0
8/8/2026 20:20,HI38,4.7,2396,42.4,7013.87,16.2,0,0,0,0,193,System Idle Process,0,msedgewebview2.exe,17500,INTEL SSDPEKKF256G7L,PASSED,4,100,27,9.7,3044,0
8/8/2026 20:20,HI38,5.2,2396,42.4,7014.1,16.2,0,0.08,0,0,193,System Idle Process,0,msedgewebview2.exe,17500,INTEL SSDPEKKF256G7L,PASSED,4,100,27,9.7,3044,0
8/8/2026 20:20,HI38,6,2396,42.4,7014.25,16.2,0.01,0.16,0,0,193,System Idle Process,0,msedgewebview2.exe,17500,INTEL SSDPEKKF256G7L,PASSED,4,100,27,9.7,3044,0
8/8/2026 20:20,HI38,6.8,2396,42.4,7014.28,16.2,0,0.04,0,0,193,System Idle Process,0,msedgewebview2.exe,17500,INTEL SSDPEKKF256G7L,PASSED,4,100,27,9.7,3044,0
8/8/2026 20:20,HI38,4.7,2396,42.3,7014.52,16.2,0,0.12,0,0,193,System Idle Process,0,msedgewebview2.exe,17500,INTEL SSDPEKKF256G7L,PASSED,4,100,27,9.7,3044,0
8/8/2026 20:20,HI38,4.7,2396,42.3,7014.55,16.2,0,0.03,0,0,193,System Idle Process,0,msedgewebview2.exe,17500,INTEL SSDPEKKF256G7L,PASSED,4,100,27,9.7,3044,0
8/8/2026 20:20,HI38,4.7,2396,42.3,7015.16,16.2,0,0,0,0,193,System Idle Process,0,msedgewebview2.exe,17500,INTEL SSDPEKKF256G7L,PASSED,4,100,27,9.7,3044,0
8/8/2026 20:20,HI38,5.2,2396,42.3,7015.26,16.2,0,0.07,0,0,193,System Idle Process,0,msedgewebview2.exe,17500,INTEL SSDPEKKF256G7L,PASSED,4,100,27,9.7,3044,0
8/8/2026 20:20,HI38,5.5,2396,42.3,7015.58,16.2,0,0.01,0,0,193,System Idle Process,0,msedgewebview2.exe,17500,INTEL SSDPEKKF256G7L,PASSED,4,100,27,9.7,3044,0
8/8/2026 20:20,HI38,6.5,2396,42.3,7016.83,16.2,0,0,0,0,193,System Idle Process,0,msedgewebview2.exe,17500,INTEL SSDPEKKF256G7L,PASSED,4,100,27,9.7,3044,0
8/8/2026 20:20,HI38,5.2,2396,42.3,7015.62,16.2,0,0,0,0,193,System Idle Process,0,msedgewebview2.exe,17500,INTEL SSDPEKKF256G7L,PASSED,4,100,27,9.7,3044,0
8/8/2026 20:20,HI38,4.9,2396,42.3,7015.66,16.2,0,0.14,0,0,193,System Idle Process,0,msedgewebview2.exe,17500,INTEL SSDPEKKF256G7L,PASSED,4,100,27,9.7,3044,0
8/8/2026 20:20,HI38,4.7,2396,42.3,7015.81,16.2,0,0.01,0,0,193,System Idle Process,0,msedgewebview2.exe,17500,INTEL SSDPEKKF256G7L,PASSED,4,100,27,9.7,3044,0
8/8/2026 20:20,HI38,4.7,2396,42.3,7015.62,16.2,0,0.05,0,0,193,System Idle Process,0,msedgewebview2.exe,17500,INTEL SSDPEKKF256G7L,PASSED,4,100,27,9.7,3044,0
8/8/2026 20:20,HI38,5.7,2396,42.3,7015.63,16.2,0,0.07,0,0,193,System Idle Process,0,msedgewebview2.exe,17500,INTEL SSDPEKKF256G7L,PASSED,4,100,27,9.7,3044,0
8/8/2026 20:20,HI38,4.9,2396,42.3,7015.73,16.2,0,0,0,0,193,System Idle Process,0,msedgewebview2.exe,17500,INTEL SSDPEKKF256G7L,PASSED,4,100,27,9.7,3044,0
8/8/2026 20:20,HI38,5.2,2396,42.3,7015.98,16.2,0,0,0,0,193,System Idle Process,0,msedgewebview2.exe,17500,INTEL SSDPEKKF256G7L,PASSED,4,100,27,9.7,3044,0
8/8/2026 20:20,HI38,5.2,2396,42.3,7016.06,16.2,0,0.09,0,0,193,System Idle Process,0,msedgewebview2.exe,17500,INTEL SSDPEKKF256G7L,PASSED,4,100,27,9.7,3044,0
8/8/2026 20:20,HI38,4.9,2396,42.3,7016.07,16.2,0,0.01,0,0,193,System Idle Process,0,msedgewebview2.exe,17500,INTEL SSDPEKKF256G7L,PASSED,4,100,27,9.7,3044,0
8/8/2026 20:20,HI38,5.5,2396,42.3,7017.36,16.2,0.01,0.05,0,0,193,System Idle Process,0,msedgewebview2.exe,17500,INTEL SSDPEKKF256G7L,PASSED,4,100,27,9.7,3044,0
8/8/2026 20:20,HI38,5.4,2396,42.3,7016,16.2,0,0.01,0,0,193,System Idle Process,0,msedgewebview2.exe,17500,INTEL SSDPEKKF256G7L,PASSED,4,100,27,9.7,3044,0
8/8/2026 20:20,HI38,5.5,2396,42.3,7018.09,16.2,0,0.18,0,0,193,System Idle Process,0,msedgewebview2.exe,17500,INTEL SSDPEKKF256G7L,PASSED,4,100,27,9.7,3044,0
8/8/2026 20:20,HI38,5.1,2396,42.3,7018.12,16.2,0,0.01,0,0,193,System Idle Process,0,msedgewebview2.exe,17500,INTEL SSDPEKKF256G7L,PASSED,4,100,27,9.7,3044,0
8/8/2026 20:20,HI38,5,2396,42.3,7018.09,16.2,0,0,0,0,193,System Idle Process,0,msedgewebview2.exe,17500,INTEL SSDPEKKF256G7L,PASSED,4,100,27,9.7,3044,0
8/8/2026 20:20,HI38,5.2,2396,42.3,7018.43,16.2,0,0.1,0,0,193,System Idle Process,0,msedgewebview2.exe,17500,INTEL SSDPEKKF256G7L,PASSED,4,100,27,9.7,3044,0
8/8/2026 20:20,HI38,4.4,2396,42.3,7018.51,16.2,0,0,0,0,193,System Idle Process,0,msedgewebview2.exe,17500,INTEL SSDPEKKF256G7L,PASSED,4,100,27,9.7,3044,0
8/8/2026 20:20,HI38,5.5,2396,42.3,7018.84,16.2,0,0,0,0,193,System Idle Process,0,msedgewebview2.exe,17500,INTEL SSDPEKKF256G7L,PASSED,4,100,27,9.7,3044,0
8/8/2026 20:20,HI38,5.5,2396,42.3,7018.92,16.2,0,0.01,0,0,193,System Idle Process,0,msedgewebview2.exe,17500,INTEL SSDPEKKF256G7L,PASSED,4,100,27,9.7,3044,0
8/8/2026 20:20,HI38,5.2,2396,42.3,7018.92,16.2,0,0.11,0,0,193,System Idle Process,0,msedgewebview2.exe,17500,INTEL SSDPEKKF256G7L,PASSED,4,100,27,9.7,3044,0
8/8/2026 20:20,HI38,4.7,2396,42.3,7019.08,16.2,0,0.02,0,0,193,System Idle Process,0,msedgewebview2.exe,17500,INTEL SSDPEKKF256G7L,PASSED,4,100,27,9.7,3044,0
8/8/2026 20:20,HI38,4.9,2396,42.3,7019.05,16.2,0,0,0,0,193,System Idle Process,0,msedgewebview2.exe,17500,INTEL SSDPEKKF256G7L,PASSED,4,100,27,9.7,3044,0
8/8/2026 20:20,HI38,5.5,2396,42.3,7019.16,16.2,0,0.07,0,0,193,System Idle Process,0,msedgewebview2.exe,17500,INTEL SSDPEKKF256G7L,PASSED,4,100,27,9.7,3044,0
8/8/2026 20:21,HI38,5.2,2396,42.3,7019.06,16.2,0,0.01,0,0,193,System Idle Process,0,msedgewebview2.exe,17500,INTEL SSDPEKKF256G7L,PASSED,4,100,27,9.7,3044,0
8/8/2026 20:21,HI38,4.9,2396,42.3,7018.66,16.2,0,0,0,0,193,System Idle Process,0,msedgewebview2.exe,17500,INTEL SSDPEKKF256G7L,PASSED,4,100,27,9.7,3044,0
8/8/2026 20:21,HI38,5,2396,42.3,7018.65,16.2,0,0.14,0,0,193,System Idle Process,0,msedgewebview2.exe,17500,INTEL SSDPEKKF256G7L,PASSED,4,100,27,9.7,3044,0
8/8/2026 20:21,HI38,5.2,2396,42.3,7018.66,16.2,0,0.03,0,0,193,System Idle Process,0,msedgewebview2.exe,17500,INTEL SSDPEKKF256G7L,PASSED,4,100,27,9.7,3044,0
8/8/2026 20:21,HI38,3.9,2396,42.3,7019.03,16.2,0,0,0,0,193,System Idle Process,0,msedgewebview2.exe,17500,INTEL SSDPEKKF256G7L,PASSED,4,100,27,9.7,3044,0
8/8/2026 20:21,HI38,5.2,2396,42.3,7018.99,16.2,0,0,0,0,193,System Idle Process,0,msedgewebview2.exe,17500,INTEL SSDPEKKF256G7L,PASSED,4,100,27,9.7,3044,0
8/8/2026 20:21,HI38,4.4,2396,42.3,7020.69,16.2,0,0.09,0,0,193,System Idle Process,0,msedgewebview2.exe,17500,INTEL SSDPEKKF256G7L,PASSED,4,100,27,9.7,3044,0
8/8/2026 20:21,HI38,7.8,2396,42.3,7020.12,16.2,0.4,0.07,0,0,193,System Idle Process,0,msedgewebview2.exe,17500,INTEL SSDPEKKF256G7L,PASSED,4,100,27,9.7,3044,0
8/8/2026 20:21,HI38,4.7,2396,42.3,7020.13,16.2,0,0.01,0,0,193,System Idle Process,0,msedgewebview2.exe,17500,INTEL SSDPEKKF256G7L,PASSED,4,100,27,9.7,3044,0
8/8/2026 20:21,HI38,5.2,2396,42.3,7020.29,16.2,0,0.08,0,0,193,System Idle Process,0,msedgewebview2.exe,17500,INTEL SSDPEKKF256G7L,PASSED,4,100,27,9.7,3044,0
8/8/2026 20:21,HI38,6,2396,42.3,7019.29,16.2,0.04,0,0,0,193,System Idle Process,0,msedgewebview2.exe,17500,INTEL SSDPEKKF256G7L,PASSED,4,100,27,9.7,3044,0
8/8/2026 20:21,HI38,4.9,2396,42.3,7019.11,16.2,0,0.03,0,0,193,System Idle Process,0,msedgewebview2.exe,17500,INTEL SSDPEKKF256G7L,PASSED,4,100,27,9.7,3044,0
8/8/2026 20:21,HI38,5.5,2396,42.3,7018.83,16.2,0,0.18,0,0,193,System Idle Process,0,msedgewebview2.exe,17500,INTEL SSDPEKKF256G7L,PASSED,4,100,27,9.7,3044,0
8/8/2026 20:21,HI38,6,2396,42.3,7018.87,16.2,0,0.01,0,0,193,System Idle Process,0,msedgewebview2.exe,17500,INTEL SSDPEKKF256G7L,PASSED,4,100,27,9.7,3044,0
8/8/2026 20:21,HI38,4.9,2396,42.3,7019.23,16.2,0,0.23,0,0,193,System Idle Process,0,msedgewebview2.exe,17500,INTEL SSDPEKKF256G7L,PASSED,4,100,27,9.7,3044,0
8/8/2026 20:21,HI38,5.7,2396,42.3,7019.24,16.2,0,0,0,0,193,System Idle Process,0,msedgewebview2.exe,17500,INTEL SSDPEKKF256G7L,PASSED,4,100,27,9.7,3044,0
8/8/2026 20:21,HI38,4.4,2396,42.3,7019.53,16.2,0,0.07,0,0,193,System Idle Process,0,msedgewebview2.exe,17500,INTEL SSDPEKKF256G7L,PASSED,4,100,27,9.7,3044,0
8/8/2026 20:21,HI38,4.4,2396,42.3,7019.13,16.2,0,0.01,0,0,193,System Idle Process,0,msedgewebview2.exe,17500,INTEL SSDPEKKF256G7L,PASSED,4,100,27,9.7,3044,0
8/8/2026 20:21,HI38,4.5,2396,42.3,7019.11,16.2,0,0.01,0,0,193,System Idle Process,0,msedgewebview2.exe,17500,INTEL SSDPEKKF256G7L,PASSED,4,100,27,9.7,3044,0
8/8/2026 20:21,HI38,4.7,2396,42.3,7018.77,16.2,0,0.09,0,0,193,System Idle Process,0,msedgewebview2.exe,17500,INTEL SSDPEKKF256G7L,PASSED,4,100,27,9.7,3044,0
8/8/2026 20:21,HI38,5.4,2396,42.3,7018.84,16.2,0,0.02,0,0,193,System Idle Process,0,msedgewebview2.exe,17500,INTEL SSDPEKKF256G7L,PASSED,4,100,27,9.7,3044,0
8/8/2026 20:21,HI38,5.2,2396,42.3,7019.08,16.2,0,0,0,0,193,System Idle Process,0,msedgewebview2.exe,17500,INTEL SSDPEKKF256G7L,PASSED,4,100,27,9.7,3044,0
8/8/2026 20:21,HI38,4.7,2396,42.3,7019.02,16.2,0,0.17,0,0,193,System Idle Process,0,msedgewebview2.exe,17500,INTEL SSDPEKKF256G7L,PASSED,4,100,27,9.7,3044,0
8/8/2026 20:21,HI38,5.7,2396,42.3,7019.33,16.2,0,0,0,0,193,System Idle Process,0,msedgewebview2.exe,17500,INTEL SSDPEKKF256G7L,PASSED,4,100,27,9.7,3044,0
8/8/2026 20:21,HI38,4.4,2396,42.3,7019.48,16.2,0,0,0,0,193,System Idle Process,0,msedgewebview2.exe,17500,INTEL SSDPEKKF256G7L,PASSED,4,100,27,9.7,3044,0
8/8/2026 20:21,HI38,5,2396,42.3,7019.93,16.2,0,0.08,0,0,193,System Idle Process,0,msedgewebview2.exe,17500,INTEL SSDPEKKF256G7L,PASSED,4,100,27,9.7,3044,0
8/8/2026 20:21,HI38,4.2,2396,42.3,7020.2,16.2,0,0.07,0,0,193,System Idle Process,0,msedgewebview2.exe,17500,INTEL SSDPEKKF256G7L,PASSED,4,100,27,9.7,3044,0
8/8/2026 20:21,HI38,10.4,2396,42.3,7015.89,16.2,5.31,0.38,0,0,193,System Idle Process,0,msedgewebview2.exe,17500,INTEL SSDPEKKF256G7L,PASSED,4,100,29,9.7,3044,0
8/8/2026 20:21,HI38,71.4,2396,43.1,6923.6,16.2,32.19,0.58,0,0,219,System Idle Process,0,msedgewebview2.exe,17500,INTEL SSDPEKKF256G7L,PASSED,4,100,31,9.7,3044,0
8/8/2026 20:21,HI38,77.7,2396,43.6,6863.09,16.2,25.03,3.68,0,0,213,System Idle Process,0,msedgewebview2.exe,17500,INTEL SSDPEKKF256G7L,PASSED,4,100,30,9.7,3044,0
8/8/2026 20:21,HI38,87,2396,44.2,6783.32,16.2,4.84,0.66,0,0,216,MsMpEng.exe,7484,msedgewebview2.exe,17500,INTEL SSDPEKKF256G7L,PASSED,4,100,30,9.7,3044,0
8/8/2026 20:21,HI38,75.2,2396,44.1,6806.36,16.2,2.05,0.83,0,0,214,System Idle Process,0,msedgewebview2.exe,17500,INTEL SSDPEKKF256G7L,PASSED,4,100,29,9.7,3044,0
8/8/2026 20:21,HI38,63.4,2396,43.7,6849.61,16.2,6.34,0.48,0,0,207,System Idle Process,0,msedgewebview2.exe,17500,INTEL SSDPEKKF256G7L,PASSED,4,100,30,9.7,3044,0
8/8/2026 20:21,HI38,15.5,2396,43.9,6823.31,16.2,11.34,0.47,0,0,209,System Idle Process,0,msedgewebview2.exe,17500,INTEL SSDPEKKF256G7L,PASSED,4,100,32,9.7,3044,0
8/8/2026 20:21,HI38,10.3,2396,44,6811.79,16.2,24.62,6.25,0,0,209,System Idle Process,0,msedgewebview2.exe,17500,INTEL SSDPEKKF256G7L,PASSED,4,100,31,9.7,3044,0
8/8/2026 20:21,HI38,20.5,2396,44,6808.7,16.2,0.28,0.45,0,0,209,System Idle Process,0,msedgewebview2.exe,17500,INTEL SSDPEKKF256G7L,PASSED,4,100,29,9.7,3044,0
8/8/2026 20:21,HI38,6.1,2396,44,6809.03,16.2,0.3,0.42,0,0,209,System Idle Process,0,msedgewebview2.exe,17500,INTEL SSDPEKKF256G7L,PASSED,4,100,29,9.7,3044,0
8/8/2026 20:21,HI38,5.6,2396,44,6809.37,16.2,0,0.03,0,0,209,System Idle Process,0,msedgewebview2.exe,17500,INTEL SSDPEKKF256G7L,PASSED,4,100,30,9.7,3044,0
8/8/2026 20:22,HI38,7,2396,43.9,6824.76,16.2,0.76,0.27,0,0,207,System Idle Process,0,msedgewebview2.exe,17500,INTEL SSDPEKKF256G7L,PASSED,4,100,29,9.7,3044,0
8/8/2026 20:22,HI38,6.4,2396,43.9,6825.9,16.2,0,0.35,0,0,207,System Idle Process,0,msedgewebview2.exe,17500,INTEL SSDPEKKF256G7L,PASSED,4,100,29,9.7,3044,0
8/8/2026 20:22,HI38,5.1,2396,43.9,6826.34,16.2,0,0.08,0,0,207,System Idle Process,0,msedgewebview2.exe,17500,INTEL SSDPEKKF256G7L,PASSED,4,100,29,9.7,3044,0
8/8/2026 20:22,HI38,7.1,2396,43.9,6826.39,16.2,0,0.05,0,0,207,System Idle Process,0,msedgewebview2.exe,17500,INTEL SSDPEKKF256G7L,PASSED,4,100,29,9.7,3044,0
8/8/2026 20:22,HI38,6.7,2396,43.9,6826.56,16.2,0,0,0,0,207,System Idle Process,0,msedgewebview2.exe,17500,INTEL SSDPEKKF256G7L,PASSED,4,100,29,9.7,3044,0
8/8/2026 20:22,HI38,4.9,2396,43.9,6826.62,16.2,0,0,0,0,207,System Idle Process,0,msedgewebview2.exe,17500,INTEL SSDPEKKF256G7L,PASSED,4,100,28,9.7,3044,0
8/8/2026 20:22,HI38,5.8,2396,43.9,6826.36,16.2,0,0.1,0,0,207,System Idle Process,0,msedgewebview2.exe,17500,INTEL SSDPEKKF256G7L,PASSED,4,100,28,9.7,3044,0
8/8/2026 20:22,HI38,5.6,2396,43.9,6826.68,16.2,0,0,0,0,207,System Idle Process,0,msedgewebview2.exe,17500,INTEL SSDPEKKF256G7L,PASSED,4,100,28,9.7,3044,0
8/8/2026 20:22,HI38,6.3,2396,43.9,6827.05,16.2,0.02,0.04,0,0,207,System Idle Process,0,msedgewebview2.exe,17500,INTEL SSDPEKKF256G7L,PASSED,4,100,28,9.7,3044,0
8/8/2026 20:22,HI38,6.4,2396,43.9,6827.21,16.2,0,0.36,0,0,207,System Idle Process,0,msedgewebview2.exe,17500,INTEL SSDPEKKF256G7L,PASSED,4,100,28,9.7,3044,0
8/8/2026 20:22,HI38,5.6,2396,43.9,6831.16,16.2,0,0.04,0,0,207,System Idle Process,0,msedgewebview2.exe,17500,INTEL SSDPEKKF256G7L,PASSED,4,100,29,9.7,3044,0
8/8/2026 20:22,HI38,6.8,2396,43.9,6830.55,16.2,0.09,0.93,0,0,207,System Idle Process,0,msedgewebview2.exe,17500,INTEL SSDPEKKF256G7L,PASSED,4,100,29,9.7,3044,0
8/8/2026 20:22,HI38,5.2,2396,43.9,6830.2,16.2,0,0.11,0,0,207,System Idle Process,0,msedgewebview2.exe,17500,INTEL SSDPEKKF256G7L,PASSED,4,100,28,9.7,3044,0
8/8/2026 20:22,HI38,5.7,2396,43.8,6832.05,16.2,0,0,0,0,207,System Idle Process,0,msedgewebview2.exe,17500,INTEL SSDPEKKF256G7L,PASSED,4,100,29,9.7,3044,0
8/8/2026 20:22,HI38,8.4,2396,43.8,6832.07,16.2,0.39,0.01,0,0,207,System Idle Process,0,msedgewebview2.exe,17500,INTEL SSDPEKKF256G7L,PASSED,4,100,28,9.7,3044,0
8/8/2026 20:22,HI38,5.7,2396,43.9,6831.82,16.2,0,0.05,0,0,207,System Idle Process,0,msedgewebview2.exe,17500,INTEL SSDPEKKF256G7L,PASSED,4,100,28,9.7,3044,0
8/8/2026 20:22,HI38,5.9,2396,43.9,6831.14,16.2,0,0.07,0,0,207,System Idle Process,0,msedgewebview2.exe,17500,INTEL SSDPEKKF256G7L,PASSED,4,100,28,9.7,3044,0
8/8/2026 20:22,HI38,6.8,2396,43.9,6831.06,16.2,0,0,0,0,207,System Idle Process,0,msedgewebview2.exe,17500,INTEL SSDPEKKF256G7L,PASSED,4,100,28,9.7,3044,0
8/8/2026 20:22,HI38,5.9,2396,43.9,6829.91,16.2,0.02,0.2,0,0,207,System Idle Process,0,msedgewebview2.exe,17500,INTEL SSDPEKKF256G7L,PASSED,4,100,28,9.7,3044,0
8/8/2026 20:22,HI38,6.6,2396,43.9,6830.48,16.2,0.01,0.05,0,0,207,System Idle Process,0,msedgewebview2.exe,17500,INTEL SSDPEKKF256G7L,PASSED,4,100,28,9.7,3044,0
8/8/2026 20:22,HI38,6.6,2396,43.9,6830.57,16.2,0.02,0.04,0,0,207,System Idle Process,0,msedgewebview2.exe,17500,INTEL SSDPEKKF256G7L,PASSED,4,100,28,9.7,3044,0
8/8/2026 20:22,HI38,7,2396,43.9,6829.47,16.2,0,0,0,0,207,System Idle Process,0,msedgewebview2.exe,17500,INTEL SSDPEKKF256G7L,PASSED,4,100,28,9.7,3044,0
8/8/2026 20:22,HI38,7.3,2396,43.9,6829.66,16.2,0.21,0.07,0,0,207,System Idle Process,0,msedgewebview2.exe,17500,INTEL SSDPEKKF256G7L,PASSED,4,100,29,9.7,3044,0
8/8/2026 20:22,HI38,10,2396,43.7,6845.95,16.2,0.71,0.46,0,0,201,System Idle Process,0,msedgewebview2.exe,17500,INTEL SSDPEKKF256G7L,PASSED,4,100,28,9.7,3044,0
8/8/2026 20:22,HI38,7,2396,43.7,6845.68,16.2,0,0.04,0,0,201,System Idle Process,0,msedgewebview2.exe,17500,INTEL SSDPEKKF256G7L,PASSED,4,100,28,9.7,3044,0
8/8/2026 20:22,HI38,6.5,2396,43.7,6846.64,16.2,0,0.13,0,0,201,System Idle Process,0,msedgewebview2.exe,17500,INTEL SSDPEKKF256G7L,PASSED,4,100,28,9.7,3044,0
8/8/2026 20:22,HI38,5.2,2396,43.7,6848.13,16.2,0.03,0.01,0,0,200,System Idle Process,0,msedgewebview2.exe,17500,INTEL SSDPEKKF256G7L,PASSED,4,100,28,9.7,3044,0
8/8/2026 20:22,HI38,6.8,2396,43.7,6849.02,16.2,0,0.15,0,0,200,System Idle Process,0,msedgewebview2.exe,17500,INTEL SSDPEKKF256G7L,PASSED,4,100,28,9.7,3044,0
8/8/2026 20:22,HI38,7.7,2396,43.7,6846.71,16.2,0.09,0.04,0,0,200,System Idle Process,0,msedgewebview2.exe,17500,INTEL SSDPEKKF256G7L,PASSED,4,100,29,9.7,3044,0
8/8/2026 20:22,HI38,73.8,2396,45.3,6660.26,16.2,5.18,0.13,0,0,201,System Idle Process,0,msedgewebview2.exe,17500,INTEL SSDPEKKF256G7L,PASSED,4,100,30,9.7,3044,0
8/8/2026 20:22,HI38,57.5,2396,46.2,6548.08,16.2,11.74,1.18,0,0,202,System Idle Process,0,msedgewebview2.exe,17500,INTEL SSDPEKKF256G7L,PASSED,4,100,29,9.7,3044,0
8/8/2026 20:22,HI38,9.3,2396,46.1,6560.51,16.2,0.04,0.23,0,0,202,System Idle Process,0,msedgewebview2.exe,17500,INTEL SSDPEKKF256G7L,PASSED,4,100,29,9.7,3044,0
8/8/2026 20:22,HI38,9.1,2396,46.1,6561.36,16.2,0.14,0.12,0,0,202,System Idle Process,0,msedgewebview2.exe,17500,INTEL SSDPEKKF256G7L,PASSED,4,100,29,9.7,3044,0
8/8/2026 20:22,HI38,16.7,2396,46,6564.76,16.2,3.15,0.17,0,0,204,System Idle Process,0,msedgewebview2.exe,17500,INTEL SSDPEKKF256G7L,PASSED,4,100,29,9.7,3044,0
8/8/2026 20:22,HI38,18.9,2396,46.2,6542.8,16.2,2.41,0.22,0,0,206,System Idle Process,0,msedgewebview2.exe,17500,INTEL SSDPEKKF256G7L,PASSED,4,100,29,9.7,3044,0
8/8/2026 20:22,HI38,11.8,2396,46.2,6550.59,16.2,0.05,0.2,0,0,206,System Idle Process,0,msedgewebview2.exe,17500,INTEL SSDPEKKF256G7L,PASSED,4,100,28,9.7,3044,0
8/8/2026 20:23,HI38,11.2,2396,46.2,6551.32,16.2,0.04,0.04,0,0,206,System Idle Process,0,msedgewebview2.exe,17500,INTEL SSDPEKKF256G7L,PASSED,4,100,28,9.7,3044,0
8/8/2026 20:23,HI38,9.6,2396,46.1,6552.29,16.2,0,0.04,0,0,205,System Idle Process,0,msedgewebview2.exe,17500,INTEL SSDPEKKF256G7L,PASSED,4,100,29,9.7,3044,0
8/8/2026 20:23,HI38,10.4,2396,46,6565.67,16.2,0.02,0.14,0,0,204,System Idle Process,0,msedgewebview2.exe,17500,INTEL SSDPEKKF256G7L,PASSED,4,100,30,9.7,3044,0
8/8/2026 20:23,HI38,44.5,2396,46.3,6530.89,16.2,4.42,0.7,0,0,208,System Idle Process,0,msedgewebview2.exe,17500,INTEL SSDPEKKF256G7L,PASSED,4,100,29,9.7,3044,0
8/8/2026 20:23,HI38,10.8,2396,46.4,6527.22,16.2,0.02,0.14,0,0,208,System Idle Process,0,msedgewebview2.exe,17500,INTEL SSDPEKKF256G7L,PASSED,4,100,29,9.7,3044,0
8/8/2026 20:23,HI38,12.1,2396,46.3,6528.09,16.2,0.04,0.09,0,0,208,System Idle Process,0,msedgewebview2.exe,17500,INTEL SSDPEKKF256G7L,PASSED,4,100,29,9.7,3044,0
8/8/2026 20:23,HI38,15.6,2396,46.3,6535.93,16.2,0.19,0.53,0,0,207,System Idle Process,0,msedgewebview2.exe,17500,INTEL SSDPEKKF256G7L,PASSED,4,100,28,9.7,3044,0
8/8/2026 20:23,HI38,15.4,2396,46.3,6535.16,16.2,4.41,0.07,0,0,206,System Idle Process,0,msedgewebview2.exe,17500,INTEL SSDPEKKF256G7L,PASSED,4,100,29,9.7,3044,0
8/8/2026 20:23,HI38,9.1,2396,46.3,6537.58,16.2,0.07,0.28,0,0,204,System Idle Process,0,msedgewebview2.exe,17500,INTEL SSDPEKKF256G7L,PASSED,4,100,29,9.7,3044,0
8/8/2026 20:23,HI38,16,2396,46.3,6535.82,16.2,1.99,0.23,0,0,204,System Idle Process,0,msedgewebview2.exe,17500,INTEL SSDPEKKF256G7L,PASSED,4,100,29,9.7,3044,0
8/8/2026 20:23,HI38,12.2,2396,46.3,6532.41,16.2,0,0.03,0,0,204,System Idle Process,0,msedgewebview2.exe,17500,INTEL SSDPEKKF256G7L,PASSED,4,100,29,9.7,3044,0
8/8/2026 20:23,HI38,13.1,2396,46.3,6530.62,16.2,1.01,0.06,0,0,204,System Idle Process,0,msedgewebview2.exe,17500,INTEL SSDPEKKF256G7L,PASSED,4,100,29,9.7,3044,0
8/8/2026 20:23,HI38,8.4,2396,46.3,6531.08,16.2,0.02,0.03,0,0,204,System Idle Process,0,msedgewebview2.exe,17500,INTEL SSDPEKKF256G7L,PASSED,4,100,29,9.7,3044,0
8/8/2026 20:23,HI38,7.9,2396,46.3,6532.46,16.2,0,0,0,0,204,System Idle Process,0,msedgewebview2.exe,17500,INTEL SSDPEKKF256G7L,PASSED,4,100,28,9.7,3044,0
8/8/2026 20:23,HI38,6.4,2396,46.3,6533.23,16.2,0.24,0,0,0,204,System Idle Process,0,msedgewebview2.exe,17500,INTEL SSDPEKKF256G7L,PASSED,4,100,28,9.7,3044,0
8/8/2026 20:23,HI38,6.4,2396,46.1,6557.96,16.2,0,0.13,0,0,203,System Idle Process,0,msedgewebview2.exe,17500,INTEL SSDPEKKF256G7L,PASSED,4,100,28,9.7,3044,0
8/8/2026 20:23,HI38,7.6,2396,46.1,6556.18,16.2,0,0.25,0,0,203,System Idle Process,0,msedgewebview2.exe,17500,INTEL SSDPEKKF256G7L,PASSED,4,100,28,9.7,3044,0
8/8/2026 20:23,HI38,6.8,2396,46.1,6556.4,16.2,0,0.02,0,0,203,System Idle Process,0,msedgewebview2.exe,17500,INTEL SSDPEKKF256G7L,PASSED,4,100,28,9.7,3044,0
8/8/2026 20:23,HI38,8.3,2396,46.1,6556.16,16.2,0,0.1,0,0,203,System Idle Process,0,msedgewebview2.exe,17500,INTEL SSDPEKKF256G7L,PASSED,4,100,28,9.7,3044,0
8/8/2026 20:23,HI38,8.3,2396,46.1,6556.23,16.2,0,0,0,0,203,System Idle Process,0,msedgewebview2.exe,17500,INTEL SSDPEKKF256G7L,PASSED,4,100,28,9.7,3044,0
8/8/2026 20:23,HI38,8.6,2396,46.1,6556.11,16.2,0,0.02,0,0,203,System Idle Process,0,msedgewebview2.exe,17500,INTEL SSDPEKKF256G7L,PASSED,4,100,28,9.7,3044,0
8/8/2026 20:23,HI38,10.5,2396,46.1,6556.73,16.2,0,0.01,0,0,203,System Idle Process,0,msedgewebview2.exe,17500,INTEL SSDPEKKF256G7L,PASSED,4,100,28,9.7,3044,0
8/8/2026 20:23,HI38,10.1,2396,46.1,6557.36,16.2,0.05,0.99,0,0,203,System Idle Process,0,msedgewebview2.exe,17500,INTEL SSDPEKKF256G7L,PASSED,4,100,28,9.7,3044,0
8/8/2026 20:23,HI38,7.8,2396,46.1,6557.64,16.2,0,0.03,0,0,203,System Idle Process,0,msedgewebview2.exe,17500,INTEL SSDPEKKF256G7L,PASSED,4,100,28,9.7,3044,0
8/8/2026 20:23,HI38,7.8,2396,46.1,6557.82,16.2,0,0.13,0,0,203,System Idle Process,0,msedgewebview2.exe,17500,INTEL SSDPEKKF256G7L,PASSED,4,100,28,9.7,3044,0
8/8/2026 20:23,HI38,9.7,2396,46.1,6558.01,16.2,0.04,0.26,0,0,203,System Idle Process,0,msedgewebview2.exe,17500,INTEL SSDPEKKF256G7L,PASSED,4,100,28,9.7,3044,0
8/8/2026 20:23,HI38,31,2396,46.2,6543.15,16.2,0.31,0.46,0,0,206,System Idle Process,0,msedgewebview2.exe,17500,INTEL SSDPEKKF256G7L,PASSED,4,100,28,9.7,3044,0
8/8/2026 20:23,HI38,14.5,2396,46.3,6531.51,16.2,0.04,0.24,0,0,206,System Idle Process,0,msedgewebview2.exe,17500,INTEL SSDPEKKF256G7L,PASSED,4,100,28,9.7,3044,0
8/8/2026 20:23,HI38,9.6,2396,46.3,6530.84,16.2,0,0,0,0,206,System Idle Process,0,msedgewebview2.exe,17500,INTEL SSDPEKKF256G7L,PASSED,4,100,28,9.7,3044,0
8/8/2026 20:23,HI38,11.7,2396,46.3,6531.04,16.2,0,0,0,0,206,System Idle Process,0,msedgewebview2.exe,17500,INTEL SSDPEKKF256G7L,PASSED,4,100,28,9.7,3044,0
8/8/2026 20:23,HI38,12.4,2396,46.3,6530.89,16.2,0,0.11,0,0,205,System Idle Process,0,msedgewebview2.exe,17500,INTEL SSDPEKKF256G7L,PASSED,4,100,28,9.7,3044,0
8/8/2026 20:23,HI38,9,2396,46.1,6555.93,16.2,0.04,0.22,0,0,203,System Idle Process,0,msedgewebview2.exe,17500,INTEL SSDPEKKF256G7L,PASSED,4,100,28,9.7,3044,0
8/8/2026 20:23,HI38,12,2396,46.1,6555.73,16.2,0.02,0.22,0,0,202,System Idle Process,0,msedgewebview2.exe,17500,INTEL SSDPEKKF256G7L,PASSED,4,100,28,9.7,3044,0
8/8/2026 20:23,HI38,8.5,2396,46.1,6556.25,16.2,0,0.07,0,0,202,System Idle Process,0,msedgewebview2.exe,17500,INTEL SSDPEKKF256G7L,PASSED,4,100,28,9.7,3044,0
8/8/2026 20:23,HI38,15.3,2396,45.4,6645.95,16.2,0.33,0.05,0,0,200,System Idle Process,0,msedgewebview2.exe,17500,INTEL SSDPEKKF256G7L,PASSED,4,100,28,9.7,3044,0
8/8/2026 20:23,HI38,8.1,2396,45.4,6645.9,16.2,0,0.01,0,0,200,System Idle Process,0,msedgewebview2.exe,17500,INTEL SSDPEKKF256G7L,PASSED,4,100,28,9.7,3044,0
8/8/2026 20:24,HI38,8.2,2396,45.4,6646.96,16.2,0,0.08,0,0,200,System Idle Process,0,msedgewebview2.exe,17500,INTEL SSDPEKKF256G7L,PASSED,4,100,28,9.7,3044,0
8/8/2026 20:24,HI38,8.8,2396,45,6692.55,16.2,0.32,0.03,0,0,198,System Idle Process,0,msedgewebview2.exe,17500,INTEL SSDPEKKF256G7L,PASSED,4,100,28,9.7,3044,0
8/8/2026 20:24,HI38,7.4,2396,44.9,6701.54,16.2,0,0,0,0,198,System Idle Process,0,msedgewebview2.exe,17500,INTEL SSDPEKKF256G7L,PASSED,4,100,28,9.7,3044,0
8/8/2026 20:24,HI38,6.3,2396,44.9,6701.76,16.2,0,0.08,0,0,198,System Idle Process,0,msedgewebview2.exe,17500,INTEL SSDPEKKF256G7L,PASSED,4,100,28,9.7,3044,0
8/8/2026 20:24,HI38,7,2396,44.9,6709.8,16.2,0,0.09,0,0,198,System Idle Process,0,msedgewebview2.exe,17500,INTEL SSDPEKKF256G7L,PASSED,4,100,28,9.7,3044,0
8/8/2026 20:24,HI38,8,2396,44.9,6709.76,16.2,0,0.01,0,0,198,System Idle Process,0,msedgewebview2.exe,17500,INTEL SSDPEKKF256G7L,PASSED,4,100,28,9.7,3044,0
8/8/2026 20:24,HI38,7.3,2396,44.9,6710.18,16.2,0,0.15,0,0,198,System Idle Process,0,msedgewebview2.exe,17500,INTEL SSDPEKKF256G7L,PASSED,4,100,28,9.7,3044,0
8/8/2026 20:24,HI38,6.7,2396,44.8,6711.96,16.2,0.02,0.06,0,0,197,System Idle Process,0,msedgewebview2.exe,17500,INTEL SSDPEKKF256G7L,PASSED,4,100,28,9.7,3044,0
8/8/2026 20:24,HI38,7.5,2396,44.8,6713.27,16.2,0,0,0,0,197,System Idle Process,0,msedgewebview2.exe,17500,INTEL SSDPEKKF256G7L,PASSED,4,100,28,9.7,3044,0
8/8/2026 20:24,HI38,7.8,2396,44.8,6714.47,16.2,0.15,0.01,0,0,197,System Idle Process,0,msedgewebview2.exe,17500,INTEL SSDPEKKF256G7L,PASSED,4,100,28,9.7,3044,0
8/8/2026 20:24,HI38,6.3,2396,44.8,6715.41,16.2,0,0.11,0,0,197,System Idle Process,0,msedgewebview2.exe,17500,INTEL SSDPEKKF256G7L,PASSED,4,100,28,9.7,3044,0
8/8/2026 20:24,HI38,6.8,2396,44.8,6715.8,16.2,0,0.02,0,0,197,System Idle Process,0,msedgewebview2.exe,17500,INTEL SSDPEKKF256G7L,PASSED,4,100,27,9.7,3044,0
8/8/2026 20:24,HI38,6.8,2396,44.8,6715.74,16.2,0,0,0,0,197,System Idle Process,0,msedgewebview2.exe,17500,INTEL SSDPEKKF256G7L,PASSED,4,100,27,9.7,3044,0
8/8/2026 20:24,HI38,8,2396,44.8,6716.06,16.2,0,0.06,0,0,197,System Idle Process,0,msedgewebview2.exe,17500,INTEL SSDPEKKF256G7L,PASSED,4,100,28,9.7,3044,0
8/8/2026 20:24,HI38,7.3,2396,44.8,6716.4,16.2,0,0.01,0,0,197,System Idle Process,0,msedgewebview2.exe,17500,INTEL SSDPEKKF256G7L,PASSED,4,100,28,9.7,3044,0
8/8/2026 20:24,HI38,7,2396,44.8,6718.72,16.2,0.08,0,0,0,196,System Idle Process,0,msedgewebview2.exe,17500,INTEL SSDPEKKF256G7L,PASSED,4,100,28,9.7,3044,0
8/8/2026 20:24,HI38,7.1,2396,44.8,6719.31,16.2,0,0.13,0,0,196,System Idle Process,0,msedgewebview2.exe,17500,INTEL SSDPEKKF256G7L,PASSED,4,100,28,9.7,3044,0
8/8/2026 20:24,HI38,7.1,2396,44.8,6720.18,16.2,0,0.02,0,0,196,System Idle Process,0,msedgewebview2.exe,17500,INTEL SSDPEKKF256G7L,PASSED,4,100,28,9.7,3044,0
8/8/2026 20:24,HI38,8.3,2396,44.8,6721.91,16.2,0,0.01,0,0,196,System Idle Process,0,msedgewebview2.exe,17500,INTEL SSDPEKKF256G7L,PASSED,4,100,28,9.7,3044,0
8/8/2026 20:24,HI38,6.4,2396,44.8,6721.86,16.2,0,0,0,0,196,System Idle Process,0,msedgewebview2.exe,17500,INTEL SSDPEKKF256G7L,PASSED,4,100,28,9.7,3044,0
8/8/2026 20:24,HI38,7.4,2396,44.8,6721.91,16.2,0.01,0.15,0,0,196,System Idle Process,0,msedgewebview2.exe,17500,INTEL SSDPEKKF256G7L,PASSED,4,100,28,9.7,3044,0
8/8/2026 20:24,HI38,7.4,2396,44.8,6722.31,16.2,0,0,0,0,196,System Idle Process,0,msedgewebview2.exe,17500,INTEL SSDPEKKF256G7L,PASSED,4,100,28,9.7,3044,0
8/8/2026 20:24,HI38,6.3,2396,44.7,6722.49,16.2,0,0.01,0,0,196,System Idle Process,0,msedgewebview2.exe,17500,INTEL SSDPEKKF256G7L,PASSED,4,100,28,9.7,3044,0
8/8/2026 20:24,HI38,7.7,2396,44.7,6724.2,16.2,0,0.07,0,0,196,System Idle Process,0,msedgewebview2.exe,17500,INTEL SSDPEKKF256G7L,PASSED,4,100,28,9.7,3044,0
8/8/2026 20:24,HI38,6.7,2396,44.7,6723.75,16.2,0,0,0,0,196,System Idle Process,0,msedgewebview2.exe,17500,INTEL SSDPEKKF256G7L,PASSED,4,100,28,9.7,3044,0
8/8/2026 20:24,HI38,6.6,2396,44.7,6723.77,16.2,0,0,0,0,196,System Idle Process,0,msedgewebview2.exe,17500,INTEL SSDPEKKF256G7L,PASSED,4,100,28,9.7,3044,0
8/8/2026 20:24,HI38,9.1,2396,44.7,6725.89,16.2,0,0.08,0,0,196,System Idle Process,0,msedgewebview2.exe,17500,INTEL SSDPEKKF256G7L,PASSED,4,100,28,9.7,3044,0
8/8/2026 20:24,HI38,11.9,2396,44.8,6718.96,16.3,0.01,9.36,0,0,196,System Idle Process,0,msedgewebview2.exe,17500,INTEL SSDPEKKF256G7L,PASSED,4,100,28,9.7,3044,0
8/8/2026 20:24,HI38,7.4,2396,44.7,6725.58,16.3,0.02,0.06,0,0,196,System Idle Process,0,msedgewebview2.exe,17500,INTEL SSDPEKKF256G7L,PASSED,4,100,28,9.7,3044,0
8/8/2026 20:24,HI38,11.5,2396,44.7,6732.15,16.3,0.1,0.35,0,0,196,System Idle Process,0,msedgewebview2.exe,17500,INTEL SSDPEKKF256G7L,PASSED,4,100,28,9.7,3044,0
8/8/2026 20:24,HI38,6.1,2396,44.7,6722.46,16.3,0,0,0,0,196,System Idle Process,0,msedgewebview2.exe,17500,INTEL SSDPEKKF256G7L,PASSED,4,100,28,9.7,3044,0
8/8/2026 20:24,HI38,7.4,2396,44.7,6723.14,16.3,0,0.29,0,0,196,System Idle Process,0,msedgewebview2.exe,17500,INTEL SSDPEKKF256G7L,PASSED,4,100,28,9.7,3044,0
8/8/2026 20:24,HI38,7.6,2396,44.7,6723.17,16.3,0,0,0,0,196,System Idle Process,0,msedgewebview2.exe,17500,INTEL SSDPEKKF256G7L,PASSED,4,100,28,9.7,3044,0
8/8/2026 20:24,HI38,8.4,2396,44.7,6723.33,16.3,0,0.06,0,0,196,System Idle Process,0,msedgewebview2.exe,17500,INTEL SSDPEKKF256G7L,PASSED,4,100,28,9.7,3044,0
8/8/2026 20:24,HI38,7.4,2396,44.7,6723.46,16.3,0,0.01,0,0,196,System Idle Process,0,msedgewebview2.exe,17500,INTEL SSDPEKKF256G7L,PASSED,4,100,28,9.7,3044,0
8/8/2026 20:24,HI38,6.3,2396,44.7,6723.25,16.3,0,0,0,0,196,System Idle Process,0,msedgewebview2.exe,17500,INTEL SSDPEKKF256G7L,PASSED,4,100,28,9.7,3044,0
8/8/2026 20:24,HI38,5.4,2396,44.7,6724.04,16.3,0.02,0.14,0,0,196,System Idle Process,0,msedgewebview2.exe,17500,INTEL SSDPEKKF256G7L,PASSED,4,100,28,9.7,3044,0
8/8/2026 20:24,HI38,6.4,2396,44.7,6724.52,16.3,0,0.02,0,0,196,System Idle Process,0,msedgewebview2.exe,17500,INTEL SSDPEKKF256G7L,PASSED,4,100,28,9.7,3044,0
8/8/2026 20:24,HI38,6.9,2396,44.7,6725.49,16.3,0,0.08,0,0,196,System Idle Process,0,msedgewebview2.exe,17500,INTEL SSDPEKKF256G7L,PASSED,4,100,28,9.7,3044,0
8/8/2026 20:25,HI38,7.1,2396,44.7,6724.84,16.3,0,0.02,0,0,196,System Idle Process,0,msedgewebview2.exe,17500,INTEL SSDPEKKF256G7L,PASSED,4,100,28,9.7,3044,0
8/8/2026 20:25,HI38,7.1,2396,44.7,6725.2,16.3,0,0.07,0,0,196,System Idle Process,0,msedgewebview2.exe,17500,INTEL SSDPEKKF256G7L,PASSED,4,100,28,9.7,3044,0
8/8/2026 20:25,HI38,5.9,2396,44.7,6724.77,16.3,0,0,0,0,196,System Idle Process,0,msedgewebview2.exe,17500,INTEL SSDPEKKF256G7L,PASSED,4,100,28,9.7,3044,0
8/8/2026 20:25,HI38,7.4,2396,44.7,6724.9,16.3,0,0.08,0,0,196,System Idle Process,0,msedgewebview2.exe,17500,INTEL SSDPEKKF256G7L,PASSED,4,100,27,9.7,3044,0
8/8/2026 20:25,HI38,6.1,2396,44.7,6724.5,16.3,0,0.06,0,0,196,System Idle Process,0,msedgewebview2.exe,17500,INTEL SSDPEKKF256G7L,PASSED,4,100,27,9.7,3044,0
8/8/2026 20:25,HI38,6.9,2396,44.7,6724.74,16.3,0,0,0,0,196,System Idle Process,0,msedgewebview2.exe,17500,INTEL SSDPEKKF256G7L,PASSED,4,100,28,9.7,3044,0
8/8/2026 20:25,HI38,7.3,2396,44.7,6725.12,16.3,0.03,0.01,0,0,196,System Idle Process,0,msedgewebview2.exe,17500,INTEL SSDPEKKF256G7L,PASSED,4,100,27,9.7,3044,0
8/8/2026 20:25,HI38,6.4,2396,44.7,6726.69,16.3,0,0.13,0,0,196,System Idle Process,0,msedgewebview2.exe,17500,INTEL SSDPEKKF256G7L,PASSED,4,100,27,9.7,3044,0
8/8/2026 20:25,HI38,6.6,2396,44.7,6726.75,16.3,0,0,0,0,196,System Idle Process,0,msedgewebview2.exe,17500,INTEL SSDPEKKF256G7L,PASSED,4,100,28,9.7,3044,0
8/8/2026 20:25,HI38,6.8,2396,44.7,6726.81,16.3,0,0,0,0,196,System Idle Process,0,msedgewebview2.exe,17500,INTEL SSDPEKKF256G7L,PASSED,4,100,27,9.7,3044,0
8/8/2026 20:25,HI38,7.8,2396,44.7,6727.08,16.3,0,0.1,0,0,196,System Idle Process,0,msedgewebview2.exe,17500,INTEL SSDPEKKF256G7L,PASSED,4,100,28,9.7,3044,0
8/8/2026 20:25,HI38,5.6,2396,44.7,6726.93,16.3,0,0,0,0,196,System Idle Process,0,msedgewebview2.exe,17500,INTEL SSDPEKKF256G7L,PASSED,4,100,28,9.7,3044,0
8/8/2026 20:25,HI38,7.7,2396,44.7,6728.04,16.3,0,0.01,0,0,195,System Idle Process,0,msedgewebview2.exe,17500,INTEL SSDPEKKF256G7L,PASSED,4,100,28,9.7,3044,0
8/8/2026 20:25,HI38,7.1,2396,44.7,6728.27,16.3,0,0.01,0,0,195,System Idle Process,0,msedgewebview2.exe,17500,INTEL SSDPEKKF256G7L,PASSED,4,100,28,9.7,3044,0
8/8/2026 20:25,HI38,6.9,2396,44.7,6728.66,16.3,0,0.08,0,0,195,System Idle Process,0,msedgewebview2.exe,17500,INTEL SSDPEKKF256G7L,PASSED,4,100,27,9.7,3044,0
8/8/2026 20:25,HI38,6.9,2396,44.7,6729.19,16.3,0,0,0,0,195,System Idle Process,0,msedgewebview2.exe,17500,INTEL SSDPEKKF256G7L,PASSED,4,100,27,9.7,3044,0
8/8/2026 20:25,HI38,7.6,2396,44.7,6729.58,16.3,0,0,0,0,195,System Idle Process,0,msedgewebview2.exe,17500,INTEL SSDPEKKF256G7L,PASSED,4,100,27,9.7,3044,0
8/8/2026 20:25,HI38,6.4,2396,44.7,6729.67,16.3,0,0.13,0,0,195,System Idle Process,0,msedgewebview2.exe,17500,INTEL SSDPEKKF256G7L,PASSED,4,100,28,9.7,3044,0
8/8/2026 20:25,HI38,7.9,2396,44.7,6730.05,16.3,0,0.02,0,0,195,System Idle Process,0,msedgewebview2.exe,17500,INTEL SSDPEKKF256G7L,PASSED,4,100,28,9.7,3044,0
8/8/2026 20:25,HI38,7.2,2396,44.7,6729.89,16.3,0,0.01,0,0,195,System Idle Process,0,msedgewebview2.exe,17500,INTEL SSDPEKKF256G7L,PASSED,4,100,27,9.7,3044,0
8/8/2026 20:25,HI38,8.2,2396,44.7,6729.97,16.3,0,0.02,0,0,195,System Idle Process,0,msedgewebview2.exe,17500,INTEL SSDPEKKF256G7L,PASSED,4,100,28,9.7,3044,0
8/8/2026 20:25,HI38,5.6,2396,44.7,6729.7,16.3,0,0.06,0,0,195,System Idle Process,0,msedgewebview2.exe,17500,INTEL SSDPEKKF256G7L,PASSED,4,100,27,9.7,3044,0
8/8/2026 20:25,HI38,8.7,2396,44.7,6730.91,16.3,0,0,0,0,195,System Idle Process,0,msedgewebview2.exe,17500,INTEL SSDPEKKF256G7L,PASSED,4,100,28,9.7,3044,0
8/8/2026 20:25,HI38,6.9,2396,44.7,6731.19,16.3,0,0.03,0,0,195,System Idle Process,0,msedgewebview2.exe,17500,INTEL SSDPEKKF256G7L,PASSED,4,100,27,9.7,3044,0
8/8/2026 20:25,HI38,6.9,2396,44.7,6731.52,16.3,0,0.15,0,0,195,System Idle Process,0,msedgewebview2.exe,17500,INTEL SSDPEKKF256G7L,PASSED,4,100,27,9.7,3044,0
8/8/2026 20:25,HI38,6.6,2396,44.7,6731.77,16.3,0,0,0,0,195,System Idle Process,0,msedgewebview2.exe,17500,INTEL SSDPEKKF256G7L,PASSED,4,100,27,9.7,3044,0
8/8/2026 20:25,HI38,7.2,2396,44.7,6731.92,16.3,0,0.01,0,0,195,System Idle Process,0,msedgewebview2.exe,17500,INTEL SSDPEKKF256G7L,PASSED,4,100,27,9.7,3044,0
8/8/2026 20:25,HI38,6.4,2396,44.7,6731.95,16.3,0,0.06,0,0,195,System Idle Process,0,msedgewebview2.exe,17500,INTEL SSDPEKKF256G7L,PASSED,4,100,28,9.7,3044,0
8/8/2026 20:25,HI38,6.7,2396,44.7,6732.04,16.3,0,0,0,0,195,System Idle Process,0,msedgewebview2.exe,17500,INTEL SSDPEKKF256G7L,PASSED,4,100,27,9.7,3044,0
8/8/2026 20:25,HI38,6.7,2396,44.7,6732.33,16.3,0,0.15,0,0,195,System Idle Process,0,msedgewebview2.exe,17500,INTEL SSDPEKKF256G7L,PASSED,4,100,27,9.7,3044,0
8/8/2026 20:25,HI38,6.7,2396,44.7,6732.2,16.3,0,0.02,0,0,195,System Idle Process,0,msedgewebview2.exe,17500,INTEL SSDPEKKF256G7L,PASSED,4,100,27,9.7,3044,0
8/8/2026 20:25,HI38,6.6,2396,44.7,6732.61,16.3,0,0.13,0,0,195,System Idle Process,0,msedgewebview2.exe,17500,INTEL SSDPEKKF256G7L,PASSED,4,100,27,9.7,3044,0
8/8/2026 20:25,HI38,7,2396,44.7,6732.45,16.3,0,0,0,0,195,System Idle Process,0,msedgewebview2.exe,17500,INTEL SSDPEKKF256G7L,PASSED,4,100,27,9.7,3044,0
8/8/2026 20:25,HI38,7.3,2396,44.7,6732.6,16.3,0,0,0,0,195,System Idle Process,0,msedgewebview2.exe,17500,INTEL SSDPEKKF256G7L,PASSED,4,100,27,9.7,3044,0
8/8/2026 20:25,HI38,6.4,2396,44.7,6732.55,16.3,0,0.12,0,0,195,System Idle Process,0,msedgewebview2.exe,17500,INTEL SSDPEKKF256G7L,PASSED,4,100,27,9.7,3044,0
8/8/2026 20:25,HI38,7.1,2396,44.7,6732.38,16.3,0,0.03,0,0,195,System Idle Process,0,msedgewebview2.exe,17500,INTEL SSDPEKKF256G7L,PASSED,4,100,27,9.7,3044,0
8/8/2026 20:25,HI38,7.1,2396,44.7,6732.82,16.3,0,0,0,0,195,System Idle Process,0,msedgewebview2.exe,17500,INTEL SSDPEKKF256G7L,PASSED,4,100,27,9.7,3044,0
8/8/2026 20:25,HI38,6.2,2396,44.7,6733.99,16.3,0,0.06,0,0,195,System Idle Process,0,msedgewebview2.exe,17500,INTEL SSDPEKKF256G7L,PASSED,4,100,27,9.7,3044,0
8/8/2026 20:25,HI38,7.9,2396,44.7,6733.76,16.3,0,0.02,0,0,195,System Idle Process,0,msedgewebview2.exe,17500,INTEL SSDPEKKF256G7L,PASSED,4,100,27,9.7,3044,0
8/8/2026 20:25,HI38,6.1,2396,44.7,6733.81,16.3,0,0.01,0,0,195,System Idle Process,0,msedgewebview2.exe,17500,INTEL SSDPEKKF256G7L,PASSED,4,100,27,9.7,3044,0
8/8/2026 20:26,HI38,7.2,2396,44.7,6734.05,16.3,0,0.08,0,0,195,System Idle Process,0,msedgewebview2.exe,17500,INTEL SSDPEKKF256G7L,PASSED,4,100,27,9.7,3044,0
8/8/2026 20:26,HI38,7.1,2396,44.6,6735.01,16.3,0,0.03,0,0,195,System Idle Process,0,msedgewebview2.exe,17500,INTEL SSDPEKKF256G7L,PASSED,4,100,27,9.7,3044,0
8/8/2026 20:26,HI38,7.2,2396,44.6,6734.99,16.3,0,0.05,0,0,195,System Idle Process,0,msedgewebview2.exe,17500,INTEL SSDPEKKF256G7L,PASSED,4,100,27,9.7,3044,0
8/8/2026 20:26,HI38,6.7,2396,44.6,6735,16.3,0,0.03,0,0,195,System Idle Process,0,msedgewebview2.exe,17500,INTEL SSDPEKKF256G7L,PASSED,4,100,28,9.7,3044,0
8/8/2026 20:26,HI38,6.6,2396,44.6,6735.17,16.3,0,0.12,0,0,195,System Idle Process,0,msedgewebview2.exe,17500,INTEL SSDPEKKF256G7L,PASSED,4,100,27,9.7,3044,0
8/8/2026 20:26,HI38,6.7,2396,44.6,6735.05,16.3,0,0,0,0,195,System Idle Process,0,msedgewebview2.exe,17500,INTEL SSDPEKKF256G7L,PASSED,4,100,27,9.7,3044,0
8/8/2026 20:26,HI38,5.1,2396,44.6,6737.17,16.3,0,0.02,0,0,195,System Idle Process,0,msedgewebview2.exe,17500,INTEL SSDPEKKF256G7L,PASSED,4,100,27,9.7,3044,0
8/8/2026 20:26,HI38,6.4,2396,44.6,6737.48,16.3,0,0.06,0,0,195,System Idle Process,0,msedgewebview2.exe,17500,INTEL SSDPEKKF256G7L,PASSED,4,100,27,9.7,3044,0
8/8/2026 20:26,HI38,6.9,2396,44.6,6737.73,16.3,0,0,0,0,195,System Idle Process,0,msedgewebview2.exe,17500,INTEL SSDPEKKF256G7L,PASSED,4,100,27,9.7,3044,0
8/8/2026 20:26,HI38,6.2,2396,44.6,6737.89,16.3,0,0,0,0,195,System Idle Process,0,msedgewebview2.exe,17500,INTEL SSDPEKKF256G7L,PASSED,4,100,28,9.7,3044,0
8/8/2026 20:26,HI38,7.2,2396,44.6,6738.07,16.3,0,0.01,0,0,195,System Idle Process,0,msedgewebview2.exe,17500,INTEL SSDPEKKF256G7L,PASSED,4,100,28,9.7,3044,0
8/8/2026 20:26,HI38,7.7,2396,44.6,6738.37,16.3,0,0.09,0,0,195,System Idle Process,0,msedgewebview2.exe,17500,INTEL SSDPEKKF256G7L,PASSED,4,100,27,9.7,3044,0
8/8/2026 20:26,HI38,6.9,2396,44.6,6738.49,16.3,0,0.01,0,0,195,System Idle Process,0,msedgewebview2.exe,17500,INTEL SSDPEKKF256G7L,PASSED,4,100,27,9.7,3044,0
8/8/2026 20:26,HI38,5.7,2396,44.6,6738.53,16.3,0,0.04,0,0,195,System Idle Process,0,msedgewebview2.exe,17500,INTEL SSDPEKKF256G7L,PASSED,4,100,27,9.7,3044,0
8/8/2026 20:26,HI38,6.9,2396,44.6,6738.6,16.3,0,0.12,0,0,195,System Idle Process,0,msedgewebview2.exe,17500,INTEL SSDPEKKF256G7L,PASSED,4,100,27,9.7,3044,0
8/8/2026 20:26,HI38,6.2,2396,44.6,6738.55,16.3,0,0,0,0,195,System Idle Process,0,msedgewebview2.exe,17500,INTEL SSDPEKKF256G7L,PASSED,4,100,27,9.7,3044,0
8/8/2026 20:26,HI38,5.9,2396,44.6,6739.25,16.3,0,0.02,0,0,195,System Idle Process,0,msedgewebview2.exe,17500,INTEL SSDPEKKF256G7L,PASSED,4,100,27,9.7,3044,0
8/8/2026 20:26,HI38,6.4,2396,44.6,6739.29,16.3,0,0.06,0,0,195,System Idle Process,0,msedgewebview2.exe,17500,INTEL SSDPEKKF256G7L,PASSED,4,100,27,9.7,3044,0
8/8/2026 20:26,HI38,7.2,2396,44.6,6739.38,16.3,0,0.01,0,0,195,System Idle Process,0,msedgewebview2.exe,17500,INTEL SSDPEKKF256G7L,PASSED,4,100,27,9.7,3044,0
8/8/2026 20:26,HI38,7.1,2396,44.6,6739.41,16.3,0.02,0.05,0,0,195,System Idle Process,0,msedgewebview2.exe,17500,INTEL SSDPEKKF256G7L,PASSED,4,100,27,9.7,3044,0
8/8/2026 20:26,HI38,7.4,2396,44.6,6740.65,16.3,0,0.02,0,0,195,System Idle Process,0,msedgewebview2.exe,17500,INTEL SSDPEKKF256G7L,PASSED,4,100,27,9.7,3044,0
8/8/2026 20:26,HI38,6.4,2396,44.6,6739.48,16.3,0,0.15,0,0,195,System Idle Process,0,msedgewebview2.exe,17500,INTEL SSDPEKKF256G7L,PASSED,4,100,27,9.7,3044,0
8/8/2026 20:26,HI38,6.4,2396,44.6,6739.52,16.3,0,0.01,0,0,195,System Idle Process,0,msedgewebview2.exe,17500,INTEL SSDPEKKF256G7L,PASSED,4,100,28,9.7,3044,0
8/8/2026 20:26,HI38,6.2,2396,44.6,6739.57,16.3,0,0.03,0,0,195,System Idle Process,0,msedgewebview2.exe,17500,INTEL SSDPEKKF256G7L,PASSED,4,100,28,9.7,3044,0
8/8/2026 20:26,HI38,6.4,2396,44.6,6739.46,16.3,0,0.12,0,0,195,System Idle Process,0,msedgewebview2.exe,17500,INTEL SSDPEKKF256G7L,PASSED,4,100,27,9.7,3044,0
8/8/2026 20:26,HI38,6.9,2396,44.6,6739.89,16.3,0,0,0,0,195,System Idle Process,0,msedgewebview2.exe,17500,INTEL SSDPEKKF256G7L,PASSED,4,100,27,9.7,3044,0
8/8/2026 20:26,HI38,7.2,2396,44.6,6739.62,16.3,0.01,0.06,0,0,196,System Idle Process,0,msedgewebview2.exe,17500,INTEL SSDPEKKF256G7L,PASSED,4,100,28,9.7,3044,0
8/8/2026 20:26,HI38,7,2396,44.6,6740.26,16.3,0.01,0.15,0,0,195,System Idle Process,0,msedgewebview2.exe,17500,INTEL SSDPEKKF256G7L,PASSED,4,100,28,9.7,3044,0
8/8/2026 20:26,HI38,6.2,2396,44.6,6743.75,16.3,0.24,0,0,0,194,System Idle Process,0,msedgewebview2.exe,17500,INTEL SSDPEKKF256G7L,PASSED,4,100,27,9.7,3044,0
8/8/2026 20:26,HI38,6.6,2396,44.6,6741.9,16.3,0,0.1,0,0,194,System Idle Process,0,msedgewebview2.exe,17500,INTEL SSDPEKKF256G7L,PASSED,4,100,28,9.7,3044,0
8/8/2026 20:26,HI38,7.4,2396,44.6,6743.12,16.3,0,0.25,0,0,194,System Idle Process,0,msedgewebview2.exe,17500,INTEL SSDPEKKF256G7L,PASSED,4,100,28,9.7,3044,0
8/8/2026 20:26,HI38,5.9,2396,44.6,6744.16,16.3,0,0.15,0,0,193,System Idle Process,0,msedgewebview2.exe,17500,INTEL SSDPEKKF256G7L,PASSED,4,100,27,9.7,3044,0
8/8/2026 20:26,HI38,7.5,2396,44.6,6744,16.3,0,0,0,0,193,System Idle Process,0,msedgewebview2.exe,17500,INTEL SSDPEKKF256G7L,PASSED,4,100,28,9.7,3044,0
8/8/2026 20:26,HI38,6.6,2396,44.5,6747.29,16.3,0.01,0.02,0,0,192,System Idle Process,0,msedgewebview2.exe,17500,INTEL SSDPEKKF256G7L,PASSED,4,100,27,9.7,3044,0
8/8/2026 20:26,HI38,6.4,2396,44.5,6747.7,16.3,0,0.09,0,0,192,System Idle Process,0,msedgewebview2.exe,17500,INTEL SSDPEKKF256G7L,PASSED,4,100,27,9.7,3044,0
8/8/2026 20:26,HI38,6.7,2396,44.5,6747.85,16.3,0,0.01,0,0,192,System Idle Process,0,msedgewebview2.exe,17500,INTEL SSDPEKKF256G7L,PASSED,4,100,27,9.7,3044,0
8/8/2026 20:26,HI38,8.2,2396,44.7,6732.31,16.3,0.01,0.05,0,0,193,System Idle Process,0,msedgewebview2.exe,17500,INTEL SSDPEKKF256G7L,PASSED,4,100,28,9.7,3044,0
8/8/2026 20:26,HI38,6.4,2396,44.7,6725.36,16.3,0,0.19,0,0,193,System Idle Process,0,msedgewebview2.exe,17500,INTEL SSDPEKKF256G7L,PASSED,4,100,28,9.7,3044,0
8/8/2026 20:26,HI38,5.7,2396,44.7,6725.7,16.3,0,0,0,0,193,System Idle Process,0,msedgewebview2.exe,17500,INTEL SSDPEKKF256G7L,PASSED,4,100,27,9.7,3044,0
8/8/2026 20:27,HI38,4.9,2396,44.7,6731.78,16.3,0,0.01,0,0,193,System Idle Process,0,msedgewebview2.exe,17500,INTEL SSDPEKKF256G7L,PASSED,4,100,28,9.7,3044,0
8/8/2026 20:27,HI38,8.2,2396,44.7,6726.33,16.3,0,0.01,0,0,193,System Idle Process,0,msedgewebview2.exe,17500,INTEL SSDPEKKF256G7L,PASSED,4,100,28,9.7,3044,0
8/8/2026 20:27,HI38,6.4,2396,44.7,6725.88,16.3,0.01,0.12,0,0,193,System Idle Process,0,msedgewebview2.exe,17500,INTEL SSDPEKKF256G7L,PASSED,4,100,27,9.7,3044,0
8/8/2026 20:27,HI38,6.2,2396,44.7,6725.85,16.3,0,0,0,0,193,System Idle Process,0,msedgewebview2.exe,17500,INTEL SSDPEKKF256G7L,PASSED,4,100,27,9.7,3044,0
8/8/2026 20:27,HI38,6.2,2396,44.7,6726.45,16.3,0.01,0.09,0,0,193,System Idle Process,0,msedgewebview2.exe,17500,INTEL SSDPEKKF256G7L,PASSED,4,100,27,9.7,3044,0
8/8/2026 20:27,HI38,5.7,2396,44.7,6726.61,16.3,0,0.15,0,0,193,System Idle Process,0,msedgewebview2.exe,17500,INTEL SSDPEKKF256G7L,PASSED,4,100,27,9.7,3044,0
8/8/2026 20:27,HI38,6.6,2396,44.7,6731.71,16.3,0,0.16,0,0,193,System Idle Process,0,msedgewebview2.exe,17500,INTEL SSDPEKKF256G7L,PASSED,4,100,28,9.7,3044,0
8/8/2026 20:27,HI38,6.2,2396,44.7,6734.57,16.3,0,0,0,0,193,System Idle Process,0,msedgewebview2.exe,17500,INTEL SSDPEKKF256G7L,PASSED,4,100,27,9.7,3044,0
8/8/2026 20:27,HI38,4.9,2396,44.6,6734.84,16.3,0,0.07,0,0,193,System Idle Process,0,msedgewebview2.exe,17500,INTEL SSDPEKKF256G7L,PASSED,4,100,28,9.7,3044,0
8/8/2026 20:27,HI38,7.2,2396,44.7,6734.59,16.3,0,0.01,0,0,193,System Idle Process,0,msedgewebview2.exe,17500,INTEL SSDPEKKF256G7L,PASSED,4,100,28,9.7,3044,0
8/8/2026 20:27,HI38,7.2,2396,44.6,6734.7,16.3,0,0,0,0,193,System Idle Process,0,msedgewebview2.exe,17500,INTEL SSDPEKKF256G7L,PASSED,4,100,28,9.7,3044,0
8/8/2026 20:27,HI38,6.5,2396,44.7,6734.47,16.3,0,0.02,0,0,193,System Idle Process,0,msedgewebview2.exe,17500,INTEL SSDPEKKF256G7L,PASSED,4,100,28,9.7,3044,0
8/8/2026 20:27,HI38,6.4,2396,44.6,6734.96,16.3,0,0.08,0,0,193,System Idle Process,0,msedgewebview2.exe,17500,INTEL SSDPEKKF256G7L,PASSED,4,100,27,9.7,3044,0
8/8/2026 20:27,HI38,7.2,2396,44.6,6734.96,16.3,0,0.01,0,0,193,System Idle Process,0,msedgewebview2.exe,17500,INTEL SSDPEKKF256G7L,PASSED,4,100,27,9.7,3044,0
8/8/2026 20:27,HI38,6.7,2396,44.6,6735.49,16.3,0,0,0,0,193,System Idle Process,0,msedgewebview2.exe,17500,INTEL SSDPEKKF256G7L,PASSED,4,100,27,9.7,3044,0
8/8/2026 20:27,HI38,5.7,2396,44.6,6735.7,16.3,0,0.13,0,0,193,System Idle Process,0,msedgewebview2.exe,17500,INTEL SSDPEKKF256G7L,PASSED,4,100,28,9.7,3044,0
8/8/2026 20:27,HI38,6.7,2396,44.6,6735.79,16.3,0,0,0,0,193,System Idle Process,0,msedgewebview2.exe,17500,INTEL SSDPEKKF256G7L,PASSED,4,100,27,9.7,3044,0
8/8/2026 20:27,HI38,7.5,2396,44.5,6757.24,16.3,0,0.03,0,0,192,System Idle Process,0,msedgewebview2.exe,17500,INTEL SSDPEKKF256G7L,PASSED,4,100,28,9.7,3044,0
8/8/2026 20:27,HI38,5.7,2396,44.5,6756.73,16.3,0,0.07,0,0,192,System Idle Process,0,msedgewebview2.exe,17500,INTEL SSDPEKKF256G7L,PASSED,4,100,28,9.7,3044,0
8/8/2026 20:27,HI38,5.5,2396,44.5,6756.95,16.3,0,0,0,0,192,System Idle Process,0,msedgewebview2.exe,17500,INTEL SSDPEKKF256G7L,PASSED,4,100,28,9.7,3044,0
8/8/2026 20:27,HI38,6.9,2396,44.5,6757.28,16.3,0,0.02,0,0,192,System Idle Process,0,msedgewebview2.exe,17500,INTEL SSDPEKKF256G7L,PASSED,4,100,27,9.7,3044,0
8/8/2026 20:27,HI38,6.5,2396,44.5,6757.25,16.3,0.01,0.13,0,0,192,System Idle Process,0,msedgewebview2.exe,17500,INTEL SSDPEKKF256G7L,PASSED,4,100,28,9.7,3044,0
8/8/2026 20:27,HI38,7.2,2396,44.5,6757.25,16.3,0,0.07,0,0,192,System Idle Process,0,msedgewebview2.exe,17500,INTEL SSDPEKKF256G7L,PASSED,4,100,27,9.7,3044,0
8/8/2026 20:27,HI38,7.5,2396,44.5,6757.79,16.3,0,0.09,0,0,192,System Idle Process,0,msedgewebview2.exe,17500,INTEL SSDPEKKF256G7L,PASSED,4,100,28,9.7,3044,0
8/8/2026 20:27,HI38,7.3,2396,44.4,6759.22,16.3,0,0.05,0,0,192,System Idle Process,0,msedgewebview2.exe,17500,INTEL SSDPEKKF256G7L,PASSED,4,100,27,9.7,3044,0
8/8/2026 20:27,HI38,7.3,2396,44.5,6757.7,16.3,0,0.15,0,0,192,System Idle Process,0,msedgewebview2.exe,17500,INTEL SSDPEKKF256G7L,PASSED,4,100,28,9.7,3044,0
8/8/2026 20:27,HI38,6.9,2396,44.5,6757.85,16.3,0,0.01,0,0,192,System Idle Process,0,msedgewebview2.exe,17500,INTEL SSDPEKKF256G7L,PASSED,4,100,27,9.7,3044,0
8/8/2026 20:27,HI38,6.5,2396,44.5,6757.91,16.3,0,0,0,0,192,System Idle Process,0,msedgewebview2.exe,17500,INTEL SSDPEKKF256G7L,PASSED,4,100,28,9.7,3044,0
8/8/2026 20:27,HI38,6.2,2396,44.5,6757.96,16.3,0.03,0.16,0,0,193,System Idle Process,0,msedgewebview2.exe,17500,INTEL SSDPEKKF256G7L,PASSED,4,100,28,9.7,3044,0
8/8/2026 20:27,HI38,7.4,2396,44.5,6757.91,16.3,0,0.09,0,0,193,System Idle Process,0,msedgewebview2.exe,17500,INTEL SSDPEKKF256G7L,PASSED,4,100,27,9.7,3044,0
8/8/2026 20:27,HI38,6.2,2396,44.5,6757.86,16.3,0,0.2,0,0,193,System Idle Process,0,msedgewebview2.exe,17500,INTEL SSDPEKKF256G7L,PASSED,4,100,27,9.7,3044,0
8/8/2026 20:27,HI38,7.2,2396,44.5,6758.14,16.3,0,0.16,0,0,193,System Idle Process,0,msedgewebview2.exe,17500,INTEL SSDPEKKF256G7L,PASSED,4,100,27,9.7,3044,0
8/8/2026 20:27,HI38,6.2,2396,44.5,6758.44,16.3,0,0.12,0,0,193,System Idle Process,0,msedgewebview2.exe,17500,INTEL SSDPEKKF256G7L,PASSED,4,100,29,9.7,3044,0
8/8/2026 20:27,HI38,31.1,2396,45,6695.02,16.3,4.36,0.25,0,0,194,System Idle Process,0,msedgewebview2.exe,17500,INTEL SSDPEKKF256G7L,PASSED,4,100,29,9.7,3044,0
8/8/2026 20:27,HI38,72,2396,45.9,6587.81,16.3,4.23,0.68,0,0,202,System Idle Process,0,msedgewebview2.exe,17500,INTEL SSDPEKKF256G7L,PASSED,4,100,29,9.7,3044,0
8/8/2026 20:27,HI38,9,2396,45.8,6588.7,16.3,0.26,0.32,0,0,201,System Idle Process,0,msedgewebview2.exe,17500,INTEL SSDPEKKF256G7L,PASSED,4,100,28,9.7,3044,0
8/8/2026 20:27,HI38,7.4,2396,45.8,6593.57,16.3,0,0.15,0,0,201,System Idle Process,0,msedgewebview2.exe,17500,INTEL SSDPEKKF256G7L,PASSED,4,100,28,9.7,3044,0
8/8/2026 20:27,HI38,5.5,2396,45.8,6593.83,16.3,0,0.06,0,0,201,System Idle Process,0,msedgewebview2.exe,17500,INTEL SSDPEKKF256G7L,PASSED,4,100,28,9.7,3044,0
8/8/2026 20:27,HI38,8.9,2396,45.7,6610.85,16.3,0,0.19,0,0,199,System Idle Process,0,msedgewebview2.exe,17500,INTEL SSDPEKKF256G7L,PASSED,4,100,28,9.7,3044,0
8/8/2026 20:28,HI38,7.1,2396,45.6,6618.93,16.3,0.1,0.8,0,0,198,System Idle Process,0,msedgewebview2.exe,17500,INTEL SSDPEKKF256G7L,PASSED,4,100,28,9.7,3044,0
8/8/2026 20:28,HI38,7.3,2396,45.6,6620.8,16.3,0,0.11,0,0,198,System Idle Process,0,msedgewebview2.exe,17500,INTEL SSDPEKKF256G7L,PASSED,4,100,28,9.7,3044,0
8/8/2026 20:28,HI38,7.7,2396,45.6,6622.63,16.3,0.02,0.09,0,0,198,System Idle Process,0,msedgewebview2.exe,17500,INTEL SSDPEKKF256G7L,PASSED,4,100,28,9.7,3044,0
8/8/2026 20:28,HI38,8,2396,45.6,6622.86,16.3,0,0.04,0,0,198,System Idle Process,0,msedgewebview2.exe,17500,INTEL SSDPEKKF256G7L,PASSED,4,100,28,9.7,3044,0
8/8/2026 20:28,HI38,6.8,2396,45.6,6623.61,16.3,0,0.03,0,0,198,System Idle Process,0,msedgewebview2.exe,17500,INTEL SSDPEKKF256G7L,PASSED,4,100,28,9.7,3044,0
8/8/2026 20:28,HI38,6.6,2396,45.6,6624.12,16.3,0,0.08,0,0,198,System Idle Process,0,msedgewebview2.exe,17500,INTEL SSDPEKKF256G7L,PASSED,4,100,28,9.7,3044,0
8/8/2026 20:28,HI38,6.3,2396,45.5,6625.3,16.3,0,0,0,0,198,System Idle Process,0,msedgewebview2.exe,17500,INTEL SSDPEKKF256G7L,PASSED,4,100,28,9.7,3044,0
8/8/2026 20:28,HI38,7.2,2396,45.5,6627.29,16.3,0,0.13,0,0,198,System Idle Process,0,msedgewebview2.exe,17500,INTEL SSDPEKKF256G7L,PASSED,4,100,28,9.7,3044,0
8/8/2026 20:28,HI38,6.8,2396,45.5,6627.9,16.3,0,0.01,0,0,198,System Idle Process,0,msedgewebview2.exe,17500,INTEL SSDPEKKF256G7L,PASSED,4,100,28,9.7,3044,0
8/8/2026 20:28,HI38,5.8,2396,45.5,6627.94,16.3,0,0.06,0,0,198,System Idle Process,0,msedgewebview2.exe,17500,INTEL SSDPEKKF256G7L,PASSED,4,100,28,9.7,3044,0
8/8/2026 20:28,HI38,6.8,2396,45.5,6628.26,16.3,0,0.03,0,0,198,System Idle Process,0,msedgewebview2.exe,17500,INTEL SSDPEKKF256G7L,PASSED,4,100,28,9.7,3044,0
8/8/2026 20:28,HI38,6.5,2396,45.5,6628.78,16.3,0,0.01,0,0,198,System Idle Process,0,msedgewebview2.exe,17500,INTEL SSDPEKKF256G7L,PASSED,4,100,28,9.7,3044,0
8/8/2026 20:28,HI38,6.3,2396,45.5,6629.91,16.3,0,0.01,0,0,198,System Idle Process,0,msedgewebview2.exe,17500,INTEL SSDPEKKF256G7L,PASSED,4,100,27,9.7,3044,0
8/8/2026 20:28,HI38,7.7,2396,45.5,6630.04,16.3,0,0,0,0,198,System Idle Process,0,msedgewebview2.exe,17500,INTEL SSDPEKKF256G7L,PASSED,4,100,28,9.7,3044,0
8/8/2026 20:28,HI38,6.6,2396,45.5,6630.56,16.3,0,0.51,0,0,198,System Idle Process,0,msedgewebview2.exe,17500,INTEL SSDPEKKF256G7L,PASSED,4,100,28,9.7,3044,0
8/8/2026 20:28,HI38,7.3,2396,45.5,6630.96,16.3,0,0.12,0,0,198,System Idle Process,0,msedgewebview2.exe,17500,INTEL SSDPEKKF256G7L,PASSED,4,100,28,9.7,3044,0
8/8/2026 20:28,HI38,7.1,2396,45.5,6631.21,16.3,0,0.05,0,0,198,System Idle Process,0,msedgewebview2.exe,17500,INTEL SSDPEKKF256G7L,PASSED,4,100,27,9.7,3044,0
8/8/2026 20:28,HI38,7,2396,45.5,6631.1,16.3,0,0,0,0,198,System Idle Process,0,msedgewebview2.exe,17500,INTEL SSDPEKKF256G7L,PASSED,4,100,27,9.7,3044,0
8/8/2026 20:28,HI38,7.5,2396,45.5,6631.54,16.3,0,0.07,0,0,198,System Idle Process,0,msedgewebview2.exe,17500,INTEL SSDPEKKF256G7L,PASSED,4,100,27,9.7,3044,0
8/8/2026 20:28,HI38,6.8,2396,45.5,6631.71,16.3,0,0.02,0,0,198,System Idle Process,0,msedgewebview2.exe,17500,INTEL SSDPEKKF256G7L,PASSED,4,100,27,9.7,3044,0
8/8/2026 20:28,HI38,7.6,2396,45.5,6632.12,16.3,0,0,0,0,198,System Idle Process,0,msedgewebview2.exe,17500,INTEL SSDPEKKF256G7L,PASSED,4,100,27,9.7,3044,0
8/8/2026 20:28,HI38,7.6,2396,45.5,6635.1,16.3,0,0.01,0,0,197,System Idle Process,0,msedgewebview2.exe,17500,INTEL SSDPEKKF256G7L,PASSED,4,100,27,9.7,3044,0
8/8/2026 20:28,HI38,6.5,2396,45.5,6634.12,16.3,0,0.12,0,0,197,System Idle Process,0,msedgewebview2.exe,17500,INTEL SSDPEKKF256G7L,PASSED,4,100,27,9.7,3044,0
8/8/2026 20:28,HI38,7.3,2396,45.5,6634.51,16.3,0,0,0,0,197,System Idle Process,0,msedgewebview2.exe,17500,INTEL SSDPEKKF256G7L,PASSED,4,100,27,9.7,3044,0
8/8/2026 20:28,HI38,6.5,2396,45.5,6634.71,16.3,0,0.01,0,0,197,System Idle Process,0,msedgewebview2.exe,17500,INTEL SSDPEKKF256G7L,PASSED,4,100,28,9.7,3044,0
8/8/2026 20:28,HI38,6,2396,45.5,6634.83,16.3,0,0.12,0,0,197,System Idle Process,0,msedgewebview2.exe,17500,INTEL SSDPEKKF256G7L,PASSED,4,100,27,9.7,3044,0
8/8/2026 20:28,HI38,7.1,2396,45.5,6635.22,16.3,0,0.01,0,0,197,System Idle Process,0,msedgewebview2.exe,17500,INTEL SSDPEKKF256G7L,PASSED,4,100,28,9.7,3044,0
8/8/2026 20:28,HI38,7.3,2396,45.5,6635.18,16.3,0.01,0.11,0,0,197,System Idle Process,0,msedgewebview2.exe,17500,INTEL SSDPEKKF256G7L,PASSED,4,100,27,9.7,3044,0
8/8/2026 20:28,HI38,7,2396,45.5,6635.52,16.3,0,0.11,0,0,197,System Idle Process,0,msedgewebview2.exe,17500,INTEL SSDPEKKF256G7L,PASSED,4,100,27,9.7,3044,0
8/8/2026 20:28,HI38,6.8,2396,45.5,6635.66,16.3,0,0,0,0,197,System Idle Process,0,msedgewebview2.exe,17500,INTEL SSDPEKKF256G7L,PASSED,4,100,28,9.7,3044,0
8/8/2026 20:28,HI38,7,2396,45.5,6635.98,16.3,0,0.19,0,0,197,System Idle Process,0,msedgewebview2.exe,17500,INTEL SSDPEKKF256G7L,PASSED,4,100,28,9.7,3044,0
8/8/2026 20:28,HI38,7.8,2396,45.5,6635.79,16.3,0,0.04,0,0,197,System Idle Process,0,msedgewebview2.exe,17500,INTEL SSDPEKKF256G7L,PASSED,4,100,27,9.7,3044,0
8/8/2026 20:28,HI38,7,2396,45.5,6635.82,16.3,0,0.01,0,0,197,System Idle Process,0,msedgewebview2.exe,17500,INTEL SSDPEKKF256G7L,PASSED,4,100,28,9.7,3044,0
8/8/2026 20:28,HI38,6.5,2396,45.5,6636.32,16.3,0,0.16,0,0,197,System Idle Process,0,msedgewebview2.exe,17500,INTEL SSDPEKKF256G7L,PASSED,4,100,27,9.7,3044,0
8/8/2026 20:28,HI38,8.2,2396,45.5,6637.18,16.3,0,0.13,0,0,197,System Idle Process,0,msedgewebview2.exe,17500,INTEL SSDPEKKF256G7L,PASSED,4,100,27,9.7,3044,0
8/8/2026 20:28,HI38,5.8,2396,45.4,6638.43,16.3,0,0.1,0,0,196,System Idle Process,0,msedgewebview2.exe,17500,INTEL SSDPEKKF256G7L,PASSED,4,100,27,9.7,3044,0
8/8/2026 20:28,HI38,5.8,2396,45.4,6638.53,16.3,0,0,0,0,196,System Idle Process,0,msedgewebview2.exe,17500,INTEL SSDPEKKF256G7L,PASSED,4,100,28,9.7,3044,0
8/8/2026 20:28,HI38,9.6,2396,45.3,6655.54,16.3,0,0.03,0,0,196,System Idle Process,0,msedgewebview2.exe,17500,INTEL SSDPEKKF256G7L,PASSED,4,100,27,9.7,3044,0
8/8/2026 20:28,HI38,6.8,2396,45.3,6654.77,16.3,0,0.12,0,0,196,System Idle Process,0,msedgewebview2.exe,17500,INTEL SSDPEKKF256G7L,PASSED,4,100,28,9.7,3044,0
8/8/2026 20:29,HI38,7.3,2396,45.3,6658.44,16.3,0,0.01,0,0,196,System Idle Process,0,msedgewebview2.exe,17500,INTEL SSDPEKKF256G7L,PASSED,4,100,27,9.7,3044,0
8/8/2026 20:29,HI38,11.3,2396,45.7,6604.18,16.3,0.14,122.92,0,0,196,System Idle Process,0,msedgewebview2.exe,17500,INTEL SSDPEKKF256G7L,PASSED,4,100,31,9.7,3044,0
8/8/2026 20:29,HI38,15.8,2396,45.7,6602.14,16.3,0.06,268.53,0,0,196,System Idle Process,0,msedgewebview2.exe,17500,INTEL SSDPEKKF256G7L,PASSED,4,100,33,9.7,3044,0
8/8/2026 20:29,HI38,14.1,2396,45.7,6604.1,16.3,0.01,265.67,0,0,196,System Idle Process,0,msedgewebview2.exe,17500,INTEL SSDPEKKF256G7L,PASSED,4,100,33,9.7,3044,0
8/8/2026 20:29,HI38,15.1,2396,45.8,6596.66,16.3,0.01,280.23,0,0,196,System Idle Process,0,msedgewebview2.exe,17500,INTEL SSDPEKKF256G7L,PASSED,4,100,35,9.7,3044,0
8/8/2026 20:29,HI38,13.3,2396,45.8,6600.22,16.3,0.01,172.05,0,0,196,System Idle Process,0,msedgewebview2.exe,17500,INTEL SSDPEKKF256G7L,PASSED,4,100,35,9.7,3044,0
8/8/2026 20:29,HI38,6.1,2396,45.7,6602.62,16.3,0,20.6,0,0,196,System Idle Process,0,msedgewebview2.exe,17500,INTEL SSDPEKKF256G7L,PASSED,4,100,35,9.7,3044,0
8/8/2026 20:29,HI38,5,2396,45.7,6602.05,16.3,0,17.59,0,0,196,System Idle Process,0,msedgewebview2.exe,17500,INTEL SSDPEKKF256G7L,PASSED,4,100,36,9.7,3044,0
8/8/2026 20:29,HI38,10,2396,45.6,6613.14,16.3,0,142.87,0,0,196,System Idle Process,0,msedgewebview2.exe,17500,INTEL SSDPEKKF256G7L,PASSED,4,100,36,9.7,3044,0
8/8/2026 20:29,HI38,12.4,2396,45.7,6606.61,16.3,0,261.28,0,0,196,System Idle Process,0,msedgewebview2.exe,17500,INTEL SSDPEKKF256G7L,PASSED,4,100,38,9.7,3044,0
8/8/2026 20:29,HI38,13.4,2396,45.6,6624.52,16.3,0,286.65,0,0,196,System Idle Process,0,msedgewebview2.exe,17500,INTEL SSDPEKKF256G7L,PASSED,4,100,38,9.7,3044,0
8/8/2026 20:29,HI38,16.7,2396,45.7,6610.77,16.3,0.07,280.66,0,0,196,System Idle Process,0,msedgewebview2.exe,17500,INTEL SSDPEKKF256G7L,PASSED,4,100,38,9.7,3044,0
8/8/2026 20:29,HI38,18.3,2396,45.7,6605.52,16.3,0.05,267.39,0,0,196,System Idle Process,0,msedgewebview2.exe,17500,INTEL SSDPEKKF256G7L,PASSED,4,100,38,9.71,3044,0
8/8/2026 20:29,HI38,16,2396,45.7,6605.85,16.3,0.01,270.4,0,0,196,System Idle Process,0,msedgewebview2.exe,17500,INTEL SSDPEKKF256G7L,PASSED,4,100,39,9.71,3044,0
8/8/2026 20:29,HI38,15.1,2396,45.8,6593.91,16.3,0,253.37,0,0,196,System Idle Process,0,msedgewebview2.exe,17500,INTEL SSDPEKKF256G7L,PASSED,4,100,41,9.71,3044,0
8/8/2026 20:29,HI38,7.2,2396,45.7,6602.95,16.3,0.02,45.29,0,0,196,System Idle Process,0,msedgewebview2.exe,17500,INTEL SSDPEKKF256G7L,PASSED,4,100,41,9.71,3044,0
8/8/2026 20:29,HI38,7.1,2396,45.7,6612.38,16.3,0,20.99,0,0,196,System Idle Process,0,msedgewebview2.exe,17500,INTEL SSDPEKKF256G7L,PASSED,4,100,41,9.71,3044,0
8/8/2026 20:29,HI38,8.5,2396,45.8,6593.24,16.3,0,125.76,0,0,196,System Idle Process,0,msedgewebview2.exe,17500,INTEL SSDPEKKF256G7L,PASSED,4,100,41,9.71,3044,0
8/8/2026 20:29,HI38,14.9,2396,45.7,6611.5,16.3,0,286.13,0,0,196,System Idle Process,0,msedgewebview2.exe,17500,INTEL SSDPEKKF256G7L,PASSED,4,100,41,9.71,3044,0
8/8/2026 20:29,HI38,15.2,2396,45.8,6598.05,16.3,0,254.22,0,0,196,System Idle Process,0,msedgewebview2.exe,17500,INTEL SSDPEKKF256G7L,PASSED,4,100,42,9.71,3044,0
8/8/2026 20:29,HI38,17.9,2396,45.8,6599.28,16.3,0,289.9,0,0,196,System Idle Process,0,msedgewebview2.exe,17500,INTEL SSDPEKKF256G7L,PASSED,4,100,43,9.71,3044,0
8/8/2026 20:29,HI38,8.1,2396,45.7,6603.87,16.3,0,59.15,0,0,196,System Idle Process,0,msedgewebview2.exe,17500,INTEL SSDPEKKF256G7L,PASSED,4,100,43,9.71,3044,0
8/8/2026 20:29,HI38,6.9,2396,45.7,6604.25,16.3,0,18.01,0,0,196,System Idle Process,0,msedgewebview2.exe,17500,INTEL SSDPEKKF256G7L,PASSED,4,100,43,9.71,3044,0
8/8/2026 20:29,HI38,8.1,2396,45.5,6632.71,16.3,0,101.82,0,0,196,System Idle Process,0,msedgewebview2.exe,17500,INTEL SSDPEKKF256G7L,PASSED,4,100,43,9.71,3044,0
8/8/2026 20:29,HI38,16.4,2396,45.3,6655.89,16.3,0,285.75,0,0,196,System Idle Process,0,msedgewebview2.exe,17500,INTEL SSDPEKKF256G7L,PASSED,4,100,43,9.71,3044,0
8/8/2026 20:29,HI38,17.8,2396,45.8,6594.54,16.3,0,248.52,0,0,196,System Idle Process,0,msedgewebview2.exe,17500,INTEL SSDPEKKF256G7L,PASSED,4,100,45,9.71,3044,0
8/8/2026 20:29,HI38,17.1,2396,45.7,6605.11,16.3,0,286.16,0,0,196,System Idle Process,0,msedgewebview2.exe,17500,INTEL SSDPEKKF256G7L,PASSED,4,100,45,9.71,3044,0
8/8/2026 20:29,HI38,6.1,2396,45.8,6593.66,16.3,0,21.91,0,0,196,System Idle Process,0,msedgewebview2.exe,17500,INTEL SSDPEKKF256G7L,PASSED,4,100,45,9.71,3044,0
8/8/2026 20:29,HI38,7,2396,45.8,6596.14,16.3,0,19.09,0,0,196,System Idle Process,0,msedgewebview2.exe,17500,INTEL SSDPEKKF256G7L,PASSED,4,100,47,9.71,3044,0
8/8/2026 20:29,HI38,7.7,2396,45.8,6599.19,16.3,0,131.48,0,0,196,System Idle Process,0,msedgewebview2.exe,17500,INTEL SSDPEKKF256G7L,PASSED,4,100,45,9.71,3044,0
8/8/2026 20:29,HI38,16.5,2396,45.5,6634.35,16.3,0,275.93,0,0,196,System Idle Process,0,msedgewebview2.exe,17500,INTEL SSDPEKKF256G7L,PASSED,4,100,47,9.71,3044,0
8/8/2026 20:29,HI38,13.3,2396,45.8,6597.43,16.3,0,267.72,0,0,196,System Idle Process,0,msedgewebview2.exe,17500,INTEL SSDPEKKF256G7L,PASSED,4,100,47,9.71,3044,0
8/8/2026 20:29,HI38,16,2396,45.4,6638.54,16.3,0,279.09,0,0,196,System Idle Process,0,msedgewebview2.exe,17500,INTEL SSDPEKKF256G7L,PASSED,4,100,47,9.71,3044,0
8/8/2026 20:30,HI38,6.9,2396,45.6,6615.4,16.3,0,70.26,0,0,196,System Idle Process,0,msedgewebview2.exe,17500,INTEL SSDPEKKF256G7L,PASSED,4,100,47,9.71,3044,0
8/8/2026 20:30,HI38,5.9,2396,45.7,6611.64,16.3,0,14.37,0,0,196,System Idle Process,0,msedgewebview2.exe,17500,INTEL SSDPEKKF256G7L,PASSED,4,100,47,9.71,3044,0
8/8/2026 20:30,HI38,5.6,2396,45.8,6600.53,16.3,0,59.51,0,0,196,System Idle Process,0,msedgewebview2.exe,17500,INTEL SSDPEKKF256G7L,PASSED,4,100,47,9.71,3044,0
8/8/2026 20:30,HI38,13.1,2396,45.5,6629.94,16.3,0,217.93,0,0,196,System Idle Process,0,msedgewebview2.exe,17500,INTEL SSDPEKKF256G7L,PASSED,4,100,47,9.71,3044,0
8/8/2026 20:30,HI38,13.2,2396,45.8,6596.96,16.3,0,256.09,0,0,196,System Idle Process,0,msedgewebview2.exe,17500,INTEL SSDPEKKF256G7L,PASSED,4,100,47,9.71,3044,0
8/8/2026 20:30,HI38,14.7,2396,45.5,6635.71,16.3,0,281.16,0,0,196,System Idle Process,0,msedgewebview2.exe,17500,INTEL SSDPEKKF256G7L,PASSED,4,100,47,9.71,3044,0
8/8/2026 20:30,HI38,13.1,2396,45.7,6602.97,16.3,0,272.61,0,0,196,System Idle Process,0,msedgewebview2.exe,17500,INTEL SSDPEKKF256G7L,PASSED,4,100,47,9.71,3044,0
8/8/2026 20:30,HI38,14.1,2396,45.8,6591.21,16.3,0,269.51,0,0,196,System Idle Process,0,msedgewebview2.exe,17500,INTEL SSDPEKKF256G7L,PASSED,4,100,47,9.71,3044,0
8/8/2026 20:30,HI38,14.5,2396,45.8,6590.92,16.3,0,270.43,0,0,196,System Idle Process,0,msedgewebview2.exe,17500,INTEL SSDPEKKF256G7L,PASSED,4,100,47,9.71,3044,0
8/8/2026 20:30,HI38,16,2396,45.6,6619.28,16.3,0,285.67,0,0,196,System Idle Process,0,msedgewebview2.exe,17500,INTEL SSDPEKKF256G7L,PASSED,4,100,47,9.72,3044,0
8/8/2026 20:30,HI38,13.1,2396,45.8,6597.27,16.3,0,244.48,0,0,196,System Idle Process,0,msedgewebview2.exe,17500,INTEL SSDPEKKF256G7L,PASSED,4,100,47,9.72,3044,0
8/8/2026 20:30,HI38,14.1,2396,45.6,6614.89,16.3,0,271.68,0,0,196,System Idle Process,0,msedgewebview2.exe,17500,INTEL SSDPEKKF256G7L,PASSED,4,100,47,9.72,3044,0
8/8/2026 20:30,HI38,17.3,2396,45.4,6642,16.3,0,285.27,0,0,196,System Idle Process,0,msedgewebview2.exe,17500,INTEL SSDPEKKF256G7L,PASSED,4,100,47,9.72,3044,0
8/8/2026 20:30,HI38,15.9,2396,45.7,6602.72,16.3,0,242.57,0,0,196,System Idle Process,0,msedgewebview2.exe,17500,INTEL SSDPEKKF256G7L,PASSED,4,100,47,9.72,3044,0
8/8/2026 20:30,HI38,14.5,2396,45.6,6617.26,16.3,0,268.66,0,0,196,System Idle Process,0,msedgewebview2.exe,17500,INTEL SSDPEKKF256G7L,PASSED,4,100,47,9.72,3044,0
8/8/2026 20:30,HI38,13.3,2396,45.8,6597.07,16.3,0,283.02,0,0,196,System Idle Process,0,msedgewebview2.exe,17500,INTEL SSDPEKKF256G7L,PASSED,4,100,47,9.72,3044,0
8/8/2026 20:30,HI38,13.4,2396,45.4,6644.11,16.3,0,244.75,0,0,196,System Idle Process,0,msedgewebview2.exe,17500,INTEL SSDPEKKF256G7L,PASSED,4,100,47,9.72,3044,0
8/8/2026 20:30,HI38,13.9,2396,45.3,6649.95,16.3,0,282.72,0,0,196,System Idle Process,0,msedgewebview2.exe,17500,INTEL SSDPEKKF256G7L,PASSED,4,100,47,9.72,3044,0
8/8/2026 20:30,HI38,16,2396,45.8,6595.3,16.3,0,277.83,0,0,196,System Idle Process,0,msedgewebview2.exe,17500,INTEL SSDPEKKF256G7L,PASSED,4,100,47,9.72,3044,0
8/8/2026 20:30,HI38,17.9,2396,45.7,6605.46,16.3,0,244.97,0,0,196,System Idle Process,0,msedgewebview2.exe,17500,INTEL SSDPEKKF256G7L,PASSED,4,100,47,9.72,3044,0
8/8/2026 20:30,HI38,16.9,2396,45.4,6643.38,16.3,0,281,0,0,196,System Idle Process,0,msedgewebview2.exe,17500,INTEL SSDPEKKF256G7L,PASSED,4,100,47,9.72,3044,0
8/8/2026 20:30,HI38,16.5,2396,45.8,6593.27,16.3,0,281.57,0,0,196,System Idle Process,0,msedgewebview2.exe,17500,INTEL SSDPEKKF256G7L,PASSED,4,100,49,9.72,3044,0
8/8/2026 20:30,HI38,16.1,2396,45.7,6602.79,16.3,0,213.82,0,0,196,System Idle Process,0,msedgewebview2.exe,17500,INTEL SSDPEKKF256G7L,PASSED,4,100,49,9.72,3044,0
8/8/2026 20:30,HI38,16.7,2396,45.6,6614.62,16.3,0,275.32,0,0,196,System Idle Process,0,msedgewebview2.exe,17500,INTEL SSDPEKKF256G7L,PASSED,4,100,49,9.72,3044,0
8/8/2026 20:30,HI38,15.9,2396,45.7,6611.39,16.3,0,280.66,0,0,196,System Idle Process,0,msedgewebview2.exe,17500,INTEL SSDPEKKF256G7L,PASSED,4,100,49,9.72,3044,0
8/8/2026 20:30,HI38,10.7,2396,45.7,6611.29,16.3,0,144.83,0,0,196,System Idle Process,0,msedgewebview2.exe,17500,INTEL SSDPEKKF256G7L,PASSED,4,100,51,9.72,3044,0
8/8/2026 20:30,HI38,7,2396,45.7,6604.82,16.3,0,20.89,0,0,196,System Idle Process,0,msedgewebview2.exe,17500,INTEL SSDPEKKF256G7L,PASSED,4,100,51,9.72,3044,0
8/8/2026 20:30,HI38,7.5,2396,45.8,6599.73,16.3,0,18.83,0,0,196,System Idle Process,0,msedgewebview2.exe,17500,INTEL SSDPEKKF256G7L,PASSED,4,100,52,9.72,3044,0
8/8/2026 20:30,HI38,5.8,2396,45.6,6614.11,16.3,0,11.43,0,0,196,System Idle Process,0,msedgewebview2.exe,17500,INTEL SSDPEKKF256G7L,PASSED,4,100,52,9.72,3044,0
8/8/2026 20:30,HI38,7.2,2396,45.7,6611.93,16.3,0,19.27,0,0,196,System Idle Process,0,msedgewebview2.exe,17500,INTEL SSDPEKKF256G7L,PASSED,4,100,52,9.72,3044,0
8/8/2026 20:30,HI38,6.6,2396,45.7,6604.41,16.3,0,14.34,0,0,196,System Idle Process,0,msedgewebview2.exe,17500,INTEL SSDPEKKF256G7L,PASSED,4,100,52,9.72,3044,0
8/8/2026 20:30,HI38,11.2,2396,45.3,6650.71,16.3,0,161.97,0,0,196,System Idle Process,0,msedgewebview2.exe,17500,INTEL SSDPEKKF256G7L,PASSED,4,100,52,9.72,3044,0
8/8/2026 20:30,HI38,17.8,2396,45.8,6600.23,16.3,0,281.46,0,0,196,System Idle Process,0,msedgewebview2.exe,17500,INTEL SSDPEKKF256G7L,PASSED,4,100,51,9.72,3044,0
8/8/2026 20:30,HI38,23.2,2396,45.8,6589.91,16.3,0.01,276.05,0,0,196,System Idle Process,0,msedgewebview2.exe,17500,INTEL SSDPEKKF256G7L,PASSED,4,100,51,9.72,3044,0
8/8/2026 20:30,HI38,17.9,2396,45.5,6636.78,16.3,0,274.78,0,0,196,System Idle Process,0,msedgewebview2.exe,17500,INTEL SSDPEKKF256G7L,PASSED,4,100,51,9.72,3044,0
8/8/2026 20:30,HI38,15.6,2396,45.8,6590.02,16.3,0,282.75,0,0,195,System Idle Process,0,msedgewebview2.exe,17500,INTEL SSDPEKKF256G7L,PASSED,4,100,51,9.72,3044,0
8/8/2026 20:31,HI38,16.7,2396,45.8,6594.86,16.3,0,282.34,0,0,195,System Idle Process,0,msedgewebview2.exe,17500,INTEL SSDPEKKF256G7L,PASSED,4,100,51,9.73,3044,0
8/8/2026 20:31,HI38,14.3,2396,45.9,6588.56,16.3,0,239.6,0,0,195,System Idle Process,0,msedgewebview2.exe,17500,INTEL SSDPEKKF256G7L,PASSED,4,100,51,9.73,3044,0
8/8/2026 20:31,HI38,15.8,2396,45.8,6593.52,16.3,0,280.53,0,0,195,System Idle Process,0,msedgewebview2.exe,17500,INTEL SSDPEKKF256G7L,PASSED,4,100,51,9.73,3044,0
8/8/2026 20:31,HI38,17.9,2396,45.8,6593.08,16.3,0,263.96,0,0,195,System Idle Process,0,msedgewebview2.exe,17500,INTEL SSDPEKKF256G7L,PASSED,4,100,52,9.73,3044,0
8/8/2026 20:31,HI38,29.6,2396,46.1,6562.92,16.3,0.19,220.39,0,0,195,System Idle Process,0,msedgewebview2.exe,17500,INTEL SSDPEKKF256G7L,PASSED,4,100,51,9.73,3044,0
8/8/2026 20:31,HI38,56.2,2396,47,6444.88,16.3,1.49,205.38,0,0,196,System Idle Process,0,msedgewebview2.exe,17500,INTEL SSDPEKKF256G7L,PASSED,4,100,51,9.73,3044,0
8/8/2026 20:31,HI38,30.3,2396,47.4,6394.12,16.3,0,271.38,0,0,196,System Idle Process,0,msedgewebview2.exe,17500,INTEL SSDPEKKF256G7L,PASSED,4,100,51,9.73,3044,0
8/8/2026 20:31,HI38,21.5,2396,47.9,6333.72,16.3,0.02,234.29,0,0,196,System Idle Process,0,msedgewebview2.exe,17500,INTEL SSDPEKKF256G7L,PASSED,4,100,51,9.73,3044,0
8/8/2026 20:31,HI38,17,2396,47.6,6370.61,16.3,0,277.95,0,0,196,System Idle Process,0,msedgewebview2.exe,17500,INTEL SSDPEKKF256G7L,PASSED,4,100,51,9.73,3044,0
8/8/2026 20:31,HI38,14.9,2396,47.7,6357.55,16.3,0,281.11,0,0,196,System Idle Process,0,msedgewebview2.exe,17500,INTEL SSDPEKKF256G7L,PASSED,4,100,51,9.73,3044,0
8/8/2026 20:31,HI38,17.7,2396,47.6,6369.94,16.3,0.11,233.42,0,0,196,System Idle Process,0,msedgewebview2.exe,17500,INTEL SSDPEKKF256G7L,PASSED,4,100,51,9.73,3044,0
8/8/2026 20:31,HI38,15.5,2396,47.8,6356.85,16.3,0,270.9,0,0,196,System Idle Process,0,msedgewebview2.exe,17500,INTEL SSDPEKKF256G7L,PASSED,4,100,52,9.73,3044,0
8/8/2026 20:31,HI38,14.7,2396,46.6,6500.71,16.3,0,261.13,0,0,196,System Idle Process,0,msedgewebview2.exe,17500,INTEL SSDPEKKF256G7L,PASSED,4,100,52,9.73,3044,0
8/8/2026 20:31,HI38,14.5,2396,46.5,6510.55,16.3,0,235.6,0,0,196,System Idle Process,0,msedgewebview2.exe,17500,INTEL SSDPEKKF256G7L,PASSED,4,100,52,9.73,3044,0
8/8/2026 20:31,HI38,14.4,2396,46.4,6517.67,16.3,0,276.33,0,0,196,System Idle Process,0,msedgewebview2.exe,17500,INTEL SSDPEKKF256G7L,PASSED,4,100,54,9.73,3044,0
8/8/2026 20:31,HI38,13.3,2396,46.3,6529.66,16.3,0,213.66,0,0,195,System Idle Process,0,msedgewebview2.exe,17500,INTEL SSDPEKKF256G7L,PASSED,4,100,54,9.73,3044,0
8/8/2026 20:31,HI38,7.2,2396,46.3,6527.84,16.3,0,16.9,0,0,195,System Idle Process,0,msedgewebview2.exe,17500,INTEL SSDPEKKF256G7L,PASSED,4,100,54,9.73,3044,0
8/8/2026 20:31,HI38,6.2,2396,46.2,6549.79,16.3,0,20.98,0,0,195,System Idle Process,0,msedgewebview2.exe,17500,INTEL SSDPEKKF256G7L,PASSED,4,100,55,9.73,3044,0
8/8/2026 20:31,HI38,7.8,2396,46.2,6540.19,16.3,0,117.54,0,0,195,System Idle Process,0,msedgewebview2.exe,17500,INTEL SSDPEKKF256G7L,PASSED,4,100,55,9.73,3044,0
8/8/2026 20:31,HI38,14.7,2396,46,6568.63,16.3,0.03,205.42,0,0,198,System Idle Process,0,msedgewebview2.exe,17500,INTEL SSDPEKKF256G7L,PASSED,4,100,54,9.73,3044,0
8/8/2026 20:31,HI38,37.5,2396,46.4,6525.61,16.3,0.02,273.25,0,0,198,System Idle Process,0,msedgewebview2.exe,17500,INTEL SSDPEKKF256G7L,PASSED,4,100,52,9.73,3044,0
8/8/2026 20:31,HI38,42.8,2396,46.4,6527.5,16.3,0,282.14,0,0,198,System Idle Process,0,msedgewebview2.exe,17500,INTEL SSDPEKKF256G7L,PASSED,4,100,52,9.73,3044,0
8/8/2026 20:31,HI38,28.3,2396,46.1,6560.82,16.3,0.34,292.47,0,0,201,System Idle Process,0,msedgewebview2.exe,17500,INTEL SSDPEKKF256G7L,PASSED,4,100,52,9.73,3044,0
8/8/2026 20:31,HI38,25.4,2396,46.4,6521.8,16.3,0.12,278.33,0,0,199,System Idle Process,0,msedgewebview2.exe,17500,INTEL SSDPEKKF256G7L,PASSED,4,100,52,9.73,3044,0
8/8/2026 20:31,HI38,13.1,2396,46.1,6563,16.3,0,245.98,0,0,199,System Idle Process,0,msedgewebview2.exe,17500,INTEL SSDPEKKF256G7L,PASSED,4,100,54,9.74,3044,0
8/8/2026 20:31,HI38,15.4,2396,45.8,6589.39,16.3,0,281.66,0,0,198,System Idle Process,0,msedgewebview2.exe,17500,INTEL SSDPEKKF256G7L,PASSED,4,100,54,9.74,3044,0
8/8/2026 20:31,HI38,15.2,2396,45.8,6589.77,16.3,0,282.87,0,0,198,System Idle Process,0,msedgewebview2.exe,17500,INTEL SSDPEKKF256G7L,PASSED,4,100,52,9.74,3044,0
8/8/2026 20:31,HI38,14.9,2396,46.1,6559.57,16.3,0.01,255.41,0,0,198,System Idle Process,0,msedgewebview2.exe,17500,INTEL SSDPEKKF256G7L,PASSED,4,100,52,9.74,3044,0
8/8/2026 20:31,HI38,14.9,2396,46.1,6563.21,16.3,0,279.98,0,0,198,System Idle Process,0,msedgewebview2.exe,17500,INTEL SSDPEKKF256G7L,PASSED,4,100,52,9.74,3044,0
8/8/2026 20:31,HI38,18.2,2396,46,6574.4,16.3,0,285.47,0,0,197,System Idle Process,0,msedgewebview2.exe,17500,INTEL SSDPEKKF256G7L,PASSED,4,100,52,9.74,3044,0
8/8/2026 20:31,HI38,15.5,2396,45.9,6581.95,16.3,0.01,239.75,0,0,197,System Idle Process,0,msedgewebview2.exe,17500,INTEL SSDPEKKF256G7L,PASSED,4,100,52,9.74,3044,0
8/8/2026 20:31,HI38,15.7,2396,46,6570.37,16.3,0,268.5,0,0,197,System Idle Process,0,msedgewebview2.exe,17500,INTEL SSDPEKKF256G7L,PASSED,4,100,52,9.74,3044,0
8/8/2026 20:31,HI38,15.9,2396,46,6565.12,16.3,0,282.79,0,0,197,System Idle Process,0,msedgewebview2.exe,17500,INTEL SSDPEKKF256G7L,PASSED,4,100,54,9.74,3044,0
8/8/2026 20:31,HI38,13.6,2396,46,6570.98,16.3,0,248.71,0,0,197,System Idle Process,0,msedgewebview2.exe,17500,INTEL SSDPEKKF256G7L,PASSED,4,100,52,9.74,3044,0
8/8/2026 20:31,HI38,14.9,2396,46,6572.14,16.3,0.02,285.36,0,0,197,System Idle Process,0,msedgewebview2.exe,17500,INTEL SSDPEKKF256G7L,PASSED,4,100,54,9.74,3044,0
8/8/2026 20:32,HI38,13.8,2396,46,6567.32,16.3,0,281.74,0,0,197,System Idle Process,0,msedgewebview2.exe,17500,INTEL SSDPEKKF256G7L,PASSED,4,100,54,9.74,3044,0
8/8/2026 20:32,HI38,14.1,2396,46,6574.49,16.3,0.01,261.96,0,0,197,System Idle Process,0,msedgewebview2.exe,17500,INTEL SSDPEKKF256G7L,PASSED,4,100,55,9.74,3044,0
8/8/2026 20:32,HI38,12.2,2396,45.8,6594.58,16.3,0,265.05,0,0,197,System Idle Process,0,msedgewebview2.exe,17500,INTEL SSDPEKKF256G7L,PASSED,4,100,55,9.74,3044,0
8/8/2026 20:32,HI38,12.7,2396,45.9,6576.83,16.3,0,263.85,0,0,197,System Idle Process,0,msedgewebview2.exe,17500,INTEL SSDPEKKF256G7L,PASSED,4,100,55,9.74,3044,0
8/8/2026 20:32,HI38,37.2,2396,47.2,6420.57,16.3,10.13,135.75,0,0,197,System Idle Process,0,msedgewebview2.exe,17500,INTEL SSDPEKKF256G7L,PASSED,4,100,55,9.74,3044,0
8/8/2026 20:32,HI38,5.1,2396,47.1,6440.36,16.3,0.08,20.21,0,0,196,System Idle Process,0,msedgewebview2.exe,17500,INTEL SSDPEKKF256G7L,PASSED,4,100,56,9.74,3044,0
8/8/2026 20:32,HI38,6.4,2396,47.1,6433.52,16.3,0.24,20.99,0,0,196,System Idle Process,0,msedgewebview2.exe,17500,INTEL SSDPEKKF256G7L,PASSED,4,100,56,9.74,3044,0
8/8/2026 20:32,HI38,28.8,2396,46.8,6467.26,16.3,0.04,73.4,0,0,196,System Idle Process,0,msedgewebview2.exe,17500,INTEL SSDPEKKF256G7L,PASSED,4,100,55,9.74,3044,0
8/8/2026 20:32,HI38,20.8,2396,46.8,6469.87,16.3,0.14,282.41,0,0,196,System Idle Process,0,msedgewebview2.exe,17500,INTEL SSDPEKKF256G7L,PASSED,4,100,55,9.74,3044,0
8/8/2026 20:32,HI38,20.3,2396,46.8,6475.4,16.3,0,280.49,0,0,196,System Idle Process,0,msedgewebview2.exe,17500,INTEL SSDPEKKF256G7L,PASSED,4,100,55,9.74,3044,0
8/8/2026 20:32,HI38,24.8,2396,46.7,6483.44,16.3,0,269.51,0,0,196,System Idle Process,0,msedgewebview2.exe,17500,INTEL SSDPEKKF256G7L,PASSED,4,100,55,9.74,3044,0
8/8/2026 20:32,HI38,20.2,2396,46.8,6472.36,16.3,0,282,0,0,196,System Idle Process,0,msedgewebview2.exe,17500,INTEL SSDPEKKF256G7L,PASSED,4,100,55,9.74,3044,0
8/8/2026 20:32,HI38,18.7,2396,46.7,6485.61,16.3,0,280.74,0,0,196,System Idle Process,0,msedgewebview2.exe,17500,INTEL SSDPEKKF256G7L,PASSED,4,100,55,9.75,3044,0
8/8/2026 20:32,HI38,17.9,2396,46.7,6486.33,16.3,0,274.42,0,0,196,System Idle Process,0,msedgewebview2.exe,17500,INTEL SSDPEKKF256G7L,PASSED,4,100,55,9.75,3044,0
8/8/2026 20:32,HI38,18.2,2396,46.4,6515.63,16.3,0,269.59,0,0,196,System Idle Process,0,msedgewebview2.exe,17500,INTEL SSDPEKKF256G7L,PASSED,4,100,54,9.75,3044,0
8/8/2026 20:32,HI38,22.4,2396,46.4,6524.81,16.3,0,287.36,0,0,196,System Idle Process,0,msedgewebview2.exe,17500,INTEL SSDPEKKF256G7L,PASSED,4,100,55,9.75,3044,0
8/8/2026 20:32,HI38,22.8,2396,46.4,6525.95,16.3,0,285.31,0,0,196,System Idle Process,0,msedgewebview2.exe,17500,INTEL SSDPEKKF256G7L,PASSED,4,100,55,9.75,3044,0
8/8/2026 20:32,HI38,21.4,2396,46.4,6522.78,16.3,0,245.66,0,0,196,System Idle Process,0,msedgewebview2.exe,17500,INTEL SSDPEKKF256G7L,PASSED,4,100,54,9.75,3044,0
8/8/2026 20:32,HI38,22.1,2396,46.4,6516.5,16.3,0,285.06,0,0,196,System Idle Process,0,msedgewebview2.exe,17500,INTEL SSDPEKKF256G7L,PASSED,4,100,54,9.75,3044,0
8/8/2026 20:32,HI38,21.2,2396,46.4,6520.78,16.3,0,278.25,0,0,196,System Idle Process,0,msedgewebview2.exe,17500,INTEL SSDPEKKF256G7L,PASSED,4,100,55,9.75,3044,0
8/8/2026 20:32,HI38,20.7,2396,46.4,6524.68,16.3,0,232.55,0,0,196,System Idle Process,0,msedgewebview2.exe,17500,INTEL SSDPEKKF256G7L,PASSED,4,100,55,9.75,3044,0
8/8/2026 20:32,HI38,23.2,2396,46.4,6517.68,16.3,0.01,290.19,0,0,196,System Idle Process,0,msedgewebview2.exe,17500,INTEL SSDPEKKF256G7L,PASSED,4,100,55,9.75,3044,0
8/8/2026 20:32,HI38,24.1,2396,46.3,6531.25,16.3,0.02,275.57,0,0,196,System Idle Process,0,msedgewebview2.exe,17500,INTEL SSDPEKKF256G7L,PASSED,4,100,55,9.75,3044,0
8/8/2026 20:32,HI38,21.6,2396,46.4,6519.82,16.3,0,231.72,0,0,196,System Idle Process,0,msedgewebview2.exe,17500,INTEL SSDPEKKF256G7L,PASSED,4,100,56,9.75,3044,0
8/8/2026 20:32,HI38,23,2396,46.3,6534.22,16.3,0,279.89,0,0,196,System Idle Process,0,msedgewebview2.exe,17500,INTEL SSDPEKKF256G7L,PASSED,4,100,56,9.75,3044,0
8/8/2026 20:32,HI38,21.6,2396,45.9,6581.75,16.3,0,288.36,0,0,196,System Idle Process,0,msedgewebview2.exe,17500,INTEL SSDPEKKF256G7L,PASSED,4,100,56,9.75,3044,0
8/8/2026 20:32,HI38,19.6,2396,46.4,6518.71,16.3,0,215.92,0,0,196,System Idle Process,0,msedgewebview2.exe,17500,INTEL SSDPEKKF256G7L,PASSED,4,100,56,9.75,3044,0
8/8/2026 20:32,HI38,6.4,2396,46.3,6535.2,16.3,0,19.97,0,0,196,System Idle Process,0,msedgewebview2.exe,17500,INTEL SSDPEKKF256G7L,PASSED,4,100,58,9.75,3044,0
8/8/2026 20:32,HI38,5.7,2396,46.3,6538.82,16.3,0,21.32,0,0,196,System Idle Process,0,msedgewebview2.exe,17500,INTEL SSDPEKKF256G7L,PASSED,4,100,58,9.75,3044,0
8/8/2026 20:32,HI38,8,2396,46,6570.91,16.3,0,88.82,0,0,196,System Idle Process,0,msedgewebview2.exe,17500,INTEL SSDPEKKF256G7L,PASSED,4,100,56,9.75,3044,0
8/8/2026 20:32,HI38,20.1,2396,46.3,6538.06,16.3,0,248.02,0,0,196,System Idle Process,0,msedgewebview2.exe,17500,INTEL SSDPEKKF256G7L,PASSED,4,100,55,9.75,3044,0
8/8/2026 20:32,HI38,19.9,2396,46,6568.27,16.3,0,264.11,0,0,196,System Idle Process,0,msedgewebview2.exe,17500,INTEL SSDPEKKF256G7L,PASSED,4,100,56,9.75,3044,0
8/8/2026 20:32,HI38,18,2396,46.4,6525.98,16.3,0,279.08,0,0,196,System Idle Process,0,msedgewebview2.exe,17500,INTEL SSDPEKKF256G7L,PASSED,4,100,55,9.75,3044,0
8/8/2026 20:32,HI38,20.1,2396,46.2,6546.03,16.3,0,266.96,0,0,196,System Idle Process,0,msedgewebview2.exe,17500,INTEL SSDPEKKF256G7L,PASSED,4,100,56,9.75,3044,0
8/8/2026 20:33,HI38,20.1,2396,45.9,6585.15,16.3,0,265.67,0,0,196,System Idle Process,0,msedgewebview2.exe,17500,INTEL SSDPEKKF256G7L,PASSED,4,100,56,9.75,3044,0
8/8/2026 20:33,HI38,20.9,2396,46.1,6552.46,16.3,0,281.29,0,0,196,System Idle Process,0,msedgewebview2.exe,17500,INTEL SSDPEKKF256G7L,PASSED,4,100,56,9.75,3044,0
8/8/2026 20:33,HI38,22.1,2396,46.3,6539.62,16.3,0,276.15,0,0,196,System Idle Process,0,msedgewebview2.exe,17500,INTEL SSDPEKKF256G7L,PASSED,4,100,55,9.76,3044,0
8/8/2026 20:33,HI38,17.6,2396,46.3,6528.21,16.3,0,248,0,0,196,System Idle Process,0,msedgewebview2.exe,17500,INTEL SSDPEKKF256G7L,PASSED,4,100,55,9.76,3044,0
8/8/2026 20:33,HI38,21.7,2396,46.3,6531,16.3,0,274.33,0,0,196,System Idle Process,0,msedgewebview2.exe,17500,INTEL SSDPEKKF256G7L,PASSED,4,100,55,9.76,3044,0
8/8/2026 20:33,HI38,20.9,2396,46.3,6533.23,16.3,0,287.15,0,0,196,System Idle Process,0,msedgewebview2.exe,17500,INTEL SSDPEKKF256G7L,PASSED,4,100,55,9.76,3044,0
8/8/2026 20:33,HI38,21.9,2396,46,6569.73,16.3,0.05,256.61,0,0,195,System Idle Process,0,msedgewebview2.exe,17500,INTEL SSDPEKKF256G7L,PASSED,4,100,56,9.76,3044,0
8/8/2026 20:33,HI38,21.6,2396,46.2,6540.1,16.3,0.01,283.88,0,0,195,System Idle Process,0,msedgewebview2.exe,17500,INTEL SSDPEKKF256G7L,PASSED,4,100,55,9.76,3044,0
8/8/2026 20:33,HI38,21.9,2396,46.3,6530.3,16.3,0,276.41,0,0,195,System Idle Process,0,msedgewebview2.exe,17500,INTEL SSDPEKKF256G7L,PASSED,4,100,55,9.76,3044,0
8/8/2026 20:33,HI38,22.2,2396,46.3,6537.84,16.3,0.04,253.41,0,0,195,System Idle Process,0,msedgewebview2.exe,17500,INTEL SSDPEKKF256G7L,PASSED,4,100,55,9.76,3044,0
8/8/2026 20:33,HI38,19.9,2396,46.2,6543.82,16.3,0,270.06,0,0,195,System Idle Process,0,msedgewebview2.exe,17500,INTEL SSDPEKKF256G7L,PASSED,4,100,56,9.76,3044,0
8/8/2026 20:33,HI38,20,2396,46.3,6527.76,16.3,0,288.57,0,0,195,System Idle Process,0,msedgewebview2.exe,17500,INTEL SSDPEKKF256G7L,PASSED,4,100,56,9.76,3044,0
8/8/2026 20:33,HI38,19,2396,46.2,6545.24,16.3,0,248.28,0,0,195,System Idle Process,0,msedgewebview2.exe,17500,INTEL SSDPEKKF256G7L,PASSED,4,100,56,9.76,3044,0
8/8/2026 20:33,HI38,23.6,2396,46.1,6555.48,16.3,0,279.97,0,0,195,System Idle Process,0,msedgewebview2.exe,17500,INTEL SSDPEKKF256G7L,PASSED,4,100,56,9.76,3044,0
8/8/2026 20:33,HI38,21.7,2396,46.4,6526.47,16.3,0,266.63,0,0,195,System Idle Process,0,msedgewebview2.exe,17500,INTEL SSDPEKKF256G7L,PASSED,4,100,56,9.76,3044,0
8/8/2026 20:33,HI38,21.6,2396,45.8,6590.1,16.3,0,243.05,0,0,195,System Idle Process,0,msedgewebview2.exe,17500,INTEL SSDPEKKF256G7L,PASSED,4,100,56,9.76,3044,0
8/8/2026 20:33,HI38,20.5,2396,46.3,6528.95,16.3,0,262.41,0,0,195,System Idle Process,0,msedgewebview2.exe,17500,INTEL SSDPEKKF256G7L,PASSED,4,100,58,9.76,3044,0
8/8/2026 20:33,HI38,21.3,2396,46.2,6542.54,16.3,0,253.78,0,0,195,System Idle Process,0,msedgewebview2.exe,17500,INTEL SSDPEKKF256G7L,PASSED,4,100,58,9.76,3044,0
8/8/2026 20:33,HI38,5.8,2396,46.2,6550.82,16.3,0,18.19,0,0,195,System Idle Process,0,msedgewebview2.exe,17500,INTEL SSDPEKKF256G7L,PASSED,4,100,58,9.76,3044,0
8/8/2026 20:33,HI38,6.2,2396,46.2,6540.25,16.3,0,21.16,0,0,195,System Idle Process,0,msedgewebview2.exe,17500,INTEL SSDPEKKF256G7L,PASSED,4,100,58,9.76,3044,0
8/8/2026 20:33,HI38,8.4,2396,45.9,6579.11,16.3,0,54.77,0,0,195,System Idle Process,0,msedgewebview2.exe,17500,INTEL SSDPEKKF256G7L,PASSED,4,100,58,9.76,3044,0
8/8/2026 20:33,HI38,17,2396,46.3,6528.05,16.3,0,182.94,0,0,195,System Idle Process,0,msedgewebview2.exe,17500,INTEL SSDPEKKF256G7L,PASSED,4,100,58,9.76,3044,0
8/8/2026 20:33,HI38,23.6,2396,46,6567.61,16.3,0,274.72,0,0,195,System Idle Process,0,msedgewebview2.exe,17500,INTEL SSDPEKKF256G7L,PASSED,4,100,56,9.76,3044,0
8/8/2026 20:33,HI38,21.3,2396,46.2,6547.91,16.3,0,271.42,0,0,195,System Idle Process,0,msedgewebview2.exe,17500,INTEL SSDPEKKF256G7L,PASSED,4,100,58,9.76,3044,0
8/8/2026 20:33,HI38,19.4,2396,46.1,6563.55,16.3,0,286.45,0,0,195,System Idle Process,0,msedgewebview2.exe,17500,INTEL SSDPEKKF256G7L,PASSED,4,100,56,9.76,3044,0
8/8/2026 20:33,HI38,20.5,2396,46.2,6543.52,16.3,0.02,276.44,0,0,195,System Idle Process,0,msedgewebview2.exe,17500,INTEL SSDPEKKF256G7L,PASSED,4,100,56,9.76,3044,0
8/8/2026 20:33,HI38,23.6,2396,46.3,6539.75,16.3,0,282.7,0,0,195,System Idle Process,0,msedgewebview2.exe,17500,INTEL SSDPEKKF256G7L,PASSED,4,100,58,9.77,3044,0
8/8/2026 20:33,HI38,20.3,2396,46.3,6534.8,16.3,0,246.18,0,0,195,System Idle Process,0,msedgewebview2.exe,17500,INTEL SSDPEKKF256G7L,PASSED,4,100,58,9.77,3044,0
8/8/2026 20:33,HI38,19.8,2396,46,6565.75,16.3,0,284.93,0,0,195,System Idle Process,0,msedgewebview2.exe,17500,INTEL SSDPEKKF256G7L,PASSED,4,100,56,9.77,3044,0
8/8/2026 20:33,HI38,20.3,2396,46.2,6542.49,16.3,0,275.04,0,0,195,System Idle Process,0,msedgewebview2.exe,17500,INTEL SSDPEKKF256G7L,PASSED,4,100,56,9.77,3044,0
8/8/2026 20:33,HI38,20.5,2396,45.8,6593.52,16.3,0,258.76,0,0,195,System Idle Process,0,msedgewebview2.exe,17500,INTEL SSDPEKKF256G7L,PASSED,4,100,56,9.77,3044,0
8/8/2026 20:33,HI38,23.4,2396,46.2,6547.11,16.3,0,265.15,0,0,195,System Idle Process,0,msedgewebview2.exe,17500,INTEL SSDPEKKF256G7L,PASSED,4,100,58,9.77,3044,0
8/8/2026 20:33,HI38,22.2,2396,46.2,6540.18,16.3,0,293.81,0,0,195,System Idle Process,0,msedgewebview2.exe,17500,INTEL SSDPEKKF256G7L,PASSED,4,100,56,9.77,3044,0
8/8/2026 20:33,HI38,20.5,2396,46.1,6555.43,16.3,0,258.25,0,0,195,System Idle Process,0,msedgewebview2.exe,17500,INTEL SSDPEKKF256G7L,PASSED,4,100,56,9.77,3044,0
8/8/2026 20:33,HI38,20,2396,46,6564.38,16.3,0,271.96,0,0,195,System Idle Process,0,msedgewebview2.exe,17500,INTEL SSDPEKKF256G7L,PASSED,4,100,56,9.77,3044,0
8/8/2026 20:33,HI38,22.8,2396,46.2,6541.78,16.3,0,290.37,0,0,195,System Idle Process,0,msedgewebview2.exe,17500,INTEL SSDPEKKF256G7L,PASSED,4,100,56,9.77,3044,0
8/8/2026 20:34,HI38,22.2,2396,46.2,6547.71,16.3,0,272.62,0,0,195,System Idle Process,0,msedgewebview2.exe,17500,INTEL SSDPEKKF256G7L,PASSED,4,100,56,9.77,3044,0
8/8/2026 20:34,HI38,17.8,2396,46.3,6533.71,16.3,0,237.46,0,0,195,System Idle Process,0,msedgewebview2.exe,17500,INTEL SSDPEKKF256G7L,PASSED,4,100,58,9.77,3044,0
8/8/2026 20:34,HI38,21.5,2396,46.2,6543.15,16.3,0,285.09,0,0,195,System Idle Process,0,msedgewebview2.exe,17500,INTEL SSDPEKKF256G7L,PASSED,4,100,58,9.77,3044,0
8/8/2026 20:34,HI38,21.9,2396,45.8,6593.96,16.3,0,268.2,0,0,195,System Idle Process,0,msedgewebview2.exe,17500,INTEL SSDPEKKF256G7L,PASSED,4,100,58,9.77,3044,0
8/8/2026 20:34,HI38,19,2396,46.3,6531.38,16.3,0.04,230.68,0,0,195,System Idle Process,0,msedgewebview2.exe,17500,INTEL SSDPEKKF256G7L,PASSED,4,100,58,9.77,3044,0
8/8/2026 20:34,HI38,21.5,2396,46,6574.02,16.3,0,271.06,0,0,195,System Idle Process,0,msedgewebview2.exe,17500,INTEL SSDPEKKF256G7L,PASSED,4,100,58,9.77,3044,0
8/8/2026 20:34,HI38,17.6,2396,46.2,6545.52,16.3,0,227.17,0,0,195,System Idle Process,0,msedgewebview2.exe,17500,INTEL SSDPEKKF256G7L,PASSED,4,100,59,9.77,3044,0
8/8/2026 20:34,HI38,5.7,2396,46.1,6553.51,16.3,0,16.79,0,0,195,System Idle Process,0,msedgewebview2.exe,17500,INTEL SSDPEKKF256G7L,PASSED,4,100,59,9.77,3044,0
8/8/2026 20:34,HI38,6.7,2396,45.9,6579.33,16.3,0,20.86,0,0,195,System Idle Process,0,msedgewebview2.exe,17500,INTEL SSDPEKKF256G7L,PASSED,4,100,59,9.77,3044,0
8/8/2026 20:34,HI38,10.2,2396,46.2,6541.53,16.3,0,110.97,0,0,195,System Idle Process,0,msedgewebview2.exe,17500,INTEL SSDPEKKF256G7L,PASSED,4,100,59,9.77,3044,0
8/8/2026 20:34,HI38,17.6,2396,46.3,6539.49,16.3,0.04,219.34,0,0,195,System Idle Process,0,msedgewebview2.exe,17500,INTEL SSDPEKKF256G7L,PASSED,4,100,59,9.77,3044,0
8/8/2026 20:34,HI38,22.1,2396,46,6573.11,16.3,0,278.92,0,0,195,System Idle Process,0,msedgewebview2.exe,17500,INTEL SSDPEKKF256G7L,PASSED,4,100,58,9.77,3044,0
8/8/2026 20:34,HI38,22.2,2396,46.2,6546.15,16.3,0,279.12,0,0,195,System Idle Process,0,msedgewebview2.exe,17500,INTEL SSDPEKKF256G7L,PASSED,4,100,58,9.77,3044,0
8/8/2026 20:34,HI38,19.7,2396,46.2,6542.27,16.3,0,274.77,0,0,195,System Idle Process,0,msedgewebview2.exe,17500,INTEL SSDPEKKF256G7L,PASSED,4,100,58,9.77,3044,0
8/8/2026 20:34,HI38,21.7,2396,46.3,6537.64,16.3,0,284.46,0,0,195,System Idle Process,0,msedgewebview2.exe,17500,INTEL SSDPEKKF256G7L,PASSED,4,100,58,9.77,3044,0
8/8/2026 20:34,HI38,22.7,2396,46.2,6549.04,16.3,0,285.28,0,0,195,System Idle Process,0,msedgewebview2.exe,17500,INTEL SSDPEKKF256G7L,PASSED,4,100,58,9.78,3044,0
8/8/2026 20:34,HI38,21.3,2396,46.2,6541.44,16.3,0,243.09,0,0,195,System Idle Process,0,msedgewebview2.exe,17500,INTEL SSDPEKKF256G7L,PASSED,4,100,58,9.78,3044,0
8/8/2026 20:34,HI38,23,2396,46.3,6534.3,16.3,0,276.66,0,0,195,System Idle Process,0,msedgewebview2.exe,17500,INTEL SSDPEKKF256G7L,PASSED,4,100,58,9.78,3044,0
8/8/2026 20:34,HI38,19.8,2396,46.2,6548.18,16.3,0,288.64,0,0,195,System Idle Process,0,msedgewebview2.exe,17500,INTEL SSDPEKKF256G7L,PASSED,4,100,58,9.78,3044,0
8/8/2026 20:34,HI38,21.8,2396,46.2,6541.91,16.3,0,231.31,0,0,195,System Idle Process,0,msedgewebview2.exe,17500,INTEL SSDPEKKF256G7L,PASSED,4,100,58,9.78,3044,0
8/8/2026 20:34,HI38,23.6,2396,46.2,6541.27,16.3,0,278.93,0,0,195,System Idle Process,0,msedgewebview2.exe,17500,INTEL SSDPEKKF256G7L,PASSED,4,100,58,9.78,3044,0
8/8/2026 20:34,HI38,21.9,2396,46.2,6542.77,16.3,0,280.61,0,0,195,System Idle Process,0,msedgewebview2.exe,17500,INTEL SSDPEKKF256G7L,PASSED,4,100,58,9.78,3044,0
8/8/2026 20:34,HI38,19.7,2396,45.7,6601.67,16.3,0,259.82,0,0,195,System Idle Process,0,msedgewebview2.exe,17500,INTEL SSDPEKKF256G7L,PASSED,4,100,58,9.78,3044,0
8/8/2026 20:34,HI38,20.5,2396,46.3,6538.11,16.3,0,269.34,0,0,195,System Idle Process,0,msedgewebview2.exe,17500,INTEL SSDPEKKF256G7L,PASSED,4,100,58,9.78,3044,0
8/8/2026 20:34,HI38,20.4,2396,46.2,6543.27,16.3,0,281.68,0,0,194,System Idle Process,0,msedgewebview2.exe,17500,INTEL SSDPEKKF256G7L,PASSED,4,100,58,9.78,3044,0
8/8/2026 20:34,HI38,19,2396,46.2,6545.28,16.3,0,245.02,0,0,194,System Idle Process,0,msedgewebview2.exe,17500,INTEL SSDPEKKF256G7L,PASSED,4,100,58,9.78,3044,0
8/8/2026 20:34,HI38,20.5,2396,46.2,6543.17,16.3,0,272.82,0,0,194,System Idle Process,0,msedgewebview2.exe,17500,INTEL SSDPEKKF256G7L,PASSED,4,100,58,9.78,3044,0
8/8/2026 20:34,HI38,22.9,2396,46.2,6546.8,16.3,0,285.62,0,0,194,System Idle Process,0,msedgewebview2.exe,17500,INTEL SSDPEKKF256G7L,PASSED,4,100,58,9.78,3044,0
8/8/2026 20:34,HI38,20.8,2396,46.3,6537.1,16.3,0,249.67,0,0,194,System Idle Process,0,msedgewebview2.exe,17500,INTEL SSDPEKKF256G7L,PASSED,4,100,58,9.78,3044,0
8/8/2026 20:34,HI38,20,2396,45.9,6579.8,16.3,0,280.59,0,0,194,System Idle Process,0,msedgewebview2.exe,17500,INTEL SSDPEKKF256G7L,PASSED,4,100,58,9.78,3044,0
8/8/2026 20:34,HI38,20.1,2396,46.1,6554.86,16.3,0,269.52,0,0,194,System Idle Process,0,msedgewebview2.exe,17500,INTEL SSDPEKKF256G7L,PASSED,4,100,58,9.78,3044,0
8/8/2026 20:34,HI38,17.9,2396,45.8,6594.93,16.3,0,231.17,0,0,194,System Idle Process,0,msedgewebview2.exe,17500,INTEL SSDPEKKF256G7L,PASSED,4,100,59,9.78,3044,0
8/8/2026 20:34,HI38,21,2396,46.2,6550.98,16.3,0.01,257.3,0,0,194,System Idle Process,0,msedgewebview2.exe,17500,INTEL SSDPEKKF256G7L,PASSED,4,100,58,9.78,3044,0
8/8/2026 20:34,HI38,21.5,2396,46.2,6544.58,16.3,0,263.92,0,0,194,System Idle Process,0,msedgewebview2.exe,17500,INTEL SSDPEKKF256G7L,PASSED,4,100,59,9.78,3044,0
8/8/2026 20:34,HI38,10,2396,46,6575,16.3,0,31.29,0,0,195,System Idle Process,0,msedgewebview2.exe,17500,INTEL SSDPEKKF256G7L,PASSED,4,100,60,9.78,3044,0
8/8/2026 20:34,HI38,6.1,2396,46.4,6524.23,16.3,0,20.87,0,0,195,System Idle Process,0,msedgewebview2.exe,17500,INTEL SSDPEKKF256G7L,PASSED,4,100,60,9.78,3044,0
8/8/2026 20:35,HI38,9.8,2396,46.4,6518.91,16.3,0,79.16,0,0,195,System Idle Process,0,msedgewebview2.exe,17500,INTEL SSDPEKKF256G7L,PASSED,4,100,60,9.78,3044,0
8/8/2026 20:35,HI38,17.2,2396,46.3,6530.24,16.3,0.02,215.75,0,0,196,System Idle Process,0,msedgewebview2.exe,17500,INTEL SSDPEKKF256G7L,PASSED,4,100,59,9.78,3044,0
8/8/2026 20:35,HI38,23.2,2396,46.4,6523.01,16.3,0,267.71,0,0,196,System Idle Process,0,msedgewebview2.exe,17500,INTEL SSDPEKKF256G7L,PASSED,4,100,59,9.78,3044,0
8/8/2026 20:35,HI38,24.5,2396,46.4,6526.89,16.3,0,288.03,0,0,196,System Idle Process,0,msedgewebview2.exe,17500,INTEL SSDPEKKF256G7L,PASSED,4,100,58,9.79,3044,0
8/8/2026 20:35,HI38,21.5,2396,46.4,6524.96,16.3,0,271.85,0,0,196,System Idle Process,0,msedgewebview2.exe,17500,INTEL SSDPEKKF256G7L,PASSED,4,100,58,9.79,3044,0
8/8/2026 20:35,HI38,21.3,2396,46.5,6514.07,16.3,0,274.52,0,0,196,System Idle Process,0,msedgewebview2.exe,17500,INTEL SSDPEKKF256G7L,PASSED,4,100,59,9.79,3044,0
8/8/2026 20:35,HI38,18.3,2396,46.4,6520.67,16.3,0,281.57,0,0,196,System Idle Process,0,msedgewebview2.exe,17500,INTEL SSDPEKKF256G7L,PASSED,4,100,59,9.79,3044,0
8/8/2026 20:35,HI38,18.9,2396,46.3,6538.82,16.3,0,242.35,0,0,196,System Idle Process,0,msedgewebview2.exe,17500,INTEL SSDPEKKF256G7L,PASSED,4,100,59,9.79,3044,0
8/8/2026 20:35,HI38,22.2,2396,46.4,6524.65,16.3,0,283.27,0,0,196,System Idle Process,0,msedgewebview2.exe,17500,INTEL SSDPEKKF256G7L,PASSED,4,100,58,9.79,3044,0
8/8/2026 20:35,HI38,20.6,2396,46.4,6518.94,16.3,0,281.72,0,0,196,System Idle Process,0,msedgewebview2.exe,17500,INTEL SSDPEKKF256G7L,PASSED,4,100,59,9.79,3044,0
8/8/2026 20:35,HI38,18.3,2396,46.4,6522.91,16.3,0,234.39,0,0,196,System Idle Process,0,msedgewebview2.exe,17500,INTEL SSDPEKKF256G7L,PASSED,4,100,59,9.79,3044,0
8/8/2026 20:35,HI38,20.9,2396,46.1,6556.96,16.3,0,281.93,0,0,196,System Idle Process,0,msedgewebview2.exe,17500,INTEL SSDPEKKF256G7L,PASSED,4,100,58,9.79,3044,0
8/8/2026 20:35,HI38,17.6,2396,46.3,6534.06,16.3,0,266.9,0,0,196,System Idle Process,0,msedgewebview2.exe,17500,INTEL SSDPEKKF256G7L,PASSED,4,100,59,9.79,3044,0
8/8/2026 20:35,HI38,18.6,2396,46.2,6544.15,16.3,0,244.2,0,0,196,System Idle Process,0,msedgewebview2.exe,17500,INTEL SSDPEKKF256G7L,PASSED,4,100,58,9.79,3044,0
8/8/2026 20:35,HI38,19.9,2396,46.4,6526.39,16.3,0,281.96,0,0,196,System Idle Process,0,msedgewebview2.exe,17500,INTEL SSDPEKKF256G7L,PASSED,4,100,58,9.79,3044,0
8/8/2026 20:35,HI38,19.6,2396,46.3,6538.88,16.3,0,269.22,0,0,195,System Idle Process,0,msedgewebview2.exe,17500,INTEL SSDPEKKF256G7L,PASSED,4,100,59,9.79,3044,0
8/8/2026 20:35,HI38,17.8,2396,45.9,6576.43,16.3,0,244.39,0,0,195,System Idle Process,0,msedgewebview2.exe,17500,INTEL SSDPEKKF256G7L,PASSED,4,100,58,9.79,3044,0
8/8/2026 20:35,HI38,21,2396,46.2,6545.29,16.3,0,283.91,0,0,195,System Idle Process,0,msedgewebview2.exe,17500,INTEL SSDPEKKF256G7L,PASSED,4,100,58,9.79,3044,0
8/8/2026 20:35,HI38,21,2396,46.1,6555.57,16.3,0,284.87,0,0,195,System Idle Process,0,msedgewebview2.exe,17500,INTEL SSDPEKKF256G7L,PASSED,4,100,59,9.79,3044,0
8/8/2026 20:35,HI38,20.4,2396,46.3,6539.91,16.3,0,235.56,0,0,195,System Idle Process,0,msedgewebview2.exe,17500,INTEL SSDPEKKF256G7L,PASSED,4,100,59,9.79,3044,0
8/8/2026 20:35,HI38,20.9,2396,46.2,6545.15,16.3,0,272.6,0,0,195,System Idle Process,0,msedgewebview2.exe,17500,INTEL SSDPEKKF256G7L,PASSED,4,100,59,9.79,3044,0
8/8/2026 20:35,HI38,21.4,2396,46.1,6555.43,16.3,0,277.29,0,0,195,System Idle Process,0,msedgewebview2.exe,17500,INTEL SSDPEKKF256G7L,PASSED,4,100,60,9.79,3044,0
8/8/2026 20:35,HI38,12.6,2396,46.2,6551.63,16.3,0,104.63,0,0,195,System Idle Process,0,msedgewebview2.exe,17500,INTEL SSDPEKKF256G7L,PASSED,4,100,60,9.79,3044,0
8/8/2026 20:35,HI38,7.6,2396,46.3,6539.5,16.3,0,20.9,0,0,195,System Idle Process,0,msedgewebview2.exe,17500,INTEL SSDPEKKF256G7L,PASSED,4,100,60,9.79,3044,0
8/8/2026 20:35,HI38,4.9,2396,46.1,6557.55,16.3,0,16.37,0,0,195,System Idle Process,0,msedgewebview2.exe,17500,INTEL SSDPEKKF256G7L,PASSED,4,100,60,9.79,3044,0
8/8/2026 20:35,HI38,14.8,2396,46.2,6545.25,16.3,0,163.83,0,0,195,System Idle Process,0,msedgewebview2.exe,17500,INTEL SSDPEKKF256G7L,PASSED,4,100,60,9.79,3044,0
8/8/2026 20:35,HI38,18.8,2396,46.3,6537.42,16.3,0,226.43,0,0,195,System Idle Process,0,msedgewebview2.exe,17500,INTEL SSDPEKKF256G7L,PASSED,4,100,60,9.79,3044,0
8/8/2026 20:35,HI38,23,2396,46.2,6548.58,16.3,0,283.66,0,0,195,System Idle Process,0,msedgewebview2.exe,17500,INTEL SSDPEKKF256G7L,PASSED,4,100,59,9.8,3044,0
8/8/2026 20:35,HI38,20.4,2396,46.1,6553.54,16.3,0,270.15,0,0,195,System Idle Process,0,msedgewebview2.exe,17500,INTEL SSDPEKKF256G7L,PASSED,4,100,59,9.8,3044,0
8/8/2026 20:35,HI38,21.9,2396,46,6574.4,16.3,0,288.23,0,0,195,System Idle Process,0,msedgewebview2.exe,17500,INTEL SSDPEKKF256G7L,PASSED,4,100,59,9.8,3044,0
8/8/2026 20:35,HI38,20.6,2396,46.2,6551.75,16.3,0,277.08,0,0,195,System Idle Process,0,msedgewebview2.exe,17500,INTEL SSDPEKKF256G7L,PASSED,4,100,59,9.8,3044,0
8/8/2026 20:35,HI38,19.5,2396,46.1,6557.78,16.3,0,243.84,0,0,195,System Idle Process,0,msedgewebview2.exe,17500,INTEL SSDPEKKF256G7L,PASSED,4,100,59,9.8,3044,0
8/8/2026 20:35,HI38,18.4,2396,45.8,6598.86,16.3,0,285.29,0,0,195,System Idle Process,0,msedgewebview2.exe,17500,INTEL SSDPEKKF256G7L,PASSED,4,100,59,9.8,3044,0
8/8/2026 20:35,HI38,20,2396,46.1,6556.34,16.3,0,267.89,0,0,195,System Idle Process,0,msedgewebview2.exe,17500,INTEL SSDPEKKF256G7L,PASSED,4,100,59,9.8,3044,0
8/8/2026 20:35,HI38,17.3,2396,46.2,6544.39,16.3,0,249.14,0,0,195,System Idle Process,0,msedgewebview2.exe,17500,INTEL SSDPEKKF256G7L,PASSED,4,100,59,9.8,3044,0
8/8/2026 20:35,HI38,19.4,2396,46.2,6541.6,16.3,0,275.9,0,0,195,System Idle Process,0,msedgewebview2.exe,17500,INTEL SSDPEKKF256G7L,PASSED,4,100,58,9.8,3044,0
8/8/2026 20:36,HI38,23.6,2396,46.3,6538.77,16.3,0,270.32,0,0,195,System Idle Process,0,msedgewebview2.exe,17500,INTEL SSDPEKKF256G7L,PASSED,4,100,59,9.8,3044,0
8/8/2026 20:36,HI38,17.4,2396,46.2,6551.69,16.3,0,255.37,0,0,195,System Idle Process,0,msedgewebview2.exe,17500,INTEL SSDPEKKF256G7L,PASSED,4,100,59,9.8,3044,0
8/8/2026 20:36,HI38,17.2,2396,46.1,6555.34,16.3,0,280.98,0,0,194,System Idle Process,0,msedgewebview2.exe,17500,INTEL SSDPEKKF256G7L,PASSED,4,100,59,9.8,3044,0
8/8/2026 20:36,HI38,19,2396,45.8,6588.74,16.3,0,287.81,0,0,194,System Idle Process,0,msedgewebview2.exe,17500,INTEL SSDPEKKF256G7L,PASSED,4,100,58,9.8,3044,0
8/8/2026 20:36,HI38,18.9,2396,46.2,6550.75,16.3,0,256.3,0,0,194,System Idle Process,0,msedgewebview2.exe,17500,INTEL SSDPEKKF256G7L,PASSED,4,100,59,9.8,3044,0
8/8/2026 20:36,HI38,18.4,2396,46.2,6552.08,16.3,0,280.97,0,0,194,System Idle Process,0,msedgewebview2.exe,17500,INTEL SSDPEKKF256G7L,PASSED,4,100,58,9.8,3044,0
8/8/2026 20:36,HI38,20.9,2396,46.2,6545.13,16.3,0,271.7,0,0,194,System Idle Process,0,msedgewebview2.exe,17500,INTEL SSDPEKKF256G7L,PASSED,4,100,59,9.8,3044,0
8/8/2026 20:36,HI38,17.3,2396,45.7,6602.66,16.3,0,243.14,0,0,194,System Idle Process,0,msedgewebview2.exe,17500,INTEL SSDPEKKF256G7L,PASSED,4,100,59,9.8,3044,0
8/8/2026 20:36,HI38,17.2,2396,46.3,6539.58,16.3,0,260.76,0,0,194,System Idle Process,0,msedgewebview2.exe,17500,INTEL SSDPEKKF256G7L,PASSED,4,100,60,9.8,3044,0
8/8/2026 20:36,HI38,19.4,2396,46.1,6555.71,16.3,0,275.91,0,0,193,System Idle Process,0,msedgewebview2.exe,17500,INTEL SSDPEKKF256G7L,PASSED,4,100,60,9.8,3044,0
8/8/2026 20:36,HI38,19.1,2396,45.8,6596.62,16.3,0,238.08,0,0,193,System Idle Process,0,msedgewebview2.exe,17500,INTEL SSDPEKKF256G7L,PASSED,4,100,60,9.8,3044,0
8/8/2026 20:36,HI38,18.3,2396,46.2,6549.98,16.3,0,215.02,0,0,193,System Idle Process,0,msedgewebview2.exe,17500,INTEL SSDPEKKF256G7L,PASSED,4,100,60,9.8,3044,0
8/8/2026 20:36,HI38,6.5,2396,46.2,6552.02,16.3,0,22.31,0,0,193,System Idle Process,0,msedgewebview2.exe,17500,INTEL SSDPEKKF256G7L,PASSED,4,100,62,9.8,3044,0
8/8/2026 20:36,HI38,4.9,2396,46.2,6551.7,16.3,0,15.78,0,0,193,System Idle Process,0,msedgewebview2.exe,17500,INTEL SSDPEKKF256G7L,PASSED,4,100,62,9.8,3044,0
8/8/2026 20:36,HI38,7.8,2396,46.1,6555.57,16.3,0,110.72,0,0,193,System Idle Process,0,msedgewebview2.exe,17500,INTEL SSDPEKKF256G7L,PASSED,4,100,60,9.8,3044,0
8/8/2026 20:36,HI38,18.8,2396,46.2,6543.46,16.3,0,231.99,0,0,193,System Idle Process,0,msedgewebview2.exe,17500,INTEL SSDPEKKF256G7L,PASSED,4,100,60,9.81,3044,0
8/8/2026 20:36,HI38,35.5,2396,46.1,6559.5,16.3,6.36,275.19,0,0,193,System Idle Process,0,msedgewebview2.exe,17500,INTEL SSDPEKKF256G7L,PASSED,4,100,59,9.81,3044,0
8/8/2026 20:36,HI38,22,2396,46.2,6540.45,16.3,0,279.64,0,0,193,System Idle Process,0,msedgewebview2.exe,17500,INTEL SSDPEKKF256G7L,PASSED,4,100,60,9.81,3044,0
8/8/2026 20:36,HI38,19.2,2396,46,6569.48,16.2,0,279.63,0,0,193,System Idle Process,0,msedgewebview2.exe,17500,INTEL SSDPEKKF256G7L,PASSED,4,100,60,9.81,3044,0
8/8/2026 20:36,HI38,18.9,2396,45.9,6579.91,16.2,0,289.72,0,0,193,System Idle Process,0,msedgewebview2.exe,17500,INTEL SSDPEKKF256G7L,PASSED,4,100,60,9.81,3044,0
8/8/2026 20:36,HI38,17.9,2396,46.2,6543.42,16.3,0,238.88,0,0,193,System Idle Process,0,msedgewebview2.exe,17500,INTEL SSDPEKKF256G7L,PASSED,4,100,60,9.81,3044,0
8/8/2026 20:36,HI38,18.8,2396,45.9,6586.39,16.2,0,285.09,0,0,193,System Idle Process,0,msedgewebview2.exe,17500,INTEL SSDPEKKF256G7L,PASSED,4,100,59,9.81,3044,0
8/8/2026 20:36,HI38,22.1,2396,46.1,6556,16.3,0,268.33,0,0,193,System Idle Process,0,msedgewebview2.exe,17500,INTEL SSDPEKKF256G7L,PASSED,4,100,60,9.81,3044,0
8/8/2026 20:36,HI38,18.6,2396,45.8,6592.88,16.2,0.71,248.63,0,0,192,System Idle Process,0,msedgewebview2.exe,17500,INTEL SSDPEKKF256G7L,PASSED,4,100,59,9.81,3044,0
8/8/2026 20:36,HI38,20.6,2396,46.2,6549.85,16.3,0,274.86,0,0,192,System Idle Process,0,msedgewebview2.exe,17500,INTEL SSDPEKKF256G7L,PASSED,4,100,59,9.81,3044,0
8/8/2026 20:36,HI38,18.7,2396,46.2,6545.09,16.3,0,277.84,0,0,192,System Idle Process,0,msedgewebview2.exe,17500,INTEL SSDPEKKF256G7L,PASSED,4,100,59,9.81,3044,0
8/8/2026 20:36,HI38,18.4,2396,46.2,6551.19,16.3,0.01,252.16,0,0,192,System Idle Process,0,msedgewebview2.exe,17500,INTEL SSDPEKKF256G7L,PASSED,4,100,60,9.81,3044,0
8/8/2026 20:36,HI38,16,2396,46.1,6559.8,16.3,0,280.3,0,0,192,System Idle Process,0,msedgewebview2.exe,17500,INTEL SSDPEKKF256G7L,PASSED,4,100,59,9.81,3044,0
8/8/2026 20:36,HI38,20.7,2396,45.9,6582.89,16.3,0,287.73,0,0,192,System Idle Process,0,msedgewebview2.exe,17500,INTEL SSDPEKKF256G7L,PASSED,4,100,59,9.81,3044,0
8/8/2026 20:36,HI38,19.1,2396,46,6571.23,16.2,0,244.05,0,0,192,System Idle Process,0,msedgewebview2.exe,17500,INTEL SSDPEKKF256G7L,PASSED,4,100,60,9.81,3044,0
8/8/2026 20:36,HI38,20.6,2396,46,6566.2,16.2,0,270.86,0,0,192,System Idle Process,0,msedgewebview2.exe,17500,INTEL SSDPEKKF256G7L,PASSED,4,100,59,9.81,3044,0
8/8/2026 20:36,HI38,19.7,2396,46.1,6556.99,16.3,0,272.55,0,0,192,System Idle Process,0,msedgewebview2.exe,17500,INTEL SSDPEKKF256G7L,PASSED,4,100,59,9.81,3044,0
8/8/2026 20:36,HI38,18.2,2396,45.9,6585.36,16.2,0.01,248.05,0,0,192,System Idle Process,0,msedgewebview2.exe,17500,INTEL SSDPEKKF256G7L,PASSED,4,100,60,9.81,3044,0
8/8/2026 20:36,HI38,20.7,2396,46.2,6543.19,16.3,0,273.92,0,0,192,System Idle Process,0,msedgewebview2.exe,17500,INTEL SSDPEKKF256G7L,PASSED,4,100,60,9.81,3044,0
8/8/2026 20:36,HI38,19.5,2396,46.1,6558.96,16.3,0,273.52,0,0,192,System Idle Process,0,msedgewebview2.exe,17500,INTEL SSDPEKKF256G7L,PASSED,4,100,60,9.81,3044,0
8/8/2026 20:36,HI38,17.1,2396,46.1,6557.97,16.3,0,249.48,0,0,192,System Idle Process,0,msedgewebview2.exe,17500,INTEL SSDPEKKF256G7L,PASSED,4,100,60,9.81,3044,0
8/8/2026 20:37,HI38,20,2396,46.2,6548.11,16.3,0,274.55,0,0,192,System Idle Process,0,msedgewebview2.exe,17500,INTEL SSDPEKKF256G7L,PASSED,4,100,62,9.81,3044,0
8/8/2026 20:37,HI38,8,2396,46.1,6556.06,16.3,0,80.15,0,0,192,System Idle Process,0,msedgewebview2.exe,17500,INTEL SSDPEKKF256G7L,PASSED,4,100,62,9.81,3044,0
8/8/2026 20:37,HI38,5.5,2396,46,6568.78,16.3,0,16.91,0,0,192,System Idle Process,0,msedgewebview2.exe,17500,INTEL SSDPEKKF256G7L,PASSED,4,100,62,9.81,3044,0
8/8/2026 20:37,HI38,5.2,2396,46,6565.32,16.3,0,17.99,0,0,192,System Idle Process,0,msedgewebview2.exe,17500,INTEL SSDPEKKF256G7L,PASSED,4,100,62,9.81,3044,0
8/8/2026 20:37,HI38,14.6,2396,46.1,6557.36,16.3,0,200.3,0,0,192,System Idle Process,0,msedgewebview2.exe,17500,INTEL SSDPEKKF256G7L,PASSED,4,100,60,9.82,3044,0
8/8/2026 20:37,HI38,24.4,2396,45.9,6576.87,16.2,0.03,259.77,0,0,194,System Idle Process,0,msedgewebview2.exe,17500,INTEL SSDPEKKF256G7L,PASSED,4,100,60,9.82,3044,0
8/8/2026 20:37,HI38,41.5,2396,46.1,6560.34,16.3,4.12,271.55,0,0,192,System Idle Process,0,msedgewebview2.exe,17500,INTEL SSDPEKKF256G7L,PASSED,4,100,60,9.82,3044,0
8/8/2026 20:37,HI38,19.8,2396,46.1,6556.32,16.3,0,285.71,0,0,192,System Idle Process,0,msedgewebview2.exe,17500,INTEL SSDPEKKF256G7L,PASSED,4,100,60,9.82,3044,0
8/8/2026 20:37,HI38,21,2396,45.8,6590.41,16.2,0,286.18,0,0,192,System Idle Process,0,msedgewebview2.exe,17500,INTEL SSDPEKKF256G7L,PASSED,4,100,60,9.82,3044,0
8/8/2026 20:37,HI38,19.2,2396,46.1,6555.46,16.3,0,264.13,0,0,192,System Idle Process,0,msedgewebview2.exe,17500,INTEL SSDPEKKF256G7L,PASSED,4,100,60,9.82,3044,0
8/8/2026 20:37,HI38,23.5,2396,46.2,6550.43,16.3,0,279.39,0,0,192,System Idle Process,0,msedgewebview2.exe,17500,INTEL SSDPEKKF256G7L,PASSED,4,100,60,9.82,3044,0
8/8/2026 20:37,HI38,19.8,2396,46,6566.77,16.3,0,278.88,0,0,192,System Idle Process,0,msedgewebview2.exe,17500,INTEL SSDPEKKF256G7L,PASSED,4,100,60,9.82,3044,0
8/8/2026 20:37,HI38,17.3,2396,46.1,6557.6,16.3,0,230.38,0,0,192,System Idle Process,0,msedgewebview2.exe,17500,INTEL SSDPEKKF256G7L,PASSED,4,100,60,9.82,3044,0
8/8/2026 20:37,HI38,31.4,2396,46,6571.11,16.3,0,276.92,0,0,193,System Idle Process,0,msedgewebview2.exe,17500,INTEL SSDPEKKF256G7L,PASSED,4,100,60,9.82,3044,0
8/8/2026 20:37,HI38,19.9,2396,46.1,6557.58,16.3,0,278.94,0,0,193,System Idle Process,0,msedgewebview2.exe,17500,INTEL SSDPEKKF256G7L,PASSED,4,100,60,9.82,3044,0
8/8/2026 20:37,HI38,16.7,2396,45.8,6598.65,16.2,0,243.32,0,0,193,System Idle Process,0,msedgewebview2.exe,17500,INTEL SSDPEKKF256G7L,PASSED,4,100,59,9.82,3044,0
8/8/2026 20:37,HI38,23.8,2396,46.1,6560.95,16.3,0,267.64,0,0,193,System Idle Process,0,msedgewebview2.exe,17500,INTEL SSDPEKKF256G7L,PASSED,4,100,60,9.82,3044,0
8/8/2026 20:37,HI38,20.1,2396,46.1,6552.3,16.3,0,274.13,0,0,193,System Idle Process,0,msedgewebview2.exe,17500,INTEL SSDPEKKF256G7L,PASSED,4,100,60,9.82,3044,0
8/8/2026 20:37,HI38,20.2,2396,45.9,6585.82,16.2,0,243.37,0,0,193,System Idle Process,0,msedgewebview2.exe,17500,INTEL SSDPEKKF256G7L,PASSED,4,100,60,9.82,3044,0
8/8/2026 20:37,HI38,19.2,2396,46.1,6552.56,16.3,0,274.69,0,0,193,System Idle Process,0,msedgewebview2.exe,17500,INTEL SSDPEKKF256G7L,PASSED,4,100,60,9.82,3044,0
8/8/2026 20:37,HI38,18.8,2396,46.2,6551.88,16.3,0,279.87,0,0,193,System Idle Process,0,msedgewebview2.exe,17500,INTEL SSDPEKKF256G7L,PASSED,4,100,60,9.82,3044,0
8/8/2026 20:37,HI38,18.4,2396,46.2,6551.59,16.3,0,280.79,0,0,193,System Idle Process,0,msedgewebview2.exe,17500,INTEL SSDPEKKF256G7L,PASSED,4,100,60,9.82,3044,0
8/8/2026 20:37,HI38,20,2396,46.2,6551.13,16.3,0,231.13,0,0,193,System Idle Process,0,msedgewebview2.exe,17500,INTEL SSDPEKKF256G7L,PASSED,4,100,60,9.82,3044,0
8/8/2026 20:37,HI38,21.3,2396,45.8,6600.62,16.2,0,262.13,0,0,193,System Idle Process,0,msedgewebview2.exe,17500,INTEL SSDPEKKF256G7L,PASSED,4,100,62,9.82,3044,0
8/8/2026 20:37,HI38,20.5,2396,46.1,6561.36,16.3,0,248.78,0,0,192,System Idle Process,0,msedgewebview2.exe,17500,INTEL SSDPEKKF256G7L,PASSED,4,100,60,9.82,3044,0
8/8/2026 20:37,HI38,20.1,2396,45.9,6586.04,16.2,0,234.87,0,0,192,System Idle Process,0,msedgewebview2.exe,17500,INTEL SSDPEKKF256G7L,PASSED,4,100,62,9.82,3044,0
8/8/2026 20:37,HI38,15,2396,46.2,6551.19,16.3,0,203.57,0,0,192,System Idle Process,0,msedgewebview2.exe,17500,INTEL SSDPEKKF256G7L,PASSED,4,100,62,9.83,3044,0
8/8/2026 20:37,HI38,5.1,2396,46,6570.24,16.3,0,21.47,0,0,192,System Idle Process,0,msedgewebview2.exe,17500,INTEL SSDPEKKF256G7L,PASSED,4,100,62,9.83,3044,0
8/8/2026 20:37,HI38,4.1,2396,46,6569.9,16.3,0,18.32,0,0,192,System Idle Process,0,msedgewebview2.exe,17500,INTEL SSDPEKKF256G7L,PASSED,4,100,64,9.83,3044,0
8/8/2026 20:37,HI38,11.2,2396,46.1,6564.11,16.3,0,90,0,0,192,System Idle Process,0,msedgewebview2.exe,17500,INTEL SSDPEKKF256G7L,PASSED,4,100,62,9.83,3044,0
8/8/2026 20:37,HI38,22.1,2396,45.8,6589.11,16.2,0,281.41,0,0,192,System Idle Process,0,msedgewebview2.exe,17500,INTEL SSDPEKKF256G7L,PASSED,4,100,62,9.83,3044,0
8/8/2026 20:37,HI38,18.3,2396,46,6572.1,16.2,0.04,249.4,0,0,192,System Idle Process,0,msedgewebview2.exe,17500,INTEL SSDPEKKF256G7L,PASSED,4,100,60,9.83,3044,0
8/8/2026 20:37,HI38,19.7,2396,46.2,6546.01,16.3,0,271.65,0,0,192,System Idle Process,0,msedgewebview2.exe,17500,INTEL SSDPEKKF256G7L,PASSED,4,100,60,9.83,3044,0
8/8/2026 20:37,HI38,20.5,2396,46.1,6552.36,16.3,0,274.29,0,0,192,System Idle Process,0,msedgewebview2.exe,17500,INTEL SSDPEKKF256G7L,PASSED,4,100,60,9.83,3044,0
8/8/2026 20:37,HI38,21.7,2396,46,6574.19,16.2,0,261.12,0,0,192,System Idle Process,0,msedgewebview2.exe,17500,INTEL SSDPEKKF256G7L,PASSED,4,100,60,9.83,3044,0
8/8/2026 20:38,HI38,19.9,2396,46.1,6557.8,16.3,0,278.47,0,0,192,System Idle Process,0,msedgewebview2.exe,17500,INTEL SSDPEKKF256G7L,PASSED,4,100,60,9.83,3044,0
8/8/2026 20:38,HI38,20.2,2396,45.8,6594.37,16.2,0,283.41,0,0,192,System Idle Process,0,msedgewebview2.exe,17500,INTEL SSDPEKKF256G7L,PASSED,4,100,60,9.83,3044,0
8/8/2026 20:38,HI38,21.8,2396,46.1,6557.33,16.3,0,250.29,0,0,191,System Idle Process,0,msedgewebview2.exe,17500,INTEL SSDPEKKF256G7L,PASSED,4,100,60,9.83,3044,0
8/8/2026 20:38,HI38,20,2396,45.6,6614.34,16.2,0,282.76,0,0,191,System Idle Process,0,msedgewebview2.exe,17500,INTEL SSDPEKKF256G7L,PASSED,4,100,60,9.83,3044,0
8/8/2026 20:38,HI38,19.8,2396,46,6566.18,16.3,0,283.23,0,0,191,System Idle Process,0,msedgewebview2.exe,17500,INTEL SSDPEKKF256G7L,PASSED,4,100,60,9.83,3044,0
8/8/2026 20:38,HI38,19.3,2396,45.6,6615.35,16.2,0,245,0,0,191,System Idle Process,0,msedgewebview2.exe,17500,INTEL SSDPEKKF256G7L,PASSED,4,100,60,9.83,3044,0
8/8/2026 20:38,HI38,20.7,2396,46.1,6553.41,16.3,0,277.34,0,0,191,System Idle Process,0,msedgewebview2.exe,17500,INTEL SSDPEKKF256G7L,PASSED,4,100,60,9.83,3044,0
8/8/2026 20:38,HI38,22.4,2396,46.1,6563.62,16.3,0,285.54,0,0,191,System Idle Process,0,msedgewebview2.exe,17500,INTEL SSDPEKKF256G7L,PASSED,4,100,60,9.83,3044,0
8/8/2026 20:38,HI38,18.4,2396,46.1,6564.04,16.3,0,248.29,0,0,191,System Idle Process,0,msedgewebview2.exe,17500,INTEL SSDPEKKF256G7L,PASSED,4,100,60,9.83,3044,0
8/8/2026 20:38,HI38,19.4,2396,45.8,6600.49,16.2,0.02,274.06,0,0,191,System Idle Process,0,msedgewebview2.exe,17500,INTEL SSDPEKKF256G7L,PASSED,4,100,59,9.83,3044,0
8/8/2026 20:38,HI38,21.3,2396,45.9,6581.67,16.2,0,270.58,0,0,191,System Idle Process,0,msedgewebview2.exe,17500,INTEL SSDPEKKF256G7L,PASSED,4,100,60,9.83,3044,0
8/8/2026 20:38,HI38,17.8,2396,45.9,6583.69,16.2,0,239.01,0,0,191,System Idle Process,0,msedgewebview2.exe,17500,INTEL SSDPEKKF256G7L,PASSED,4,100,60,9.83,3044,0
8/8/2026 20:38,HI38,21,2396,46.2,6551.59,16.3,0.04,272.45,0,0,191,System Idle Process,0,msedgewebview2.exe,17500,INTEL SSDPEKKF256G7L,PASSED,4,100,60,9.83,3044,0
8/8/2026 20:38,HI38,22.1,2396,46.1,6561.77,16.3,0,278.83,0,0,191,System Idle Process,0,msedgewebview2.exe,17500,INTEL SSDPEKKF256G7L,PASSED,4,100,62,9.83,3044,0
8/8/2026 20:38,HI38,12.3,2396,46.1,6563.93,16.3,0,232.32,0,0,191,System Idle Process,0,msedgewebview2.exe,17500,INTEL SSDPEKKF256G7L,PASSED,4,100,60,9.83,3044,0
8/8/2026 20:38,HI38,14.3,2396,46.1,6556.54,16.3,0,274.68,0,0,191,System Idle Process,0,msedgewebview2.exe,17500,INTEL SSDPEKKF256G7L,PASSED,4,100,60,9.84,3044,0
8/8/2026 20:38,HI38,13.1,2396,45.9,6587.1,16.2,0,251.15,0,0,191,System Idle Process,0,msedgewebview2.exe,17500,INTEL SSDPEKKF256G7L,PASSED,4,100,62,9.84,3044,0
8/8/2026 20:38,HI38,6,2396,46,6567.47,16.3,0,57.42,0,0,191,System Idle Process,0,msedgewebview2.exe,17500,INTEL SSDPEKKF256G7L,PASSED,4,100,62,9.84,3044,0
8/8/2026 20:38,HI38,5.7,2396,46,6565.06,16.3,0,21.12,0,0,191,System Idle Process,0,msedgewebview2.exe,17500,INTEL SSDPEKKF256G7L,PASSED,4,100,64,9.84,3044,0
8/8/2026 20:38,HI38,7,2396,46.1,6563.32,16.3,0,47.74,0,0,191,System Idle Process,0,msedgewebview2.exe,17500,INTEL SSDPEKKF256G7L,PASSED,4,100,62,9.84,3044,0
8/8/2026 20:38,HI38,11.1,2396,46.2,6551.43,16.3,0,209.15,0,0,191,System Idle Process,0,msedgewebview2.exe,17500,INTEL SSDPEKKF256G7L,PASSED,4,100,62,9.84,3044,0
8/8/2026 20:38,HI38,14,2396,46.1,6557.8,16.3,0,246.7,0,0,191,System Idle Process,0,msedgewebview2.exe,17500,INTEL SSDPEKKF256G7L,PASSED,4,100,62,9.84,3044,0
8/8/2026 20:38,HI38,15.6,2396,46.1,6554.9,16.3,0,278.2,0,0,191,System Idle Process,0,msedgewebview2.exe,17500,INTEL SSDPEKKF256G7L,PASSED,4,100,62,9.84,3044,0
8/8/2026 20:38,HI38,12.7,2396,45.6,6614.59,16.2,0,279.21,0,0,191,System Idle Process,0,msedgewebview2.exe,17500,INTEL SSDPEKKF256G7L,PASSED,4,100,60,9.84,3044,0
8/8/2026 20:38,HI38,12.4,2396,46.1,6558.24,16.3,0,280.24,0,0,191,System Idle Process,0,msedgewebview2.exe,17500,INTEL SSDPEKKF256G7L,PASSED,4,100,60,9.84,3044,0
8/8/2026 20:38,HI38,16.6,2396,46.1,6556.53,16.3,0,277.77,0,0,191,System Idle Process,0,msedgewebview2.exe,17500,INTEL SSDPEKKF256G7L,PASSED,4,100,60,9.84,3044,0
8/8/2026 20:38,HI38,15,2396,46,6567.32,16.3,0,250.54,0,0,191,System Idle Process,0,msedgewebview2.exe,17500,INTEL SSDPEKKF256G7L,PASSED,4,100,60,9.84,3044,0
8/8/2026 20:38,HI38,15.2,2396,46,6576.23,16.3,0,280.05,0,0,191,System Idle Process,0,msedgewebview2.exe,17500,INTEL SSDPEKKF256G7L,PASSED,4,100,60,9.84,3044,0
8/8/2026 20:38,HI38,15.4,2396,46.1,6553.8,16.3,0,278.79,0,0,191,System Idle Process,0,msedgewebview2.exe,17500,INTEL SSDPEKKF256G7L,PASSED,4,100,60,9.84,3044,0
8/8/2026 20:38,HI38,14.5,2396,45.9,6583.29,16.2,0,250.21,0,0,191,System Idle Process,0,msedgewebview2.exe,17500,INTEL SSDPEKKF256G7L,PASSED,4,100,60,9.84,3044,0
8/8/2026 20:38,HI38,15.6,2396,45.9,6579.23,16.3,0,277.06,0,0,191,System Idle Process,0,msedgewebview2.exe,17500,INTEL SSDPEKKF256G7L,PASSED,4,100,60,9.84,3044,0
8/8/2026 20:38,HI38,15.3,2396,46.1,6560.39,16.3,0,279.91,0,0,191,System Idle Process,0,msedgewebview2.exe,17500,INTEL SSDPEKKF256G7L,PASSED,4,100,60,9.84,3044,0
8/8/2026 20:38,HI38,12.7,2396,46.1,6556.3,16.3,0,249.43,0,0,191,System Idle Process,0,msedgewebview2.exe,17500,INTEL SSDPEKKF256G7L,PASSED,4,100,60,9.84,3044,0
8/8/2026 20:38,HI38,15.7,2396,45.8,6596.29,16.2,0,284.66,0,0,191,System Idle Process,0,msedgewebview2.exe,17500,INTEL SSDPEKKF256G7L,PASSED,4,100,60,9.84,3044,0
8/8/2026 20:38,HI38,22,2396,45.9,6578.31,16.2,0,286.82,0,0,192,System Idle Process,0,msedgewebview2.exe,17500,INTEL SSDPEKKF256G7L,PASSED,4,100,60,9.84,3044,0
8/8/2026 20:38,HI38,17.7,2396,46.2,6541.65,16.3,0,281.86,0,0,192,System Idle Process,0,msedgewebview2.exe,17500,INTEL SSDPEKKF256G7L,PASSED,4,100,62,9.84,3044,0
8/8/2026 20:39,HI38,12.2,2396,46.2,6541.93,16.3,0,247.71,0,0,192,System Idle Process,0,msedgewebview2.exe,17500,INTEL SSDPEKKF256G7L,PASSED,4,100,60,9.84,3044,0
8/8/2026 20:39,HI38,14.8,2396,46.2,6546.57,16.3,0,279.71,0,0,192,System Idle Process,0,msedgewebview2.exe,17500,INTEL SSDPEKKF256G7L,PASSED,4,100,60,9.84,3044,0
8/8/2026 20:39,HI38,15.4,2396,46.1,6559.36,16.2,0,271.25,0,0,192,System Idle Process,0,msedgewebview2.exe,17500,INTEL SSDPEKKF256G7L,PASSED,4,100,62,9.84,3044,0
8/8/2026 20:39,HI38,12.3,2396,46.2,6551.35,16.3,0,241.73,0,0,192,System Idle Process,0,msedgewebview2.exe,17500,INTEL SSDPEKKF256G7L,PASSED,4,100,62,9.85,3044,0
8/8/2026 20:39,HI38,13.8,2396,45.8,6598.29,16.2,0.03,274.83,0,0,192,System Idle Process,0,msedgewebview2.exe,17500,INTEL SSDPEKKF256G7L,PASSED,4,100,62,9.85,3044,0
8/8/2026 20:39,HI38,13.8,2396,46.2,6547.45,16.3,0,270.91,0,0,192,System Idle Process,0,msedgewebview2.exe,17500,INTEL SSDPEKKF256G7L,PASSED,4,100,62,9.85,3044,0
8/8/2026 20:39,HI38,12.2,2396,46.1,6552.18,16.3,0,216.24,0,0,192,System Idle Process,0,msedgewebview2.exe,17500,INTEL SSDPEKKF256G7L,PASSED,4,100,62,9.85,3044,0
8/8/2026 20:39,HI38,14.8,2396,46.2,6551.9,16.3,0,263.35,0,0,192,System Idle Process,0,msedgewebview2.exe,17500,INTEL SSDPEKKF256G7L,PASSED,4,100,62,9.85,3044,0
8/8/2026 20:39,HI38,9.4,2396,46.2,6549.71,16.3,0,103.19,0,0,192,System Idle Process,0,msedgewebview2.exe,17500,INTEL SSDPEKKF256G7L,PASSED,4,100,64,9.85,3044,0
8/8/2026 20:39,HI38,4.9,2396,46.2,6540.7,16.3,0,17.29,0,0,192,System Idle Process,0,msedgewebview2.exe,17500,INTEL SSDPEKKF256G7L,PASSED,4,100,64,9.85,3044,0
8/8/2026 20:39,HI38,6.4,2396,46.1,6562.71,16.3,0,13.15,0,0,192,System Idle Process,0,msedgewebview2.exe,17500,INTEL SSDPEKKF256G7L,PASSED,4,100,64,9.85,3044,0
8/8/2026 20:39,HI38,7.3,2396,46.1,6555.21,16.3,0,15.67,0,0,192,System Idle Process,0,msedgewebview2.exe,17500,INTEL SSDPEKKF256G7L,PASSED,4,100,64,9.85,3044,0
8/8/2026 20:39,HI38,5.3,2396,46.2,6551.63,16.3,0,16.51,0,0,192,System Idle Process,0,msedgewebview2.exe,17500,INTEL SSDPEKKF256G7L,PASSED,4,100,64,9.85,3044,0
8/8/2026 20:39,HI38,6.4,2396,46.2,6546.12,16.3,0,15.24,0,0,192,System Idle Process,0,msedgewebview2.exe,17500,INTEL SSDPEKKF256G7L,PASSED,4,100,64,9.85,3044,0
8/8/2026 20:39,HI38,10.7,2396,46.2,6547.38,16.3,0,130.06,0,0,192,System Idle Process,0,msedgewebview2.exe,17500,INTEL SSDPEKKF256G7L,PASSED,4,100,64,9.85,3044,0
8/8/2026 20:39,HI38,14.9,2396,46.1,6552.15,16.3,0,265.38,0,0,192,System Idle Process,0,msedgewebview2.exe,17500,INTEL SSDPEKKF256G7L,PASSED,4,100,64,9.85,3044,0
8/8/2026 20:39,HI38,14,2396,45.9,6577.78,16.3,0,272.01,0,0,191,System Idle Process,0,msedgewebview2.exe,17500,INTEL SSDPEKKF256G7L,PASSED,4,100,64,9.85,3044,0
8/8/2026 20:39,HI38,15.2,2396,45.9,6586.66,16.2,0,282.61,0,0,191,System Idle Process,0,msedgewebview2.exe,17500,INTEL SSDPEKKF256G7L,PASSED,4,100,62,9.85,3044,0
8/8/2026 20:39,HI38,15.7,2396,46,6569.25,16.3,0,273.49,0,0,191,System Idle Process,0,msedgewebview2.exe,17500,INTEL SSDPEKKF256G7L,PASSED,4,100,62,9.85,3044,0
8/8/2026 20:39,HI38,15.2,2396,46.1,6562.25,16.3,0,280.8,0,0,191,System Idle Process,0,msedgewebview2.exe,17500,INTEL SSDPEKKF256G7L,PASSED,4,100,62,9.85,3044,0
8/8/2026 20:39,HI38,15.7,2396,46,6572.64,16.3,0,280.35,0,0,191,System Idle Process,0,msedgewebview2.exe,17500,INTEL SSDPEKKF256G7L,PASSED,4,100,62,9.85,3044,0
8/8/2026 20:39,HI38,14.7,2396,46,6565.47,16.3,0,246.97,0,0,191,System Idle Process,0,msedgewebview2.exe,17500,INTEL SSDPEKKF256G7L,PASSED,4,100,62,9.85,3044,0
8/8/2026 20:39,HI38,12.5,2396,46,6572.59,16.3,0,278.89,0,0,191,System Idle Process,0,msedgewebview2.exe,17500,INTEL SSDPEKKF256G7L,PASSED,4,100,62,9.85,3044,0
8/8/2026 20:39,HI38,10.8,2396,45.5,6627.57,16.2,0,284.88,0,0,191,System Idle Process,0,msedgewebview2.exe,17500,INTEL SSDPEKKF256G7L,PASSED,4,100,60,9.85,3044,0
8/8/2026 20:39,HI38,14,2396,45.9,6576.46,16.3,0,252.76,0,0,191,System Idle Process,0,msedgewebview2.exe,17500,INTEL SSDPEKKF256G7L,PASSED,4,100,62,9.85,3044,0
8/8/2026 20:39,HI38,11.9,2396,45.7,6612.38,16.2,0,274.41,0,0,191,System Idle Process,0,msedgewebview2.exe,17500,INTEL SSDPEKKF256G7L,PASSED,4,100,60,9.85,3044,0
8/8/2026 20:39,HI38,13.9,2396,45.9,6580.03,16.3,0.08,270.26,0,0,191,System Idle Process,0,msedgewebview2.exe,17500,INTEL SSDPEKKF256G7L,PASSED,4,100,62,9.85,3044,0
8/8/2026 20:39,HI38,13.8,2396,45.5,6626.64,16.2,0,245.29,0,0,191,System Idle Process,0,msedgewebview2.exe,17500,INTEL SSDPEKKF256G7L,PASSED,4,100,60,9.85,3044,0
8/8/2026 20:39,HI38,15.4,2396,46,6567.03,16.3,0,274.78,0,0,191,System Idle Process,0,msedgewebview2.exe,17500,INTEL SSDPEKKF256G7L,PASSED,4,100,62,9.85,3044,0
8/8/2026 20:39,HI38,16.1,2396,45.9,6580.84,16.3,0,285.15,0,0,191,System Idle Process,0,msedgewebview2.exe,17500,INTEL SSDPEKKF256G7L,PASSED,4,100,62,9.85,3044,0
8/8/2026 20:39,HI38,12,2396,46.1,6562.19,16.3,0,244.74,0,0,191,System Idle Process,0,msedgewebview2.exe,17500,INTEL SSDPEKKF256G7L,PASSED,4,100,62,9.85,3044,0
8/8/2026 20:39,HI38,15.2,2396,45.9,6578.29,16.3,0,282.03,0,0,191,System Idle Process,0,msedgewebview2.exe,17500,INTEL SSDPEKKF256G7L,PASSED,4,100,62,9.86,3044,0
8/8/2026 20:39,HI38,13.4,2396,46.1,6561.37,16.3,0.01,283.29,0,0,191,System Idle Process,0,msedgewebview2.exe,17500,INTEL SSDPEKKF256G7L,PASSED,4,100,62,9.86,3044,0
8/8/2026 20:39,HI38,16.4,2396,45.9,6580.59,16.3,0,240.89,0,0,191,System Idle Process,0,msedgewebview2.exe,17500,INTEL SSDPEKKF256G7L,PASSED,4,100,64,9.86,3044,0
8/8/2026 20:39,HI38,14.1,2396,45.9,6578.08,16.3,0,264.68,0,0,191,System Idle Process,0,msedgewebview2.exe,17500,INTEL SSDPEKKF256G7L,PASSED,4,100,64,9.86,3044,0
8/8/2026 20:39,HI38,10.9,2396,46,6571.35,16.3,0,162.37,0,0,191,System Idle Process,0,msedgewebview2.exe,17500,INTEL SSDPEKKF256G7L,PASSED,4,100,64,9.86,3044,0
8/8/2026 20:40,HI38,5,2396,46.1,6563.3,16.3,0,16.32,0,0,191,System Idle Process,0,msedgewebview2.exe,17500,INTEL SSDPEKKF256G7L,PASSED,4,100,64,9.86,3044,0
8/8/2026 20:40,HI38,6.3,2396,45.9,6582.11,16.3,0,19.71,0,0,191,System Idle Process,0,msedgewebview2.exe,17500,INTEL SSDPEKKF256G7L,PASSED,4,100,64,9.86,3044,0
8/8/2026 20:40,HI38,10.7,2396,45.9,6585.31,16.3,0,136.54,0,0,191,System Idle Process,0,msedgewebview2.exe,17500,INTEL SSDPEKKF256G7L,PASSED,4,100,64,9.86,3044,0
8/8/2026 20:40,HI38,11.3,2396,46,6571.94,16.3,0,210.17,0,0,191,System Idle Process,0,msedgewebview2.exe,17500,INTEL SSDPEKKF256G7L,PASSED,4,100,62,9.86,3044,0
8/8/2026 20:40,HI38,15.6,2396,46,6573.66,16.3,0,273.32,0,0,191,System Idle Process,0,msedgewebview2.exe,17500,INTEL SSDPEKKF256G7L,PASSED,4,100,62,9.86,3044,0
8/8/2026 20:40,HI38,13.9,2396,45.6,6619.13,16.2,0,285.09,0,0,191,System Idle Process,0,msedgewebview2.exe,17500,INTEL SSDPEKKF256G7L,PASSED,4,100,62,9.86,3044,0
8/8/2026 20:40,HI38,15.1,2396,45.8,6600.04,16.2,0,268.65,0,0,191,System Idle Process,0,msedgewebview2.exe,17500,INTEL SSDPEKKF256G7L,PASSED,4,100,62,9.86,3044,0
8/8/2026 20:40,HI38,13.8,2396,46,6565.98,16.3,0.06,278.52,0,0,191,System Idle Process,0,msedgewebview2.exe,17500,INTEL SSDPEKKF256G7L,PASSED,4,100,62,9.86,3044,0
8/8/2026 20:40,HI38,12.7,2396,46,6568.91,16.3,0,272.81,0,0,191,System Idle Process,0,msedgewebview2.exe,17500,INTEL SSDPEKKF256G7L,PASSED,4,100,62,9.86,3044,0
8/8/2026 20:40,HI38,14.1,2396,45.9,6577.26,16.3,0,244.14,0,0,191,System Idle Process,0,msedgewebview2.exe,17500,INTEL SSDPEKKF256G7L,PASSED,4,100,62,9.86,3044,0
8/8/2026 20:40,HI38,13.7,2396,46,6566.8,16.3,0,277.57,0,0,191,System Idle Process,0,msedgewebview2.exe,17500,INTEL SSDPEKKF256G7L,PASSED,4,100,62,9.86,3044,0
8/8/2026 20:40,HI38,11.1,2396,46,6570,16.3,0,275.65,0,0,191,System Idle Process,0,msedgewebview2.exe,17500,INTEL SSDPEKKF256G7L,PASSED,4,100,62,9.86,3044,0
8/8/2026 20:40,HI38,13.4,2396,46,6564.69,16.3,0,246.55,0,0,191,System Idle Process,0,msedgewebview2.exe,17500,INTEL SSDPEKKF256G7L,PASSED,4,100,62,9.86,3044,0
8/8/2026 20:40,HI38,13.7,2396,46,6574.44,16.3,0,274.33,0,0,191,System Idle Process,0,msedgewebview2.exe,17500,INTEL SSDPEKKF256G7L,PASSED,4,100,62,9.86,3044,0
8/8/2026 20:40,HI38,15,2396,46,6572.17,16.3,0,277.44,0,0,191,System Idle Process,0,msedgewebview2.exe,17500,INTEL SSDPEKKF256G7L,PASSED,4,100,62,9.86,3044,0
8/8/2026 20:40,HI38,11.4,2396,45.9,6580.15,16.3,0,261.24,0,0,191,System Idle Process,0,msedgewebview2.exe,17500,INTEL SSDPEKKF256G7L,PASSED,4,100,62,9.86,3044,0
8/8/2026 20:40,HI38,14.5,2396,46,6571.17,16.3,0,256.77,0,0,191,System Idle Process,0,msedgewebview2.exe,17500,INTEL SSDPEKKF256G7L,PASSED,4,100,62,9.86,3044,0
8/8/2026 20:40,HI38,15.1,2396,46,6571.59,16.3,0,279.24,0,0,191,System Idle Process,0,msedgewebview2.exe,17500,INTEL SSDPEKKF256G7L,PASSED,4,100,62,9.86,3044,0
8/8/2026 20:40,HI38,11.5,2396,45.5,6628.62,16.2,0,285.05,0,0,191,System Idle Process,0,msedgewebview2.exe,17500,INTEL SSDPEKKF256G7L,PASSED,4,100,62,9.86,3044,0
8/8/2026 20:40,HI38,12.9,2396,45.8,6589.86,16.2,0,260.99,0,0,191,System Idle Process,0,msedgewebview2.exe,17500,INTEL SSDPEKKF256G7L,PASSED,4,100,62,9.86,3044,0
8/8/2026 20:40,HI38,15.2,2396,46,6574.49,16.3,0,281.64,0,0,191,System Idle Process,0,msedgewebview2.exe,17500,INTEL SSDPEKKF256G7L,PASSED,4,100,62,9.87,3044,0
8/8/2026 20:40,HI38,17.3,2396,45.9,6578.21,16.3,0,285.11,0,0,191,System Idle Process,0,msedgewebview2.exe,17500,INTEL SSDPEKKF256G7L,PASSED,4,100,64,9.87,3044,0
8/8/2026 20:40,HI38,14.3,2396,46,6568.75,16.3,0,235.29,0,0,191,System Idle Process,0,msedgewebview2.exe,17500,INTEL SSDPEKKF256G7L,PASSED,4,100,64,9.87,3044,0
8/8/2026 20:40,HI38,15,2396,45.6,6619.1,16.2,0,280.82,0,0,191,System Idle Process,0,msedgewebview2.exe,17500,INTEL SSDPEKKF256G7L,PASSED,4,100,62,9.87,3044,0
8/8/2026 20:40,HI38,14.2,2396,45.8,6590.95,16.2,0,248.46,0,0,191,System Idle Process,0,msedgewebview2.exe,17500,INTEL SSDPEKKF256G7L,PASSED,4,100,64,9.87,3044,0
8/8/2026 20:40,HI38,13.5,2396,45.9,6577.7,16.3,0,245.77,0,0,191,System Idle Process,0,msedgewebview2.exe,17500,INTEL SSDPEKKF256G7L,PASSED,4,100,64,9.87,3044,0
8/8/2026 20:40,HI38,14.7,2396,46,6569.35,16.3,0,253.73,0,0,191,System Idle Process,0,msedgewebview2.exe,17500,INTEL SSDPEKKF256G7L,PASSED,4,100,64,9.87,3044,0
8/8/2026 20:40,HI38,6.5,2396,45.9,6585.61,16.3,0,21.51,0,0,191,System Idle Process,0,msedgewebview2.exe,17500,INTEL SSDPEKKF256G7L,PASSED,4,100,64,9.87,3044,0
8/8/2026 20:40,HI38,5.7,2396,45.9,6587.5,16.3,0,18.14,0,0,191,System Idle Process,0,msedgewebview2.exe,17500,INTEL SSDPEKKF256G7L,PASSED,4,100,64,9.87,3044,0
8/8/2026 20:40,HI38,7.7,2396,46,6574.65,16.3,0,114.74,0,0,191,System Idle Process,0,msedgewebview2.exe,17500,INTEL SSDPEKKF256G7L,PASSED,4,100,64,9.87,3044,0
8/8/2026 20:40,HI38,11.5,2396,46,6569.61,16.3,0,206.65,0,0,191,System Idle Process,0,msedgewebview2.exe,17500,INTEL SSDPEKKF256G7L,PASSED,4,100,64,9.87,3044,0
8/8/2026 20:40,HI38,14.6,2396,45.9,6576.81,16.3,0,277.52,0,0,191,System Idle Process,0,msedgewebview2.exe,17500,INTEL SSDPEKKF256G7L,PASSED,4,100,64,9.87,3044,0
8/8/2026 20:40,HI38,13.8,2396,46,6573.72,16.3,0,280.75,0,0,191,System Idle Process,0,msedgewebview2.exe,17500,INTEL SSDPEKKF256G7L,PASSED,4,100,62,9.87,3044,0
8/8/2026 20:40,HI38,15.7,2396,45.9,6581.78,16.3,0,265.2,0,0,191,System Idle Process,0,msedgewebview2.exe,17500,INTEL SSDPEKKF256G7L,PASSED,4,100,62,9.87,3044,0
8/8/2026 20:40,HI38,14.9,2396,45.7,6607.96,16.2,0,278.17,0,0,191,System Idle Process,0,msedgewebview2.exe,17500,INTEL SSDPEKKF256G7L,PASSED,4,100,62,9.87,3044,0
8/8/2026 20:40,HI38,13.1,2396,46,6570.99,16.3,0,281.76,0,0,191,System Idle Process,0,msedgewebview2.exe,17500,INTEL SSDPEKKF256G7L,PASSED,4,100,62,9.87,3044,0
8/8/2026 20:41,HI38,14.4,2396,46,6575.41,16.3,0,265.76,0,0,191,System Idle Process,0,msedgewebview2.exe,17500,INTEL SSDPEKKF256G7L,PASSED,4,100,62,9.87,3044,0
8/8/2026 20:41,HI38,12.6,2396,46,6574.56,16.3,0,257.03,0,0,191,System Idle Process,0,msedgewebview2.exe,17500,INTEL SSDPEKKF256G7L,PASSED,4,100,62,9.87,3044,0
8/8/2026 20:41,HI38,14.1,2396,46,6567.57,16.3,0,277.72,0,0,191,System Idle Process,0,msedgewebview2.exe,17500,INTEL SSDPEKKF256G7L,PASSED,4,100,62,9.87,3044,0
8/8/2026 20:41,HI38,15.2,2396,46,6570.27,16.3,0,277.54,0,0,191,System Idle Process,0,msedgewebview2.exe,17500,INTEL SSDPEKKF256G7L,PASSED,4,100,62,9.87,3044,0
8/8/2026 20:41,HI38,11.2,2396,45.9,6588.54,16.2,0,237.47,0,0,191,System Idle Process,0,msedgewebview2.exe,17500,INTEL SSDPEKKF256G7L,PASSED,4,100,62,9.87,3044,0
8/8/2026 20:41,HI38,15.2,2396,46,6570.15,16.3,0,276.15,0,0,191,System Idle Process,0,msedgewebview2.exe,17500,INTEL SSDPEKKF256G7L,PASSED,4,100,62,9.87,3044,0
8/8/2026 20:41,HI38,14.6,2396,45.9,6579.55,16.3,0,277.17,0,0,191,System Idle Process,0,msedgewebview2.exe,17500,INTEL SSDPEKKF256G7L,PASSED,4,100,64,9.87,3044,0
8/8/2026 20:41,HI38,11.3,2396,46,6574.7,16.3,0,242.52,0,0,191,System Idle Process,0,msedgewebview2.exe,17500,INTEL SSDPEKKF256G7L,PASSED,4,100,62,9.87,3044,0
8/8/2026 20:41,HI38,15.6,2396,45.9,6579.43,16.3,0,273.46,0,0,191,System Idle Process,0,msedgewebview2.exe,17500,INTEL SSDPEKKF256G7L,PASSED,4,100,62,9.88,3044,0
8/8/2026 20:41,HI38,15.6,2396,45.9,6580.38,16.3,0,279.17,0,0,191,System Idle Process,0,msedgewebview2.exe,17500,INTEL SSDPEKKF256G7L,PASSED,4,100,62,9.88,3044,0
8/8/2026 20:41,HI38,13.1,2396,45.5,6626.55,16.2,0,246.39,0,0,191,System Idle Process,0,msedgewebview2.exe,17500,INTEL SSDPEKKF256G7L,PASSED,4,100,60,9.88,3044,0
8/8/2026 20:41,HI38,15.3,2396,46,6571.31,16.3,0,273.01,0,0,191,System Idle Process,0,msedgewebview2.exe,17500,INTEL SSDPEKKF256G7L,PASSED,4,100,64,9.88,3044,0
8/8/2026 20:41,HI38,13.8,2396,45.6,6622.58,16.2,0,271.75,0,0,191,System Idle Process,0,msedgewebview2.exe,17500,INTEL SSDPEKKF256G7L,PASSED,4,100,64,9.88,3044,0
8/8/2026 20:41,HI38,10.8,2396,45.8,6595.57,16.2,0,213.45,0,0,191,System Idle Process,0,msedgewebview2.exe,17500,INTEL SSDPEKKF256G7L,PASSED,4,100,64,9.88,3044,0
8/8/2026 20:41,HI38,13.3,2396,46,6572.31,16.3,0,271.49,0,0,191,System Idle Process,0,msedgewebview2.exe,17500,INTEL SSDPEKKF256G7L,PASSED,4,100,64,9.88,3044,0
8/8/2026 20:41,HI38,10,2396,45.9,6585.86,16.3,0,146.37,0,0,191,System Idle Process,0,msedgewebview2.exe,17500,INTEL SSDPEKKF256G7L,PASSED,4,100,64,9.88,3044,0
8/8/2026 20:41,HI38,4.9,2396,45.9,6580.9,16.3,0,17.33,0,0,191,System Idle Process,0,msedgewebview2.exe,17500,INTEL SSDPEKKF256G7L,PASSED,4,100,64,9.88,3044,0
8/8/2026 20:41,HI38,7,2396,45.9,6582.45,16.3,0,20.67,0,0,191,System Idle Process,0,msedgewebview2.exe,17500,INTEL SSDPEKKF256G7L,PASSED,4,100,66,9.88,3044,0
8/8/2026 20:41,HI38,10.2,2396,45.9,6580.38,16.3,0,140.13,0,0,191,System Idle Process,0,msedgewebview2.exe,17500,INTEL SSDPEKKF256G7L,PASSED,4,100,64,9.88,3044,0
8/8/2026 20:41,HI38,10.7,2396,45.8,6591.7,16.2,0,204.16,0,0,191,System Idle Process,0,msedgewebview2.exe,17500,INTEL SSDPEKKF256G7L,PASSED,4,100,62,9.88,3044,0
8/8/2026 20:41,HI38,13.8,2396,46,6574.34,16.3,0,277.8,0,0,191,System Idle Process,0,msedgewebview2.exe,17500,INTEL SSDPEKKF256G7L,PASSED,4,100,64,9.88,3044,0
8/8/2026 20:41,HI38,13.3,2396,45.9,6579.37,16.3,0,272.93,0,0,191,System Idle Process,0,msedgewebview2.exe,17500,INTEL SSDPEKKF256G7L,PASSED,4,100,64,9.88,3044,0
8/8/2026 20:41,HI38,13,2396,45.9,6580.96,16.3,0,268.24,0,0,191,System Idle Process,0,msedgewebview2.exe,17500,INTEL SSDPEKKF256G7L,PASSED,4,100,64,9.88,3044,0
8/8/2026 20:41,HI38,14.8,2396,46,6574.21,16.3,0,277.86,0,0,191,System Idle Process,0,msedgewebview2.exe,17500,INTEL SSDPEKKF256G7L,PASSED,4,100,64,9.88,3044,0
8/8/2026 20:41,HI38,12.3,2396,45.7,6612.39,16.2,0,277.1,0,0,191,System Idle Process,0,msedgewebview2.exe,17500,INTEL SSDPEKKF256G7L,PASSED,4,100,62,9.88,3044,0
8/8/2026 20:41,HI38,11.6,2396,45.9,6577.94,16.3,0,252.02,0,0,191,System Idle Process,0,msedgewebview2.exe,17500,INTEL SSDPEKKF256G7L,PASSED,4,100,64,9.88,3044,0
8/8/2026 20:41,HI38,12.5,2396,45.6,6624.44,16.2,0,278.14,0,0,191,System Idle Process,0,msedgewebview2.exe,17500,INTEL SSDPEKKF256G7L,PASSED,4,100,62,9.88,3044,0
8/8/2026 20:41,HI38,15.3,2396,46,6570.88,16.3,0,272.34,0,0,191,System Idle Process,0,msedgewebview2.exe,17500,INTEL SSDPEKKF256G7L,PASSED,4,100,62,9.88,3044,0
8/8/2026 20:41,HI38,14,2396,45.9,6577.72,16.3,0,243.91,0,0,191,System Idle Process,0,msedgewebview2.exe,17500,INTEL SSDPEKKF256G7L,PASSED,4,100,62,9.88,3044,0
8/8/2026 20:41,HI38,14.3,2396,46,6571.8,16.3,0,278.76,0,0,191,System Idle Process,0,msedgewebview2.exe,17500,INTEL SSDPEKKF256G7L,PASSED,4,100,62,9.88,3044,0
8/8/2026 20:41,HI38,14.1,2396,45.5,6627.96,16.2,0,285.15,0,0,191,System Idle Process,0,msedgewebview2.exe,17500,INTEL SSDPEKKF256G7L,PASSED,4,100,62,9.88,3044,0
8/8/2026 20:41,HI38,12.5,2396,46,6573.54,16.3,0,247.83,0,0,191,System Idle Process,0,msedgewebview2.exe,17500,INTEL SSDPEKKF256G7L,PASSED,4,100,62,9.88,3044,0
8/8/2026 20:41,HI38,13.2,2396,46,6568.31,16.3,0,268.39,0,0,191,System Idle Process,0,msedgewebview2.exe,17500,INTEL SSDPEKKF256G7L,PASSED,4,100,62,9.88,3044,0
8/8/2026 20:41,HI38,16.5,2396,45.9,6578.21,16.3,0.01,275.08,0,0,191,System Idle Process,0,msedgewebview2.exe,17500,INTEL SSDPEKKF256G7L,PASSED,4,100,62,9.89,3044,0
8/8/2026 20:41,HI38,15.2,2396,46,6575.8,16.3,0,268.98,0,0,191,System Idle Process,0,msedgewebview2.exe,17500,INTEL SSDPEKKF256G7L,PASSED,4,100,62,9.89,3044,0
8/8/2026 20:41,HI38,13.8,2396,46,6573.78,16.3,0,246.04,0,0,191,System Idle Process,0,msedgewebview2.exe,17500,INTEL SSDPEKKF256G7L,PASSED,4,100,62,9.89,3044,0
8/8/2026 20:41,HI38,14.9,2396,46,6574.46,16.3,0,280.19,0,0,191,System Idle Process,0,msedgewebview2.exe,17500,INTEL SSDPEKKF256G7L,PASSED,4,100,62,9.89,3044,0
8/8/2026 20:42,HI38,13.3,2396,45.7,6606.82,16.2,0,275.43,0,0,191,System Idle Process,0,msedgewebview2.exe,17500,INTEL SSDPEKKF256G7L,PASSED,4,100,64,9.89,3044,0
8/8/2026 20:42,HI38,14.1,2396,46,6572.17,16.3,0.01,242.47,0,0,191,System Idle Process,0,msedgewebview2.exe,17500,INTEL SSDPEKKF256G7L,PASSED,4,100,64,9.89,3044,0
8/8/2026 20:42,HI38,13.4,2396,45.9,6579.03,16.3,0,266.36,0,0,191,System Idle Process,0,msedgewebview2.exe,17500,INTEL SSDPEKKF256G7L,PASSED,4,100,64,9.89,3044,0
8/8/2026 20:42,HI38,12.9,2396,45.8,6592.96,16.2,0,273.43,0,0,191,System Idle Process,0,msedgewebview2.exe,17500,INTEL SSDPEKKF256G7L,PASSED,4,100,64,9.89,3044,0
8/8/2026 20:42,HI38,11,2396,46,6571.32,16.3,0,188.98,0,0,191,System Idle Process,0,msedgewebview2.exe,17500,INTEL SSDPEKKF256G7L,PASSED,4,100,64,9.89,3044,0
8/8/2026 20:42,HI38,6.6,2396,45.9,6588.14,16.3,0,22.45,0,0,191,System Idle Process,0,msedgewebview2.exe,17500,INTEL SSDPEKKF256G7L,PASSED,4,100,66,9.89,3044,0
8/8/2026 20:42,HI38,6.5,2396,46,6574.15,16.3,0,21.07,0,0,191,System Idle Process,0,msedgewebview2.exe,17500,INTEL SSDPEKKF256G7L,PASSED,4,100,66,9.89,3044,0
8/8/2026 20:42,HI38,7.4,2396,45.9,6577.89,16.3,0,111.96,0,0,191,System Idle Process,0,msedgewebview2.exe,17500,INTEL SSDPEKKF256G7L,PASSED,4,100,64,9.89,3044,0
8/8/2026 20:42,HI38,10.7,2396,45.6,6620.16,16.2,0,220.71,0,0,191,System Idle Process,0,msedgewebview2.exe,17500,INTEL SSDPEKKF256G7L,PASSED,4,100,64,9.89,3044,0
8/8/2026 20:42,HI38,13.8,2396,45.6,6622.18,16.2,0,270.41,0,0,191,System Idle Process,0,msedgewebview2.exe,17500,INTEL SSDPEKKF256G7L,PASSED,4,100,64,9.89,3044,0
8/8/2026 20:42,HI38,14,2396,46,6569.42,16.3,0.02,280.4,0,0,191,System Idle Process,0,msedgewebview2.exe,17500,INTEL SSDPEKKF256G7L,PASSED,4,100,64,9.89,3044,0
8/8/2026 20:42,HI38,12,2396,45.9,6577.93,16.3,0,277.42,0,0,191,System Idle Process,0,msedgewebview2.exe,17500,INTEL SSDPEKKF256G7L,PASSED,4,100,64,9.89,3044,0
8/8/2026 20:42,HI38,15,2396,46,6573.63,16.3,0,261.96,0,0,191,System Idle Process,0,msedgewebview2.exe,17500,INTEL SSDPEKKF256G7L,PASSED,4,100,64,9.89,3044,0
8/8/2026 20:42,HI38,16.1,2396,45.7,6611.77,16.2,0.01,272.11,0,0,191,System Idle Process,0,msedgewebview2.exe,17500,INTEL SSDPEKKF256G7L,PASSED,4,100,62,9.89,3044,0
8/8/2026 20:42,HI38,20.3,2396,45.9,6585.82,16.2,0,269.07,0,0,191,System Idle Process,0,msedgewebview2.exe,17500,INTEL SSDPEKKF256G7L,PASSED,4,100,62,9.89,3044,0
8/8/2026 20:42,HI38,14.3,2396,46.1,6561.17,16.3,0,283.66,0,0,191,System Idle Process,0,msedgewebview2.exe,17500,INTEL SSDPEKKF256G7L,PASSED,4,100,62,9.89,3044,0
8/8/2026 20:42,HI38,11.9,2396,46,6567.52,16.3,0,230.16,0,0,191,System Idle Process,0,msedgewebview2.exe,17500,INTEL SSDPEKKF256G7L,PASSED,4,100,64,9.89,3044,0
8/8/2026 20:42,HI38,12.1,2396,46.1,6561.07,16.3,0,276.59,0,0,191,System Idle Process,0,msedgewebview2.exe,17500,INTEL SSDPEKKF256G7L,PASSED,4,100,62,9.89,3044,0
8/8/2026 20:42,HI38,14.3,2396,45.6,6620.86,16.2,0,281.65,0,0,191,System Idle Process,0,msedgewebview2.exe,17500,INTEL SSDPEKKF256G7L,PASSED,4,100,62,9.89,3044,0
8/8/2026 20:42,HI38,12.8,2396,45.9,6579.01,16.2,0,234.83,0,0,191,System Idle Process,0,msedgewebview2.exe,17500,INTEL SSDPEKKF256G7L,PASSED,4,100,62,9.89,3044,0
8/8/2026 20:42,HI38,14,2396,46,6566.41,16.3,0,274.96,0,0,191,System Idle Process,0,msedgewebview2.exe,17500,INTEL SSDPEKKF256G7L,PASSED,4,100,62,9.89,3044,0
8/8/2026 20:42,HI38,14.6,2396,46.1,6563.82,16.3,0,279.55,0,0,191,System Idle Process,0,msedgewebview2.exe,17500,INTEL SSDPEKKF256G7L,PASSED,4,100,64,9.9,3044,0
8/8/2026 20:42,HI38,14.9,2396,45.7,6611.15,16.2,0,251.45,0,0,192,System Idle Process,0,msedgewebview2.exe,17500,INTEL SSDPEKKF256G7L,PASSED,4,100,62,9.9,3044,0
8/8/2026 20:42,HI38,14.4,2396,46,6573.43,16.3,0,278.89,0,0,192,System Idle Process,0,msedgewebview2.exe,17500,INTEL SSDPEKKF256G7L,PASSED,4,100,62,9.9,3044,0
8/8/2026 20:42,HI38,13.9,2396,45.8,6588.88,16.2,0,281.05,0,0,192,System Idle Process,0,msedgewebview2.exe,17500,INTEL SSDPEKKF256G7L,PASSED,4,100,64,9.9,3044,0
8/8/2026 20:42,HI38,17.2,2396,46.2,6551.98,16.3,0,239.36,0,0,193,System Idle Process,0,msedgewebview2.exe,17500,INTEL SSDPEKKF256G7L,PASSED,4,100,62,9.9,3044,0
8/8/2026 20:42,HI38,12.9,2396,46.1,6564.2,16.3,0,288.14,0,0,193,System Idle Process,0,msedgewebview2.exe,17500,INTEL SSDPEKKF256G7L,PASSED,4,100,64,9.9,3044,0
8/8/2026 20:42,HI38,13.5,2396,45.9,6583.19,16.2,0,278.88,0,0,193,System Idle Process,0,msedgewebview2.exe,17500,INTEL SSDPEKKF256G7L,PASSED,4,100,64,9.9,3044,0
8/8/2026 20:42,HI38,12.7,2396,46.1,6563.75,16.3,0,247.15,0,0,193,System Idle Process,0,msedgewebview2.exe,17500,INTEL SSDPEKKF256G7L,PASSED,4,100,64,9.9,3044,0
8/8/2026 20:42,HI38,13.6,2396,45.9,6579.28,16.2,0,259.4,0,0,193,System Idle Process,0,msedgewebview2.exe,17500,INTEL SSDPEKKF256G7L,PASSED,4,100,64,9.9,3044,0
8/8/2026 20:42,HI38,13.4,2396,46.1,6557.33,16.3,0,255.54,0,0,193,System Idle Process,0,msedgewebview2.exe,17500,INTEL SSDPEKKF256G7L,PASSED,4,100,64,9.9,3044,0
8/8/2026 20:42,HI38,6,2396,46,6566.18,16.3,0,16.77,0,0,193,System Idle Process,0,msedgewebview2.exe,17500,INTEL SSDPEKKF256G7L,PASSED,4,100,66,9.9,3044,0
8/8/2026 20:42,HI38,5.6,2396,46.1,6559.75,16.3,0,20.59,0,0,193,System Idle Process,0,msedgewebview2.exe,17500,INTEL SSDPEKKF256G7L,PASSED,4,100,66,9.9,3044,0
8/8/2026 20:42,HI38,17.3,2396,46.5,6514.94,16.3,0,83.39,0,0,194,System Idle Process,0,msedgewebview2.exe,17500,INTEL SSDPEKKF256G7L,PASSED,4,100,64,9.9,3044,0
8/8/2026 20:42,HI38,23.5,2396,45.4,6640.02,16.3,0.01,262.09,0,0,194,System Idle Process,0,msedgewebview2.exe,17500,INTEL SSDPEKKF256G7L,PASSED,4,100,64,9.9,3044,0
8/8/2026 20:42,HI38,16.3,2396,45.5,6633.63,16.3,0.02,270.84,0,0,194,System Idle Process,0,msedgewebview2.exe,17500,INTEL SSDPEKKF256G7L,PASSED,4,100,64,9.9,3044,0
8/8/2026 20:43,HI38,14.7,2396,45.3,6653.07,16.2,0,284.35,0,0,194,System Idle Process,0,msedgewebview2.exe,17500,INTEL SSDPEKKF256G7L,PASSED,4,100,64,9.9,3044,0
8/8/2026 20:43,HI38,13.9,2396,45.5,6636.04,16.3,0,280.48,0,0,194,System Idle Process,0,msedgewebview2.exe,17500,INTEL SSDPEKKF256G7L,PASSED,4,100,62,9.9,3044,0
8/8/2026 20:43,HI38,16.1,2396,45.5,6632.68,16.3,0,272.04,0,0,194,System Idle Process,0,msedgewebview2.exe,17500,INTEL SSDPEKKF256G7L,PASSED,4,100,64,9.9,3044,0
8/8/2026 20:43,HI38,13.4,2396,45.5,6634.01,16.3,0,281.78,0,0,194,System Idle Process,0,msedgewebview2.exe,17500,INTEL SSDPEKKF256G7L,PASSED,4,100,62,9.9,3044,0
8/8/2026 20:43,HI38,14.4,2396,45.4,6638.61,16.3,0,251.84,0,0,194,System Idle Process,0,msedgewebview2.exe,17500,INTEL SSDPEKKF256G7L,PASSED,4,100,62,9.9,3044,0
8/8/2026 20:43,HI38,19.4,2396,45.4,6639.4,16.3,0,276.18,0,0,194,System Idle Process,0,msedgewebview2.exe,17500,INTEL SSDPEKKF256G7L,PASSED,4,100,62,9.9,3044,0
8/8/2026 20:43,HI38,16.5,2396,45.5,6637.18,16.3,0,282.18,0,0,194,System Idle Process,0,msedgewebview2.exe,17500,INTEL SSDPEKKF256G7L,PASSED,4,100,62,9.9,3044,0
8/8/2026 20:43,HI38,14.4,2396,45.5,6628.46,16.3,0,250.14,0,0,194,System Idle Process,0,msedgewebview2.exe,17500,INTEL SSDPEKKF256G7L,PASSED,4,100,64,9.9,3044,0
8/8/2026 20:43,HI38,12.3,2396,45.5,6636.1,16.3,0,271.77,0,0,194,System Idle Process,0,msedgewebview2.exe,17500,INTEL SSDPEKKF256G7L,PASSED,4,100,62,9.9,3044,0
8/8/2026 20:43,HI38,15.3,2396,45.4,6641.89,16.3,0,270.07,0,0,194,System Idle Process,0,msedgewebview2.exe,17500,INTEL SSDPEKKF256G7L,PASSED,4,100,62,9.91,3044,0
8/8/2026 20:43,HI38,15.7,2396,45.5,6633.05,16.3,0,263.44,0,0,194,System Idle Process,0,msedgewebview2.exe,17500,INTEL SSDPEKKF256G7L,PASSED,4,100,62,9.91,3044,0
8/8/2026 20:43,HI38,15.4,2396,45.5,6626.34,16.3,0,262.47,0,0,194,System Idle Process,0,msedgewebview2.exe,17500,INTEL SSDPEKKF256G7L,PASSED,4,100,62,9.91,3044,0
8/8/2026 20:43,HI38,15.8,2396,45.1,6682.68,16.2,0,275.98,0,0,194,System Idle Process,0,msedgewebview2.exe,17500,INTEL SSDPEKKF256G7L,PASSED,4,100,62,9.91,3044,0
8/8/2026 20:43,HI38,17.5,2396,45.5,6632.86,16.3,0,250.04,0,0,194,System Idle Process,0,msedgewebview2.exe,17500,INTEL SSDPEKKF256G7L,PASSED,4,100,62,9.91,3044,0
8/8/2026 20:43,HI38,13,2396,45.5,6627.11,16.3,0,265.36,0,0,194,System Idle Process,0,msedgewebview2.exe,17500,INTEL SSDPEKKF256G7L,PASSED,4,100,62,9.91,3044,0
8/8/2026 20:43,HI38,15.1,2396,45.2,6669.57,16.2,0,261.7,0,0,193,System Idle Process,0,msedgewebview2.exe,17500,INTEL SSDPEKKF256G7L,PASSED,4,100,64,9.91,3044,0
8/8/2026 20:43,HI38,17.9,2396,45.4,6643.53,16.3,0,244.14,0,0,193,System Idle Process,0,msedgewebview2.exe,17500,INTEL SSDPEKKF256G7L,PASSED,4,100,64,9.91,3044,0
8/8/2026 20:43,HI38,14.2,2396,45,6686.13,16.3,0.9,255.16,0,0,192,System Idle Process,0,msedgewebview2.exe,17500,INTEL SSDPEKKF256G7L,PASSED,4,100,64,9.91,3044,0
8/8/2026 20:43,HI38,15.3,2396,44.9,6698.25,16.3,0,267.25,0,0,192,System Idle Process,0,msedgewebview2.exe,17500,INTEL SSDPEKKF256G7L,PASSED,4,100,66,9.91,3044,0
8/8/2026 20:43,HI38,8.1,2396,44.9,6699.36,16.3,0,19.9,0,0,192,System Idle Process,0,msedgewebview2.exe,17500,INTEL SSDPEKKF256G7L,PASSED,4,100,66,9.91,3044,0
8/8/2026 20:43,HI38,6.7,2396,44.9,6698.23,16.3,0,18.89,0,0,192,System Idle Process,0,msedgewebview2.exe,17500,INTEL SSDPEKKF256G7L,PASSED,4,100,66,9.91,3044,0
8/8/2026 20:43,HI38,7.2,2396,45,6696.37,16.3,0,123.04,0,0,192,System Idle Process,0,msedgewebview2.exe,17500,INTEL SSDPEKKF256G7L,PASSED,4,100,66,9.91,3044,0
8/8/2026 20:43,HI38,13.3,2396,45,6688.24,16.3,0,213.11,0,0,192,System Idle Process,0,msedgewebview2.exe,17500,INTEL SSDPEKKF256G7L,PASSED,4,100,66,9.91,3044,0
8/8/2026 20:43,HI38,17.5,2396,45,6692.71,16.3,0.01,272.5,0,0,192,System Idle Process,0,msedgewebview2.exe,17500,INTEL SSDPEKKF256G7L,PASSED,4,100,64,9.91,3044,0
8/8/2026 20:43,HI38,13.3,2396,45.1,6683.45,16.3,0,289.61,0,0,192,System Idle Process,0,msedgewebview2.exe,17500,INTEL SSDPEKKF256G7L,PASSED,4,100,64,9.91,3044,0
8/8/2026 20:43,HI38,15.2,2396,45,6689.62,16.3,0,267.4,0,0,192,System Idle Process,0,msedgewebview2.exe,17500,INTEL SSDPEKKF256G7L,PASSED,4,100,64,9.91,3044,0
8/8/2026 20:43,HI38,15.2,2396,45.1,6684.61,16.3,0.06,279.21,0,0,192,System Idle Process,0,msedgewebview2.exe,17500,INTEL SSDPEKKF256G7L,PASSED,4,100,64,9.91,3044,0
8/8/2026 20:43,HI38,18.2,2396,45.1,6680.75,16.3,0,292.11,0,0,192,System Idle Process,0,msedgewebview2.exe,17500,INTEL SSDPEKKF256G7L,PASSED,4,100,64,9.91,3044,0
8/8/2026 20:43,HI38,15,2396,45.1,6680.67,16.3,0,252.16,0,0,192,System Idle Process,0,msedgewebview2.exe,17500,INTEL SSDPEKKF256G7L,PASSED,4,100,64,9.91,3044,0
8/8/2026 20:43,HI38,13.4,2396,44.9,6700.52,16.3,0.01,279.05,0,0,192,System Idle Process,0,msedgewebview2.exe,17500,INTEL SSDPEKKF256G7L,PASSED,4,100,64,9.91,3044,0
8/8/2026 20:43,HI38,13.9,2396,45.1,6684.13,16.3,0,287.13,0,0,192,System Idle Process,0,msedgewebview2.exe,17500,INTEL SSDPEKKF256G7L,PASSED,4,100,62,9.91,3044,0
8/8/2026 20:43,HI38,15.8,2396,45,6686,16.3,0,246.67,0,0,192,System Idle Process,0,msedgewebview2.exe,17500,INTEL SSDPEKKF256G7L,PASSED,4,100,64,9.91,3044,0
8/8/2026 20:43,HI38,14.2,2396,44.6,6739.84,16.2,0,276.95,0,0,192,System Idle Process,0,msedgewebview2.exe,17500,INTEL SSDPEKKF256G7L,PASSED,4,100,62,9.91,3044,0
8/8/2026 20:43,HI38,14.7,2396,44.9,6705.44,16.2,0,293.7,0,0,192,System Idle Process,0,msedgewebview2.exe,17500,INTEL SSDPEKKF256G7L,PASSED,4,100,64,9.92,3044,0
8/8/2026 20:43,HI38,15.6,2396,45,6689.62,16.3,0,264.68,0,0,192,System Idle Process,0,msedgewebview2.exe,17500,INTEL SSDPEKKF256G7L,PASSED,4,100,64,9.92,3044,0
8/8/2026 20:44,HI38,14.3,2396,44.8,6715.17,16.2,0,258.25,0,0,192,System Idle Process,0,msedgewebview2.exe,17500,INTEL SSDPEKKF256G7L,PASSED,4,100,62,9.92,3044,0
8/8/2026 20:44,HI38,15.6,2396,44.6,6734.99,16.2,0,291.79,0,0,192,System Idle Process,0,msedgewebview2.exe,17500,INTEL SSDPEKKF256G7L,PASSED,4,100,62,9.92,3044,0
8/8/2026 20:44,HI38,16.2,2396,45,6694.22,16.3,0,275.95,0,0,192,System Idle Process,0,msedgewebview2.exe,17500,INTEL SSDPEKKF256G7L,PASSED,4,100,62,9.92,3044,0
8/8/2026 20:44,HI38,16.6,2396,44.9,6706.84,16.3,0,252.04,0,0,192,System Idle Process,0,msedgewebview2.exe,17500,INTEL SSDPEKKF256G7L,PASSED,4,100,64,9.92,3044,0
8/8/2026 20:44,HI38,14.1,2396,45,6689.11,16.3,0,280.35,0,0,192,System Idle Process,0,msedgewebview2.exe,17500,INTEL SSDPEKKF256G7L,PASSED,4,100,64,9.92,3044,0
8/8/2026 20:44,HI38,13.8,2396,44.8,6721.28,16.2,0,278.79,0,0,192,System Idle Process,0,msedgewebview2.exe,17500,INTEL SSDPEKKF256G7L,PASSED,4,100,64,9.92,3044,0
8/8/2026 20:44,HI38,12.6,2396,44.5,6747.16,16.2,0,252.31,0,0,192,System Idle Process,0,msedgewebview2.exe,17500,INTEL SSDPEKKF256G7L,PASSED,4,100,66,9.92,3044,0
8/8/2026 20:44,HI38,12.2,2396,45.1,6683.64,16.3,0,146.26,0,0,192,System Idle Process,0,msedgewebview2.exe,17500,INTEL SSDPEKKF256G7L,PASSED,4,100,66,9.92,3044,0
8/8/2026 20:44,HI38,7.7,2396,45,6690.51,16.3,0,20.19,0,0,192,System Idle Process,0,msedgewebview2.exe,17500,INTEL SSDPEKKF256G7L,PASSED,4,100,66,9.92,3044,0
8/8/2026 20:44,HI38,5.9,2396,44.5,6758.68,16.2,0,16.81,0,0,192,System Idle Process,0,msedgewebview2.exe,17500,INTEL SSDPEKKF256G7L,PASSED,4,100,66,9.92,3044,0
8/8/2026 20:44,HI38,8.2,2396,45,6690.93,16.3,0,132.95,0,0,192,System Idle Process,0,msedgewebview2.exe,17500,INTEL SSDPEKKF256G7L,PASSED,4,100,66,9.92,3044,0
8/8/2026 20:44,HI38,13.7,2396,45,6687.45,16.3,0,218.63,0,0,192,System Idle Process,0,msedgewebview2.exe,17500,INTEL SSDPEKKF256G7L,PASSED,4,100,66,9.92,3044,0
8/8/2026 20:44,HI38,16.4,2396,45,6686.89,16.3,0,281.5,0,0,192,System Idle Process,0,msedgewebview2.exe,17500,INTEL SSDPEKKF256G7L,PASSED,4,100,64,9.92,3044,0
8/8/2026 20:44,HI38,15.5,2396,44.9,6698.31,16.3,0,286.76,0,0,192,System Idle Process,0,msedgewebview2.exe,17500,INTEL SSDPEKKF256G7L,PASSED,4,100,64,9.92,3044,0
8/8/2026 20:44,HI38,16,2396,45.1,6685.13,16.3,0,274.38,0,0,192,System Idle Process,0,msedgewebview2.exe,17500,INTEL SSDPEKKF256G7L,PASSED,4,100,64,9.92,3044,0
8/8/2026 20:44,HI38,15.5,2396,45,6692.22,16.3,0,278.25,0,0,192,System Idle Process,0,msedgewebview2.exe,17500,INTEL SSDPEKKF256G7L,PASSED,4,100,64,9.92,3044,0
8/8/2026 20:44,HI38,14.3,2396,44.9,6698.44,16.3,0,284.62,0,0,192,System Idle Process,0,msedgewebview2.exe,17500,INTEL SSDPEKKF256G7L,PASSED,4,100,64,9.92,3044,0
8/8/2026 20:44,HI38,15.7,2396,45,6686.03,16.3,0,286.91,0,0,192,System Idle Process,0,msedgewebview2.exe,17500,INTEL SSDPEKKF256G7L,PASSED,4,100,64,9.92,3044,0
8/8/2026 20:44,HI38,14.4,2396,45,6687.57,16.3,0,235.84,0,0,192,System Idle Process,0,msedgewebview2.exe,17500,INTEL SSDPEKKF256G7L,PASSED,4,100,64,9.92,3044,0
8/8/2026 20:44,HI38,15.1,2396,44.9,6701.21,16.3,0,281,0,0,192,System Idle Process,0,msedgewebview2.exe,17500,INTEL SSDPEKKF256G7L,PASSED,4,100,64,9.92,3044,0
8/8/2026 20:44,HI38,15.7,2396,45,6696.61,16.3,0,290.26,0,0,192,System Idle Process,0,msedgewebview2.exe,17500,INTEL SSDPEKKF256G7L,PASSED,4,100,64,9.92,3044,0
8/8/2026 20:44,HI38,12.9,2396,45,6695.51,16.3,0,238.84,0,0,192,System Idle Process,0,msedgewebview2.exe,17500,INTEL SSDPEKKF256G7L,PASSED,4,100,64,9.92,3044,0
8/8/2026 20:44,HI38,16.2,2396,45,6696.48,16.3,0,282.6,0,0,192,System Idle Process,0,msedgewebview2.exe,17500,INTEL SSDPEKKF256G7L,PASSED,4,100,64,9.93,3044,0
8/8/2026 20:44,HI38,13.8,2396,45,6694.79,16.3,0,277.48,0,0,192,System Idle Process,0,msedgewebview2.exe,17500,INTEL SSDPEKKF256G7L,PASSED,4,100,64,9.93,3044,0
8/8/2026 20:44,HI38,13.9,2396,44.9,6707.33,16.3,0,237.57,0,0,192,System Idle Process,0,msedgewebview2.exe,17500,INTEL SSDPEKKF256G7L,PASSED,4,100,64,9.93,3044,0
8/8/2026 20:44,HI38,14.7,2396,44.9,6699.1,16.3,0,276.79,0,0,192,System Idle Process,0,msedgewebview2.exe,17500,INTEL SSDPEKKF256G7L,PASSED,4,100,64,9.93,3044,0
8/8/2026 20:44,HI38,15.4,2396,44.8,6714.67,16.2,0,283.25,0,0,192,System Idle Process,0,msedgewebview2.exe,17500,INTEL SSDPEKKF256G7L,PASSED,4,100,64,9.93,3044,0
8/8/2026 20:44,HI38,13.8,2396,44.8,6720.91,16.2,0,252.43,0,0,192,System Idle Process,0,msedgewebview2.exe,17500,INTEL SSDPEKKF256G7L,PASSED,4,100,62,9.93,3044,0
8/8/2026 20:44,HI38,14.1,2396,45,6692.65,16.3,0,277.97,0,0,192,System Idle Process,0,msedgewebview2.exe,17500,INTEL SSDPEKKF256G7L,PASSED,4,100,64,9.93,3044,0
8/8/2026 20:44,HI38,13.5,2396,44.9,6701.14,16.3,0,286.42,0,0,192,System Idle Process,0,msedgewebview2.exe,17500,INTEL SSDPEKKF256G7L,PASSED,4,100,64,9.93,3044,0
8/8/2026 20:44,HI38,13.2,2396,44.8,6719.64,16.2,0,252.81,0,0,192,System Idle Process,0,msedgewebview2.exe,17500,INTEL SSDPEKKF256G7L,PASSED,4,100,64,9.93,3044,0
8/8/2026 20:44,HI38,15.2,2396,44.8,6718.68,16.2,0,273.62,0,0,192,System Idle Process,0,msedgewebview2.exe,17500,INTEL SSDPEKKF256G7L,PASSED,4,100,64,9.93,3044,0
8/8/2026 20:44,HI38,14.9,2396,45,6695.78,16.3,0,298.16,0,0,192,System Idle Process,0,msedgewebview2.exe,17500,INTEL SSDPEKKF256G7L,PASSED,4,100,66,9.93,3044,0
8/8/2026 20:44,HI38,13.3,2396,44.9,6698.8,16.3,0,237.24,0,0,192,System Idle Process,0,msedgewebview2.exe,17500,INTEL SSDPEKKF256G7L,PASSED,4,100,64,9.93,3044,0
8/8/2026 20:44,HI38,13.1,2396,45,6690.76,16.3,0,249.97,0,0,192,System Idle Process,0,msedgewebview2.exe,17500,INTEL SSDPEKKF256G7L,PASSED,4,100,66,9.93,3044,0
8/8/2026 20:44,HI38,9.6,2396,45.1,6685.7,16.3,0,71.97,0,0,192,System Idle Process,0,msedgewebview2.exe,17500,INTEL SSDPEKKF256G7L,PASSED,4,100,66,9.93,3044,0
8/8/2026 20:45,HI38,4.8,2396,45,6696.96,16.3,0,17.44,0,0,192,System Idle Process,0,msedgewebview2.exe,17500,INTEL SSDPEKKF256G7L,PASSED,4,100,66,9.93,3044,0
8/8/2026 20:45,HI38,6.2,2396,44.7,6726.3,16.2,0.03,17.91,0,0,192,System Idle Process,0,msedgewebview2.exe,17500,INTEL SSDPEKKF256G7L,PASSED,4,100,66,9.93,3044,0
8/8/2026 20:45,HI38,15.3,2396,45,6689.96,16.3,0.02,211.86,0,0,192,System Idle Process,0,msedgewebview2.exe,17500,INTEL SSDPEKKF256G7L,PASSED,4,100,66,9.93,3044,0
8/8/2026 20:45,HI38,15.9,2396,45,6693.71,16.3,0.04,252.53,0,0,192,System Idle Process,0,msedgewebview2.exe,17500,INTEL SSDPEKKF256G7L,PASSED,4,100,64,9.93,3044,0
8/8/2026 20:45,HI38,15.5,2396,45,6687.65,16.3,0,291.41,0,0,192,System Idle Process,0,msedgewebview2.exe,17500,INTEL SSDPEKKF256G7L,PASSED,4,100,64,9.93,3044,0
8/8/2026 20:45,HI38,16.5,2396,45.1,6677.47,16.3,0.2,278.78,0,0,192,System Idle Process,0,msedgewebview2.exe,17500,INTEL SSDPEKKF256G7L,PASSED,4,100,64,9.93,3044,0
8/8/2026 20:45,HI38,13.8,2396,45.1,6683.02,16.3,0.11,274.74,0,0,192,System Idle Process,0,msedgewebview2.exe,17500,INTEL SSDPEKKF256G7L,PASSED,4,100,64,9.93,3044,0
8/8/2026 20:45,HI38,16.9,2396,44.6,6738,16.2,0,283.44,0,0,192,System Idle Process,0,msedgewebview2.exe,17500,INTEL SSDPEKKF256G7L,PASSED,4,100,64,9.93,3044,0
8/8/2026 20:45,HI38,15.4,2396,45.1,6677.78,16.3,0,280.46,0,0,192,System Idle Process,0,msedgewebview2.exe,17500,INTEL SSDPEKKF256G7L,PASSED,4,100,64,9.93,3044,0
8/8/2026 20:45,HI38,13.6,2396,44.9,6700.88,16.2,0,243.34,0,0,192,System Idle Process,0,msedgewebview2.exe,17500,INTEL SSDPEKKF256G7L,PASSED,4,100,64,9.93,3044,0
8/8/2026 20:45,HI38,15.6,2396,44.8,6721.51,16.2,0,287.6,0,0,192,System Idle Process,0,msedgewebview2.exe,17500,INTEL SSDPEKKF256G7L,PASSED,4,100,64,9.93,3044,0
8/8/2026 20:45,HI38,13.9,2396,45.1,6682.64,16.3,0,270.45,0,0,192,System Idle Process,0,msedgewebview2.exe,17500,INTEL SSDPEKKF256G7L,PASSED,4,100,64,9.94,3044,0
8/8/2026 20:45,HI38,13.6,2396,45.1,6680.1,16.3,0,245.56,0,0,192,System Idle Process,0,msedgewebview2.exe,17500,INTEL SSDPEKKF256G7L,PASSED,4,100,64,9.94,3044,0
8/8/2026 20:45,HI38,16.7,2396,45,6694.08,16.3,0,277.47,0,0,192,System Idle Process,0,msedgewebview2.exe,17500,INTEL SSDPEKKF256G7L,PASSED,4,100,64,9.94,3044,0
8/8/2026 20:45,HI38,13.6,2396,45,6695.54,16.3,0,291.06,0,0,192,System Idle Process,0,msedgewebview2.exe,17500,INTEL SSDPEKKF256G7L,PASSED,4,100,64,9.94,3044,0
8/8/2026 20:45,HI38,14,2396,45.1,6683.37,16.3,0,254.6,0,0,192,System Idle Process,0,msedgewebview2.exe,17500,INTEL SSDPEKKF256G7L,PASSED,4,100,64,9.94,3044,0
8/8/2026 20:45,HI38,15.6,2396,45,6694.41,16.3,0,274.8,0,0,192,System Idle Process,0,msedgewebview2.exe,17500,INTEL SSDPEKKF256G7L,PASSED,4,100,64,9.94,3044,0
8/8/2026 20:45,HI38,15.2,2396,45,6687.48,16.3,0,285.64,0,0,192,System Idle Process,0,msedgewebview2.exe,17500,INTEL SSDPEKKF256G7L,PASSED,4,100,64,9.94,3044,0
8/8/2026 20:45,HI38,16.1,2396,45,6686.41,16.3,0,251.03,0,0,192,System Idle Process,0,msedgewebview2.exe,17500,INTEL SSDPEKKF256G7L,PASSED,4,100,64,9.94,3044,0
8/8/2026 20:45,HI38,13.5,2396,44.9,6703.64,16.3,0.03,272.62,0,0,192,System Idle Process,0,msedgewebview2.exe,17500,INTEL SSDPEKKF256G7L,PASSED,4,100,64,9.94,3044,0
8/8/2026 20:45,HI38,16,2396,44.6,6740.57,16.2,0.04,283.91,0,0,192,System Idle Process,0,msedgewebview2.exe,17500,INTEL SSDPEKKF256G7L,PASSED,4,100,62,9.94,3044,0
8/8/2026 20:45,HI38,15.5,2396,45.1,6678.77,16.3,0,241.97,0,0,192,System Idle Process,0,msedgewebview2.exe,17500,INTEL SSDPEKKF256G7L,PASSED,4,100,64,9.94,3044,0
8/8/2026 20:45,HI38,15.6,2396,44.9,6701.04,16.3,0,297.32,0,0,192,System Idle Process,0,msedgewebview2.exe,17500,INTEL SSDPEKKF256G7L,PASSED,4,100,62,9.94,3044,0
8/8/2026 20:45,HI38,16.5,2396,45,6692.05,16.3,0,279.93,0,0,192,System Idle Process,0,msedgewebview2.exe,17500,INTEL SSDPEKKF256G7L,PASSED,4,100,64,9.94,3044,0
8/8/2026 20:45,HI38,12.9,2396,44.6,6742.33,16.2,0,262.19,0,0,192,System Idle Process,0,msedgewebview2.exe,17500,INTEL SSDPEKKF256G7L,PASSED,4,100,64,9.94,3044,0
8/8/2026 20:45,HI38,16.3,2396,44.6,6744.41,16.2,0,271.13,0,0,192,System Idle Process,0,msedgewebview2.exe,17500,INTEL SSDPEKKF256G7L,PASSED,4,100,66,9.94,3044,0
8/8/2026 20:45,HI38,14.9,2396,45,6695.2,16.3,0,248.96,0,0,192,System Idle Process,0,msedgewebview2.exe,17500,INTEL SSDPEKKF256G7L,PASSED,4,100,66,9.94,3044,0
8/8/2026 20:45,HI38,12.3,2396,45.1,6683.58,16.3,0,201.4,0,0,192,System Idle Process,0,msedgewebview2.exe,17500,INTEL SSDPEKKF256G7L,PASSED,4,100,66,9.94,3044,0
8/8/2026 20:45,HI38,8.5,2396,45.1,6681.94,16.3,0,17.91,0,0,192,System Idle Process,0,msedgewebview2.exe,17500,INTEL SSDPEKKF256G7L,PASSED,4,100,66,9.94,3044,0
8/8/2026 20:45,HI38,6.5,2396,44.9,6699.29,16.3,0,21.25,0,0,192,System Idle Process,0,msedgewebview2.exe,17500,INTEL SSDPEKKF256G7L,PASSED,4,100,66,9.94,3044,0
8/8/2026 20:45,HI38,11.8,2396,44.8,6718.35,16.2,0.51,82.49,0,0,193,System Idle Process,0,msedgewebview2.exe,17500,INTEL SSDPEKKF256G7L,PASSED,4,100,64,9.94,3044,0
8/8/2026 20:45,HI38,25.7,2396,45.2,6663.41,16.3,0.26,263.63,0,0,195,System Idle Process,0,msedgewebview2.exe,17500,INTEL SSDPEKKF256G7L,PASSED,4,100,64,9.94,3044,0
8/8/2026 20:45,HI38,15.3,2396,45.2,6669.56,16.3,0.01,286,0,0,195,System Idle Process,0,msedgewebview2.exe,17500,INTEL SSDPEKKF256G7L,PASSED,4,100,64,9.94,3044,0
8/8/2026 20:45,HI38,16,2396,45.2,6662.26,16.3,0,276.63,0,0,195,System Idle Process,0,msedgewebview2.exe,17500,INTEL SSDPEKKF256G7L,PASSED,4,100,64,9.94,3044,0
8/8/2026 20:45,HI38,16.7,2396,45.1,6674.6,16.3,0,270.4,0,0,195,System Idle Process,0,msedgewebview2.exe,17500,INTEL SSDPEKKF256G7L,PASSED,4,100,64,9.94,3044,0
8/8/2026 20:45,HI38,14.8,2396,45.1,6677.72,16.2,0,288.09,0,0,195,System Idle Process,0,msedgewebview2.exe,17500,INTEL SSDPEKKF256G7L,PASSED,4,100,64,9.95,3044,0
8/8/2026 20:46,HI38,15.5,2396,45.2,6663.2,16.3,0,251.31,0,0,195,System Idle Process,0,msedgewebview2.exe,17500,INTEL SSDPEKKF256G7L,PASSED,4,100,64,9.95,3044,0
8/8/2026 20:46,HI38,16.5,2396,45.3,6660.81,16.3,0,283.61,0,0,195,System Idle Process,0,msedgewebview2.exe,17500,INTEL SSDPEKKF256G7L,PASSED,4,100,64,9.95,3044,0
8/8/2026 20:46,HI38,13.9,2396,45.1,6676.94,16.3,0,284.68,0,0,195,System Idle Process,0,msedgewebview2.exe,17500,INTEL SSDPEKKF256G7L,PASSED,4,100,64,9.95,3044,0
8/8/2026 20:46,HI38,14.4,2396,45.3,6661.05,16.3,0,249.95,0,0,195,System Idle Process,0,msedgewebview2.exe,17500,INTEL SSDPEKKF256G7L,PASSED,4,100,64,9.95,3044,0
8/8/2026 20:46,HI38,16.2,2396,45,6694.43,16.2,0,283.04,0,0,195,System Idle Process,0,msedgewebview2.exe,17500,INTEL SSDPEKKF256G7L,PASSED,4,100,64,9.95,3044,0
8/8/2026 20:46,HI38,15.2,2396,45,6690.16,16.2,0,285.51,0,0,195,System Idle Process,0,msedgewebview2.exe,17500,INTEL SSDPEKKF256G7L,PASSED,4,100,64,9.95,3044,0
8/8/2026 20:46,HI38,15,2396,45.2,6669.55,16.3,0,254.36,0,0,195,System Idle Process,0,msedgewebview2.exe,17500,INTEL SSDPEKKF256G7L,PASSED,4,100,64,9.95,3044,0
8/8/2026 20:46,HI38,14.8,2396,45.3,6660.77,16.3,0,292.69,0,0,195,System Idle Process,0,msedgewebview2.exe,17500,INTEL SSDPEKKF256G7L,PASSED,4,100,64,9.95,3044,0
8/8/2026 20:46,HI38,13.6,2396,45.2,6668.82,16.3,0,295.34,0,0,195,System Idle Process,0,msedgewebview2.exe,17500,INTEL SSDPEKKF256G7L,PASSED,4,100,62,9.95,3044,0
8/8/2026 20:46,HI38,15.3,2396,45,6686.71,16.2,0,248.83,0,0,195,System Idle Process,0,msedgewebview2.exe,17500,INTEL SSDPEKKF256G7L,PASSED,4,100,64,9.95,3044,0
8/8/2026 20:46,HI38,17.1,2396,45.3,6660.83,16.3,0,266.85,0,0,195,System Idle Process,0,msedgewebview2.exe,17500,INTEL SSDPEKKF256G7L,PASSED,4,100,64,9.95,3044,0
8/8/2026 20:46,HI38,15.3,2396,45.2,6663.65,16.3,0,291.69,0,0,195,System Idle Process,0,msedgewebview2.exe,17500,INTEL SSDPEKKF256G7L,PASSED,4,100,64,9.95,3044,0
8/8/2026 20:46,HI38,13.3,2396,45.2,6666.69,16.3,0,247.72,0,0,195,System Idle Process,0,msedgewebview2.exe,17500,INTEL SSDPEKKF256G7L,PASSED,4,100,66,9.95,3044,0
8/8/2026 20:46,HI38,13.9,2396,45.3,6660.35,16.3,0,282.94,0,0,195,System Idle Process,0,msedgewebview2.exe,17500,INTEL SSDPEKKF256G7L,PASSED,4,100,66,9.95,3044,0
8/8/2026 20:46,HI38,15.1,2396,45.1,6676.14,16.3,0,255.95,0,0,195,System Idle Process,0,msedgewebview2.exe,17500,INTEL SSDPEKKF256G7L,PASSED,4,100,66,9.95,3044,0
8/8/2026 20:46,HI38,11.1,2396,45.2,6671.4,16.3,0,122.27,0,0,195,System Idle Process,0,msedgewebview2.exe,17500,INTEL SSDPEKKF256G7L,PASSED,4,100,66,9.95,3044,0
8/8/2026 20:46,HI38,7.4,2396,45.2,6671.06,16.3,0,21.7,0,0,195,System Idle Process,0,msedgewebview2.exe,17500,INTEL SSDPEKKF256G7L,PASSED,4,100,66,9.95,3044,0
8/8/2026 20:46,HI38,7.9,2396,45.3,6660.08,16.3,0,18.68,0,0,195,System Idle Process,0,msedgewebview2.exe,17500,INTEL SSDPEKKF256G7L,PASSED,4,100,66,9.95,3044,0
8/8/2026 20:46,HI38,9.3,2396,45,6688.28,16.2,0,129.72,0,0,195,System Idle Process,0,msedgewebview2.exe,17500,INTEL SSDPEKKF256G7L,PASSED,4,100,66,9.95,3044,0
8/8/2026 20:46,HI38,15.5,2396,45.2,6662.61,16.3,0,237.01,0,0,195,System Idle Process,0,msedgewebview2.exe,17500,INTEL SSDPEKKF256G7L,PASSED,4,100,66,9.95,3044,0
8/8/2026 20:46,HI38,15.5,2396,45.1,6679.1,16.3,0,289.65,0,0,195,System Idle Process,0,msedgewebview2.exe,17500,INTEL SSDPEKKF256G7L,PASSED,4,100,64,9.95,3044,0
8/8/2026 20:46,HI38,14.5,2396,44.8,6721.23,16.2,0,280.57,0,0,195,System Idle Process,0,msedgewebview2.exe,17500,INTEL SSDPEKKF256G7L,PASSED,4,100,64,9.95,3044,0
8/8/2026 20:46,HI38,14.6,2396,45.2,6666.73,16.3,0,281.6,0,0,195,System Idle Process,0,msedgewebview2.exe,17500,INTEL SSDPEKKF256G7L,PASSED,4,100,64,9.95,3044,0
8/8/2026 20:46,HI38,15.8,2396,45.1,6681.62,16.2,0,273.16,0,0,195,System Idle Process,0,msedgewebview2.exe,17500,INTEL SSDPEKKF256G7L,PASSED,4,100,64,9.96,3044,0
8/8/2026 20:46,HI38,12.9,2396,44.8,6714.4,16.2,0,245.69,0,0,195,System Idle Process,0,msedgewebview2.exe,17500,INTEL SSDPEKKF256G7L,PASSED,4,100,64,9.96,3044,0
8/8/2026 20:46,HI38,18,2396,45.1,6676,16.3,0,277.13,0,0,195,System Idle Process,0,msedgewebview2.exe,17500,INTEL SSDPEKKF256G7L,PASSED,4,100,64,9.96,3044,0
8/8/2026 20:46,HI38,17.1,2396,45.1,6683.05,16.2,0,273.14,0,0,195,System Idle Process,0,msedgewebview2.exe,17500,INTEL SSDPEKKF256G7L,PASSED,4,100,64,9.96,3044,0
8/8/2026 20:46,HI38,14.4,2396,45.1,6683.84,16.3,0,264.3,0,0,195,System Idle Process,0,msedgewebview2.exe,17500,INTEL SSDPEKKF256G7L,PASSED,4,100,64,9.96,3044,0
8/8/2026 20:46,HI38,14,2396,45.1,6675.61,16.3,0,282.42,0,0,195,System Idle Process,0,msedgewebview2.exe,17500,INTEL SSDPEKKF256G7L,PASSED,4,100,64,9.96,3044,0
8/8/2026 20:46,HI38,15.9,2396,45.2,6673.05,16.3,0,285.51,0,0,195,System Idle Process,0,msedgewebview2.exe,17500,INTEL SSDPEKKF256G7L,PASSED,4,100,64,9.96,3044,0
8/8/2026 20:46,HI38,13.1,2396,45.1,6683.31,16.3,0,246.68,0,0,195,System Idle Process,0,msedgewebview2.exe,17500,INTEL SSDPEKKF256G7L,PASSED,4,100,64,9.96,3044,0
8/8/2026 20:46,HI38,15.9,2396,44.9,6699.42,16.2,0,282.8,0,0,194,System Idle Process,0,msedgewebview2.exe,17500,INTEL SSDPEKKF256G7L,PASSED,4,100,64,9.96,3044,0
8/8/2026 20:46,HI38,15.4,2396,45.1,6676.88,16.3,0,278.34,0,0,194,System Idle Process,0,msedgewebview2.exe,17500,INTEL SSDPEKKF256G7L,PASSED,4,100,64,9.96,3044,0
8/8/2026 20:46,HI38,13.1,2396,45.2,6673.41,16.3,0.03,263.59,0,0,193,System Idle Process,0,msedgewebview2.exe,17500,INTEL SSDPEKKF256G7L,PASSED,4,100,66,9.96,3044,0
8/8/2026 20:46,HI38,19.2,2396,45.2,6670.98,16.2,0,267.66,0,0,194,System Idle Process,0,msedgewebview2.exe,17500,INTEL SSDPEKKF256G7L,PASSED,4,100,64,9.96,3044,0
8/8/2026 20:46,HI38,17.2,2396,45.4,6640.28,16.3,0,281.15,0,0,194,System Idle Process,0,msedgewebview2.exe,17500,INTEL SSDPEKKF256G7L,PASSED,4,100,64,9.96,3044,0
8/8/2026 20:46,HI38,14.9,2396,45.3,6652.89,16.3,0,278.91,0,0,194,System Idle Process,0,msedgewebview2.exe,17500,INTEL SSDPEKKF256G7L,PASSED,4,100,66,9.96,3044,0
8/8/2026 20:47,HI38,16.1,2396,45.3,6653.38,16.3,0,274.41,0,0,194,System Idle Process,0,msedgewebview2.exe,17500,INTEL SSDPEKKF256G7L,PASSED,4,100,66,9.96,3044,0
8/8/2026 20:47,HI38,15.1,2396,45.3,6653.16,16.3,0,283.19,0,0,194,System Idle Process,0,msedgewebview2.exe,17500,INTEL SSDPEKKF256G7L,PASSED,4,100,66,9.96,3044,0
8/8/2026 20:47,HI38,14.1,2396,45.4,6646.29,16.3,0,279.41,0,0,194,System Idle Process,0,msedgewebview2.exe,17500,INTEL SSDPEKKF256G7L,PASSED,4,100,66,9.96,3044,0
8/8/2026 20:47,HI38,13.7,2396,45.4,6645.25,16.3,0,245.11,0,0,194,System Idle Process,0,msedgewebview2.exe,17500,INTEL SSDPEKKF256G7L,PASSED,4,100,66,9.96,3044,0
8/8/2026 20:47,HI38,6,2396,45.3,6659.54,16.3,0.01,17.32,0,0,194,System Idle Process,0,msedgewebview2.exe,17500,INTEL SSDPEKKF256G7L,PASSED,4,100,66,9.96,3044,0
8/8/2026 20:47,HI38,7.3,2396,45.4,6647.08,16.3,0,20.4,0,0,194,System Idle Process,0,msedgewebview2.exe,17500,INTEL SSDPEKKF256G7L,PASSED,4,100,66,9.96,3044,0
8/8/2026 20:47,HI38,7.2,2396,45,6690.72,16.2,0,34.33,0,0,194,System Idle Process,0,msedgewebview2.exe,17500,INTEL SSDPEKKF256G7L,PASSED,4,100,66,9.96,3044,0
8/8/2026 20:47,HI38,12.4,2396,45.3,6654.77,16.3,0,212.62,0,0,194,System Idle Process,0,msedgewebview2.exe,17500,INTEL SSDPEKKF256G7L,PASSED,4,100,66,9.96,3044,0
8/8/2026 20:47,HI38,14.9,2396,45.3,6654.16,16.3,0,281.57,0,0,194,System Idle Process,0,msedgewebview2.exe,17500,INTEL SSDPEKKF256G7L,PASSED,4,100,66,9.96,3044,0
8/8/2026 20:47,HI38,12.2,2396,45.3,6660.92,16.3,0,269.5,0,0,194,System Idle Process,0,msedgewebview2.exe,17500,INTEL SSDPEKKF256G7L,PASSED,4,100,66,9.96,3044,0
8/8/2026 20:47,HI38,15.9,2396,45.3,6657.9,16.3,0,278.83,0,0,194,System Idle Process,0,msedgewebview2.exe,17500,INTEL SSDPEKKF256G7L,PASSED,4,100,66,9.97,3044,0
8/8/2026 20:47,HI38,15.7,2396,45.3,6659.88,16.3,0,284.45,0,0,194,System Idle Process,0,msedgewebview2.exe,17500,INTEL SSDPEKKF256G7L,PASSED,4,100,66,9.97,3044,0
8/8/2026 20:47,HI38,15.5,2396,45,6697.69,16.2,0,274.46,0,0,194,System Idle Process,0,msedgewebview2.exe,17500,INTEL SSDPEKKF256G7L,PASSED,4,100,64,9.97,3044,0
8/8/2026 20:47,HI38,13.8,2396,45.3,6656.02,16.3,0,276.58,0,0,194,System Idle Process,0,msedgewebview2.exe,17500,INTEL SSDPEKKF256G7L,PASSED,4,100,64,9.97,3044,0
8/8/2026 20:47,HI38,17.1,2396,45.3,6659.53,16.3,0,292.45,0,0,194,System Idle Process,0,msedgewebview2.exe,17500,INTEL SSDPEKKF256G7L,PASSED,4,100,64,9.97,3044,0
8/8/2026 20:47,HI38,13.8,2396,45.3,6655.72,16.3,0,247.15,0,0,194,System Idle Process,0,msedgewebview2.exe,17500,INTEL SSDPEKKF256G7L,PASSED,4,100,64,9.97,3044,0
8/8/2026 20:47,HI38,16.3,2396,44.7,6730.8,16.2,0,282.93,0,0,193,System Idle Process,0,msedgewebview2.exe,17500,INTEL SSDPEKKF256G7L,PASSED,4,100,64,9.97,3044,0
8/8/2026 20:47,HI38,13.9,2396,44.8,6720.77,16.2,0,293.37,0,0,193,System Idle Process,0,msedgewebview2.exe,17500,INTEL SSDPEKKF256G7L,PASSED,4,100,66,9.97,3044,0
8/8/2026 20:47,HI38,14.7,2396,44.9,6705.04,16.2,0,233.5,0,0,193,System Idle Process,0,msedgewebview2.exe,17500,INTEL SSDPEKKF256G7L,PASSED,4,100,64,9.97,3044,0
8/8/2026 20:47,HI38,15.9,2396,45.1,6681.52,16.3,0.01,289.21,0,0,193,System Idle Process,0,msedgewebview2.exe,17500,INTEL SSDPEKKF256G7L,PASSED,4,100,64,9.97,3044,0
8/8/2026 20:47,HI38,14.7,2396,45.1,6674.89,16.3,0,289.35,0,0,193,System Idle Process,0,msedgewebview2.exe,17500,INTEL SSDPEKKF256G7L,PASSED,4,100,64,9.97,3044,0
8/8/2026 20:47,HI38,16.1,2396,44.7,6723.88,16.2,0,254.62,0,0,193,System Idle Process,0,msedgewebview2.exe,17500,INTEL SSDPEKKF256G7L,PASSED,4,100,64,9.97,3044,0
8/8/2026 20:47,HI38,16.2,2396,45,6697.21,16.2,0,291.63,0,0,193,System Idle Process,0,msedgewebview2.exe,17500,INTEL SSDPEKKF256G7L,PASSED,4,100,64,9.97,3044,0
8/8/2026 20:47,HI38,13.9,2396,45.2,6671.75,16.3,0,290.98,0,0,193,System Idle Process,0,msedgewebview2.exe,17500,INTEL SSDPEKKF256G7L,PASSED,4,100,64,9.97,3044,0
8/8/2026 20:47,HI38,14.7,2396,45.1,6681.21,16.3,0,245.35,0,0,193,System Idle Process,0,msedgewebview2.exe,17500,INTEL SSDPEKKF256G7L,PASSED,4,100,64,9.97,3044,0
8/8/2026 20:47,HI38,14.2,2396,44.8,6718.27,16.2,0,278.22,0,0,193,System Idle Process,0,msedgewebview2.exe,17500,INTEL SSDPEKKF256G7L,PASSED,4,100,64,9.97,3044,0
8/8/2026 20:47,HI38,15.3,2396,45.1,6679.15,16.3,0,289.79,0,0,193,System Idle Process,0,msedgewebview2.exe,17500,INTEL SSDPEKKF256G7L,PASSED,4,100,66,9.97,3044,0
8/8/2026 20:47,HI38,17.3,2396,44.9,6702.11,16.2,0,272.29,0,0,193,System Idle Process,0,msedgewebview2.exe,17500,INTEL SSDPEKKF256G7L,PASSED,4,100,66,9.97,3044,0
8/8/2026 20:47,HI38,16.3,2396,45.2,6670.36,16.3,0,248.9,0,0,193,System Idle Process,0,msedgewebview2.exe,17500,INTEL SSDPEKKF256G7L,PASSED,4,100,66,9.97,3044,0
8/8/2026 20:47,HI38,15.8,2396,45.1,6680.94,16.3,0,273.92,0,0,193,System Idle Process,0,msedgewebview2.exe,17500,INTEL SSDPEKKF256G7L,PASSED,4,100,66,9.97,3044,0
8/8/2026 20:47,HI38,14,2396,45.2,6667.4,16.3,0,208.8,0,0,193,System Idle Process,0,msedgewebview2.exe,17500,INTEL SSDPEKKF256G7L,PASSED,4,100,66,9.97,3044,0
8/8/2026 20:47,HI38,6.3,2396,45.2,6668.98,16.3,0,17.62,0,0,193,System Idle Process,0,msedgewebview2.exe,17500,INTEL SSDPEKKF256G7L,PASSED,4,100,66,9.97,3044,0
8/8/2026 20:47,HI38,7,2396,45.2,6670.75,16.3,0.01,20,0,0,193,System Idle Process,0,msedgewebview2.exe,17500,INTEL SSDPEKKF256G7L,PASSED,4,100,66,9.97,3044,0
8/8/2026 20:47,HI38,8.8,2396,45.1,6679.05,16.3,0,107.77,0,0,193,System Idle Process,0,msedgewebview2.exe,17500,INTEL SSDPEKKF256G7L,PASSED,4,100,66,9.97,3044,0
8/8/2026 20:47,HI38,12.9,2396,45.1,6673.77,16.3,0,239.57,0,0,193,System Idle Process,0,msedgewebview2.exe,17500,INTEL SSDPEKKF256G7L,PASSED,4,100,66,9.98,3044,0
8/8/2026 20:47,HI38,15.6,2396,44.7,6733.22,16.2,0,278.44,0,0,193,System Idle Process,0,msedgewebview2.exe,17500,INTEL SSDPEKKF256G7L,PASSED,4,100,66,9.98,3044,0
8/8/2026 20:48,HI38,13.9,2396,45.1,6679.59,16.3,0,275.05,0,0,193,System Idle Process,0,msedgewebview2.exe,17500,INTEL SSDPEKKF256G7L,PASSED,4,100,66,9.98,3044,0
8/8/2026 20:48,HI38,17.3,2396,44.9,6703.14,16.2,0,288.66,0,0,193,System Idle Process,0,msedgewebview2.exe,17500,INTEL SSDPEKKF256G7L,PASSED,4,100,64,9.98,3044,0
8/8/2026 20:48,HI38,17.5,2396,45.1,6680.7,16.3,0.01,277.79,0,0,193,System Idle Process,0,msedgewebview2.exe,17500,INTEL SSDPEKKF256G7L,PASSED,4,100,66,9.98,3044,0
8/8/2026 20:48,HI38,14.8,2396,45.1,6680.7,16.3,0,268.8,0,0,193,System Idle Process,0,msedgewebview2.exe,17500,INTEL SSDPEKKF256G7L,PASSED,4,100,66,9.98,3044,0
8/8/2026 20:48,HI38,15,2396,45,6689.75,16.2,0,265.74,0,0,193,System Idle Process,0,msedgewebview2.exe,17500,INTEL SSDPEKKF256G7L,PASSED,4,100,64,9.98,3044,0
8/8/2026 20:48,HI38,16.3,2396,44.9,6699.83,16.2,0,289.89,0,0,193,System Idle Process,0,msedgewebview2.exe,17500,INTEL SSDPEKKF256G7L,PASSED,4,100,64,9.98,3044,0
8/8/2026 20:48,HI38,15.4,2396,45.2,6673.18,16.3,0.06,285.42,0,0,193,System Idle Process,0,msedgewebview2.exe,17500,INTEL SSDPEKKF256G7L,PASSED,4,100,66,9.98,3044,0
8/8/2026 20:48,HI38,13.1,2396,44.7,6726.55,16.2,0,240.66,0,0,193,System Idle Process,0,msedgewebview2.exe,17500,INTEL SSDPEKKF256G7L,PASSED,4,100,64,9.98,3044,0
8/8/2026 20:48,HI38,15.2,2396,45.1,6675.33,16.3,0,278.02,0,0,193,System Idle Process,0,msedgewebview2.exe,17500,INTEL SSDPEKKF256G7L,PASSED,4,100,64,9.98,3044,0
8/8/2026 20:48,HI38,15.1,2396,44.8,6715.95,16.2,0.1,285.46,0,0,195,System Idle Process,0,msedgewebview2.exe,17500,INTEL SSDPEKKF256G7L,PASSED,4,100,64,9.98,3044,0
8/8/2026 20:48,HI38,27.8,2396,45.2,6664.3,16.3,0.1,243.7,0,0,196,System Idle Process,0,msedgewebview2.exe,17500,INTEL SSDPEKKF256G7L,PASSED,4,100,64,9.98,3044,0
8/8/2026 20:48,HI38,16,2396,44.9,6701.62,16.2,0,286.53,0,0,196,System Idle Process,0,msedgewebview2.exe,17500,INTEL SSDPEKKF256G7L,PASSED,4,100,64,9.98,3044,0
8/8/2026 20:48,HI38,16,2396,45.3,6660.53,16.3,0,271.5,0,0,196,System Idle Process,0,msedgewebview2.exe,17500,INTEL SSDPEKKF256G7L,PASSED,4,100,64,9.98,3044,0
8/8/2026 20:48,HI38,15.4,2396,45.3,6655.51,16.3,0,256.65,0,0,196,System Idle Process,0,msedgewebview2.exe,17500,INTEL SSDPEKKF256G7L,PASSED,4,100,64,9.98,3044,0
8/8/2026 20:48,HI38,14.8,2396,45.3,6658.06,16.3,0,289.89,0,0,196,System Idle Process,0,msedgewebview2.exe,17500,INTEL SSDPEKKF256G7L,PASSED,4,100,66,9.98,3044,0
8/8/2026 20:48,HI38,15.1,2396,45.3,6659.53,16.3,0,271.78,0,0,196,System Idle Process,0,msedgewebview2.exe,17500,INTEL SSDPEKKF256G7L,PASSED,4,100,66,9.98,3044,0
8/8/2026 20:48,HI38,13.9,2396,45.2,6665.85,16.3,0.04,256.79,0,0,196,System Idle Process,0,msedgewebview2.exe,17500,INTEL SSDPEKKF256G7L,PASSED,4,100,66,9.98,3044,0
8/8/2026 20:48,HI38,15.8,2396,45,6696.5,16.2,0,269.37,0,0,196,System Idle Process,0,msedgewebview2.exe,17500,INTEL SSDPEKKF256G7L,PASSED,4,100,66,9.98,3044,0
8/8/2026 20:48,HI38,10.3,2396,45.2,6667.31,16.3,0,92.99,0,0,196,System Idle Process,0,msedgewebview2.exe,17500,INTEL SSDPEKKF256G7L,PASSED,4,100,66,9.98,3044,0
8/8/2026 20:48,HI38,7.3,2396,45.2,6665.71,16.3,0,18.39,0,0,196,System Idle Process,0,msedgewebview2.exe,17500,INTEL SSDPEKKF256G7L,PASSED,4,100,66,9.98,3044,0
8/8/2026 20:48,HI38,6.2,2396,45.3,6657.94,16.3,0,14.38,0,0,196,System Idle Process,0,msedgewebview2.exe,17500,INTEL SSDPEKKF256G7L,PASSED,4,100,66,9.98,3044,0
8/8/2026 20:48,HI38,12.7,2396,45.2,6665.32,16.3,0,224.47,0,0,196,System Idle Process,0,msedgewebview2.exe,17500,INTEL SSDPEKKF256G7L,PASSED,4,100,66,9.98,3044,0
8/8/2026 20:48,HI38,14.9,2396,44.9,6706.79,16.2,0,212.65,0,0,196,System Idle Process,0,msedgewebview2.exe,17500,INTEL SSDPEKKF256G7L,PASSED,4,100,66,9.99,3044,0
8/8/2026 20:48,HI38,15.8,2396,45.2,6673.52,16.3,0,284.48,0,0,196,System Idle Process,0,msedgewebview2.exe,17500,INTEL SSDPEKKF256G7L,PASSED,4,100,66,9.99,3044,0
8/8/2026 20:48,HI38,15.8,2396,45.2,6668.74,16.3,0,276.64,0,0,196,System Idle Process,0,msedgewebview2.exe,17500,INTEL SSDPEKKF256G7L,PASSED,4,100,66,9.99,3044,0
8/8/2026 20:48,HI38,16.5,2396,45.2,6665.88,16.3,0,274.35,0,0,196,System Idle Process,0,msedgewebview2.exe,17500,INTEL SSDPEKKF256G7L,PASSED,4,100,66,9.99,3044,0
8/8/2026 20:48,HI38,15.8,2396,45.1,6682.31,16.2,0,280.27,0,0,196,System Idle Process,0,msedgewebview2.exe,17500,INTEL SSDPEKKF256G7L,PASSED,4,100,66,9.99,3044,0
8/8/2026 20:48,HI38,14.3,2396,44.8,6715.14,16.2,0,289.7,0,0,196,System Idle Process,0,msedgewebview2.exe,17500,INTEL SSDPEKKF256G7L,PASSED,4,100,66,9.99,3044,0
8/8/2026 20:48,HI38,14,2396,45.3,6658.95,16.3,0,245.3,0,0,196,System Idle Process,0,msedgewebview2.exe,17500,INTEL SSDPEKKF256G7L,PASSED,4,100,66,9.99,3044,0
8/8/2026 20:48,HI38,13.5,2396,45.2,6665.64,16.3,0,285.48,0,0,196,System Idle Process,0,msedgewebview2.exe,17500,INTEL SSDPEKKF256G7L,PASSED,4,100,66,9.99,3044,0
8/8/2026 20:48,HI38,15.5,2396,45.2,6668.55,16.3,0,286.52,0,0,196,System Idle Process,0,msedgewebview2.exe,17500,INTEL SSDPEKKF256G7L,PASSED,4,100,66,9.99,3044,0
8/8/2026 20:48,HI38,19.7,2396,45.3,6651.75,16.3,0.01,242.82,0,0,196,System Idle Process,0,msedgewebview2.exe,17500,INTEL SSDPEKKF256G7L,PASSED,4,100,66,9.99,3044,0
8/8/2026 20:48,HI38,14.2,2396,45.1,6682.31,16.2,0,286.57,0,0,196,System Idle Process,0,msedgewebview2.exe,17500,INTEL SSDPEKKF256G7L,PASSED,4,100,64,9.99,3044,0
8/8/2026 20:48,HI38,14.5,2396,44.9,6700.23,16.2,0,291.8,0,0,196,System Idle Process,0,msedgewebview2.exe,17500,INTEL SSDPEKKF256G7L,PASSED,4,100,66,9.99,3044,0
8/8/2026 20:48,HI38,12.8,2396,45.3,6656.18,16.3,0,242.09,0,0,196,System Idle Process,0,msedgewebview2.exe,17500,INTEL SSDPEKKF256G7L,PASSED,4,100,66,9.99,3044,0
8/8/2026 20:49,HI38,13,2396,45.2,6667.07,16.3,0,295.96,0,0,196,System Idle Process,0,msedgewebview2.exe,17500,INTEL SSDPEKKF256G7L,PASSED,4,100,64,9.99,3044,0
8/8/2026 20:49,HI38,14.4,2396,45.3,6658.24,16.3,0,284.21,0,0,196,System Idle Process,0,msedgewebview2.exe,17500,INTEL SSDPEKKF256G7L,PASSED,4,100,66,9.99,3044,0
8/8/2026 20:49,HI38,13.2,2396,45.3,6658.3,16.3,0,238.24,0,0,196,System Idle Process,0,msedgewebview2.exe,17500,INTEL SSDPEKKF256G7L,PASSED,4,100,64,9.99,3044,0
8/8/2026 20:49,HI38,14.5,2396,45.3,6654.18,16.3,0,299.06,0,0,196,System Idle Process,0,msedgewebview2.exe,17500,INTEL SSDPEKKF256G7L,PASSED,4,100,66,9.99,3044,0
8/8/2026 20:49,HI38,13.5,2396,45.2,6663.55,16.3,0,277.54,0,0,196,System Idle Process,0,msedgewebview2.exe,17500,INTEL SSDPEKKF256G7L,PASSED,4,100,66,9.99,3044,0
8/8/2026 20:49,HI38,13.1,2396,45.3,6656.31,16.3,0,251.16,0,0,196,System Idle Process,0,msedgewebview2.exe,17500,INTEL SSDPEKKF256G7L,PASSED,4,100,66,9.99,3044,0
8/8/2026 20:49,HI38,15.4,2396,45.3,6655.55,16.3,0,275.77,0,0,196,System Idle Process,0,msedgewebview2.exe,17500,INTEL SSDPEKKF256G7L,PASSED,4,100,66,9.99,3044,0
8/8/2026 20:49,HI38,14.3,2396,45.2,6669.37,16.3,0,284.5,0,0,196,System Idle Process,0,msedgewebview2.exe,17500,INTEL SSDPEKKF256G7L,PASSED,4,100,66,9.99,3044,0
8/8/2026 20:49,HI38,10.2,2396,45.3,6660.72,16.3,0,117.16,0,0,196,System Idle Process,0,msedgewebview2.exe,17500,INTEL SSDPEKKF256G7L,PASSED,4,100,66,9.99,3044,0
8/8/2026 20:49,HI38,6.7,2396,45.1,6677.09,16.3,0,21.42,0,0,196,System Idle Process,0,msedgewebview2.exe,17500,INTEL SSDPEKKF256G7L,PASSED,4,100,66,9.99,3044,0
8/8/2026 20:49,HI38,7.1,2396,45.1,6680.23,16.3,0,20.27,0,0,194,System Idle Process,0,msedgewebview2.exe,17500,INTEL SSDPEKKF256G7L,PASSED,4,100,66,9.99,3044,0
8/8/2026 20:49,HI38,8.7,2396,45.2,6666.24,16.3,0,66.12,0,0,194,System Idle Process,0,msedgewebview2.exe,17500,INTEL SSDPEKKF256G7L,PASSED,4,100,66,9.99,3044,0
8/8/2026 20:49,HI38,12.9,2396,45.1,6683.21,16.2,0,285.82,0,0,194,System Idle Process,0,msedgewebview2.exe,17500,INTEL SSDPEKKF256G7L,PASSED,4,100,66,10,3044,0
8/8/2026 20:49,HI38,16.2,2396,45.2,6669.63,16.3,0.03,288.61,0,0,194,System Idle Process,0,msedgewebview2.exe,17500,INTEL SSDPEKKF256G7L,PASSED,4,100,66,10,3044,0
8/8/2026 20:49,HI38,14.9,2396,44.8,6720.27,16.2,0,268.98,0,0,194,System Idle Process,0,msedgewebview2.exe,17500,INTEL SSDPEKKF256G7L,PASSED,4,100,66,10,3044,0
8/8/2026 20:49,HI38,14.7,2396,45.2,6663.41,16.3,0,283.26,0,0,194,System Idle Process,0,msedgewebview2.exe,17500,INTEL SSDPEKKF256G7L,PASSED,4,100,66,10,3044,0
8/8/2026 20:49,HI38,14.1,2396,45,6688.79,16.2,0,276.55,0,0,194,System Idle Process,0,msedgewebview2.exe,17500,INTEL SSDPEKKF256G7L,PASSED,4,100,66,10,3044,0
8/8/2026 20:49,HI38,13.7,2396,44.9,6706.2,16.2,0,249.74,0,0,194,System Idle Process,0,msedgewebview2.exe,17500,INTEL SSDPEKKF256G7L,PASSED,4,100,64,10,3044,0
8/8/2026 20:49,HI38,17.6,2396,45.2,6669.7,16.3,0,274.21,0,0,194,System Idle Process,0,msedgewebview2.exe,17500,INTEL SSDPEKKF256G7L,PASSED,4,100,66,10,3044,0
8/8/2026 20:49,HI38,15.3,2396,45,6689.77,16.2,0,285.47,0,0,194,System Idle Process,0,msedgewebview2.exe,17500,INTEL SSDPEKKF256G7L,PASSED,4,100,64,10,3044,0
8/8/2026 20:49,HI38,13.1,2396,45.1,6675.38,16.3,0,258.23,0,0,194,System Idle Process,0,msedgewebview2.exe,17500,INTEL SSDPEKKF256G7L,PASSED,4,100,64,10,3044,0
8/8/2026 20:49,HI38,16,2396,45,6688.07,16.3,0,276.43,0,0,194,System Idle Process,0,msedgewebview2.exe,17500,INTEL SSDPEKKF256G7L,PASSED,4,100,64,10,3044,0
8/8/2026 20:49,HI38,17.5,2396,45,6690.9,16.2,0,287.1,0,0,194,System Idle Process,0,msedgewebview2.exe,17500,INTEL SSDPEKKF256G7L,PASSED,4,100,64,10,3044,0
8/8/2026 20:49,HI38,16.9,2396,45,6689.98,16.3,0,256.82,0,0,194,System Idle Process,0,msedgewebview2.exe,17500,INTEL SSDPEKKF256G7L,PASSED,4,100,66,10,3044,0
8/8/2026 20:49,HI38,14.5,2396,45.2,6668.73,16.3,0,257.25,0,0,194,System Idle Process,0,msedgewebview2.exe,17500,INTEL SSDPEKKF256G7L,PASSED,4,100,64,10,3044,0
8/8/2026 20:49,HI38,14,2396,45.1,6674.93,16.3,0,280.96,0,0,194,System Idle Process,0,msedgewebview2.exe,17500,INTEL SSDPEKKF256G7L,PASSED,4,100,64,10,3044,0
8/8/2026 20:49,HI38,13.5,2396,45.1,6680.25,16.3,0,278.27,0,0,194,System Idle Process,0,msedgewebview2.exe,17500,INTEL SSDPEKKF256G7L,PASSED,4,100,64,10,3044,0
8/8/2026 20:49,HI38,15.1,2396,45.1,6681.1,16.2,0,254.42,0,0,194,System Idle Process,0,msedgewebview2.exe,17500,INTEL SSDPEKKF256G7L,PASSED,4,100,64,10,3044,0
8/8/2026 20:49,HI38,26.5,2396,45.1,6676.04,16.3,0,291.45,0,0,194,System Idle Process,0,msedgewebview2.exe,17500,INTEL SSDPEKKF256G7L,PASSED,4,100,66,10,3044,0
8/8/2026 20:49,HI38,14.7,2396,45.2,6672.98,16.3,0,269.07,0,0,194,System Idle Process,0,msedgewebview2.exe,17500,INTEL SSDPEKKF256G7L,PASSED,4,100,66,10,3044,0
8/8/2026 20:49,HI38,14.1,2396,45.3,6658.87,16.3,0,247.66,0,0,194,System Idle Process,0,msedgewebview2.exe,17500,INTEL SSDPEKKF256G7L,PASSED,4,100,66,10,3044,0
8/8/2026 20:49,HI38,14.5,2396,45.2,6673.62,16.3,0,276.29,0,0,194,System Idle Process,0,msedgewebview2.exe,17500,INTEL SSDPEKKF256G7L,PASSED,4,100,66,10,3044,0
8/8/2026 20:49,HI38,16.2,2396,45.2,6671.98,16.3,0.01,229.51,0,0,194,System Idle Process,0,msedgewebview2.exe,17500,INTEL SSDPEKKF256G7L,PASSED,4,100,66,10,3044,0
8/8/2026 20:49,HI38,5.6,2396,45.1,6681.86,16.3,0,18.07,0,0,194,System Idle Process,0,msedgewebview2.exe,17500,INTEL SSDPEKKF256G7L,PASSED,4,100,66,10,3044,0
8/8/2026 20:49,HI38,7.4,2396,45,6686.57,16.3,0,21.27,0,0,194,System Idle Process,0,msedgewebview2.exe,17500,INTEL SSDPEKKF256G7L,PASSED,4,100,66,10,3044,0
8/8/2026 20:49,HI38,6.9,2396,44.9,6700.93,16.2,0,91.29,0,0,194,System Idle Process,0,msedgewebview2.exe,17500,INTEL SSDPEKKF256G7L,PASSED,4,100,66,10,3044,0
8/8/2026 20:50,HI38,13.7,2396,45.2,6669.38,16.3,0,246.83,0,0,194,System Idle Process,0,msedgewebview2.exe,17500,INTEL SSDPEKKF256G7L,PASSED,4,100,66,10,3044,0
8/8/2026 20:50,HI38,17.3,2396,45.1,6679.2,16.3,0,277.96,0,0,194,System Idle Process,0,msedgewebview2.exe,17500,INTEL SSDPEKKF256G7L,PASSED,4,100,66,10,3044,0
8/8/2026 20:50,HI38,17.6,2396,45.2,6667.67,16.3,0,281.7,0,0,194,System Idle Process,0,msedgewebview2.exe,17500,INTEL SSDPEKKF256G7L,PASSED,4,100,66,10,3044,0
8/8/2026 20:50,HI38,14.2,2396,45.2,6667.73,16.3,0,276.77,0,0,194,System Idle Process,0,msedgewebview2.exe,17500,INTEL SSDPEKKF256G7L,PASSED,4,100,66,10,3044,0
8/8/2026 20:50,HI38,15.9,2396,45.2,6665.09,16.3,0,289.74,0,0,194,System Idle Process,0,msedgewebview2.exe,17500,INTEL SSDPEKKF256G7L,PASSED,4,100,66,10,3044,0
8/8/2026 20:50,HI38,14.5,2396,45.2,6663.23,16.3,0,247.81,0,0,194,System Idle Process,0,msedgewebview2.exe,17500,INTEL SSDPEKKF256G7L,PASSED,4,100,66,10,3044,0
8/8/2026 20:50,HI38,14.7,2396,45.1,6678.02,16.3,0,286.67,0,0,194,System Idle Process,0,msedgewebview2.exe,17500,INTEL SSDPEKKF256G7L,PASSED,4,100,66,10,3044,0
8/8/2026 20:50,HI38,13.6,2396,45.1,6674.74,16.3,0,277.71,0,0,194,System Idle Process,0,msedgewebview2.exe,17500,INTEL SSDPEKKF256G7L,PASSED,4,100,66,10,3044,0
8/8/2026 20:50,HI38,13.8,2396,45.1,6674.41,16.3,0,251.86,0,0,194,System Idle Process,0,msedgewebview2.exe,17500,INTEL SSDPEKKF256G7L,PASSED,4,100,66,10,3044,0
8/8/2026 20:50,HI38,17.3,2396,45.2,6663.71,16.3,0,283.66,0,0,194,System Idle Process,0,msedgewebview2.exe,17500,INTEL SSDPEKKF256G7L,PASSED,4,100,66,10,3044,0
8/8/2026 20:50,HI38,16.6,2396,44.7,6723.72,16.2,0,285.87,0,0,194,System Idle Process,0,msedgewebview2.exe,17500,INTEL SSDPEKKF256G7L,PASSED,4,100,64,10,3044,0
8/8/2026 20:50,HI38,14,2396,44.8,6710.98,16.2,0,248.64,0,0,194,System Idle Process,0,msedgewebview2.exe,17500,INTEL SSDPEKKF256G7L,PASSED,4,100,66,10,3044,0
8/8/2026 20:50,HI38,16.2,2396,45.1,6676.9,16.3,0,285.06,0,0,194,System Idle Process,0,msedgewebview2.exe,17500,INTEL SSDPEKKF256G7L,PASSED,4,100,66,10,3044,0
8/8/2026 20:50,HI38,16.6,2396,44.7,6726.57,16.2,0,284.25,0,0,194,System Idle Process,0,msedgewebview2.exe,17500,INTEL SSDPEKKF256G7L,PASSED,4,100,64,10,3044,0
8/8/2026 20:50,HI38,15.3,2396,45,6689.38,16.2,0,249.94,0,0,194,System Idle Process,0,msedgewebview2.exe,17500,INTEL SSDPEKKF256G7L,PASSED,4,100,66,10,3044,0
8/8/2026 20:50,HI38,16.3,2396,44.8,6717.24,16.2,0,272.87,0,0,194,System Idle Process,0,msedgewebview2.exe,17500,INTEL SSDPEKKF256G7L,PASSED,4,100,64,10,3044,0
8/8/2026 20:50,HI38,15.7,2396,45.1,6678.77,16.3,0,266.89,0,0,194,System Idle Process,0,msedgewebview2.exe,17500,INTEL SSDPEKKF256G7L,PASSED,4,100,64,10,3044,0
8/8/2026 20:50,HI38,14.7,2396,45.2,6668.37,16.3,0,252.83,0,0,194,System Idle Process,0,msedgewebview2.exe,17500,INTEL SSDPEKKF256G7L,PASSED,4,100,66,10,3044,0
8/8/2026 20:50,HI38,13.3,2396,45.2,6671.43,16.3,0,276.34,0,0,194,System Idle Process,0,msedgewebview2.exe,17500,INTEL SSDPEKKF256G7L,PASSED,4,100,66,10,3044,0
8/8/2026 20:50,HI38,14.5,2396,45.1,6674.81,16.3,0,284.68,0,0,194,System Idle Process,0,msedgewebview2.exe,17500,INTEL SSDPEKKF256G7L,PASSED,4,100,66,10,3044,0
8/8/2026 20:50,HI38,14.8,2396,45.2,6672.59,16.3,0,269.23,0,0,194,System Idle Process,0,msedgewebview2.exe,17500,INTEL SSDPEKKF256G7L,PASSED,4,100,66,10,3044,0
8/8/2026 20:50,HI38,12.1,2396,45.2,6662.69,16.3,0,196.1,0,0,194,System Idle Process,0,msedgewebview2.exe,17500,INTEL SSDPEKKF256G7L,PASSED,4,100,66,10,3044,0
8/8/2026 20:50,HI38,6.8,2396,45.2,6670.13,16.3,0,21.17,0,0,194,System Idle Process,0,msedgewebview2.exe,17500,INTEL SSDPEKKF256G7L,PASSED,4,100,66,10,3044,0
8/8/2026 20:50,HI38,6.9,2396,45.2,6669.21,16.3,0,18.67,0,0,194,System Idle Process,0,msedgewebview2.exe,17500,INTEL SSDPEKKF256G7L,PASSED,4,100,66,10,3044,0
8/8/2026 20:50,HI38,6.9,2396,45.2,6669.6,16.3,0,112.83,0,0,194,System Idle Process,0,msedgewebview2.exe,17500,INTEL SSDPEKKF256G7L,PASSED,4,100,66,10,3044,0
8/8/2026 20:50,HI38,13,2396,44.9,6699.43,16.2,0,223.23,0,0,194,System Idle Process,0,msedgewebview2.exe,17500,INTEL SSDPEKKF256G7L,PASSED,4,100,66,10,3044,0
8/8/2026 20:50,HI38,15.6,2396,45.2,6668.26,16.3,0,273.43,0,0,194,System Idle Process,0,msedgewebview2.exe,17500,INTEL SSDPEKKF256G7L,PASSED,4,100,66,10,3044,0
8/8/2026 20:50,HI38,13.9,2396,45.1,6684.34,16.3,0,289.54,0,0,194,System Idle Process,0,msedgewebview2.exe,17500,INTEL SSDPEKKF256G7L,PASSED,4,100,64,10,3044,0
8/8/2026 20:50,HI38,17,2396,45.1,6674.98,16.3,0,275.51,0,0,194,System Idle Process,0,msedgewebview2.exe,17500,INTEL SSDPEKKF256G7L,PASSED,4,100,66,10,3044,0
8/8/2026 20:50,HI38,11.8,2396,45.1,6676.14,16.3,0,263.38,0,0,194,System Idle Process,0,msedgewebview2.exe,17500,INTEL SSDPEKKF256G7L,PASSED,4,100,66,10,3044,0
8/8/2026 20:50,HI38,14.4,2396,45.2,6673.61,16.3,0,278.49,0,0,194,System Idle Process,0,msedgewebview2.exe,17500,INTEL SSDPEKKF256G7L,PASSED,4,100,66,10,3044,0
8/8/2026 20:50,HI38,15.9,2396,44.7,6722.58,16.2,0,302.27,0,0,194,System Idle Process,0,msedgewebview2.exe,17500,INTEL SSDPEKKF256G7L,PASSED,4,100,64,10,3044,0
8/8/2026 20:50,HI38,19.9,2396,45.2,6669.3,16.3,0,243.52,0,0,200,System Idle Process,0,msedgewebview2.exe,17500,INTEL SSDPEKKF256G7L,PASSED,4,100,64,10,3044,0
8/8/2026 20:50,HI38,13.6,2396,45.3,6651.59,16.3,0,279.33,0,0,200,System Idle Process,0,msedgewebview2.exe,17500,INTEL SSDPEKKF256G7L,PASSED,4,100,66,10,3044,0
8/8/2026 20:50,HI38,23.7,2396,45.6,6623.47,16.3,0,277.67,0,0,199,System Idle Process,0,msedgewebview2.exe,17500,INTEL SSDPEKKF256G7L,PASSED,4,100,64,10,3044,0
8/8/2026 20:50,HI38,14.6,2396,45.4,6641.12,16.3,0,257.78,0,0,199,System Idle Process,0,msedgewebview2.exe,17500,INTEL SSDPEKKF256G7L,PASSED,4,100,64,10,3044,0
8/8/2026 20:51,HI38,13.8,2396,45.3,6649.59,16.3,0,281.21,0,0,199,System Idle Process,0,msedgewebview2.exe,17500,INTEL SSDPEKKF256G7L,PASSED,4,100,64,10,3044,0
8/8/2026 20:51,HI38,14.5,2396,45.2,6665.32,16.2,0,288.66,0,0,199,System Idle Process,0,msedgewebview2.exe,17500,INTEL SSDPEKKF256G7L,PASSED,4,100,66,10,3044,0
8/8/2026 20:51,HI38,12.8,2396,45.1,6679.82,16.2,0,242.97,0,0,199,System Idle Process,0,msedgewebview2.exe,17500,INTEL SSDPEKKF256G7L,PASSED,4,100,66,10,3044,0
8/8/2026 20:51,HI38,17.1,2396,45.1,6678.38,16.2,0,283.06,0,0,199,System Idle Process,0,msedgewebview2.exe,17500,INTEL SSDPEKKF256G7L,PASSED,4,100,64,10,3044,0
8/8/2026 20:51,HI38,15.4,2396,45.1,6674.62,16.2,0.01,285.15,0,0,195,System Idle Process,0,msedgewebview2.exe,17500,INTEL SSDPEKKF256G7L,PASSED,4,100,64,10,3044,0
8/8/2026 20:51,HI38,13.7,2396,45.1,6677.02,16.2,0,248.03,0,0,195,System Idle Process,0,msedgewebview2.exe,17500,INTEL SSDPEKKF256G7L,PASSED,4,100,64,10,3044,0
8/8/2026 20:51,HI38,13.4,2396,45.4,6641.5,16.3,0,278.57,0,0,195,System Idle Process,0,msedgewebview2.exe,17500,INTEL SSDPEKKF256G7L,PASSED,4,100,66,10,3044,0
8/8/2026 20:51,HI38,14.1,2396,45.3,6653.55,16.3,0,278.62,0,0,195,System Idle Process,0,msedgewebview2.exe,17500,INTEL SSDPEKKF256G7L,PASSED,4,100,66,10,3044,0
8/8/2026 20:51,HI38,13.8,2396,45.3,6659.7,16.3,0.15,238.6,0,0,195,System Idle Process,0,msedgewebview2.exe,17500,INTEL SSDPEKKF256G7L,PASSED,4,100,66,10,3044,0
8/8/2026 20:51,HI38,14.3,2396,45.3,6661.3,16.3,0,269.68,0,0,195,System Idle Process,0,msedgewebview2.exe,17500,INTEL SSDPEKKF256G7L,PASSED,4,100,66,10,3044,0
8/8/2026 20:51,HI38,10,2396,45.3,6652.94,16.3,0,79.46,0,0,195,System Idle Process,0,msedgewebview2.exe,17500,INTEL SSDPEKKF256G7L,PASSED,4,100,66,10,3044,0
8/8/2026 20:51,HI38,7.2,2396,45.4,6644.85,16.3,0,20.23,0,0,195,System Idle Process,0,msedgewebview2.exe,17500,INTEL SSDPEKKF256G7L,PASSED,4,100,66,10,3044,0
8/8/2026 20:51,HI38,5.6,2396,45.2,6661.85,16.3,0,10.76,0,0,195,System Idle Process,0,msedgewebview2.exe,17500,INTEL SSDPEKKF256G7L,PASSED,4,100,66,10,3044,0
8/8/2026 20:51,HI38,13.7,2396,45.4,6642.98,16.3,0,220.85,0,0,195,System Idle Process,0,msedgewebview2.exe,17500,INTEL SSDPEKKF256G7L,PASSED,4,100,66,10,3044,0
8/8/2026 20:51,HI38,14.7,2396,45.3,6657.57,16.3,0,252.12,0,0,195,System Idle Process,0,msedgewebview2.exe,17500,INTEL SSDPEKKF256G7L,PASSED,4,100,66,10,3044,0
8/8/2026 20:51,HI38,12.3,2396,45.3,6651.14,16.3,0,270.24,0,0,195,System Idle Process,0,msedgewebview2.exe,17500,INTEL SSDPEKKF256G7L,PASSED,4,100,66,10,3044,0
8/8/2026 20:51,HI38,16.6,2396,45.1,6683.98,16.2,0,273.48,0,0,194,System Idle Process,0,msedgewebview2.exe,17500,INTEL SSDPEKKF256G7L,PASSED,4,100,66,10,3044,0
8/8/2026 20:51,HI38,15.3,2396,45.1,6680.7,16.3,0,279.25,0,0,194,System Idle Process,0,msedgewebview2.exe,17500,INTEL SSDPEKKF256G7L,PASSED,4,100,66,10,3044,0
8/8/2026 20:51,HI38,15.7,2396,44.7,6724.68,16.2,0,260.83,0,0,194,System Idle Process,0,msedgewebview2.exe,17500,INTEL SSDPEKKF256G7L,PASSED,4,100,66,10,3044,0
8/8/2026 20:51,HI38,15.5,2396,45.2,6670.8,16.3,0,276.68,0,0,194,System Idle Process,0,msedgewebview2.exe,17500,INTEL SSDPEKKF256G7L,PASSED,4,100,66,10,3044,0
8/8/2026 20:51,HI38,12.9,2396,45.2,6665.54,16.3,0,276.41,0,0,194,System Idle Process,0,msedgewebview2.exe,17500,INTEL SSDPEKKF256G7L,PASSED,4,100,66,10,3044,0
8/8/2026 20:51,HI38,16.2,2396,45.1,6675.68,16.3,0,249.09,0,0,194,System Idle Process,0,msedgewebview2.exe,17500,INTEL SSDPEKKF256G7L,PASSED,4,100,66,10,3044,0
8/8/2026 20:51,HI38,16,2396,45.2,6671.09,16.3,0,281.47,0,0,194,System Idle Process,0,msedgewebview2.exe,17500,INTEL SSDPEKKF256G7L,PASSED,4,100,66,10,3044,0
8/8/2026 20:51,HI38,14.3,2396,45.1,6674.12,16.3,0,286.06,0,0,194,System Idle Process,0,msedgewebview2.exe,17500,INTEL SSDPEKKF256G7L,PASSED,4,100,64,10,3044,0
8/8/2026 20:51,HI38,13.3,2396,45,6688.71,16.3,0,246.08,0,0,194,System Idle Process,0,msedgewebview2.exe,17500,INTEL SSDPEKKF256G7L,PASSED,4,100,66,10,3044,0
8/8/2026 20:51,HI38,16.8,2396,44.8,6720.38,16.2,0,288.12,0,0,194,System Idle Process,0,msedgewebview2.exe,17500,INTEL SSDPEKKF256G7L,PASSED,4,100,66,10,3044,0
8/8/2026 20:51,HI38,14.6,2396,45.1,6674.75,16.3,0,279.4,0,0,194,System Idle Process,0,msedgewebview2.exe,17500,INTEL SSDPEKKF256G7L,PASSED,4,100,66,10,3044,0
8/8/2026 20:51,HI38,13,2396,45.1,6679.46,16.3,0,262.39,0,0,194,System Idle Process,0,msedgewebview2.exe,17500,INTEL SSDPEKKF256G7L,PASSED,4,100,64,10,3044,0
8/8/2026 20:51,HI38,17,2396,44.7,6730.04,16.2,0,287.48,0,0,194,System Idle Process,0,msedgewebview2.exe,17500,INTEL SSDPEKKF256G7L,PASSED,4,100,64,10,3044,0
8/8/2026 20:51,HI38,15.6,2396,45.2,6669.37,16.3,0,274.43,0,0,194,System Idle Process,0,msedgewebview2.exe,17500,INTEL SSDPEKKF256G7L,PASSED,4,100,66,10,3044,0
8/8/2026 20:51,HI38,14.1,2396,45.2,6671.9,16.3,0,231.7,0,0,194,System Idle Process,0,msedgewebview2.exe,17500,INTEL SSDPEKKF256G7L,PASSED,4,100,66,10,3044,0
8/8/2026 20:51,HI38,13.4,2396,45.1,6681.12,16.3,0,267.9,0,0,194,System Idle Process,0,msedgewebview2.exe,17500,INTEL SSDPEKKF256G7L,PASSED,4,100,66,10,3044,0
8/8/2026 20:51,HI38,16.5,2396,45.1,6680.04,16.3,0,247.32,0,0,194,System Idle Process,0,msedgewebview2.exe,17500,INTEL SSDPEKKF256G7L,PASSED,4,100,66,10,3044,0
8/8/2026 20:51,HI38,14.6,2396,45.2,6668.59,16.3,0,252.64,0,0,194,System Idle Process,0,msedgewebview2.exe,17500,INTEL SSDPEKKF256G7L,PASSED,4,100,66,10,3044,0
8/8/2026 20:51,HI38,5.7,2396,45.1,6680.68,16.3,0,27.28,0,0,194,System Idle Process,0,msedgewebview2.exe,17500,INTEL SSDPEKKF256G7L,PASSED,4,100,66,10,3044,0
8/8/2026 20:52,HI38,6,2396,45.1,6683.14,16.3,0,20.48,0,0,194,System Idle Process,0,msedgewebview2.exe,17500,INTEL SSDPEKKF256G7L,PASSED,4,100,66,10,3044,0
8/8/2026 20:52,HI38,7.4,2396,45.1,6679.79,16.3,0,91.54,0,0,194,System Idle Process,0,msedgewebview2.exe,17500,INTEL SSDPEKKF256G7L,PASSED,4,100,66,10,3044,0
8/8/2026 20:52,HI38,14.6,2396,44.7,6727.72,16.2,0,252.55,0,0,194,System Idle Process,0,msedgewebview2.exe,17500,INTEL SSDPEKKF256G7L,PASSED,4,100,66,10,3044,0
8/8/2026 20:52,HI38,14.3,2396,44.9,6701.95,16.2,0,268.33,0,0,194,System Idle Process,0,msedgewebview2.exe,17500,INTEL SSDPEKKF256G7L,PASSED,4,100,66,10,3044,0
8/8/2026 20:52,HI38,17.3,2396,45.1,6677.77,16.3,0,286.11,0,0,194,System Idle Process,0,msedgewebview2.exe,17500,INTEL SSDPEKKF256G7L,PASSED,4,100,66,10,3044,0
8/8/2026 20:52,HI38,13.4,2396,45.2,6669.98,16.3,0,283.77,0,0,194,System Idle Process,0,msedgewebview2.exe,17500,INTEL SSDPEKKF256G7L,PASSED,4,100,66,10,3044,0
8/8/2026 20:52,HI38,15.6,2396,45.1,6673.91,16.3,0,294.62,0,0,194,System Idle Process,0,msedgewebview2.exe,17500,INTEL SSDPEKKF256G7L,PASSED,4,100,66,10,3044,0
8/8/2026 20:52,HI38,13.3,2396,45.2,6667.79,16.3,0.05,252.83,0,0,194,System Idle Process,0,msedgewebview2.exe,17500,INTEL SSDPEKKF256G7L,PASSED,4,100,66,10,3044,0
8/8/2026 20:52,HI38,15.2,2396,45.2,6665.93,16.3,0,289.42,0,0,194,System Idle Process,0,msedgewebview2.exe,17500,INTEL SSDPEKKF256G7L,PASSED,4,100,66,10,3044,0
8/8/2026 20:52,HI38,14.5,2396,44.7,6727.56,16.2,0,287.51,0,0,194,System Idle Process,0,msedgewebview2.exe,17500,INTEL SSDPEKKF256G7L,PASSED,4,100,66,10,3044,0
8/8/2026 20:52,HI38,12.3,2396,45.1,6683.23,16.3,0,233.1,0,0,193,System Idle Process,0,msedgewebview2.exe,17500,INTEL SSDPEKKF256G7L,PASSED,4,100,66,10,3044,0
8/8/2026 20:52,HI38,14.6,2396,45,6689.52,16.3,0,291.5,0,0,193,System Idle Process,0,msedgewebview2.exe,17500,INTEL SSDPEKKF256G7L,PASSED,4,100,66,10,3044,0
8/8/2026 20:52,HI38,15.2,2396,45.1,6681.5,16.3,0,280.63,0,0,193,System Idle Process,0,msedgewebview2.exe,17500,INTEL SSDPEKKF256G7L,PASSED,4,100,66,10,3044,0
8/8/2026 20:52,HI38,13.7,2396,45.1,6681.62,16.3,0,256.87,0,0,193,System Idle Process,0,msedgewebview2.exe,17500,INTEL SSDPEKKF256G7L,PASSED,4,100,66,10,3044,0
8/8/2026 20:52,HI38,18.5,2396,44.8,6710.91,16.2,0.07,283.61,0,0,195,System Idle Process,0,msedgewebview2.exe,17500,INTEL SSDPEKKF256G7L,PASSED,4,100,64,10,3044,0
8/8/2026 20:52,HI38,19.4,2396,45.2,6673.39,16.3,0,278.09,0,0,194,System Idle Process,0,msedgewebview2.exe,17500,INTEL SSDPEKKF256G7L,PASSED,4,100,66,10,3044,0
8/8/2026 20:52,HI38,15,2396,45.2,6667.02,16.3,0,251,0,0,194,System Idle Process,0,msedgewebview2.exe,17500,INTEL SSDPEKKF256G7L,PASSED,4,100,66,10,3044,0
8/8/2026 20:52,HI38,15.7,2396,45.1,6679.55,16.3,0,288.47,0,0,194,System Idle Process,0,msedgewebview2.exe,17500,INTEL SSDPEKKF256G7L,PASSED,4,100,66,10,3044,0
8/8/2026 20:52,HI38,13.4,2396,44.8,6722.09,16.2,0,290.42,0,0,194,System Idle Process,0,msedgewebview2.exe,17500,INTEL SSDPEKKF256G7L,PASSED,4,100,66,10,3044,0
8/8/2026 20:52,HI38,15.5,2396,44.7,6730.49,16.2,0.04,251.35,0,0,194,System Idle Process,0,msedgewebview2.exe,17500,INTEL SSDPEKKF256G7L,PASSED,4,100,66,10,3044,0
8/8/2026 20:52,HI38,13.7,2396,45.1,6677.17,16.3,0,261.6,0,0,194,System Idle Process,0,msedgewebview2.exe,17500,INTEL SSDPEKKF256G7L,PASSED,4,100,66,10,3044,0
8/8/2026 20:52,HI38,15.9,2396,45.2,6670.82,16.3,0,252.79,0,0,194,System Idle Process,0,msedgewebview2.exe,17500,INTEL SSDPEKKF256G7L,PASSED,4,100,66,10,3044,0
8/8/2026 20:52,HI38,13.2,2396,45.2,6672.03,16.3,0,155.64,0,0,194,System Idle Process,0,msedgewebview2.exe,17500,INTEL SSDPEKKF256G7L,PASSED,4,100,66,10,3044,0
8/8/2026 20:52,HI38,6.5,2396,45.2,6672.55,16.3,0,16.43,0,0,194,System Idle Process,0,msedgewebview2.exe,17500,INTEL SSDPEKKF256G7L,PASSED,4,100,66,10,3044,0
8/8/2026 20:52,HI38,6.7,2396,45.2,6668.35,16.3,0,20.36,0,0,194,System Idle Process,0,msedgewebview2.exe,17500,INTEL SSDPEKKF256G7L,PASSED,4,100,66,10,3044,0
8/8/2026 20:52,HI38,5.4,2396,45.1,6681.5,16.3,0.01,6.01,0,0,193,System Idle Process,0,msedgewebview2.exe,17500,INTEL SSDPEKKF256G7L,PASSED,4,100,68,10,3044,0
8/8/2026 20:52,HI38,7.4,2396,45.1,6680.15,16.3,0,19.33,0,0,193,System Idle Process,0,msedgewebview2.exe,17500,INTEL SSDPEKKF256G7L,PASSED,4,100,68,10,3044,0
8/8/2026 20:52,HI38,7,2396,45.1,6679.5,16.3,0,18.62,0,0,193,System Idle Process,0,msedgewebview2.exe,17500,INTEL SSDPEKKF256G7L,PASSED,4,100,68,10,3044,0
8/8/2026 20:52,HI38,7.9,2396,45.2,6662.79,16.3,0.03,107.81,0,0,193,System Idle Process,0,msedgewebview2.exe,17500,INTEL SSDPEKKF256G7L,PASSED,4,100,68,10,3044,0
8/8/2026 20:52,HI38,15.1,2396,45.3,6661.27,16.3,0,246.4,0,0,193,System Idle Process,0,msedgewebview2.exe,17500,INTEL SSDPEKKF256G7L,PASSED,4,100,66,10,3044,0
8/8/2026 20:52,HI38,16.8,2396,44.9,6699.52,16.2,0,280.25,0,0,193,System Idle Process,0,msedgewebview2.exe,17500,INTEL SSDPEKKF256G7L,PASSED,4,100,66,10,3044,0
8/8/2026 20:52,HI38,12,2396,45.1,6675.92,16.3,0.04,286.98,0,0,193,System Idle Process,0,msedgewebview2.exe,17500,INTEL SSDPEKKF256G7L,PASSED,4,100,66,10,3044,0
8/8/2026 20:52,HI38,16.4,2396,45,6689.63,16.3,0,276.45,0,0,193,System Idle Process,0,msedgewebview2.exe,17500,INTEL SSDPEKKF256G7L,PASSED,4,100,66,10,3044,0
8/8/2026 20:52,HI38,14.2,2396,45.1,6678.59,16.3,0,285.28,0,0,193,System Idle Process,0,msedgewebview2.exe,17500,INTEL SSDPEKKF256G7L,PASSED,4,100,66,10,3044,0
8/8/2026 20:52,HI38,14.6,2396,44.9,6705.55,16.2,0,249.51,0,0,193,System Idle Process,0,msedgewebview2.exe,17500,INTEL SSDPEKKF256G7L,PASSED,4,100,66,10,3044,0
8/8/2026 20:52,HI38,15.4,2396,45.2,6671.62,16.3,0,285.59,0,0,193,System Idle Process,0,msedgewebview2.exe,17500,INTEL SSDPEKKF256G7L,PASSED,4,100,66,10,3044,0
8/8/2026 20:53,HI38,18.8,2396,45.2,6669,16.3,0,271.98,0,0,193,System Idle Process,0,msedgewebview2.exe,17500,INTEL SSDPEKKF256G7L,PASSED,4,100,66,10,3044,0
8/8/2026 20:53,HI38,13.5,2396,45.1,6680.44,16.3,0,245.38,0,0,193,System Idle Process,0,msedgewebview2.exe,17500,INTEL SSDPEKKF256G7L,PASSED,4,100,66,10,3044,0
8/8/2026 20:53,HI38,15.5,2396,44.9,6710.11,16.2,0,271.29,0,0,193,System Idle Process,0,msedgewebview2.exe,17500,INTEL SSDPEKKF256G7L,PASSED,4,100,66,10,3044,0
8/8/2026 20:53,HI38,17.4,2396,45.2,6666.45,16.3,0,282.06,0,0,193,System Idle Process,0,msedgewebview2.exe,17500,INTEL SSDPEKKF256G7L,PASSED,4,100,66,10,3044,0
8/8/2026 20:53,HI38,14.2,2396,45.1,6678.79,16.3,0,255.82,0,0,193,System Idle Process,0,msedgewebview2.exe,17500,INTEL SSDPEKKF256G7L,PASSED,4,100,66,10,3044,0
8/8/2026 20:53,HI38,14.5,2396,45,6695.17,16.2,0,275.58,0,0,193,System Idle Process,0,msedgewebview2.exe,17500,INTEL SSDPEKKF256G7L,PASSED,4,100,66,10,3044,0
8/8/2026 20:53,HI38,14.9,2396,45.1,6674.21,16.3,0.05,276.68,0,0,192,System Idle Process,0,msedgewebview2.exe,17500,INTEL SSDPEKKF256G7L,PASSED,4,100,66,10,3044,0
8/8/2026 20:53,HI38,15.6,2396,44.7,6727.9,16.2,0.03,247.24,0,0,192,System Idle Process,0,msedgewebview2.exe,17500,INTEL SSDPEKKF256G7L,PASSED,4,100,66,10,3044,0
8/8/2026 20:53,HI38,16.6,2396,45,6687.18,16.3,0,277.14,0,0,192,System Idle Process,0,msedgewebview2.exe,17500,INTEL SSDPEKKF256G7L,PASSED,4,100,66,10,3044,0
8/8/2026 20:53,HI38,14.4,2396,45.1,6685.5,16.3,0.04,284.57,0,0,192,System Idle Process,0,msedgewebview2.exe,17500,INTEL SSDPEKKF256G7L,PASSED,4,100,66,10,3044,0
8/8/2026 20:53,HI38,15.6,2396,45.2,6673.22,16.3,0,252.88,0,0,192,System Idle Process,0,msedgewebview2.exe,17500,INTEL SSDPEKKF256G7L,PASSED,4,100,66,10,3044,0
8/8/2026 20:53,HI38,15.6,2396,45.1,6684.78,16.3,0,266.42,0,0,192,System Idle Process,0,msedgewebview2.exe,17500,INTEL SSDPEKKF256G7L,PASSED,4,100,66,10,3044,0
8/8/2026 20:53,HI38,14.8,2396,45.1,6683.81,16.3,0,290.08,0,0,192,System Idle Process,0,msedgewebview2.exe,17500,INTEL SSDPEKKF256G7L,PASSED,4,100,66,10,3044,0
8/8/2026 20:53,HI38,15.6,2396,45.1,6684.77,16.3,0,271.68,0,0,192,System Idle Process,0,msedgewebview2.exe,17500,INTEL SSDPEKKF256G7L,PASSED,4,100,66,10,3044,0
8/8/2026 20:53,HI38,13.2,2396,45.1,6679.75,16.3,0,245.37,0,0,192,System Idle Process,0,msedgewebview2.exe,17500,INTEL SSDPEKKF256G7L,PASSED,4,100,66,10,3044,0
8/8/2026 20:53,HI38,7.6,2396,45.1,6676.93,16.3,0,18.19,0,0,192,System Idle Process,0,msedgewebview2.exe,17500,INTEL SSDPEKKF256G7L,PASSED,4,100,66,10,3044,0
8/8/2026 20:53,HI38,8,2396,45.1,6678.53,16.3,0,20.75,0,0,192,System Idle Process,0,msedgewebview2.exe,17500,INTEL SSDPEKKF256G7L,PASSED,4,100,68,10,3044,0
8/8/2026 20:53,HI38,5.8,2396,45.1,6681.59,16.3,0,44.76,0,0,192,System Idle Process,0,msedgewebview2.exe,17500,INTEL SSDPEKKF256G7L,PASSED,4,100,66,10,3044,0
8/8/2026 20:53,HI38,14.7,2396,45.1,6679.2,16.3,0,222.49,0,0,192,System Idle Process,0,msedgewebview2.exe,17500,INTEL SSDPEKKF256G7L,PASSED,4,100,66,10,3044,0
8/8/2026 20:53,HI38,13.6,2396,45.2,6671.94,16.3,0,247.56,0,0,192,System Idle Process,0,msedgewebview2.exe,17500,INTEL SSDPEKKF256G7L,PASSED,4,100,66,10,3044,0
8/8/2026 20:53,HI38,16.7,2396,45,6693.63,16.3,0,274.01,0,0,192,System Idle Process,0,msedgewebview2.exe,17500,INTEL SSDPEKKF256G7L,PASSED,4,100,66,10,3044,0
8/8/2026 20:53,HI38,14.1,2396,45.1,6680.59,16.3,0,274.2,0,0,192,System Idle Process,0,msedgewebview2.exe,17500,INTEL SSDPEKKF256G7L,PASSED,4,100,66,10,3044,0
8/8/2026 20:53,HI38,14.5,2396,44.7,6733.09,16.2,0,285.25,0,0,192,System Idle Process,0,msedgewebview2.exe,17500,INTEL SSDPEKKF256G7L,PASSED,4,100,66,10,3044,0
8/8/2026 20:53,HI38,14.1,2396,44.9,6709.29,16.2,0,256.43,0,0,192,System Idle Process,0,msedgewebview2.exe,17500,INTEL SSDPEKKF256G7L,PASSED,4,100,66,10,3044,0
8/8/2026 20:53,HI38,18.5,2396,45.2,6670.63,16.3,0,273.91,0,0,193,System Idle Process,0,msedgewebview2.exe,17500,INTEL SSDPEKKF256G7L,PASSED,4,100,66,10,3044,0
8/8/2026 20:53,HI38,17.1,2396,45.1,6684.14,16.3,0,291.1,0,0,192,System Idle Process,0,msedgewebview2.exe,17500,INTEL SSDPEKKF256G7L,PASSED,4,100,66,10,3044,0
8/8/2026 20:53,HI38,14,2396,45.1,6680.19,16.3,0,260.2,0,0,192,System Idle Process,0,msedgewebview2.exe,17500,INTEL SSDPEKKF256G7L,PASSED,4,100,66,10,3044,0
8/8/2026 20:53,HI38,16.1,2396,44.8,6721.65,16.2,0,278.04,0,0,192,System Idle Process,0,msedgewebview2.exe,17500,INTEL SSDPEKKF256G7L,PASSED,4,100,66,10,3044,0
8/8/2026 20:53,HI38,16.7,2396,45.1,6681.02,16.3,0,278.43,0,0,192,System Idle Process,0,msedgewebview2.exe,17500,INTEL SSDPEKKF256G7L,PASSED,4,100,66,10,3044,0
8/8/2026 20:53,HI38,15.1,2396,45.2,6673.14,16.3,0,245.18,0,0,192,System Idle Process,0,msedgewebview2.exe,17500,INTEL SSDPEKKF256G7L,PASSED,4,100,66,10,3044,0
8/8/2026 20:53,HI38,13.1,2396,45.1,6677.54,16.3,0,280.3,0,0,192,System Idle Process,0,msedgewebview2.exe,17500,INTEL SSDPEKKF256G7L,PASSED,4,100,66,10,3044,0
8/8/2026 20:53,HI38,17.1,2396,45.1,6676.54,16.3,0,283.27,0,0,192,System Idle Process,0,msedgewebview2.exe,17500,INTEL SSDPEKKF256G7L,PASSED,4,100,66,10,3044,0
8/8/2026 20:53,HI38,17.9,2396,44.7,6730.84,16.2,0,284.81,0,0,192,System Idle Process,0,msedgewebview2.exe,17500,INTEL SSDPEKKF256G7L,PASSED,4,100,66,10,3044,0
8/8/2026 20:53,HI38,13.7,2396,45.2,6666.53,16.3,0,247.17,0,0,192,System Idle Process,0,msedgewebview2.exe,17500,INTEL SSDPEKKF256G7L,PASSED,4,100,66,10,3044,0
8/8/2026 20:53,HI38,16.4,2396,44.7,6732.13,16.2,0,282.39,0,0,192,System Idle Process,0,msedgewebview2.exe,17500,INTEL SSDPEKKF256G7L,PASSED,4,100,66,10,3044,0
8/8/2026 20:53,HI38,15.4,2396,44.7,6727.19,16.2,0,272.62,0,0,192,System Idle Process,0,msedgewebview2.exe,17500,INTEL SSDPEKKF256G7L,PASSED,4,100,66,10,3044,0
8/8/2026 20:54,HI38,15.9,2396,45,6694.25,16.3,0,242.24,0,0,192,System Idle Process,0,msedgewebview2.exe,17500,INTEL SSDPEKKF256G7L,PASSED,4,100,66,10,3044,0
8/8/2026 20:54,HI38,15,2396,45,6689.39,16.2,0,249.15,0,0,192,System Idle Process,0,msedgewebview2.exe,17500,INTEL SSDPEKKF256G7L,PASSED,4,100,66,10,3044,0
8/8/2026 20:54,HI38,16.1,2396,44.9,6701.59,16.2,0,273.26,0,0,192,System Idle Process,0,msedgewebview2.exe,17500,INTEL SSDPEKKF256G7L,PASSED,4,100,66,10,3044,0
8/8/2026 20:54,HI38,7.9,2396,45.1,6674.7,16.3,0,55.36,0,0,192,System Idle Process,0,msedgewebview2.exe,17500,INTEL SSDPEKKF256G7L,PASSED,4,100,68,10,3044,0
8/8/2026 20:54,HI38,7.4,2396,45.1,6676.54,16.3,0,21.25,0,0,192,System Idle Process,0,msedgewebview2.exe,17500,INTEL SSDPEKKF256G7L,PASSED,4,100,68,10,3044,0
8/8/2026 20:54,HI38,6.5,2396,45.1,6674.41,16.3,0,34.91,0,0,192,System Idle Process,0,msedgewebview2.exe,17500,INTEL SSDPEKKF256G7L,PASSED,4,100,68,10,3044,0
8/8/2026 20:54,HI38,12.9,2396,45.1,6681.04,16.3,0,217.42,0,0,192,System Idle Process,0,msedgewebview2.exe,17500,INTEL SSDPEKKF256G7L,PASSED,4,100,66,10,3044,0
8/8/2026 20:54,HI38,13.6,2396,45.1,6678.59,16.3,0,253.94,0,0,192,System Idle Process,0,msedgewebview2.exe,17500,INTEL SSDPEKKF256G7L,PASSED,4,100,66,10,3044,0
8/8/2026 20:54,HI38,16,2396,45.2,6670,16.3,0,285.55,0,0,192,System Idle Process,0,msedgewebview2.exe,17500,INTEL SSDPEKKF256G7L,PASSED,4,100,66,10,3044,0
8/8/2026 20:54,HI38,17,2396,45.1,6684.69,16.3,0.01,280.03,0,0,192,System Idle Process,0,msedgewebview2.exe,17500,INTEL SSDPEKKF256G7L,PASSED,4,100,66,10,3044,0
8/8/2026 20:54,HI38,14.9,2396,45.1,6675.11,16.3,0,286.62,0,0,192,System Idle Process,0,msedgewebview2.exe,17500,INTEL SSDPEKKF256G7L,PASSED,4,100,66,10,3044,0
8/8/2026 20:54,HI38,15.6,2396,44.8,6721.81,16.2,0,288.52,0,0,192,System Idle Process,0,msedgewebview2.exe,17500,INTEL SSDPEKKF256G7L,PASSED,4,100,66,10,3044,0
8/8/2026 20:54,HI38,14.3,2396,45.1,6676.3,16.3,0,243.91,0,0,192,System Idle Process,0,msedgewebview2.exe,17500,INTEL SSDPEKKF256G7L,PASSED,4,100,66,10,3044,0
8/8/2026 20:54,HI38,14.4,2396,45.1,6678.35,16.3,0,277.21,0,0,192,System Idle Process,0,msedgewebview2.exe,17500,INTEL SSDPEKKF256G7L,PASSED,4,100,66,10,3044,0
8/8/2026 20:54,HI38,13.5,2396,45.2,6672.33,16.3,0,285.6,0,0,192,System Idle Process,0,msedgewebview2.exe,17500,INTEL SSDPEKKF256G7L,PASSED,4,100,66,10,3044,0
8/8/2026 20:54,HI38,15.2,2396,45,6687.72,16.3,0,235.31,0,0,192,System Idle Process,0,msedgewebview2.exe,17500,INTEL SSDPEKKF256G7L,PASSED,4,100,66,10,3044,0
8/8/2026 20:54,HI38,15.5,2396,45.1,6678.69,16.3,0,285.51,0,0,192,System Idle Process,0,msedgewebview2.exe,17500,INTEL SSDPEKKF256G7L,PASSED,4,100,66,10,3044,0
8/8/2026 20:54,HI38,16.2,2396,45,6697.25,16.3,0,283.21,0,0,192,System Idle Process,0,msedgewebview2.exe,17500,INTEL SSDPEKKF256G7L,PASSED,4,100,66,10,3044,0
8/8/2026 20:54,HI38,15.8,2396,45.2,6669.97,16.3,0,243.4,0,0,192,System Idle Process,0,msedgewebview2.exe,17500,INTEL SSDPEKKF256G7L,PASSED,4,100,66,10,3044,0
8/8/2026 20:54,HI38,15.6,2396,44.7,6723.35,16.2,0,280.92,0,0,192,System Idle Process,0,msedgewebview2.exe,17500,INTEL SSDPEKKF256G7L,PASSED,4,100,66,10,3044,0
8/8/2026 20:54,HI38,15.4,2396,45.2,6670.57,16.3,0,289.12,0,0,192,System Idle Process,0,msedgewebview2.exe,17500,INTEL SSDPEKKF256G7L,PASSED,4,100,66,10,3044,0
8/8/2026 20:54,HI38,12.1,2396,45,6686.59,16.3,0,250.11,0,0,192,System Idle Process,0,msedgewebview2.exe,17500,INTEL SSDPEKKF256G7L,PASSED,4,100,66,10,3044,0
8/8/2026 20:54,HI38,15.9,2396,45.1,6678.79,16.3,0,271.96,0,0,192,System Idle Process,0,msedgewebview2.exe,17500,INTEL SSDPEKKF256G7L,PASSED,4,100,66,10,3044,0
8/8/2026 20:54,HI38,15.2,2396,45.1,6683.52,16.3,0,286.75,0,0,192,System Idle Process,0,msedgewebview2.exe,17500,INTEL SSDPEKKF256G7L,PASSED,4,100,66,10,3044,0
8/8/2026 20:54,HI38,15.3,2396,44.9,6706.01,16.2,0,247.25,0,0,192,System Idle Process,0,msedgewebview2.exe,17500,INTEL SSDPEKKF256G7L,PASSED,4,100,66,10,3044,0
8/8/2026 20:54,HI38,14.3,2396,45.1,6679.94,16.3,0.01,282.86,0,0,192,System Idle Process,0,msedgewebview2.exe,17500,INTEL SSDPEKKF256G7L,PASSED,4,100,66,10,3044,0
8/8/2026 20:54,HI38,15.6,2396,45.1,6679.36,16.3,0,254.31,0,0,192,System Idle Process,0,msedgewebview2.exe,17500,INTEL SSDPEKKF256G7L,PASSED,4,100,66,10,3044,0
8/8/2026 20:54,HI38,15.8,2396,45.2,6672.93,16.3,0,250.77,0,0,192,System Idle Process,0,msedgewebview2.exe,17500,INTEL SSDPEKKF256G7L,PASSED,4,100,66,10,3044,0
8/8/2026 20:54,HI38,14.4,2396,45.2,6669.7,16.3,0,261.27,0,0,192,System Idle Process,0,msedgewebview2.exe,17500,INTEL SSDPEKKF256G7L,PASSED,4,100,66,10,3044,0
8/8/2026 20:54,HI38,11.8,2396,45.1,6682.42,16.3,0,132.87,0,0,192,System Idle Process,0,msedgewebview2.exe,17500,INTEL SSDPEKKF256G7L,PASSED,4,100,66,10,3044,0
8/8/2026 20:54,HI38,5.4,2396,45.1,6683.45,16.3,0,19.65,0,0,191,System Idle Process,0,msedgewebview2.exe,17500,INTEL SSDPEKKF256G7L,PASSED,4,100,68,10,3044,0
8/8/2026 20:54,HI38,5.4,2396,44.9,6698.1,16.3,0,17.37,0,0,191,System Idle Process,0,msedgewebview2.exe,17500,INTEL SSDPEKKF256G7L,PASSED,4,100,68,10,3044,0
8/8/2026 20:54,HI38,11.2,2396,44.8,6716.32,16.2,0,157.02,0,0,191,System Idle Process,0,msedgewebview2.exe,17500,INTEL SSDPEKKF256G7L,PASSED,4,100,66,10,3044,0
8/8/2026 20:54,HI38,12.1,2396,45.1,6674.89,16.3,0,230.61,0,0,191,System Idle Process,0,msedgewebview2.exe,17500,INTEL SSDPEKKF256G7L,PASSED,4,100,66,10,3044,0
8/8/2026 20:54,HI38,11.9,2396,45.2,6673.6,16.3,0,253.56,0,0,191,System Idle Process,0,msedgewebview2.exe,17500,INTEL SSDPEKKF256G7L,PASSED,4,100,66,10,3044,0
8/8/2026 20:54,HI38,24.7,2396,45.2,6667.94,16.3,0,277.76,0,0,192,System Idle Process,0,msedgewebview2.exe,17500,INTEL SSDPEKKF256G7L,PASSED,4,100,66,10,3044,0
8/8/2026 20:54,HI38,15.2,2396,44.9,6700.32,16.2,0,281.28,0,0,192,System Idle Process,0,msedgewebview2.exe,17500,INTEL SSDPEKKF256G7L,PASSED,4,100,66,10,3044,0
8/8/2026 20:55,HI38,13.6,2396,45.3,6653.63,16.3,0,269.39,0,0,192,System Idle Process,0,msedgewebview2.exe,17500,INTEL SSDPEKKF256G7L,PASSED,4,100,66,10,3044,0
8/8/2026 20:55,HI38,14.7,2396,45.2,6665.35,16.3,0,289.07,0,0,192,System Idle Process,0,msedgewebview2.exe,17500,INTEL SSDPEKKF256G7L,PASSED,4,100,66,10,3044,0
8/8/2026 20:55,HI38,14.8,2396,45,6696.58,16.2,0,284.09,0,0,192,System Idle Process,0,msedgewebview2.exe,17500,INTEL SSDPEKKF256G7L,PASSED,4,100,66,10,3044,0
8/8/2026 20:55,HI38,12.7,2396,45.2,6667.71,16.3,0,243.55,0,0,192,System Idle Process,0,msedgewebview2.exe,17500,INTEL SSDPEKKF256G7L,PASSED,4,100,66,10,3044,0
8/8/2026 20:55,HI38,15.2,2396,45.3,6655.85,16.3,0.02,278.07,0,0,192,System Idle Process,0,msedgewebview2.exe,17500,INTEL SSDPEKKF256G7L,PASSED,4,100,66,10,3044,0
8/8/2026 20:55,HI38,16.9,2396,44.9,6701.54,16.2,0,277.51,0,0,192,System Idle Process,0,msedgewebview2.exe,17500,INTEL SSDPEKKF256G7L,PASSED,4,100,66,10,3044,0
8/8/2026 20:55,HI38,13.7,2396,45.2,6664.59,16.3,0,245.49,0,0,192,System Idle Process,0,msedgewebview2.exe,17500,INTEL SSDPEKKF256G7L,PASSED,4,100,66,10,3044,0
8/8/2026 20:55,HI38,15,2396,45.2,6664.92,16.3,0,283.56,0,0,192,System Idle Process,0,msedgewebview2.exe,17500,INTEL SSDPEKKF256G7L,PASSED,4,100,66,10,3044,0
8/8/2026 20:55,HI38,17.3,2396,44.8,6712.68,16.2,0,291.77,0,0,192,System Idle Process,0,msedgewebview2.exe,17500,INTEL SSDPEKKF256G7L,PASSED,4,100,66,10,3044,0
8/8/2026 20:55,HI38,13.7,2396,45,6686.53,16.2,0,254.14,0,0,192,System Idle Process,0,msedgewebview2.exe,17500,INTEL SSDPEKKF256G7L,PASSED,4,100,66,10,3044,0
8/8/2026 20:55,HI38,14.5,2396,45.2,6662.79,16.3,0,280.21,0,0,192,System Idle Process,0,msedgewebview2.exe,17500,INTEL SSDPEKKF256G7L,PASSED,4,100,66,10,3044,0
8/8/2026 20:55,HI38,14.9,2396,45.3,6655.7,16.3,0,279.87,0,0,192,System Idle Process,0,msedgewebview2.exe,17500,INTEL SSDPEKKF256G7L,PASSED,4,100,66,10,3044,0
8/8/2026 20:55,HI38,13.2,2396,45.1,6674.65,16.3,0,244.84,0,0,192,System Idle Process,0,msedgewebview2.exe,17500,INTEL SSDPEKKF256G7L,PASSED,4,100,66,10,3044,0
8/8/2026 20:55,HI38,17.1,2396,44.8,6711.18,16.2,0,285.62,0,0,192,System Idle Process,0,msedgewebview2.exe,17500,INTEL SSDPEKKF256G7L,PASSED,4,100,66,10,3044,0
8/8/2026 20:55,HI38,14.2,2396,45.3,6660.47,16.3,0,275.63,0,0,192,System Idle Process,0,msedgewebview2.exe,17500,INTEL SSDPEKKF256G7L,PASSED,4,100,66,10,3044,0
8/8/2026 20:55,HI38,14.6,2396,45.2,6665.25,16.3,0,236.07,0,0,192,System Idle Process,0,msedgewebview2.exe,17500,INTEL SSDPEKKF256G7L,PASSED,4,100,66,10,3044,0
8/8/2026 20:55,HI38,13.3,2396,45.1,6677.13,16.3,0,266.86,0,0,191,System Idle Process,0,msedgewebview2.exe,17500,INTEL SSDPEKKF256G7L,PASSED,4,100,66,10,3044,0
8/8/2026 20:55,HI38,10.1,2396,45.1,6677.36,16.3,0,117.22,0,0,191,System Idle Process,0,msedgewebview2.exe,17500,INTEL SSDPEKKF256G7L,PASSED,4,100,66,10,3044,0
8/8/2026 20:55,HI38,5,2396,45,6691.73,16.3,0,17.99,0,0,191,System Idle Process,0,msedgewebview2.exe,17500,INTEL SSDPEKKF256G7L,PASSED,4,100,68,10,3044,0
8/8/2026 20:55,HI38,7.6,2396,45,6694.77,16.3,0,18.11,0,0,191,System Idle Process,0,msedgewebview2.exe,17500,INTEL SSDPEKKF256G7L,PASSED,4,100,68,10,3044,0
8/8/2026 20:55,HI38,12,2396,45.1,6685.43,16.3,0,184.04,0,0,191,System Idle Process,0,msedgewebview2.exe,17500,INTEL SSDPEKKF256G7L,PASSED,4,100,66,10,3044,0
8/8/2026 20:55,HI38,11.9,2396,45,6690.91,16.3,0,199.26,0,0,191,System Idle Process,0,msedgewebview2.exe,17500,INTEL SSDPEKKF256G7L,PASSED,4,100,66,10,3044,0
8/8/2026 20:55,HI38,16.2,2396,44.8,6720.95,16.2,0,290.96,0,0,191,System Idle Process,0,msedgewebview2.exe,17500,INTEL SSDPEKKF256G7L,PASSED,4,100,66,10,3044,0
8/8/2026 20:55,HI38,14.8,2396,45.1,6679.14,16.3,0,281.96,0,0,191,System Idle Process,0,msedgewebview2.exe,17500,INTEL SSDPEKKF256G7L,PASSED,4,100,66,10,3044,0
8/8/2026 20:55,HI38,14.3,2396,45.1,6685.22,16.3,0,274.76,0,0,191,System Idle Process,0,msedgewebview2.exe,17500,INTEL SSDPEKKF256G7L,PASSED,4,100,66,10,3044,0
8/8/2026 20:55,HI38,15.5,2396,44.9,6705.12,16.2,0,286.39,0,0,191,System Idle Process,0,msedgewebview2.exe,17500,INTEL SSDPEKKF256G7L,PASSED,4,100,66,10,3044,0
8/8/2026 20:55,HI38,15.9,2396,44.9,6702.88,16.2,0,272.03,0,0,191,System Idle Process,0,msedgewebview2.exe,17500,INTEL SSDPEKKF256G7L,PASSED,4,100,66,10,3044,0
8/8/2026 20:55,HI38,13.8,2396,45,6694.82,16.3,0,258.27,0,0,191,System Idle Process,0,msedgewebview2.exe,17500,INTEL SSDPEKKF256G7L,PASSED,4,100,66,10,3044,0
8/8/2026 20:55,HI38,14.6,2396,44.7,6723.78,16.2,0,289.43,0,0,191,System Idle Process,0,msedgewebview2.exe,17500,INTEL SSDPEKKF256G7L,PASSED,4,100,66,10,3044,0
8/8/2026 20:55,HI38,15.6,2396,44.6,6743.32,16.2,0,277.79,0,0,191,System Idle Process,0,msedgewebview2.exe,17500,INTEL SSDPEKKF256G7L,PASSED,4,100,66,10,3044,0
8/8/2026 20:55,HI38,15.6,2396,45.1,6680.08,16.3,0,250.24,0,0,191,System Idle Process,0,msedgewebview2.exe,17500,INTEL SSDPEKKF256G7L,PASSED,4,100,66,10,3044,0
8/8/2026 20:55,HI38,13.9,2396,45.1,6682.69,16.3,0,279.01,0,0,191,System Idle Process,0,msedgewebview2.exe,17500,INTEL SSDPEKKF256G7L,PASSED,4,100,66,10,3044,0
8/8/2026 20:55,HI38,12.1,2396,44.6,6735.82,16.2,0,287.86,0,0,191,System Idle Process,0,msedgewebview2.exe,17500,INTEL SSDPEKKF256G7L,PASSED,4,100,66,10,3044,0
8/8/2026 20:55,HI38,15.1,2396,44.8,6714.69,16.2,0,247.98,0,0,191,System Idle Process,0,msedgewebview2.exe,17500,INTEL SSDPEKKF256G7L,PASSED,4,100,66,10,3044,0
8/8/2026 20:55,HI38,14.1,2396,45.1,6674.9,16.3,0,275.3,0,0,191,System Idle Process,0,msedgewebview2.exe,17500,INTEL SSDPEKKF256G7L,PASSED,4,100,66,10,3044,0
8/8/2026 20:55,HI38,13.9,2396,45.1,6685.52,16.3,0,279.93,0,0,191,System Idle Process,0,msedgewebview2.exe,17500,INTEL SSDPEKKF256G7L,PASSED,4,100,66,10,3044,0
8/8/2026 20:56,HI38,11.4,2396,45,6694.96,16.2,0,242.26,0,0,191,System Idle Process,0,msedgewebview2.exe,17500,INTEL SSDPEKKF256G7L,PASSED,4,100,66,10,3044,0
8/8/2026 20:56,HI38,13.5,2396,45.1,6677.56,16.3,0,279.16,0,0,191,System Idle Process,0,msedgewebview2.exe,17500,INTEL SSDPEKKF256G7L,PASSED,4,100,66,10,3044,0
8/8/2026 20:56,HI38,13.6,2396,44.8,6715.62,16.2,0,288.88,0,0,191,System Idle Process,0,msedgewebview2.exe,17500,INTEL SSDPEKKF256G7L,PASSED,4,100,66,10.1,3044,0
8/8/2026 20:56,HI38,14.9,2396,45,6687.68,16.3,0,251.26,0,0,191,System Idle Process,0,msedgewebview2.exe,17500,INTEL SSDPEKKF256G7L,PASSED,4,100,66,10.1,3044,0
8/8/2026 20:56,HI38,15.3,2396,45.1,6676.74,16.3,0,277.22,0,0,191,System Idle Process,0,msedgewebview2.exe,17500,INTEL SSDPEKKF256G7L,PASSED,4,100,66,10.1,3044,0
8/8/2026 20:56,HI38,15.6,2396,44.9,6701.29,16.2,0,269.51,0,0,191,System Idle Process,0,msedgewebview2.exe,17500,INTEL SSDPEKKF256G7L,PASSED,4,100,66,10.1,3044,0
8/8/2026 20:56,HI38,12.2,2396,45.1,6681.63,16.3,0.05,240.11,0,0,191,System Idle Process,0,msedgewebview2.exe,17500,INTEL SSDPEKKF256G7L,PASSED,4,100,66,10.1,3044,0
8/8/2026 20:56,HI38,12.1,2396,45.1,6684.42,16.3,0,285.59,0,0,191,System Idle Process,0,msedgewebview2.exe,17500,INTEL SSDPEKKF256G7L,PASSED,4,100,66,10.1,3044,0
8/8/2026 20:56,HI38,12,2396,45,6693.4,16.3,0,251.95,0,0,191,System Idle Process,0,msedgewebview2.exe,17500,INTEL SSDPEKKF256G7L,PASSED,4,100,66,10.1,3044,0
8/8/2026 20:56,HI38,5.2,2396,45,6692.95,16.3,0,18.77,0,0,191,System Idle Process,0,msedgewebview2.exe,17500,INTEL SSDPEKKF256G7L,PASSED,4,100,68,10.1,3044,0
8/8/2026 20:56,HI38,6.4,2396,44.5,6748.29,16.2,0.01,21.18,0,0,191,System Idle Process,0,msedgewebview2.exe,17500,INTEL SSDPEKKF256G7L,PASSED,4,100,68,10.1,3044,0
8/8/2026 20:56,HI38,8,2396,45.1,6685.18,16.3,0,114.76,0,0,191,System Idle Process,0,msedgewebview2.exe,17500,INTEL SSDPEKKF256G7L,PASSED,4,100,68,10.1,3044,0
8/8/2026 20:56,HI38,11.8,2396,45.1,6685.51,16.3,0,197.02,0,0,191,System Idle Process,0,msedgewebview2.exe,17500,INTEL SSDPEKKF256G7L,PASSED,4,100,66,10.1,3044,0
8/8/2026 20:56,HI38,13.8,2396,44.6,6736.33,16.2,0,283.7,0,0,191,System Idle Process,0,msedgewebview2.exe,17500,INTEL SSDPEKKF256G7L,PASSED,4,100,66,10.1,3044,0
8/8/2026 20:56,HI38,16,2396,44.9,6698.31,16.3,0,289.88,0,0,191,System Idle Process,0,msedgewebview2.exe,17500,INTEL SSDPEKKF256G7L,PASSED,4,100,66,10.1,3044,0
8/8/2026 20:56,HI38,14,2396,45.1,6676.54,16.3,0,271.41,0,0,191,System Idle Process,0,msedgewebview2.exe,17500,INTEL SSDPEKKF256G7L,PASSED,4,100,66,10.1,3044,0
8/8/2026 20:56,HI38,15.8,2396,45.1,6683.01,16.3,0,277.59,0,0,191,System Idle Process,0,msedgewebview2.exe,17500,INTEL SSDPEKKF256G7L,PASSED,4,100,66,10.1,3044,0
8/8/2026 20:56,HI38,14.1,2396,45.1,6678.88,16.3,0.01,296.74,0,0,191,System Idle Process,0,msedgewebview2.exe,17500,INTEL SSDPEKKF256G7L,PASSED,4,100,66,10.1,3044,0
8/8/2026 20:56,HI38,14.1,2396,45.1,6675,16.3,0,239.74,0,0,191,System Idle Process,0,msedgewebview2.exe,17500,INTEL SSDPEKKF256G7L,PASSED,4,100,66,10.1,3044,0
8/8/2026 20:56,HI38,16,2396,45.1,6677.71,16.3,0.01,276.63,0,0,191,System Idle Process,0,msedgewebview2.exe,17500,INTEL SSDPEKKF256G7L,PASSED,4,100,66,10.1,3044,0
8/8/2026 20:56,HI38,12.8,2396,45.1,6674.37,16.3,0,282.66,0,0,191,System Idle Process,0,msedgewebview2.exe,17500,INTEL SSDPEKKF256G7L,PASSED,4,100,66,10.1,3044,0
8/8/2026 20:56,HI38,13.1,2396,44.7,6733.88,16.2,0,239.68,0,0,191,System Idle Process,0,msedgewebview2.exe,17500,INTEL SSDPEKKF256G7L,PASSED,4,100,66,10.1,3044,0
8/8/2026 20:56,HI38,17.9,2396,45,6687.54,16.3,0,270.92,0,0,191,System Idle Process,0,msedgewebview2.exe,17500,INTEL SSDPEKKF256G7L,PASSED,4,100,66,10.1,3044,0
8/8/2026 20:56,HI38,15.6,2396,45.1,6675.43,16.3,0,283.49,0,0,191,System Idle Process,0,msedgewebview2.exe,17500,INTEL SSDPEKKF256G7L,PASSED,4,100,66,10.1,3044,0
8/8/2026 20:56,HI38,13.7,2396,45.1,6679.39,16.3,0,237.93,0,0,191,System Idle Process,0,msedgewebview2.exe,17500,INTEL SSDPEKKF256G7L,PASSED,4,100,66,10.1,3044,0
8/8/2026 20:56,HI38,16.3,2396,44.7,6733.48,16.2,0,279.6,0,0,191,System Idle Process,0,msedgewebview2.exe,17500,INTEL SSDPEKKF256G7L,PASSED,4,100,66,10.1,3044,0
8/8/2026 20:56,HI38,14.8,2396,45.1,6678.23,16.3,0,287.94,0,0,191,System Idle Process,0,msedgewebview2.exe,17500,INTEL SSDPEKKF256G7L,PASSED,4,100,66,10.1,3044,0
8/8/2026 20:56,HI38,14.3,2396,45.1,6673.84,16.3,0,244.08,0,0,191,System Idle Process,0,msedgewebview2.exe,17500,INTEL SSDPEKKF256G7L,PASSED,4,100,66,10.1,3044,0
8/8/2026 20:56,HI38,17.4,2396,45,6693.45,16.3,0,284.18,0,0,191,System Idle Process,0,msedgewebview2.exe,17500,INTEL SSDPEKKF256G7L,PASSED,4,100,66,10.1,3044,0
8/8/2026 20:56,HI38,16.2,2396,45,6692.18,16.2,0,281.51,0,0,191,System Idle Process,0,msedgewebview2.exe,17500,INTEL SSDPEKKF256G7L,PASSED,4,100,66,10.1,3044,0
8/8/2026 20:56,HI38,18.9,2396,45.1,6675.38,16.3,0.08,280.64,0,0,191,System Idle Process,0,msedgewebview2.exe,17500,INTEL SSDPEKKF256G7L,PASSED,4,100,66,10.1,3044,0
8/8/2026 20:56,HI38,14.9,2396,45.1,6683.65,16.3,0,230.49,0,0,191,System Idle Process,0,msedgewebview2.exe,17500,INTEL SSDPEKKF256G7L,PASSED,4,100,66,10.1,3044,0
8/8/2026 20:56,HI38,13.9,2396,45,6696.25,16.3,0,282.25,0,0,191,System Idle Process,0,msedgewebview2.exe,17500,INTEL SSDPEKKF256G7L,PASSED,4,100,66,10.1,3044,0
8/8/2026 20:56,HI38,13.7,2396,44.8,6715.11,16.2,0,279.84,0,0,191,System Idle Process,0,msedgewebview2.exe,17500,INTEL SSDPEKKF256G7L,PASSED,4,100,66,10.1,3044,0
8/8/2026 20:56,HI38,12.6,2396,45.1,6685.47,16.3,0,237.77,0,0,191,System Idle Process,0,msedgewebview2.exe,17500,INTEL SSDPEKKF256G7L,PASSED,4,100,66,10.1,3044,0
8/8/2026 20:56,HI38,12.7,2396,45,6690.05,16.2,0,265.41,0,0,191,System Idle Process,0,msedgewebview2.exe,17500,INTEL SSDPEKKF256G7L,PASSED,4,100,66,10.1,3044,0
8/8/2026 20:57,HI38,14,2396,45,6687.69,16.3,0,220.34,0,0,191,System Idle Process,0,msedgewebview2.exe,17500,INTEL SSDPEKKF256G7L,PASSED,4,100,66,10.1,3044,0
8/8/2026 20:57,HI38,5,2396,45,6687.39,16.3,0.01,19.5,0,0,191,System Idle Process,0,msedgewebview2.exe,17500,INTEL SSDPEKKF256G7L,PASSED,4,100,68,10.1,3044,0
8/8/2026 20:57,HI38,6.2,2396,45,6688.57,16.3,0,20.01,0,0,191,System Idle Process,0,msedgewebview2.exe,17500,INTEL SSDPEKKF256G7L,PASSED,4,100,68,10.1,3044,0
8/8/2026 20:57,HI38,6,2396,45.1,6683.3,16.3,0,95.94,0,0,191,System Idle Process,0,msedgewebview2.exe,17500,INTEL SSDPEKKF256G7L,PASSED,4,100,66,10.1,3044,0
8/8/2026 20:57,HI38,15.5,2396,45,6694.65,16.3,0.01,228.12,0,0,191,System Idle Process,0,msedgewebview2.exe,17500,INTEL SSDPEKKF256G7L,PASSED,4,100,66,10.1,3044,0
8/8/2026 20:57,HI38,15.9,2396,45.1,6679.38,16.3,0,279.34,0,0,191,System Idle Process,0,msedgewebview2.exe,17500,INTEL SSDPEKKF256G7L,PASSED,4,100,66,10.1,3044,0
8/8/2026 20:57,HI38,16.1,2396,45.1,6684.27,16.3,0,265.15,0,0,191,System Idle Process,0,msedgewebview2.exe,17500,INTEL SSDPEKKF256G7L,PASSED,4,100,66,10.1,3044,0
8/8/2026 20:57,HI38,16.2,2396,44.7,6727.16,16.2,0,282.86,0,0,191,System Idle Process,0,msedgewebview2.exe,17500,INTEL SSDPEKKF256G7L,PASSED,4,100,66,10.1,3044,0
8/8/2026 20:57,HI38,13.8,2396,45.2,6673.09,16.3,0,282.73,0,0,191,System Idle Process,0,msedgewebview2.exe,17500,INTEL SSDPEKKF256G7L,PASSED,4,100,66,10.1,3044,0
8/8/2026 20:57,HI38,13,2396,45.1,6682.43,16.3,0,279.27,0,0,191,System Idle Process,0,msedgewebview2.exe,17500,INTEL SSDPEKKF256G7L,PASSED,4,100,66,10.1,3044,0
8/8/2026 20:57,HI38,13.2,2396,45.1,6684.31,16.3,0,260.47,0,0,191,System Idle Process,0,msedgewebview2.exe,17500,INTEL SSDPEKKF256G7L,PASSED,4,100,66,10.1,3044,0
8/8/2026 20:57,HI38,14.2,2396,45.1,6684.27,16.3,0.06,294.23,0,0,191,System Idle Process,0,msedgewebview2.exe,17500,INTEL SSDPEKKF256G7L,PASSED,4,100,66,10.1,3044,0
8/8/2026 20:57,HI38,16.4,2396,45.1,6674.04,16.3,0,288.24,0,0,191,System Idle Process,0,msedgewebview2.exe,17500,INTEL SSDPEKKF256G7L,PASSED,4,100,66,10.1,3044,0
8/8/2026 20:57,HI38,11.8,2396,45,6696.96,16.2,0,234.12,0,0,191,System Idle Process,0,msedgewebview2.exe,17500,INTEL SSDPEKKF256G7L,PASSED,4,100,66,10.1,3044,0
8/8/2026 20:57,HI38,14.5,2396,44.7,6734.12,16.2,0,294.89,0,0,191,System Idle Process,0,msedgewebview2.exe,17500,INTEL SSDPEKKF256G7L,PASSED,4,100,66,10.1,3044,0
8/8/2026 20:57,HI38,14.1,2396,45.1,6685.04,16.3,0,289.78,0,0,191,System Idle Process,0,msedgewebview2.exe,17500,INTEL SSDPEKKF256G7L,PASSED,4,100,66,10.1,3044,0
8/8/2026 20:57,HI38,13.3,2396,45.2,6673.34,16.3,0,249.31,0,0,191,System Idle Process,0,msedgewebview2.exe,17500,INTEL SSDPEKKF256G7L,PASSED,4,100,66,10.1,3044,0
8/8/2026 20:57,HI38,14.2,2396,45.2,6673.13,16.3,0,295.31,0,0,191,System Idle Process,0,msedgewebview2.exe,17500,INTEL SSDPEKKF256G7L,PASSED,4,100,66,10.1,3044,0
8/8/2026 20:57,HI38,15.9,2396,45.1,6675.59,16.3,0.01,285.08,0,0,191,System Idle Process,0,msedgewebview2.exe,17500,INTEL SSDPEKKF256G7L,PASSED,4,100,66,10.1,3044,0
8/8/2026 20:57,HI38,13.6,2396,45.1,6677.19,16.3,0.01,250.62,0,0,191,System Idle Process,0,msedgewebview2.exe,17500,INTEL SSDPEKKF256G7L,PASSED,4,100,66,10.1,3044,0
8/8/2026 20:57,HI38,15.4,2396,45.2,6673.28,16.3,0.01,283.96,0,0,191,System Idle Process,0,msedgewebview2.exe,17500,INTEL SSDPEKKF256G7L,PASSED,4,100,66,10.1,3044,0
8/8/2026 20:57,HI38,17.1,2396,45.1,6674.93,16.3,0.06,281.99,0,0,191,System Idle Process,0,msedgewebview2.exe,17500,INTEL SSDPEKKF256G7L,PASSED,4,100,66,10.1,3044,0
8/8/2026 20:57,HI38,14.5,2396,45.2,6673.3,16.3,0,233.46,0,0,191,System Idle Process,0,msedgewebview2.exe,17500,INTEL SSDPEKKF256G7L,PASSED,4,100,66,10.1,3044,0
8/8/2026 20:57,HI38,13.6,2396,45.1,6676.3,16.3,0,278.52,0,0,191,System Idle Process,0,msedgewebview2.exe,17500,INTEL SSDPEKKF256G7L,PASSED,4,100,66,10.1,3044,0
8/8/2026 20:57,HI38,13.2,2396,45.1,6679.67,16.3,0,136.92,0,0,191,System Idle Process,0,msedgewebview2.exe,17500,INTEL SSDPEKKF256G7L,PASSED,4,100,68,10.1,3044,0
8/8/2026 20:57,HI38,6.1,2396,45.1,6677.44,16.3,0,17.25,0,0,192,System Idle Process,0,msedgewebview2.exe,17500,INTEL SSDPEKKF256G7L,PASSED,4,100,68,10.1,3044,0
8/8/2026 20:57,HI38,6.7,2396,45.1,6675.03,16.3,0,18.29,0,0,192,System Idle Process,0,msedgewebview2.exe,17500,INTEL SSDPEKKF256G7L,PASSED,4,100,68,10.1,3044,0
8/8/2026 20:57,HI38,12.3,2396,45.1,6681.65,16.3,0,177.86,0,0,192,System Idle Process,0,msedgewebview2.exe,17500,INTEL SSDPEKKF256G7L,PASSED,4,100,68,10.1,3044,0
8/8/2026 20:57,HI38,13.5,2396,45.2,6669.66,16.3,0,200.98,0,0,192,System Idle Process,0,msedgewebview2.exe,17500,INTEL SSDPEKKF256G7L,PASSED,4,100,66,10.1,3044,0
8/8/2026 20:57,HI38,18,2396,44.7,6723.84,16.2,0,284.23,0,0,192,System Idle Process,0,msedgewebview2.exe,17500,INTEL SSDPEKKF256G7L,PASSED,4,100,66,10.1,3044,0
8/8/2026 20:57,HI38,14.8,2396,44.9,6699.52,16.2,0,270.5,0,0,192,System Idle Process,0,msedgewebview2.exe,17500,INTEL SSDPEKKF256G7L,PASSED,4,100,66,10.1,3044,0
8/8/2026 20:57,HI38,13.2,2396,45,6688.86,16.3,0,288.14,0,0,192,System Idle Process,0,msedgewebview2.exe,17500,INTEL SSDPEKKF256G7L,PASSED,4,100,66,10.1,3044,0
8/8/2026 20:57,HI38,16.7,2396,44.7,6731.7,16.2,0,279.7,0,0,192,System Idle Process,0,msedgewebview2.exe,17500,INTEL SSDPEKKF256G7L,PASSED,4,100,66,10.1,3044,0
8/8/2026 20:57,HI38,15.5,2396,44.8,6721.68,16.2,0,290.95,0,0,192,System Idle Process,0,msedgewebview2.exe,17500,INTEL SSDPEKKF256G7L,PASSED,4,100,66,10.1,3044,0
8/8/2026 20:57,HI38,14.6,2396,45.1,6684.36,16.3,0,248.1,0,0,192,System Idle Process,0,msedgewebview2.exe,17500,INTEL SSDPEKKF256G7L,PASSED,4,100,66,10.1,3044,0
8/8/2026 20:57,HI38,13.8,2396,45.1,6681.48,16.3,0,295.37,0,0,192,System Idle Process,0,msedgewebview2.exe,17500,INTEL SSDPEKKF256G7L,PASSED,4,100,66,10.1,3044,0
8/8/2026 20:58,HI38,17.3,2396,45.1,6680.92,16.3,0,280.87,0,0,192,System Idle Process,0,msedgewebview2.exe,17500,INTEL SSDPEKKF256G7L,PASSED,4,100,66,10.1,3044,0
8/8/2026 20:58,HI38,13.9,2396,45.1,6677.97,16.3,0,250.39,0,0,192,System Idle Process,0,msedgewebview2.exe,17500,INTEL SSDPEKKF256G7L,PASSED,4,100,66,10.1,3044,0
8/8/2026 20:58,HI38,17.3,2396,44.7,6733.8,16.2,0.01,286.45,0,0,192,System Idle Process,0,msedgewebview2.exe,17500,INTEL SSDPEKKF256G7L,PASSED,4,100,66,10.1,3044,0
8/8/2026 20:58,HI38,18.4,2396,45.1,6675.54,16.3,0,273.73,0,0,192,System Idle Process,0,msedgewebview2.exe,17500,INTEL SSDPEKKF256G7L,PASSED,4,100,66,10.1,3044,0
8/8/2026 20:58,HI38,24.9,2396,44.7,6725.76,16.2,0,255.95,0,0,192,System Idle Process,0,msedgewebview2.exe,17500,INTEL SSDPEKKF256G7L,PASSED,4,100,66,10.1,3044,0
8/8/2026 20:58,HI38,14.5,2396,45.2,6665,16.3,0,286.8,0,0,192,System Idle Process,0,msedgewebview2.exe,17500,INTEL SSDPEKKF256G7L,PASSED,4,100,66,10.1,3044,0
8/8/2026 20:58,HI38,16.7,2396,44.6,6738.32,16.2,0,281.66,0,0,192,System Idle Process,0,msedgewebview2.exe,17500,INTEL SSDPEKKF256G7L,PASSED,4,100,66,10.1,3044,0
8/8/2026 20:58,HI38,14.4,2396,45.2,6668.93,16.3,0,248.88,0,0,192,System Idle Process,0,msedgewebview2.exe,17500,INTEL SSDPEKKF256G7L,PASSED,4,100,66,10.1,3044,0
8/8/2026 20:58,HI38,16.3,2396,45.2,6665.95,16.3,0,282.67,0,0,192,System Idle Process,0,msedgewebview2.exe,17500,INTEL SSDPEKKF256G7L,PASSED,4,100,66,10.1,3044,0
8/8/2026 20:58,HI38,17.4,2396,44.9,6702.53,16.2,0,288.39,0,0,192,System Idle Process,0,msedgewebview2.exe,17500,INTEL SSDPEKKF256G7L,PASSED,4,100,66,10.1,3044,0
8/8/2026 20:58,HI38,14.4,2396,45.1,6676.96,16.3,0,242.38,0,0,192,System Idle Process,0,msedgewebview2.exe,17500,INTEL SSDPEKKF256G7L,PASSED,4,100,66,10.1,3044,0
8/8/2026 20:58,HI38,13.4,2396,45.1,6677.29,16.3,0,273.99,0,0,192,System Idle Process,0,msedgewebview2.exe,17500,INTEL SSDPEKKF256G7L,PASSED,4,100,66,10.1,3044,0
8/8/2026 20:58,HI38,15.9,2396,44.8,6713.66,16.2,0,243.26,0,0,192,System Idle Process,0,msedgewebview2.exe,17500,INTEL SSDPEKKF256G7L,PASSED,4,100,66,10.1,3044,0
8/8/2026 20:58,HI38,12.4,2396,45.2,6672.6,16.3,0,109.41,0,0,192,System Idle Process,0,msedgewebview2.exe,17500,INTEL SSDPEKKF256G7L,PASSED,4,100,68,10.1,3044,0
8/8/2026 20:58,HI38,6.1,2396,45.1,6676.38,16.3,0,21.28,0,0,192,System Idle Process,0,msedgewebview2.exe,17500,INTEL SSDPEKKF256G7L,PASSED,4,100,68,10.1,3044,0
8/8/2026 20:58,HI38,5.8,2396,45.2,6672.89,16.3,0,16.78,0,0,192,System Idle Process,0,msedgewebview2.exe,17500,INTEL SSDPEKKF256G7L,PASSED,4,100,68,10.1,3044,0
8/8/2026 20:58,HI38,11,2396,45.1,6682.71,16.3,0,176.94,0,0,192,System Idle Process,0,msedgewebview2.exe,17500,INTEL SSDPEKKF256G7L,PASSED,4,100,66,10.1,3044,0
8/8/2026 20:58,HI38,12.8,2396,45.2,6671.82,16.3,0,242.56,0,0,192,System Idle Process,0,msedgewebview2.exe,17500,INTEL SSDPEKKF256G7L,PASSED,4,100,66,10.1,3044,0
8/8/2026 20:58,HI38,16.2,2396,45.1,6675.52,16.3,0,297.94,0,0,192,System Idle Process,0,msedgewebview2.exe,17500,INTEL SSDPEKKF256G7L,PASSED,4,100,66,10.1,3044,0
8/8/2026 20:58,HI38,16.3,2396,44.9,6708.44,16.2,0,277.43,0,0,192,System Idle Process,0,msedgewebview2.exe,17500,INTEL SSDPEKKF256G7L,PASSED,4,100,66,10.1,3044,0
8/8/2026 20:58,HI38,17.4,2396,45.1,6678.73,16.3,0,279.35,0,0,192,System Idle Process,0,msedgewebview2.exe,17500,INTEL SSDPEKKF256G7L,PASSED,4,100,66,10.1,3044,0
8/8/2026 20:58,HI38,17.7,2396,45.2,6670.93,16.3,0,287.77,0,0,192,System Idle Process,0,msedgewebview2.exe,17500,INTEL SSDPEKKF256G7L,PASSED,4,100,66,10.1,3044,0
8/8/2026 20:58,HI38,16.8,2396,45.1,6681.1,16.3,0,262.66,0,0,192,System Idle Process,0,msedgewebview2.exe,17500,INTEL SSDPEKKF256G7L,PASSED,4,100,66,10.1,3044,0
8/8/2026 20:58,HI38,16.9,2396,45.1,6680.62,16.3,0,271.86,0,0,192,System Idle Process,0,msedgewebview2.exe,17500,INTEL SSDPEKKF256G7L,PASSED,4,100,66,10.1,3044,0
8/8/2026 20:58,HI38,16.7,2396,45.1,6679,16.3,0,288.11,0,0,192,System Idle Process,0,msedgewebview2.exe,17500,INTEL SSDPEKKF256G7L,PASSED,4,100,66,10.1,3044,0
8/8/2026 20:58,HI38,17,2396,45.1,6681.23,16.3,0,287.56,0,0,192,System Idle Process,0,msedgewebview2.exe,17500,INTEL SSDPEKKF256G7L,PASSED,4,100,66,10.1,3044,0
8/8/2026 20:58,HI38,13.5,2396,45,6690.89,16.2,0,226.45,0,0,192,System Idle Process,0,msedgewebview2.exe,17500,INTEL SSDPEKKF256G7L,PASSED,4,100,66,10.1,3044,0
8/8/2026 20:58,HI38,16,2396,45.1,6679.11,16.3,0,284.1,0,0,192,System Idle Process,0,msedgewebview2.exe,17500,INTEL SSDPEKKF256G7L,PASSED,4,100,66,10.1,3044,0
8/8/2026 20:58,HI38,15.6,2396,45.2,6664.91,16.3,0.01,288.94,0,0,192,System Idle Process,0,msedgewebview2.exe,17500,INTEL SSDPEKKF256G7L,PASSED,4,100,66,10.1,3044,0
8/8/2026 20:58,HI38,15.2,2396,45.2,6672.84,16.3,0,249.08,0,0,192,System Idle Process,0,msedgewebview2.exe,17500,INTEL SSDPEKKF256G7L,PASSED,4,100,66,10.1,3044,0
8/8/2026 20:58,HI38,17.3,2396,44.8,6719.36,16.2,0,289.1,0,0,192,System Idle Process,0,msedgewebview2.exe,17500,INTEL SSDPEKKF256G7L,PASSED,4,100,66,10.1,3044,0
8/8/2026 20:58,HI38,16.7,2396,45.1,6679.16,16.3,0,289.2,0,0,192,System Idle Process,0,msedgewebview2.exe,17500,INTEL SSDPEKKF256G7L,PASSED,4,100,66,10.1,3044,0
8/8/2026 20:58,HI38,12.4,2396,45.1,6677.84,16.3,0,251.71,0,0,192,System Idle Process,0,msedgewebview2.exe,17500,INTEL SSDPEKKF256G7L,PASSED,4,100,66,10.1,3044,0
8/8/2026 20:58,HI38,17.3,2396,45.2,6669.13,16.3,0,289.51,0,0,192,System Idle Process,0,msedgewebview2.exe,17500,INTEL SSDPEKKF256G7L,PASSED,4,100,66,10.1,3044,0
8/8/2026 20:58,HI38,14.8,2396,45,6695.23,16.2,0,260.13,0,0,192,System Idle Process,0,msedgewebview2.exe,17500,INTEL SSDPEKKF256G7L,PASSED,4,100,66,10.1,3044,0
8/8/2026 20:58,HI38,19.3,2396,45.4,6648.05,16.3,0.01,225.01,0,0,193,System Idle Process,0,msedgewebview2.exe,17500,INTEL SSDPEKKF256G7L,PASSED,4,100,66,10.1,3044,0
8/8/2026 20:59,HI38,16.2,2396,45.3,6657.21,16.3,0,299.72,0,0,193,System Idle Process,0,msedgewebview2.exe,17500,INTEL SSDPEKKF256G7L,PASSED,4,100,66,10.1,3044,0
8/8/2026 20:59,HI38,13,2396,45.3,6649.69,16.3,0,95.39,0,0,193,System Idle Process,0,msedgewebview2.exe,17500,INTEL SSDPEKKF256G7L,PASSED,4,100,68,10.1,3044,0
8/8/2026 20:59,HI38,5.4,2396,44.9,6710.03,16.2,0.01,7.7,0,0,193,System Idle Process,0,msedgewebview2.exe,17500,INTEL SSDPEKKF256G7L,PASSED,4,100,64,10.1,3044,0
8/8/2026 20:59,HI38,7.4,2396,44.9,6704.68,16.2,0,0,0,0,193,System Idle Process,0,msedgewebview2.exe,17500,INTEL SSDPEKKF256G7L,PASSED,4,100,62,10.1,3044,0
8/8/2026 20:59,HI38,6.7,2396,44.9,6704.55,16.2,0,0,0,0,193,System Idle Process,0,msedgewebview2.exe,17500,INTEL SSDPEKKF256G7L,PASSED,4,100,66,10.1,3044,0
8/8/2026 20:59,HI38,25.4,2396,48.2,6297.3,16.2,1.92,62.94,0,0,197,System Idle Process,0,python.exe,6692,INTEL SSDPEKKF256G7L,PASSED,4,100,64,10.1,3044,0
8/8/2026 20:59,HI38,100,2396,61.1,4731.12,16.2,0,201.68,0,0,199,python.exe,8108,python.exe,6692,INTEL SSDPEKKF256G7L,PASSED,4,100,62,10.1,3044,0
8/8/2026 20:59,HI38,100,2396,73.3,3252.83,16.3,0,204.25,0,0,199,python.exe,8108,python.exe,6692,INTEL SSDPEKKF256G7L,PASSED,4,100,62,10.1,3044,0
8/8/2026 20:59,HI38,100,2396,84.7,1867.61,16.3,0,181.17,0,0,199,python.exe,9344,python.exe,6692,INTEL SSDPEKKF256G7L,PASSED,4,100,62,10.1,3044,0
8/8/2026 20:59,HI38,100,2396,96.1,468.82,16.2,0.18,159.2,0,0,199,python.exe,8108,python.exe,6692,INTEL SSDPEKKF256G7L,PASSED,4,100,62,10.1,3044,0
8/8/2026 20:59,HI38,100,2396,99.4,68.09,16.2,4.86,41.63,0,0,199,MemCompression,2352,python.exe,6692,INTEL SSDPEKKF256G7L,PASSED,4,100,58,10.1,3044,0
8/8/2026 20:59,HI38,99.9,2396,99.1,106.62,16.3,0.57,31.12,0,0,199,MemCompression,2352,python.exe,6692,INTEL SSDPEKKF256G7L,PASSED,4,100,56,10.1,3044,0
8/8/2026 20:59,HI38,100,2396,97.1,349.18,16.2,1.37,29,0,0,199,python.exe,9344,python.exe,6692,INTEL SSDPEKKF256G7L,PASSED,4,100,56,10.1,3044,0
8/8/2026 20:59,HI38,100,2396,97.1,352.89,16.2,0.5,13.69,0,0,199,python.exe,12084,python.exe,6692,INTEL SSDPEKKF256G7L,PASSED,4,100,56,10.1,3044,0
8/8/2026 20:59,HI38,100,2396,97.1,354.19,16.2,0.01,14.52,0,0,199,python.exe,8108,python.exe,6692,INTEL SSDPEKKF256G7L,PASSED,4,100,55,10.1,3044,0
8/8/2026 20:59,HI38,100,2396,97.1,357.78,16.2,0.07,0.05,0,0,199,python.exe,8108,python.exe,6692,INTEL SSDPEKKF256G7L,PASSED,4,100,55,10.1,3044,0
8/8/2026 20:59,HI38,100,2396,97,363.96,16.2,0.02,13.57,0,0,199,python.exe,8108,python.exe,6692,INTEL SSDPEKKF256G7L,PASSED,4,100,55,10.1,3044,0
8/8/2026 20:59,HI38,100,2396,97.1,351.88,16.2,0.61,13.81,0,0,199,python.exe,12084,python.exe,6692,INTEL SSDPEKKF256G7L,PASSED,4,100,54,10.1,3044,0
8/8/2026 20:59,HI38,100,2396,96.7,395.8,16.2,1.57,19.12,0,0,199,python.exe,9344,python.exe,6692,INTEL SSDPEKKF256G7L,PASSED,4,100,52,10.1,3044,0
8/8/2026 20:59,HI38,100,2396,96.5,423.71,16.2,0.03,0.24,0,0,198,python.exe,8108,python.exe,6692,INTEL SSDPEKKF256G7L,PASSED,4,100,52,10.1,3044,0
8/8/2026 20:59,HI38,100,2396,96.5,431.18,16.2,8.73,14.74,0,0,198,python.exe,12084,python.exe,6692,INTEL SSDPEKKF256G7L,PASSED,4,100,52,10.1,3044,0
8/8/2026 20:59,HI38,100,2396,96.4,432.29,16.2,0.26,13.99,0,0,198,python.exe,8108,python.exe,6692,INTEL SSDPEKKF256G7L,PASSED,4,100,51,10.1,3044,0
8/8/2026 20:59,HI38,100,2396,96.4,440.14,16.2,0,0,0,0,198,python.exe,12084,python.exe,6692,INTEL SSDPEKKF256G7L,PASSED,4,100,51,10.1,3044,0
8/8/2026 20:59,HI38,100,2396,96.4,435.43,16.2,2.03,13.89,0,0,198,python.exe,12496,python.exe,6692,INTEL SSDPEKKF256G7L,PASSED,4,100,51,10.1,3044,0
8/8/2026 21:00,HI38,100,2396,96.4,433.23,16.2,0.14,13.78,0,0,198,python.exe,12084,python.exe,6692,INTEL SSDPEKKF256G7L,PASSED,4,100,49,10.1,3044,0
8/8/2026 21:00,HI38,100,2396,96.4,433.94,16.2,0.3,0.1,0,0,198,python.exe,8108,python.exe,6692,INTEL SSDPEKKF256G7L,PASSED,4,100,49,10.1,3044,0
8/8/2026 21:00,HI38,100,2396,96.4,432.19,16.2,0,13.73,0,0,198,python.exe,12496,python.exe,6692,INTEL SSDPEKKF256G7L,PASSED,4,100,49,10.1,3044,0
8/8/2026 21:00,HI38,100,2396,96.4,432.12,16.2,0,0.04,0,0,198,python.exe,8108,python.exe,6692,INTEL SSDPEKKF256G7L,PASSED,4,100,49,10.1,3044,0
8/8/2026 21:00,HI38,100,2396,96.5,431.63,16.2,0.93,14.2,0,0,198,python.exe,12496,python.exe,6692,INTEL SSDPEKKF256G7L,PASSED,4,100,47,10.1,3044,0
8/8/2026 21:00,HI38,100,2396,96.4,432.37,16.2,0.9,14.46,0,0,198,python.exe,8108,python.exe,6692,INTEL SSDPEKKF256G7L,PASSED,4,100,49,10.1,3044,0
8/8/2026 21:00,HI38,100,2396,96.4,434.52,16.2,0.98,0,0,0,198,python.exe,8108,python.exe,6692,INTEL SSDPEKKF256G7L,PASSED,4,100,47,10.1,3044,0
8/8/2026 21:00,HI38,100,2396,96.5,431.62,16.2,0,14.4,0,0,198,python.exe,12084,python.exe,6692,INTEL SSDPEKKF256G7L,PASSED,4,100,47,10.1,3044,0
8/8/2026 21:00,HI38,100,2396,96.4,438.45,16.2,3.97,0,0,0,198,python.exe,12496,python.exe,6692,INTEL SSDPEKKF256G7L,PASSED,4,100,47,10.1,3044,0
8/8/2026 21:00,HI38,100,2396,96.5,431.1,16.2,0,13.7,0,0,198,python.exe,12496,python.exe,6692,INTEL SSDPEKKF256G7L,PASSED,4,100,47,10.1,3044,0
8/8/2026 21:00,HI38,100,2396,96.4,433.39,16.2,1.6,13.37,0,0,198,python.exe,8108,python.exe,6692,INTEL SSDPEKKF256G7L,PASSED,4,100,47,10.1,3044,0
8/8/2026 21:00,HI38,100,2396,96.5,429.8,16.2,0,14.45,0,0,198,python.exe,12084,python.exe,6692,INTEL SSDPEKKF256G7L,PASSED,4,100,47,10.1,3044,0
8/8/2026 21:00,HI38,100,2396,96.5,430.11,16.2,0.01,0.04,0,0,198,python.exe,12084,python.exe,6692,INTEL SSDPEKKF256G7L,PASSED,4,100,47,10.1,3044,0
8/8/2026 21:00,HI38,100,2396,96.5,429.12,16.2,2.15,13.93,0,0,198,python.exe,12496,python.exe,6692,INTEL SSDPEKKF256G7L,PASSED,4,100,47,10.1,3044,0
8/8/2026 21:00,HI38,100,2396,96.5,429.7,16.2,0,0.01,0,0,198,python.exe,12084,python.exe,6692,INTEL SSDPEKKF256G7L,PASSED,4,100,45,10.1,3044,0
8/8/2026 21:00,HI38,100,2396,96.5,430.5,16.2,0.29,13.85,0,0,198,python.exe,8108,python.exe,6692,INTEL SSDPEKKF256G7L,PASSED,4,100,45,10.1,3044,0
8/8/2026 21:00,HI38,100,2396,96.5,427.95,16.2,0,14.89,0,0,198,python.exe,8108,python.exe,6692,INTEL SSDPEKKF256G7L,PASSED,4,100,45,10.1,3044,0
8/8/2026 21:00,HI38,100,2396,96.4,438.58,16.2,0.05,14.22,0,0,198,python.exe,8108,python.exe,6692,INTEL SSDPEKKF256G7L,PASSED,4,100,45,10.1,3044,0
8/8/2026 21:00,HI38,100,2396,96.3,448.84,16.2,0,0.04,0,0,198,python.exe,12084,python.exe,6692,INTEL SSDPEKKF256G7L,PASSED,4,100,43,10.1,3044,0
8/8/2026 21:00,HI38,100,2396,96.3,448.64,16.2,0.09,14.72,0,0,198,python.exe,12084,python.exe,6692,INTEL SSDPEKKF256G7L,PASSED,4,100,43,10.1,3044,0
8/8/2026 21:00,HI38,100,2396,96.3,447.79,16.2,0,13.91,0,0,198,python.exe,12496,python.exe,6692,INTEL SSDPEKKF256G7L,PASSED,4,100,43,10.1,3044,0
8/8/2026 21:00,HI38,100,2396,96.3,452.27,16.2,0.49,0,0,0,197,python.exe,12084,python.exe,6692,INTEL SSDPEKKF256G7L,PASSED,4,100,45,10.1,3044,0
8/8/2026 21:00,HI38,100,2396,96.3,452.55,16.2,0.02,14.48,0,0,197,python.exe,12496,python.exe,6692,INTEL SSDPEKKF256G7L,PASSED,4,100,42,10.1,3044,0
8/8/2026 21:00,HI38,100,2396,96.3,454.1,16.2,0,14.54,0,0,197,python.exe,12496,python.exe,6692,INTEL SSDPEKKF256G7L,PASSED,4,100,43,10.1,3044,0
8/8/2026 21:00,HI38,100,2396,96.3,444.17,16.3,0.22,3.72,0,0,197,python.exe,8108,python.exe,6692,INTEL SSDPEKKF256G7L,PASSED,4,100,43,10.1,3044,0
8/8/2026 21:01,HI38,100,2396,96.3,451.98,16.2,0,24.53,0,0,197,python.exe,8108,python.exe,6692,INTEL SSDPEKKF256G7L,PASSED,4,100,43,10.1,3044,0
8/8/2026 21:01,HI38,100,2396,96.4,439.22,16.2,1.19,0.02,0,0,197,python.exe,12084,python.exe,6692,INTEL SSDPEKKF256G7L,PASSED,4,100,43,10.1,3044,0
8/8/2026 21:01,HI38,100,2396,96.4,443.5,16.2,0,13.75,0,0,197,python.exe,12084,python.exe,6692,INTEL SSDPEKKF256G7L,PASSED,4,100,42,10.1,3044,0
8/8/2026 21:01,HI38,100,2396,96.4,433.39,16.2,2.44,14.13,0,0,197,python.exe,12084,python.exe,6692,INTEL SSDPEKKF256G7L,PASSED,4,100,41,10.1,3044,0
8/8/2026 21:01,HI38,100,2396,96.4,435.5,16.2,0.02,14.35,0,0,197,python.exe,12496,python.exe,6692,INTEL SSDPEKKF256G7L,PASSED,4,100,41,10.1,3044,0
8/8/2026 21:01,HI38,100,2396,96.4,436.02,16.2,0,14.02,0,0,197,python.exe,12084,python.exe,6692,INTEL SSDPEKKF256G7L,PASSED,4,100,41,10.1,3044,0
8/8/2026 21:01,HI38,100,2396,96.4,436.45,16.2,0,0.01,0,0,197,python.exe,12496,python.exe,6692,INTEL SSDPEKKF256G7L,PASSED,4,100,41,10.1,3044,0
8/8/2026 21:01,HI38,100,2396,96.4,437.42,16.2,0,13.87,0,0,197,python.exe,12496,python.exe,6692,INTEL SSDPEKKF256G7L,PASSED,4,100,41,10.1,3044,0
8/8/2026 21:01,HI38,100,2396,96.4,437.62,16.2,0,14.04,0,0,197,python.exe,9344,python.exe,6692,INTEL SSDPEKKF256G7L,PASSED,4,100,41,10.1,3044,0
8/8/2026 21:01,HI38,100,2396,96.4,437.68,16.2,0,0.05,0,0,197,python.exe,9344,python.exe,6692,INTEL SSDPEKKF256G7L,PASSED,4,100,41,10.1,3044,0
8/8/2026 21:01,HI38,100,2396,96.4,438.38,16.2,0.13,14.17,0,0,197,python.exe,9344,python.exe,6692,INTEL SSDPEKKF256G7L,PASSED,4,100,41,10.1,3044,0
8/8/2026 21:01,HI38,100,2396,96.4,439.18,16.2,0,0.09,0,0,197,python.exe,12084,python.exe,6692,INTEL SSDPEKKF256G7L,PASSED,4,100,41,10.1,3044,0
8/8/2026 21:01,HI38,100,2396,96.4,439.74,16.2,0,13.98,0,0,197,python.exe,9344,python.exe,6692,INTEL SSDPEKKF256G7L,PASSED,4,100,41,10.1,3044,0
8/8/2026 21:01,HI38,100,2396,96.4,439.43,16.2,0,13.81,0,0,197,python.exe,12084,python.exe,6692,INTEL SSDPEKKF256G7L,PASSED,4,100,41,10.1,3044,0
8/8/2026 21:01,HI38,100,2396,96.4,439.56,16.2,0,13.98,0,0,197,python.exe,12084,python.exe,6692,INTEL SSDPEKKF256G7L,PASSED,4,100,39,10.1,3044,0
8/8/2026 21:01,HI38,100,2396,96.4,439.78,16.2,0,14.77,0,0,197,python.exe,12084,python.exe,6692,INTEL SSDPEKKF256G7L,PASSED,4,100,41,10.1,3044,0
8/8/2026 21:01,HI38,100,2396,96.4,439.8,16.2,0,0.05,0,0,197,python.exe,12496,python.exe,6692,INTEL SSDPEKKF256G7L,PASSED,4,100,39,10.1,3044,0
8/8/2026 21:01,HI38,100,2396,96.4,439.25,16.2,0,14.19,0,0,197,python.exe,9344,python.exe,6692,INTEL SSDPEKKF256G7L,PASSED,4,100,39,10.1,3044,0
8/8/2026 21:01,HI38,100,2396,96.4,438.98,16.2,0.04,0.04,0,0,197,python.exe,9344,python.exe,6692,INTEL SSDPEKKF256G7L,PASSED,4,100,39,10.1,3044,0
8/8/2026 21:01,HI38,100,2396,96.4,437.74,16.2,0,14.89,0,0,197,python.exe,8108,python.exe,6692,INTEL SSDPEKKF256G7L,PASSED,4,100,39,10.1,3044,0
8/8/2026 21:01,HI38,100,2396,96.4,437.44,16.2,0.05,13.45,0,0,197,python.exe,8108,python.exe,6692,INTEL SSDPEKKF256G7L,PASSED,4,100,39,10.1,3044,0
8/8/2026 21:01,HI38,100,2396,96.4,436.32,16.2,0,13.39,0,0,197,python.exe,8108,python.exe,6692,INTEL SSDPEKKF256G7L,PASSED,4,100,39,10.1,3044,0
8/8/2026 21:01,HI38,100,2396,96.4,435.32,16.2,0.01,13.77,0,0,197,python.exe,12084,python.exe,6692,INTEL SSDPEKKF256G7L,PASSED,4,100,39,10.1,3044,0
8/8/2026 21:01,HI38,100,2396,96.4,435.02,16.2,0,0,0,0,197,python.exe,8108,python.exe,6692,INTEL SSDPEKKF256G7L,PASSED,4,100,39,10.1,3044,0
8/8/2026 21:02,HI38,100,2396,96.4,433.75,16.2,0.07,14.43,0,0,197,python.exe,12084,python.exe,6692,INTEL SSDPEKKF256G7L,PASSED,4,100,38,10.1,3044,0
8/8/2026 21:02,HI38,100,2396,96.4,433.85,16.2,0,0.01,0,0,197,python.exe,8108,python.exe,6692,INTEL SSDPEKKF256G7L,PASSED,4,100,39,10.1,3044,0
8/8/2026 21:02,HI38,100,2396,96.3,445.58,16.2,0.02,14,0,0,197,python.exe,9344,python.exe,6692,INTEL SSDPEKKF256G7L,PASSED,4,100,38,10.1,3044,0
8/8/2026 21:02,HI38,100,2396,96.3,448.96,16.2,0,13.54,0,0,197,python.exe,8108,python.exe,6692,INTEL SSDPEKKF256G7L,PASSED,4,100,39,10.1,3044,0
8/8/2026 21:02,HI38,100,2396,96.3,448.76,16.2,0,14.22,0,0,197,python.exe,8108,python.exe,6692,INTEL SSDPEKKF256G7L,PASSED,4,100,38,10.1,3044,0
8/8/2026 21:02,HI38,100,2396,96.3,448.58,16.2,0,0,0,0,197,python.exe,8108,python.exe,6692,INTEL SSDPEKKF256G7L,PASSED,4,100,38,10.1,3044,0
8/8/2026 21:02,HI38,100,2396,96.3,448.58,16.2,0,14.64,0,0,197,python.exe,9344,python.exe,6692,INTEL SSDPEKKF256G7L,PASSED,4,100,38,10.1,3044,0
8/8/2026 21:02,HI38,100,2396,96.3,448.76,16.2,0,14.34,0,0,197,python.exe,9344,python.exe,6692,INTEL SSDPEKKF256G7L,PASSED,4,100,36,10.1,3044,0
8/8/2026 21:02,HI38,100,2396,96.2,459.11,16.2,0,0.04,0,0,197,python.exe,12084,python.exe,6692,INTEL SSDPEKKF256G7L,PASSED,4,100,38,10.1,3044,0
8/8/2026 21:02,HI38,100,2396,96.3,448.47,16.2,0,14.42,0,0,197,python.exe,12084,python.exe,6692,INTEL SSDPEKKF256G7L,PASSED,4,100,36,10.1,3044,0
8/8/2026 21:02,HI38,100,2396,96.3,448.52,16.2,0,14.54,0,0,197,python.exe,8108,python.exe,6692,INTEL SSDPEKKF256G7L,PASSED,4,100,38,10.1,3044,0
8/8/2026 21:02,HI38,99.8,2396,96.3,448.48,16.2,0.03,13.91,0,0,197,python.exe,12496,python.exe,6692,INTEL SSDPEKKF256G7L,PASSED,4,100,36,10.1,3044,0
8/8/2026 21:02,HI38,100,2396,96.3,448.23,16.2,0.03,13.67,0,0,197,python.exe,8108,python.exe,6692,INTEL SSDPEKKF256G7L,PASSED,4,100,36,10.1,3044,0
8/8/2026 21:02,HI38,100,2396,96.3,448.2,16.2,0,0.02,0,0,197,python.exe,12084,python.exe,6692,INTEL SSDPEKKF256G7L,PASSED,4,100,38,10.1,3044,0
8/8/2026 21:02,HI38,100,2396,96.3,448.6,16.2,0.02,14.07,0,0,197,python.exe,9344,python.exe,6692,INTEL SSDPEKKF256G7L,PASSED,4,100,36,10.1,3044,0
8/8/2026 21:02,HI38,100,2396,96.3,447.92,16.2,0,15,0,0,197,python.exe,9344,python.exe,6692,INTEL SSDPEKKF256G7L,PASSED,4,100,36,10.1,3044,0
8/8/2026 21:02,HI38,100,2396,96.3,448.04,16.2,0,0,0,0,197,python.exe,9344,python.exe,6692,INTEL SSDPEKKF256G7L,PASSED,4,100,38,10.1,3044,0
8/8/2026 21:02,HI38,100,2396,96.4,437.7,16.2,0.46,14.56,0,0,199,python.exe,8108,python.exe,6692,INTEL SSDPEKKF256G7L,PASSED,4,100,36,10.1,3044,0
8/8/2026 21:02,HI38,100,2396,96.4,438.06,16.2,0,14.51,0,0,199,python.exe,12084,python.exe,6692,INTEL SSDPEKKF256G7L,PASSED,4,100,36,10.1,3044,0
8/8/2026 21:02,HI38,99.8,2396,96.4,438.36,16.2,0,14.31,0,0,199,python.exe,8108,python.exe,6692,INTEL SSDPEKKF256G7L,PASSED,4,100,38,10.1,3044,0
8/8/2026 21:02,HI38,100,2396,96.4,437.8,16.2,0,13.87,0,0,199,python.exe,12084,python.exe,6692,INTEL SSDPEKKF256G7L,PASSED,4,100,38,10.1,3044,0
8/8/2026 21:02,HI38,100,2396,96.4,437.06,16.2,0.06,13.51,0,0,199,python.exe,9344,python.exe,6692,INTEL SSDPEKKF256G7L,PASSED,4,100,35,10.1,3044,0
8/8/2026 21:02,HI38,100,2396,96,486.77,16.2,0.01,14.17,0,0,199,python.exe,12496,python.exe,6692,INTEL SSDPEKKF256G7L,PASSED,4,100,36,10.1,3044,0
8/8/2026 21:02,HI38,100,2396,96.4,442.85,16.2,0.25,0.07,0,0,197,python.exe,12084,python.exe,6692,INTEL SSDPEKKF256G7L,PASSED,4,100,36,10.1,3044,0
8/8/2026 21:02,HI38,100,2396,96.4,440.92,16.2,1.41,13.97,0,0,198,python.exe,9344,python.exe,6692,INTEL SSDPEKKF256G7L,PASSED,4,100,35,10.1,3044,0
8/8/2026 21:03,HI38,100,2396,96.4,441.53,16.2,0.15,0.09,0,0,198,python.exe,9344,python.exe,6692,INTEL SSDPEKKF256G7L,PASSED,4,100,36,10.1,3044,0
8/8/2026 21:03,HI38,100,2396,96.4,434.25,16.2,1.32,13.83,0,0,198,python.exe,9344,python.exe,6692,INTEL SSDPEKKF256G7L,PASSED,4,100,35,10.1,3044,0
8/8/2026 21:03,HI38,100,2396,96.4,436.16,16.2,0,14.75,0,0,198,python.exe,12496,python.exe,6692,INTEL SSDPEKKF256G7L,PASSED,4,100,36,10.1,3044,0
8/8/2026 21:03,HI38,100,2396,96.5,428.11,16.2,0.24,0.05,0,0,198,python.exe,9344,python.exe,6692,INTEL SSDPEKKF256G7L,PASSED,4,100,35,10.1,3044,0
8/8/2026 21:03,HI38,100,2396,96.4,433.68,16.2,0,25.5,0,0,198,python.exe,9344,python.exe,6692,INTEL SSDPEKKF256G7L,PASSED,4,100,36,10.1,3044,0
8/8/2026 21:03,HI38,100,2396,96.5,428.22,16.2,0.38,0.02,0,0,198,python.exe,9344,python.exe,6692,INTEL SSDPEKKF256G7L,PASSED,4,100,35,10.1,3044,0
8/8/2026 21:03,HI38,100,2396,96.5,427.25,16.2,0.17,14.12,0,0,198,python.exe,9344,python.exe,6692,INTEL SSDPEKKF256G7L,PASSED,4,100,35,10.1,3044,0
8/8/2026 21:03,HI38,100,2396,96.6,418.14,16.2,0.12,14.77,0,0,198,python.exe,8108,python.exe,6692,INTEL SSDPEKKF256G7L,PASSED,4,100,35,10.1,3044,0
8/8/2026 21:03,HI38,100,2396,96.6,419.25,16.2,0,0,0,0,198,python.exe,9344,python.exe,6692,INTEL SSDPEKKF256G7L,PASSED,4,100,36,10.1,3044,0
8/8/2026 21:03,HI38,100,2396,96.6,415.55,16.2,0,14.67,0,0,198,python.exe,12496,python.exe,6692,INTEL SSDPEKKF256G7L,PASSED,4,100,35,10.1,3044,0
8/8/2026 21:03,HI38,100,2396,96.6,415.94,16.2,0,0,0,0,198,python.exe,9344,python.exe,6692,INTEL SSDPEKKF256G7L,PASSED,4,100,35,10.1,3044,0
8/8/2026 21:03,HI38,100,2396,95.4,556.78,16.2,0.15,12.46,0,0,198,python.exe,12496,python.exe,6692,INTEL SSDPEKKF256G7L,PASSED,4,100,35,10.1,3044,0
8/8/2026 21:03,HI38,100,2396,95.5,545.67,16.2,0.03,14.27,0,0,198,python.exe,9344,python.exe,6692,INTEL SSDPEKKF256G7L,PASSED,4,100,35,10.1,3044,0
8/8/2026 21:03,HI38,100,2396,95.5,553.59,16.2,0.45,0.04,0,0,198,python.exe,8108,python.exe,6692,INTEL SSDPEKKF256G7L,PASSED,4,100,35,10.1,3044,0
8/8/2026 21:03,HI38,100,2396,95.5,543.51,16.2,0,13.78,0,0,198,python.exe,12496,python.exe,6692,INTEL SSDPEKKF256G7L,PASSED,4,100,35,10.1,3044,0
8/8/2026 21:03,HI38,100,2396,95.5,543.46,16.2,0.08,28.32,0,0,198,python.exe,8108,python.exe,6692,INTEL SSDPEKKF256G7L,PASSED,4,100,35,10.1,3044,0
8/8/2026 21:03,HI38,100,2396,95.5,543.59,16.2,0,14.17,0,0,198,python.exe,9344,python.exe,6692,INTEL SSDPEKKF256G7L,PASSED,4,100,35,10.1,3044,0
8/8/2026 21:03,HI38,100,2396,95.5,543.41,16.2,0,29.43,0,0,198,python.exe,12084,python.exe,6692,INTEL SSDPEKKF256G7L,PASSED,4,100,35,10.1,3044,0
8/8/2026 21:03,HI38,100,2396,95.6,538.93,16.2,0.07,28.97,0,0,198,python.exe,8108,python.exe,6692,INTEL SSDPEKKF256G7L,PASSED,4,100,35,10.1,3044,0
8/8/2026 21:03,HI38,100,2396,95.6,538.96,16.2,0.01,14.23,0,0,198,python.exe,12496,python.exe,6692,INTEL SSDPEKKF256G7L,PASSED,4,100,35,10.1,3044,0
8/8/2026 21:03,HI38,100,2396,95.6,536.55,16.2,0.2,14.61,0,0,198,python.exe,9344,python.exe,6692,INTEL SSDPEKKF256G7L,PASSED,4,100,35,10.1,3044,0
8/8/2026 21:03,HI38,100,2396,95.6,536.28,16.2,0.09,14.26,0,0,198,python.exe,12084,python.exe,6692,INTEL SSDPEKKF256G7L,PASSED,4,100,35,10.1,3044,0
8/8/2026 21:03,HI38,100,2396,95.4,561.2,16.2,0.01,14.25,0,0,198,python.exe,8108,python.exe,6692,INTEL SSDPEKKF256G7L,PASSED,4,100,35,10.1,3044,0
8/8/2026 21:03,HI38,99.9,2396,95.6,536,16.2,0,13.2,0,0,198,python.exe,12084,python.exe,6692,INTEL SSDPEKKF256G7L,PASSED,4,100,35,10.1,3044,0
8/8/2026 21:03,HI38,100,2396,95.6,532.82,16.2,0.1,13.64,0,0,198,python.exe,12496,python.exe,6692,INTEL SSDPEKKF256G7L,PASSED,4,100,35,10.1,3044,0
8/8/2026 21:04,HI38,100,2396,95.6,532.85,16.2,0,14.34,0,0,198,python.exe,9344,python.exe,6692,INTEL SSDPEKKF256G7L,PASSED,4,100,35,10.1,3044,0
8/8/2026 21:04,HI38,100,2396,95.6,533.5,16.2,0.06,0,0,0,198,python.exe,8108,python.exe,6692,INTEL SSDPEKKF256G7L,PASSED,4,100,35,10.1,3044,0
8/8/2026 21:04,HI38,100,2396,95.6,536.16,16.2,0.01,27.99,0,0,198,python.exe,8108,python.exe,6692,INTEL SSDPEKKF256G7L,PASSED,4,100,35,10.1,3044,0
8/8/2026 21:04,HI38,100,2396,95.3,572.43,16.2,0,0,0,0,198,python.exe,12084,python.exe,6692,INTEL SSDPEKKF256G7L,PASSED,4,100,35,10.1,3044,0
8/8/2026 21:04,HI38,100,2396,94.9,615.52,16.2,0,27.02,0,0,198,python.exe,8108,python.exe,6692,INTEL SSDPEKKF256G7L,PASSED,4,100,35,10.1,3044,0
8/8/2026 21:04,HI38,100,2396,95.3,567.57,16.2,0,0.01,0,0,198,python.exe,8108,python.exe,6692,INTEL SSDPEKKF256G7L,PASSED,4,100,35,10.1,3044,0
8/8/2026 21:04,HI38,99.8,2396,95,607.77,16.2,0.03,41.03,0,0,198,python.exe,12084,python.exe,6692,INTEL SSDPEKKF256G7L,PASSED,4,100,36,10.1,3044,0
8/8/2026 21:04,HI38,100,2396,95.4,554.46,16.2,10.14,13.29,0,0,198,python.exe,9344,python.exe,6692,INTEL SSDPEKKF256G7L,PASSED,4,100,39,10.1,3044,0
8/8/2026 21:04,HI38,100,2396,95.4,553.78,16.2,10.21,26.71,0,0,198,python.exe,12084,python.exe,6692,INTEL SSDPEKKF256G7L,PASSED,4,100,36,10.1,3044,0
8/8/2026 21:04,HI38,100,2396,95.4,557.96,16.2,0,14.6,0,0,198,python.exe,9344,python.exe,6692,INTEL SSDPEKKF256G7L,PASSED,4,100,35,10.1,3044,0
8/8/2026 21:04,HI38,100,2396,95.4,557.87,16.2,0,28.7,0,0,198,python.exe,9344,python.exe,6692,INTEL SSDPEKKF256G7L,PASSED,4,100,35,10.1,3044,0
8/8/2026 21:04,HI38,100,2396,95.4,562.78,16.2,0,13.9,0,0,198,python.exe,9344,python.exe,6692,INTEL SSDPEKKF256G7L,PASSED,4,100,35,10.1,3044,0
8/8/2026 21:04,HI38,100,2396,95.4,565.76,16.2,0,27.03,0,0,198,python.exe,12496,python.exe,6692,INTEL SSDPEKKF256G7L,PASSED,4,100,35,10.1,3044,0
8/8/2026 21:04,HI38,100,2396,95.4,565.29,16.2,0,27.84,0,0,198,python.exe,12084,python.exe,6692,INTEL SSDPEKKF256G7L,PASSED,4,100,35,10.1,3044,0
8/8/2026 21:04,HI38,100,2396,95.3,572.93,16.2,0,27.29,0,0,198,python.exe,12084,python.exe,6692,INTEL SSDPEKKF256G7L,PASSED,4,100,35,10.1,3044,0
8/8/2026 21:04,HI38,100,2396,95.4,563.15,16.2,0.19,14.47,0,0,198,python.exe,9344,python.exe,6692,INTEL SSDPEKKF256G7L,PASSED,4,100,35,10.1,3044,0
8/8/2026 21:04,HI38,100,2396,95.4,563.23,16.2,0,26.43,0,0,198,python.exe,12496,python.exe,6692,INTEL SSDPEKKF256G7L,PASSED,4,100,35,10.1,3044,0
8/8/2026 21:04,HI38,100,2396,95.4,563.16,16.2,0.09,28.28,0,0,198,python.exe,12084,python.exe,6692,INTEL SSDPEKKF256G7L,PASSED,4,100,35,10.1,3044,0
8/8/2026 21:04,HI38,100,2396,95.3,566.14,16.2,0,27.37,0,0,198,python.exe,12496,python.exe,6692,INTEL SSDPEKKF256G7L,PASSED,4,100,35,10.1,3044,0
8/8/2026 21:04,HI38,100,2396,95.4,557.64,16.2,0,13.82,0,0,198,python.exe,12496,python.exe,6692,INTEL SSDPEKKF256G7L,PASSED,4,100,35,10.1,3044,0
8/8/2026 21:04,HI38,100,2396,95.4,555.66,16.2,0.07,40.23,0,0,199,python.exe,9344,python.exe,6692,INTEL SSDPEKKF256G7L,PASSED,4,100,35,10.1,3044,0
8/8/2026 21:04,HI38,100,2396,95.4,555.89,16.2,0.02,13.9,0,0,199,python.exe,9344,python.exe,6692,INTEL SSDPEKKF256G7L,PASSED,4,100,35,10.1,3044,0
8/8/2026 21:04,HI38,100,2396,95.4,557.23,16.2,0.04,27.29,0,0,199,python.exe,9344,python.exe,6692,INTEL SSDPEKKF256G7L,PASSED,4,100,35,10.1,3044,0
8/8/2026 21:04,HI38,100,2396,95.4,555.66,16.2,0,14.51,0,0,199,python.exe,9344,python.exe,6692,INTEL SSDPEKKF256G7L,PASSED,4,100,35,10.1,3044,0
8/8/2026 21:05,HI38,100,2396,95.5,551.08,16.2,0.03,40.82,0,0,199,python.exe,8108,python.exe,6692,INTEL SSDPEKKF256G7L,PASSED,4,100,35,10.1,3044,0
8/8/2026 21:05,HI38,100,2396,95.5,549.29,16.2,0,13.55,0,0,199,python.exe,12496,python.exe,6692,INTEL SSDPEKKF256G7L,PASSED,4,100,35,10.1,3044,0
8/8/2026 21:05,HI38,100,2396,95.5,545.4,16.2,1.36,27.43,0,0,200,python.exe,9344,python.exe,6692,INTEL SSDPEKKF256G7L,PASSED,4,100,35,10.1,3044,0
8/8/2026 21:05,HI38,100,2396,95.5,549.58,16.2,0.5,26.47,0,0,201,python.exe,12496,python.exe,6692,INTEL SSDPEKKF256G7L,PASSED,4,100,35,10.1,3044,0
8/8/2026 21:05,HI38,100,2396,95.6,530.69,16.3,0.03,16.22,0,0,201,python.exe,12496,python.exe,6692,INTEL SSDPEKKF256G7L,PASSED,4,100,35,10.1,3044,0
8/8/2026 21:05,HI38,100,2396,95.5,544.31,16.2,0,25.88,0,0,201,python.exe,8108,python.exe,6692,INTEL SSDPEKKF256G7L,PASSED,4,100,35,10.1,3044,0
8/8/2026 21:05,HI38,100,2396,95.4,556.64,16.2,0,26.88,0,0,200,python.exe,12084,python.exe,6692,INTEL SSDPEKKF256G7L,PASSED,4,100,36,10.1,3044,0
8/8/2026 21:05,HI38,100,2396,95.4,558.35,16.2,0.01,28.56,0,0,200,python.exe,9344,python.exe,6692,INTEL SSDPEKKF256G7L,PASSED,4,100,36,10.1,3044,0
8/8/2026 21:05,HI38,100,2396,96.2,466.17,16.2,0.03,13.76,0,0,200,python.exe,8108,python.exe,6692,INTEL SSDPEKKF256G7L,PASSED,4,100,38,10.1,3044,0
8/8/2026 21:05,HI38,100,2396,95.7,521.71,16.2,0,26.52,0,0,200,python.exe,12496,python.exe,6692,INTEL SSDPEKKF256G7L,PASSED,4,100,38,10.1,3044,0
8/8/2026 21:05,HI38,100,2396,95.7,520.27,16.2,0.02,27.6,0,0,200,python.exe,12084,python.exe,6692,INTEL SSDPEKKF256G7L,PASSED,4,100,36,10.1,3044,0
8/8/2026 21:05,HI38,100,2396,95.7,520.34,16.2,0,0.02,0,0,200,python.exe,12496,python.exe,6692,INTEL SSDPEKKF256G7L,PASSED,4,100,35,10.1,3044,0
8/8/2026 21:05,HI38,100,2396,95.7,519.25,16.2,0.03,26.72,0,0,200,python.exe,12084,python.exe,6692,INTEL SSDPEKKF256G7L,PASSED,4,100,35,10.1,3044,0
8/8/2026 21:05,HI38,100,2396,95.7,518.96,16.2,0,14.09,0,0,200,python.exe,8108,python.exe,6692,INTEL SSDPEKKF256G7L,PASSED,4,100,35,10.1,3044,0
8/8/2026 21:05,HI38,100,2396,95.7,518.96,16.2,0.04,14.09,0,0,200,python.exe,12084,python.exe,6692,INTEL SSDPEKKF256G7L,PASSED,4,100,35,10.1,3044,0
8/8/2026 21:05,HI38,100,2396,95.8,508.93,16.3,0,10.22,0,0,200,python.exe,8108,python.exe,6692,INTEL SSDPEKKF256G7L,PASSED,4,100,35,10.1,3044,0
8/8/2026 21:05,HI38,100,2396,95.7,517.99,16.2,0,16.75,0,0,200,python.exe,8108,python.exe,6692,INTEL SSDPEKKF256G7L,PASSED,4,100,35,10.1,3044,0
8/8/2026 21:05,HI38,100,2396,95.7,517.7,16.2,0,14.04,0,0,200,python.exe,12496,python.exe,6692,INTEL SSDPEKKF256G7L,PASSED,4,100,35,10.1,3044,0
8/8/2026 21:05,HI38,99.9,2396,95.7,517.54,16.2,0,13.33,0,0,200,python.exe,12496,python.exe,6692,INTEL SSDPEKKF256G7L,PASSED,4,100,35,10.1,3044,0
8/8/2026 21:05,HI38,100,2396,95.7,517.74,16.2,0.2,14.08,0,0,200,python.exe,9344,python.exe,6692,INTEL SSDPEKKF256G7L,PASSED,4,100,35,10.1,3044,0
8/8/2026 21:05,HI38,100,2396,95.7,517.79,16.2,0,0.03,0,0,200,python.exe,8108,python.exe,6692,INTEL SSDPEKKF256G7L,PASSED,4,100,35,10.1,3044,0
8/8/2026 21:05,HI38,100,2396,95.7,517.37,16.2,0.02,14.19,0,0,200,python.exe,12496,python.exe,6692,INTEL SSDPEKKF256G7L,PASSED,4,100,35,10.1,3044,0
8/8/2026 21:05,HI38,100,2396,95.7,517.96,16.2,0.03,12.92,0,0,200,python.exe,12084,python.exe,6692,INTEL SSDPEKKF256G7L,PASSED,4,100,35,10.1,3044,0
8/8/2026 21:05,HI38,100,2396,95.8,512.16,16.2,0,13.81,0,0,200,python.exe,12496,python.exe,6692,INTEL SSDPEKKF256G7L,PASSED,4,100,35,10.1,3044,0
8/8/2026 21:06,HI38,100,2396,95.8,516.82,16.2,0.01,13.36,0,0,200,python.exe,12084,python.exe,6692,INTEL SSDPEKKF256G7L,PASSED,4,100,35,10.1,3044,0
8/8/2026 21:06,HI38,100,2396,95.7,527.77,16.2,0,13.01,0,0,200,python.exe,9344,python.exe,6692,INTEL SSDPEKKF256G7L,PASSED,4,100,35,10.1,3044,0
8/8/2026 21:06,HI38,100,2396,95.7,528.08,16.2,0.01,13.89,0,0,200,python.exe,12084,python.exe,6692,INTEL SSDPEKKF256G7L,PASSED,4,100,35,10.1,3044,0
8/8/2026 21:06,HI38,100,2396,95.7,528.87,16.2,0,13.61,0,0,200,python.exe,8108,python.exe,6692,INTEL SSDPEKKF256G7L,PASSED,4,100,35,10.1,3044,0
8/8/2026 21:06,HI38,99.8,2396,95.6,538.82,16.2,0,13.96,0,0,200,python.exe,12496,python.exe,6692,INTEL SSDPEKKF256G7L,PASSED,4,100,35,10.1,3044,0
8/8/2026 21:06,HI38,100,2396,95.7,524.58,16.2,0.14,13.24,0,0,203,python.exe,12496,python.exe,6692,INTEL SSDPEKKF256G7L,PASSED,4,100,35,10.1,3044,0
8/8/2026 21:06,HI38,100,2396,95.7,528.26,16.2,0,13.53,0,0,202,python.exe,12084,python.exe,6692,INTEL SSDPEKKF256G7L,PASSED,4,100,35,10.1,3044,0
8/8/2026 21:06,HI38,100,2396,95.6,532.85,16.2,4.53,13.97,0,0,203,python.exe,8108,python.exe,6692,INTEL SSDPEKKF256G7L,PASSED,4,100,35,10.1,3044,0
8/8/2026 21:06,HI38,100,2396,95.6,540.34,16.2,0.01,14.11,0,0,203,python.exe,9344,python.exe,6692,INTEL SSDPEKKF256G7L,PASSED,4,100,35,10.1,3044,0
8/8/2026 21:06,HI38,100,2396,95.5,543.96,16.2,0.06,14.16,0,0,203,python.exe,12084,python.exe,6692,INTEL SSDPEKKF256G7L,PASSED,4,100,35,10.1,3044,0
8/8/2026 21:06,HI38,100,2396,94.6,652.73,16.2,0,13.63,0,0,203,python.exe,9344,python.exe,6692,INTEL SSDPEKKF256G7L,PASSED,4,100,33,10.1,3044,0
8/8/2026 21:06,HI38,100,2396,94.6,661.29,16.2,0.22,13.47,0,0,205,python.exe,8108,python.exe,6692,INTEL SSDPEKKF256G7L,PASSED,4,100,35,10.1,3044,0
8/8/2026 21:06,HI38,100,2396,93.6,782.02,16.2,0.03,26.27,0,0,205,python.exe,8108,python.exe,6692,INTEL SSDPEKKF256G7L,PASSED,4,100,33,10.1,3044,0
8/8/2026 21:06,HI38,100,2396,93.6,782.03,16.3,0.01,71.86,0,0,205,python.exe,8108,python.exe,6692,INTEL SSDPEKKF256G7L,PASSED,4,100,33,10.1,3044,0
8/8/2026 21:06,HI38,100,2396,92.5,910.44,16.2,0,17.12,0,0,205,python.exe,9344,python.exe,6692,INTEL SSDPEKKF256G7L,PASSED,4,100,35,10.1,3044,0
8/8/2026 21:06,HI38,100,2396,92.6,903.92,16.3,0.02,138.98,0,0,205,python.exe,8108,python.exe,6692,INTEL SSDPEKKF256G7L,PASSED,4,100,35,10.1,3044,0
8/8/2026 21:06,HI38,100,2396,91.9,986.07,16.3,0.01,177.96,0,0,205,python.exe,12496,python.exe,6692,INTEL SSDPEKKF256G7L,PASSED,4,100,36,10.1,3044,0
8/8/2026 21:06,HI38,100,2396,91.9,990.7,16.3,0,181.11,0,0,205,python.exe,12084,python.exe,6692,INTEL SSDPEKKF256G7L,PASSED,4,100,36,10.1,3044,0
8/8/2026 21:06,HI38,100,2396,90.6,1138.39,16.2,0,175.25,0,0,201,python.exe,12496,python.exe,6692,INTEL SSDPEKKF256G7L,PASSED,4,100,38,10.1,3044,0
8/8/2026 21:06,HI38,100,2396,90.7,1127.32,16.2,0,173.43,0,0,201,python.exe,8108,python.exe,6692,INTEL SSDPEKKF256G7L,PASSED,4,100,36,10.1,3044,0
8/8/2026 21:06,HI38,100,2396,90.2,1195.4,16.3,0,167.49,0,0,201,python.exe,8108,python.exe,6692,INTEL SSDPEKKF256G7L,PASSED,4,100,38,10.1,3044,0
8/8/2026 21:06,HI38,100,2396,89.2,1318.21,16.3,0,187.15,0,0,201,python.exe,12496,python.exe,6692,INTEL SSDPEKKF256G7L,PASSED,4,100,41,10.1,3044,0
8/8/2026 21:06,HI38,100,2396,89.1,1331.85,16.2,0,168.04,0,0,201,python.exe,12496,python.exe,6692,INTEL SSDPEKKF256G7L,PASSED,4,100,38,10.1,3044,0
8/8/2026 21:07,HI38,100,2396,88.5,1404.62,16.3,0,177.86,0,0,201,python.exe,12084,python.exe,6692,INTEL SSDPEKKF256G7L,PASSED,4,100,39,10.1,3044,0
8/8/2026 21:07,HI38,100,2396,88,1462.12,16.2,0.08,170.96,0,0,202,python.exe,12496,python.exe,6692,INTEL SSDPEKKF256G7L,PASSED,4,100,41,10.1,3044,0
8/8/2026 21:07,HI38,100,2396,87.3,1547.39,16.2,5.63,162.03,0,0,202,python.exe,12084,python.exe,6692,INTEL SSDPEKKF256G7L,PASSED,4,100,41,10.1,3044,0
8/8/2026 21:07,HI38,100,2396,87.3,1547,16.2,0.04,180.92,0,0,202,python.exe,12084,python.exe,6692,INTEL SSDPEKKF256G7L,PASSED,4,100,42,10.1,3044,0
8/8/2026 21:07,HI38,100,2396,86.4,1648.69,16.3,0,168.15,0,0,202,python.exe,12084,python.exe,6692,INTEL SSDPEKKF256G7L,PASSED,4,100,43,10.1,3044,0
8/8/2026 21:07,HI38,100,2396,85.9,1715.14,16.2,0.01,178.45,0,0,202,python.exe,12496,python.exe,6692,INTEL SSDPEKKF256G7L,PASSED,4,100,43,10.1,3044,0
8/8/2026 21:07,HI38,100,2396,86.5,1646.9,16.3,0.94,163.29,0,0,202,python.exe,8108,python.exe,6692,INTEL SSDPEKKF256G7L,PASSED,4,100,45,10.1,3044,0
8/8/2026 21:07,HI38,100,2396,85.8,1725.23,16.3,0.02,121.53,0,0,201,python.exe,12084,python.exe,6692,INTEL SSDPEKKF256G7L,PASSED,4,100,45,10.1,3044,0
8/8/2026 21:07,HI38,99.9,2396,85.2,1795.12,16.2,0,140.41,0,0,200,python.exe,8108,python.exe,6692,INTEL SSDPEKKF256G7L,PASSED,4,100,43,10.1,3044,0
8/8/2026 21:07,HI38,100,2396,84.3,1907.79,16.2,1.67,188.35,0,0,202,python.exe,12084,python.exe,6692,INTEL SSDPEKKF256G7L,PASSED,4,100,43,10.1,3044,0
8/8/2026 21:07,HI38,100,2396,84,1951.57,16.3,0.15,182.68,0,0,200,python.exe,12084,python.exe,6692,INTEL SSDPEKKF256G7L,PASSED,4,100,43,10.1,3044,0
8/8/2026 21:07,HI38,100,2396,83.7,1986.55,16.2,0,198.71,0,0,199,python.exe,8108,python.exe,6692,INTEL SSDPEKKF256G7L,PASSED,4,100,43,10.1,3044,0
8/8/2026 21:07,HI38,100,2396,82.9,2075.89,16.3,0.01,186.75,0,0,198,python.exe,8108,python.exe,6692,INTEL SSDPEKKF256G7L,PASSED,4,100,45,10.1,3044,0
8/8/2026 21:07,HI38,100,2396,82.9,2084.36,16.3,0,191.21,0,0,198,python.exe,9344,python.exe,6692,INTEL SSDPEKKF256G7L,PASSED,4,100,43,10.1,3044,0
8/8/2026 21:07,HI38,100,2396,82.2,2170.73,16.3,0.02,181.63,0,0,198,python.exe,12496,python.exe,6692,INTEL SSDPEKKF256G7L,PASSED,4,100,43,10.1,3044,0
8/8/2026 21:07,HI38,100,2396,80.9,2323.77,16.2,1.52,182.42,0,0,197,python.exe,9344,python.exe,6692,INTEL SSDPEKKF256G7L,PASSED,4,100,43,10.1,3044,0
8/8/2026 21:07,HI38,100,2396,81.2,2283.69,16.2,0.09,176.63,0,0,197,python.exe,9344,python.exe,6692,INTEL SSDPEKKF256G7L,PASSED,4,100,45,10.1,3044,0
8/8/2026 21:07,HI38,100,2396,80.6,2362.58,16.2,0,182.42,0,0,197,python.exe,12496,python.exe,6692,INTEL SSDPEKKF256G7L,PASSED,4,100,43,10.1,3044,0
8/8/2026 21:07,HI38,100,2396,80.6,2363.75,16.2,0,184.96,0,0,197,python.exe,8108,python.exe,6692,INTEL SSDPEKKF256G7L,PASSED,4,100,45,10.1,3044,0
8/8/2026 21:07,HI38,100,2396,79.7,2472.75,16.3,0.05,190.21,0,0,197,python.exe,12084,python.exe,6692,INTEL SSDPEKKF256G7L,PASSED,4,100,43,10.1,3044,0
8/8/2026 21:07,HI38,100,2396,78.7,2595.22,16.3,0,177.14,0,0,197,python.exe,9344,python.exe,6692,INTEL SSDPEKKF256G7L,PASSED,4,100,43,10.1,3044,0
8/8/2026 21:08,HI38,100,2396,78.7,2595.42,16.3,0,185.27,0,0,197,python.exe,12084,python.exe,6692,INTEL SSDPEKKF256G7L,PASSED,4,100,47,10.1,3044,0
8/8/2026 21:08,HI38,100,2396,77.7,2709.97,16.3,0,175.94,0,0,197,python.exe,12084,python.exe,6692,INTEL SSDPEKKF256G7L,PASSED,4,100,47,10.1,3044,0
8/8/2026 21:08,HI38,100,2396,77.2,2772.02,16.2,0,176.48,0,0,197,python.exe,8108,python.exe,6692,INTEL SSDPEKKF256G7L,PASSED,4,100,47,10.1,3044,0
8/8/2026 21:08,HI38,100,2396,76.6,2845.41,16.3,0,170.54,0,0,197,python.exe,9344,python.exe,6692,INTEL SSDPEKKF256G7L,PASSED,4,100,51,10.1,3044,0
8/8/2026 21:08,HI38,99.9,2396,75.7,2954.86,16.3,0,105.27,0,0,196,python.exe,12496,python.exe,6692,INTEL SSDPEKKF256G7L,PASSED,4,100,47,10.1,3044,0
8/8/2026 21:08,HI38,100,2396,75.3,3006.44,16.2,0,184.96,0,0,196,python.exe,8108,python.exe,6692,INTEL SSDPEKKF256G7L,PASSED,4,100,47,10.1,3044,0
8/8/2026 21:08,HI38,100,2396,74.9,3049.35,16.3,0,192.31,0,0,196,python.exe,8108,python.exe,6692,INTEL SSDPEKKF256G7L,PASSED,4,100,47,10.1,3044,0
8/8/2026 21:08,HI38,100,2396,74.7,3072.58,16.2,0.03,195.49,0,0,196,python.exe,12084,python.exe,6692,INTEL SSDPEKKF256G7L,PASSED,4,100,47,10.1,3044,0
8/8/2026 21:08,HI38,100,2396,74.1,3153.79,16.3,0.08,195.9,0,0,196,python.exe,12496,python.exe,6692,INTEL SSDPEKKF256G7L,PASSED,4,100,47,10.1,3044,0
8/8/2026 21:08,HI38,100,2396,73.1,3278.87,16.2,0,189.3,0,0,196,python.exe,8108,python.exe,6692,INTEL SSDPEKKF256G7L,PASSED,4,100,47,10.1,3044,0
8/8/2026 21:08,HI38,100,2396,73.4,3238.89,16.3,0,197.29,0,0,196,python.exe,12084,python.exe,6692,INTEL SSDPEKKF256G7L,PASSED,4,100,47,10.1,3044,0
8/8/2026 21:08,HI38,100,2396,71.9,3425,16.2,0,189,0,0,196,python.exe,12084,python.exe,6692,INTEL SSDPEKKF256G7L,PASSED,4,100,47,10.1,3044,0
8/8/2026 21:08,HI38,100,2396,72.3,3365.45,16.3,0,182.78,0,0,196,python.exe,12084,python.exe,6692,INTEL SSDPEKKF256G7L,PASSED,4,100,47,10.1,3044,0
8/8/2026 21:08,HI38,100,2396,70.9,3539.64,16.2,0,202.37,0,0,196,python.exe,8108,python.exe,6692,INTEL SSDPEKKF256G7L,PASSED,4,100,47,10.1,3044,0
8/8/2026 21:08,HI38,100,2396,70.9,3541.25,16.2,0,186.16,0,0,196,python.exe,12084,python.exe,6692,INTEL SSDPEKKF256G7L,PASSED,4,100,47,10.1,3044,0
8/8/2026 21:08,HI38,100,2396,70.4,3606.04,16.3,0,197.03,0,0,196,python.exe,12496,python.exe,6692,INTEL SSDPEKKF256G7L,PASSED,4,100,47,10.1,3044,0
8/8/2026 21:08,HI38,100,2396,69.2,3745.31,16.2,0,181.5,0,0,196,python.exe,12496,python.exe,6692,INTEL SSDPEKKF256G7L,PASSED,4,100,47,10.1,3044,0
8/8/2026 21:08,HI38,100,2396,69.7,3691.84,16.3,0,191.64,0,0,196,python.exe,12496,python.exe,6692,INTEL SSDPEKKF256G7L,PASSED,4,100,47,10.1,3044,0
8/8/2026 21:08,HI38,100,2396,68.7,3813.3,16.3,0.02,195.37,0,0,196,python.exe,12084,python.exe,6692,INTEL SSDPEKKF256G7L,PASSED,4,100,47,10.1,3044,0
8/8/2026 21:08,HI38,100,2396,68.7,3811.27,16.3,0,186.77,0,0,196,python.exe,12084,python.exe,6692,INTEL SSDPEKKF256G7L,PASSED,4,100,49,10.1,3044,0
8/8/2026 21:08,HI38,100,2396,67.6,3937.74,16.3,0,169.94,0,0,196,python.exe,12496,python.exe,6692,INTEL SSDPEKKF256G7L,PASSED,4,100,51,10.1,3044,0
8/8/2026 21:08,HI38,100,2396,66.3,4100.3,16.2,0,183.58,0,0,196,python.exe,12084,python.exe,6692,INTEL SSDPEKKF256G7L,PASSED,4,100,51,10.1,3044,0
8/8/2026 21:09,HI38,100,2396,66.5,4080.79,16.2,0,175.16,0,0,196,python.exe,12496,python.exe,6692,INTEL SSDPEKKF256G7L,PASSED,4,100,52,10.1,3044,0
8/8/2026 21:09,HI38,100,2396,65.5,4202.46,16.2,0,82.65,0,0,196,python.exe,12496,python.exe,6692,INTEL SSDPEKKF256G7L,PASSED,4,100,49,10.1,3044,0
8/8/2026 21:09,HI38,99.9,2396,65.5,4194.37,16.3,0,191.14,0,0,196,python.exe,8108,python.exe,6692,INTEL SSDPEKKF256G7L,PASSED,4,100,49,10.1,3044,0
8/8/2026 21:09,HI38,100,2396,64.7,4289.46,16.3,0.17,182.76,0,0,196,python.exe,12084,python.exe,6692,INTEL SSDPEKKF256G7L,PASSED,4,100,47,10.1,3044,0
8/8/2026 21:09,HI38,100,2396,64.6,4303.79,16.3,0.01,198.23,0,0,196,python.exe,9344,python.exe,6692,INTEL SSDPEKKF256G7L,PASSED,4,100,49,10.1,3044,0
8/8/2026 21:09,HI38,100,2396,64.5,4322.03,16.3,0,187.14,0,0,196,python.exe,12496,python.exe,6692,INTEL SSDPEKKF256G7L,PASSED,4,100,49,10.1,3044,0
8/8/2026 21:09,HI38,100,2396,64.5,4321.09,16.2,0.41,196.86,0,0,196,python.exe,12496,python.exe,6692,INTEL SSDPEKKF256G7L,PASSED,4,100,49,10.1,3044,0
8/8/2026 21:09,HI38,100,2396,64.6,4308.71,16.3,0,207.21,0,0,196,python.exe,12084,python.exe,6692,INTEL SSDPEKKF256G7L,PASSED,4,100,49,10.1,3044,0
8/8/2026 21:09,HI38,100,2396,64.1,4364.55,16.2,0.04,185.27,0,0,196,python.exe,9344,python.exe,6692,INTEL SSDPEKKF256G7L,PASSED,4,100,49,10.1,3045,0
8/8/2026 21:09,HI38,100,2396,64.5,4318.14,16.2,0.01,195.71,0,0,196,python.exe,9344,python.exe,6692,INTEL SSDPEKKF256G7L,PASSED,4,100,49,10.1,3045,0
8/8/2026 21:09,HI38,100,2396,64.3,4348.04,16.2,0,192.06,0,0,196,python.exe,8108,python.exe,6692,INTEL SSDPEKKF256G7L,PASSED,4,100,49,10.1,3045,0
8/8/2026 21:09,HI38,100,2396,64.2,4351.1,16.2,0,195.02,0,0,196,python.exe,8108,python.exe,6692,INTEL SSDPEKKF256G7L,PASSED,4,100,51,10.1,3045,0
8/8/2026 21:09,HI38,100,2396,64.6,4306.7,16.3,0,181.65,0,0,196,python.exe,8108,python.exe,6692,INTEL SSDPEKKF256G7L,PASSED,4,100,47,10.1,3045,0
8/8/2026 21:09,HI38,100,2396,64.2,4354.07,16.2,0.09,196.25,0,0,196,python.exe,12084,python.exe,6692,INTEL SSDPEKKF256G7L,PASSED,4,100,49,10.1,3045,0
8/8/2026 21:09,HI38,100,2396,64.2,4355.38,16.2,0,189.62,0,0,196,python.exe,8108,python.exe,6692,INTEL SSDPEKKF256G7L,PASSED,4,100,47,10.1,3045,0
8/8/2026 21:09,HI38,100,2396,64.4,4325.67,16.2,0,197.36,0,0,196,python.exe,12084,python.exe,6692,INTEL SSDPEKKF256G7L,PASSED,4,100,49,10.1,3045,0
8/8/2026 21:09,HI38,100,2396,64.5,4315.11,16.3,0,201.46,0,0,196,python.exe,12084,python.exe,6692,INTEL SSDPEKKF256G7L,PASSED,4,100,52,10.1,3045,0
8/8/2026 21:09,HI38,100,2396,64.1,4368.68,16.2,0,165.22,0,0,196,python.exe,9344,python.exe,6692,INTEL SSDPEKKF256G7L,PASSED,4,100,52,10.1,3045,0
8/8/2026 21:09,HI38,100,2396,64.6,4304.02,16.3,0,188.06,0,0,196,python.exe,12496,python.exe,6692,INTEL SSDPEKKF256G7L,PASSED,4,100,52,10.1,3045,0
8/8/2026 21:09,HI38,100,2396,64.6,4303.25,16.3,0.01,166.89,0,0,196,python.exe,9344,python.exe,6692,INTEL SSDPEKKF256G7L,PASSED,4,100,55,10.1,3045,0
8/8/2026 21:09,HI38,100,2396,64.7,4297.63,16.3,0,80.3,0,0,196,python.exe,9344,python.exe,6692,INTEL SSDPEKKF256G7L,PASSED,4,100,54,10.1,3045,0
8/8/2026 21:10,HI38,100,2396,64.5,4313.79,16.3,0,186.74,0,0,196,python.exe,8108,python.exe,6692,INTEL SSDPEKKF256G7L,PASSED,4,100,52,10.1,3045,0
8/8/2026 21:10,HI38,100,2396,64.4,4330.3,16.2,0,202.21,0,0,196,python.exe,8108,python.exe,6692,INTEL SSDPEKKF256G7L,PASSED,4,100,51,10.1,3045,0
8/8/2026 21:10,HI38,100,2396,64.6,4302.07,16.3,0,185.1,0,0,196,python.exe,8108,python.exe,6692,INTEL SSDPEKKF256G7L,PASSED,4,100,51,10.1,3045,0
8/8/2026 21:10,HI38,100,2396,64.5,4314.29,16.3,0,195.8,0,0,196,python.exe,8108,python.exe,6692,INTEL SSDPEKKF256G7L,PASSED,4,100,51,10.1,3045,0
8/8/2026 21:10,HI38,100,2396,64.3,4347.61,16.2,0,201.61,0,0,196,python.exe,9344,python.exe,6692,INTEL SSDPEKKF256G7L,PASSED,4,100,51,10.1,3045,0
8/8/2026 21:10,HI38,100,2396,64.6,4308.09,16.2,0,192.5,0,0,196,python.exe,8108,python.exe,6692,INTEL SSDPEKKF256G7L,PASSED,4,100,51,10.1,3045,0
8/8/2026 21:10,HI38,100,2396,64.7,4298.87,16.3,0,189.51,0,0,196,python.exe,8108,python.exe,6692,INTEL SSDPEKKF256G7L,PASSED,4,100,51,10.1,3045,0
8/8/2026 21:10,HI38,100,2396,64.4,4328.8,16.2,0.03,185.31,0,0,196,python.exe,12084,python.exe,6692,INTEL SSDPEKKF256G7L,PASSED,4,100,49,10.1,3045,0
8/8/2026 21:10,HI38,100,2396,64.6,4308.13,16.3,0,198.6,0,0,196,python.exe,8108,python.exe,6692,INTEL SSDPEKKF256G7L,PASSED,4,100,51,10.1,3045,0
8/8/2026 21:10,HI38,100,2396,64.6,4307.88,16.3,0,197.62,0,0,196,python.exe,8108,python.exe,6692,INTEL SSDPEKKF256G7L,PASSED,4,100,49,10.1,3045,0
8/8/2026 21:10,HI38,100,2396,64.2,4357.39,16.2,0,196.53,0,0,196,python.exe,12496,python.exe,6692,INTEL SSDPEKKF256G7L,PASSED,4,100,51,10.1,3045,0
8/8/2026 21:10,HI38,100,2396,64.7,4293.39,16.3,0.01,182.16,0,0,196,python.exe,12084,python.exe,6692,INTEL SSDPEKKF256G7L,PASSED,4,100,51,10.1,3045,0
8/8/2026 21:10,HI38,100,2396,64.7,4291.51,16.3,0,179.81,0,0,196,python.exe,8108,python.exe,6692,INTEL SSDPEKKF256G7L,PASSED,4,100,49,10.1,3045,0
8/8/2026 21:10,HI38,100,2396,64.5,4320.02,16.3,0,204.27,0,0,196,python.exe,12084,python.exe,6692,INTEL SSDPEKKF256G7L,PASSED,4,100,51,10.1,3045,0
8/8/2026 21:10,HI38,100,2396,64.5,4324.25,16.2,0.01,159.04,0,0,196,python.exe,8108,python.exe,6692,INTEL SSDPEKKF256G7L,PASSED,4,100,52,10.2,3045,0
8/8/2026 21:10,HI38,100,2396,64.5,4313.31,16.3,0,189.88,0,0,196,python.exe,9344,python.exe,6692,INTEL SSDPEKKF256G7L,PASSED,4,100,54,10.2,3045,0
8/8/2026 21:10,HI38,100,2396,64.6,4308.31,16.3,0,183.87,0,0,196,python.exe,8108,python.exe,6692,INTEL SSDPEKKF256G7L,PASSED,4,100,54,10.2,3045,0
8/8/2026 21:10,HI38,100,2396,64.5,4318.4,16.3,0,160.96,0,0,196,python.exe,12496,python.exe,6692,INTEL SSDPEKKF256G7L,PASSED,4,100,55,10.2,3045,0
8/8/2026 21:10,HI38,100,2396,64.6,4311.4,16.3,0,75.75,0,0,196,python.exe,9344,python.exe,6692,INTEL SSDPEKKF256G7L,PASSED,4,100,54,10.2,3045,0
8/8/2026 21:10,HI38,100,2396,64.4,4327.53,16.2,0.01,187.17,0,0,196,python.exe,9344,python.exe,6692,INTEL SSDPEKKF256G7L,PASSED,4,100,52,10.2,3045,0
8/8/2026 21:10,HI38,100,2396,64.3,4341.68,16.2,0,182.55,0,0,197,python.exe,9344,python.exe,6692,INTEL SSDPEKKF256G7L,PASSED,4,100,51,10.2,3045,0
8/8/2026 21:11,HI38,100,2396,64.7,4293.92,16.3,0,197.51,0,0,197,python.exe,9344,python.exe,6692,INTEL SSDPEKKF256G7L,PASSED,4,100,51,10.2,3045,0
8/8/2026 21:11,HI38,100,2396,64.7,4291.39,16.3,0,183.91,0,0,197,python.exe,8108,python.exe,6692,INTEL SSDPEKKF256G7L,PASSED,4,100,51,10.2,3045,0
8/8/2026 21:11,HI38,100,2396,64.5,4316.4,16.2,0,175.85,0,0,197,python.exe,8108,python.exe,6692,INTEL SSDPEKKF256G7L,PASSED,4,100,52,10.2,3045,0
8/8/2026 21:11,HI38,100,2396,64.2,4349.92,16.2,0,204.39,0,0,197,python.exe,8108,python.exe,6692,INTEL SSDPEKKF256G7L,PASSED,4,100,52,10.2,3045,0
8/8/2026 21:11,HI38,100,2396,64.7,4298.64,16.3,0,185.49,0,0,197,python.exe,12084,python.exe,6692,INTEL SSDPEKKF256G7L,PASSED,4,100,51,10.2,3045,0
8/8/2026 21:11,HI38,100,2396,64.2,4356.3,16.2,0,203.63,0,0,197,python.exe,12084,python.exe,6692,INTEL SSDPEKKF256G7L,PASSED,4,100,51,10.2,3045,0
8/8/2026 21:11,HI38,100,2396,64.7,4293.29,16.3,0,188.55,0,0,197,python.exe,12084,python.exe,6692,INTEL SSDPEKKF256G7L,PASSED,4,100,51,10.2,3045,0
8/8/2026 21:11,HI38,100,2396,64.4,4331.46,16.2,0,193.13,0,0,197,python.exe,12084,python.exe,6692,INTEL SSDPEKKF256G7L,PASSED,4,100,51,10.2,3045,0
8/8/2026 21:11,HI38,100,2396,64.7,4295.82,16.3,0,202.81,0,0,197,python.exe,12496,python.exe,6692,INTEL SSDPEKKF256G7L,PASSED,4,100,51,10.2,3045,0
8/8/2026 21:11,HI38,100,2396,64.7,4292.09,16.3,0,181.19,0,0,197,python.exe,12084,python.exe,6692,INTEL SSDPEKKF256G7L,PASSED,4,100,51,10.2,3045,0
8/8/2026 21:11,HI38,100,2396,64.3,4348.82,16.2,0,190.04,0,0,197,python.exe,9344,python.exe,6692,INTEL SSDPEKKF256G7L,PASSED,4,100,54,10.2,3045,0
8/8/2026 21:11,HI38,100,2396,64.4,4325.74,16.2,0.12,177,0,0,197,python.exe,8108,python.exe,6692,INTEL SSDPEKKF256G7L,PASSED,4,100,54,10.2,3045,0
8/8/2026 21:11,HI38,100,2396,64.3,4340.2,16.2,0,190.77,0,0,197,python.exe,8108,python.exe,6692,INTEL SSDPEKKF256G7L,PASSED,4,100,55,10.2,3045,0
8/8/2026 21:11,HI38,100,2396,64.7,4293.26,16.3,0,162.08,0,0,197,python.exe,12084,python.exe,6692,INTEL SSDPEKKF256G7L,PASSED,4,100,56,10.2,3045,0
8/8/2026 21:11,HI38,100,2396,64,4382.95,16.2,0,87.82,0,0,197,python.exe,9344,python.exe,6692,INTEL SSDPEKKF256G7L,PASSED,4,100,54,10.2,3045,0
8/8/2026 21:11,HI38,100,2396,64.4,4326.73,16.3,0.01,183.11,0,0,197,python.exe,12496,python.exe,6692,INTEL SSDPEKKF256G7L,PASSED,4,100,52,10.2,3045,0
8/8/2026 21:11,HI38,99.9,2396,64,4379.5,16.3,0,188.21,0,0,197,python.exe,8108,python.exe,6692,INTEL SSDPEKKF256G7L,PASSED,4,100,52,10.2,3045,0
8/8/2026 21:11,HI38,100,2396,64,4381.86,16.3,0,186,0,0,197,python.exe,9344,python.exe,6692,INTEL SSDPEKKF256G7L,PASSED,4,100,52,10.2,3045,0
8/8/2026 21:11,HI38,100,2396,63.7,4416.67,16.3,0,178.08,0,0,197,python.exe,12084,python.exe,6692,INTEL SSDPEKKF256G7L,PASSED,4,100,52,10.2,3045,0
8/8/2026 21:11,HI38,100,2396,62.8,4520.72,16.2,0,199.1,0,0,197,python.exe,12496,python.exe,6692,INTEL SSDPEKKF256G7L,PASSED,4,100,52,10.2,3045,0
8/8/2026 21:11,HI38,100,2396,62.6,4549.74,16.2,0,197.99,0,0,197,python.exe,12084,python.exe,6692,INTEL SSDPEKKF256G7L,PASSED,4,100,52,10.2,3045,0
8/8/2026 21:12,HI38,100,2396,62.7,4533,16.3,0,182.72,0,0,197,python.exe,8108,python.exe,6692,INTEL SSDPEKKF256G7L,PASSED,4,100,52,10.2,3045,0
8/8/2026 21:12,HI38,100,2396,62.5,4559.56,16.2,0,195.56,0,0,197,python.exe,8108,python.exe,6692,INTEL SSDPEKKF256G7L,PASSED,4,100,52,10.2,3045,0
8/8/2026 21:12,HI38,100,2396,61.8,4642.67,16.2,0.15,197.73,0,0,197,python.exe,8108,python.exe,6692,INTEL SSDPEKKF256G7L,PASSED,4,100,52,10.2,3045,0
8/8/2026 21:12,HI38,100,2396,61.5,4680.11,16.2,0.01,196.83,0,0,197,python.exe,12496,python.exe,6692,INTEL SSDPEKKF256G7L,PASSED,4,100,54,10.2,3045,0
8/8/2026 21:12,HI38,100,2396,62,4628.53,16.3,0.05,183.42,0,0,197,python.exe,8108,python.exe,6692,INTEL SSDPEKKF256G7L,PASSED,4,100,51,10.2,3045,0
8/8/2026 21:12,HI38,100,2396,61.5,4689.43,16.3,0.04,190.69,0,0,197,python.exe,12496,python.exe,6692,INTEL SSDPEKKF256G7L,PASSED,4,100,52,10.2,3045,0
8/8/2026 21:12,HI38,100,2396,61.4,4695.55,16.3,0,195.46,0,0,197,python.exe,9344,python.exe,6692,INTEL SSDPEKKF256G7L,PASSED,4,100,54,10.2,3045,0
8/8/2026 21:12,HI38,100,2396,60.6,4795.44,16.2,0,189.7,0,0,197,python.exe,12496,python.exe,6692,INTEL SSDPEKKF256G7L,PASSED,4,100,54,10.2,3045,0
8/8/2026 21:12,HI38,100,2396,60.1,4851.3,16.2,0,173.18,0,0,197,python.exe,12084,python.exe,6692,INTEL SSDPEKKF256G7L,PASSED,4,100,55,10.2,3045,0
8/8/2026 21:12,HI38,100,2396,60.1,4859.97,16.2,0,175.24,0,0,197,python.exe,8108,python.exe,6692,INTEL SSDPEKKF256G7L,PASSED,4,100,56,10.2,3045,0
8/8/2026 21:12,HI38,100,2396,60,4867.68,16.3,0,84.44,0,0,197,python.exe,9344,python.exe,6692,INTEL SSDPEKKF256G7L,PASSED,4,100,54,10.2,3045,0
8/8/2026 21:12,HI38,100,2396,59.7,4900.09,16.2,0.56,173.75,0,0,197,python.exe,9344,python.exe,6692,INTEL SSDPEKKF256G7L,PASSED,4,100,52,10.2,3045,0
8/8/2026 21:12,HI38,100,2396,59.5,4922.24,16.3,0,202.83,0,0,197,python.exe,12496,python.exe,6692,INTEL SSDPEKKF256G7L,PASSED,4,100,52,10.2,3045,0
8/8/2026 21:12,HI38,100,2396,59.1,4980.95,16.2,0.01,190.41,0,0,197,python.exe,12496,python.exe,6692,INTEL SSDPEKKF256G7L,PASSED,4,100,52,10.2,3045,0
8/8/2026 21:12,HI38,99.9,2396,59.2,4969.21,16.3,0.22,196.51,0,0,197,python.exe,8108,python.exe,6692,INTEL SSDPEKKF256G7L,PASSED,4,100,54,10.2,3045,0
8/8/2026 21:12,HI38,99.9,2396,58.8,5016.95,16.3,0.02,186.51,0,0,198,python.exe,8108,python.exe,6692,INTEL SSDPEKKF256G7L,PASSED,4,100,52,10.2,3045,0
8/8/2026 21:12,HI38,100,2396,58.5,5054.29,16.2,0,185.83,0,0,198,python.exe,12496,python.exe,6692,INTEL SSDPEKKF256G7L,PASSED,4,100,52,10.2,3045,0
8/8/2026 21:12,HI38,100,2396,58.2,5091.14,16.3,0,194.2,0,0,198,python.exe,8108,python.exe,6692,INTEL SSDPEKKF256G7L,PASSED,4,100,54,10.2,3045,0
8/8/2026 21:12,HI38,100,2396,58.2,5086.49,16.3,0.03,197.21,0,0,198,python.exe,12084,python.exe,6692,INTEL SSDPEKKF256G7L,PASSED,4,100,52,10.2,3045,0
8/8/2026 21:12,HI38,99.9,2396,57.4,5177.43,16.2,0.05,191.66,0,0,198,python.exe,12496,python.exe,6692,INTEL SSDPEKKF256G7L,PASSED,4,100,52,10.2,3045,0
8/8/2026 21:13,HI38,100,2396,57.6,5158.45,16.3,0,187.75,0,0,198,python.exe,12084,python.exe,6692,INTEL SSDPEKKF256G7L,PASSED,4,100,52,10.2,3045,0
8/8/2026 21:13,HI38,100,2396,57.3,5194,16.2,0.02,194.94,0,0,198,python.exe,12084,python.exe,6692,INTEL SSDPEKKF256G7L,PASSED,4,100,52,10.2,3045,0
8/8/2026 21:13,HI38,100,2396,57.1,5222.91,16.3,0.01,191.66,0,0,198,python.exe,8108,python.exe,6692,INTEL SSDPEKKF256G7L,PASSED,4,100,51,10.2,3045,0
8/8/2026 21:13,HI38,100,2396,56.5,5287.44,16.3,0.12,180.88,0,0,199,python.exe,12496,python.exe,6692,INTEL SSDPEKKF256G7L,PASSED,4,100,54,10.2,3045,0
8/8/2026 21:13,HI38,100,2396,56.4,5309.26,16.2,0.09,179.32,0,0,198,python.exe,8108,python.exe,6692,INTEL SSDPEKKF256G7L,PASSED,4,100,55,10.2,3045,0
8/8/2026 21:13,HI38,100,2396,55.9,5369.07,16.2,0.84,182.52,0,0,198,python.exe,9344,python.exe,6692,INTEL SSDPEKKF256G7L,PASSED,4,100,55,10.2,3045,0
8/8/2026 21:13,HI38,100,2396,55.5,5415.75,16.2,0.49,182.62,0,0,198,python.exe,8108,python.exe,6692,INTEL SSDPEKKF256G7L,PASSED,4,100,55,10.2,3045,0
8/8/2026 21:13,HI38,100,2396,55.5,5413,16.3,0.05,125.44,0,0,198,python.exe,9344,python.exe,6692,INTEL SSDPEKKF256G7L,PASSED,4,100,56,10.2,3045,0
8/8/2026 21:13,HI38,100,2396,55.4,5431.54,16.2,0.66,94.59,0,0,199,python.exe,8108,python.exe,6692,INTEL SSDPEKKF256G7L,PASSED,4,100,54,10.2,3045,0
8/8/2026 21:13,HI38,100,2396,55.1,5457.63,16.3,0.16,195.14,0,0,199,python.exe,9344,python.exe,6692,INTEL SSDPEKKF256G7L,PASSED,4,100,54,10.2,3045,0
8/8/2026 21:13,HI38,100,2396,54.7,5509.34,16.2,0.04,191.74,0,0,199,python.exe,9344,python.exe,6692,INTEL SSDPEKKF256G7L,PASSED,4,100,54,10.2,3045,0
8/8/2026 21:13,HI38,100,2396,54.9,5485.31,16.3,3.85,179.59,0,0,200,python.exe,12496,python.exe,6692,INTEL SSDPEKKF256G7L,PASSED,4,100,54,10.2,3045,0
8/8/2026 21:13,HI38,100,2396,54.6,5527.1,16.3,0.43,180.35,0,0,200,python.exe,12496,python.exe,6692,INTEL SSDPEKKF256G7L,PASSED,4,100,54,10.2,3045,0
8/8/2026 21:13,HI38,100,2396,54.1,5583.25,16.2,0.04,191.2,0,0,200,python.exe,9344,python.exe,6692,INTEL SSDPEKKF256G7L,PASSED,4,100,52,10.2,3045,0
8/8/2026 21:13,HI38,100,2396,53.7,5637.09,16.2,0.27,190.3,0,0,200,python.exe,12084,python.exe,6692,INTEL SSDPEKKF256G7L,PASSED,4,100,52,10.2,3045,0
8/8/2026 21:13,HI38,100,2396,53.6,5644.31,16.2,0.64,194.22,0,0,200,python.exe,8108,python.exe,6692,INTEL SSDPEKKF256G7L,PASSED,4,100,55,10.2,3045,0
8/8/2026 21:13,HI38,100,2396,53.7,5627.39,16.3,0,186.8,0,0,200,python.exe,12084,python.exe,6692,INTEL SSDPEKKF256G7L,PASSED,4,100,52,10.2,3045,0
8/8/2026 21:13,HI38,100,2396,53.6,5643.65,16.2,0,191.22,0,0,200,python.exe,9344,python.exe,6692,INTEL SSDPEKKF256G7L,PASSED,4,100,52,10.2,3045,0
8/8/2026 21:13,HI38,100,2396,53,5721.35,16.2,0.04,185.73,0,0,200,python.exe,12496,python.exe,6692,INTEL SSDPEKKF256G7L,PASSED,4,100,54,10.2,3045,0
8/8/2026 21:13,HI38,100,2396,53.4,5676,16.3,0,199.74,0,0,200,python.exe,8108,python.exe,6692,INTEL SSDPEKKF256G7L,PASSED,4,100,54,10.2,3045,0
8/8/2026 21:13,HI38,100,2396,52.9,5736.43,16.3,0.02,176.72,0,0,200,python.exe,9344,python.exe,6692,INTEL SSDPEKKF256G7L,PASSED,4,100,55,10.2,3045,0
8/8/2026 21:13,HI38,100,2396,52.9,5735.17,16.3,0,189.53,0,0,200,python.exe,9344,python.exe,6692,INTEL SSDPEKKF256G7L,PASSED,4,100,55,10.2,3045,0
8/8/2026 21:14,HI38,100,2396,52.6,5768.8,16.3,1.19,191.97,0,0,200,python.exe,12496,python.exe,6692,INTEL SSDPEKKF256G7L,PASSED,4,100,56,10.2,3045,0
8/8/2026 21:14,HI38,100,2396,52.5,5773.69,16.3,0.26,136.67,0,0,200,python.exe,9344,python.exe,6692,INTEL SSDPEKKF256G7L,PASSED,4,100,58,10.2,3045,0
8/8/2026 21:14,HI38,100,2396,52.2,5821.76,16.3,0,36.75,0,0,200,python.exe,9344,python.exe,6692,INTEL SSDPEKKF256G7L,PASSED,4,100,55,10.2,3045,0
8/8/2026 21:14,HI38,100,2396,52,5834.24,16.3,0.02,200.12,0,0,200,python.exe,8108,python.exe,6692,INTEL SSDPEKKF256G7L,PASSED,4,100,55,10.2,3045,0
8/8/2026 21:14,HI38,100,2396,51.6,5894.75,16.3,0,184.45,0,0,200,python.exe,8108,python.exe,6692,INTEL SSDPEKKF256G7L,PASSED,4,100,54,10.2,3045,0
8/8/2026 21:14,HI38,100,2396,51.7,5880.48,16.3,0.14,200.93,0,0,200,python.exe,12084,python.exe,6692,INTEL SSDPEKKF256G7L,PASSED,4,100,55,10.2,3045,0
8/8/2026 21:14,HI38,100,2396,51.1,5945.54,16.3,0.21,174.97,0,0,200,python.exe,8108,python.exe,6692,INTEL SSDPEKKF256G7L,PASSED,4,100,54,10.2,3045,0
8/8/2026 21:14,HI38,100,2396,50.7,6002.12,16.3,0,203.64,0,0,200,python.exe,12496,python.exe,6692,INTEL SSDPEKKF256G7L,PASSED,4,100,54,10.2,3045,0
8/8/2026 21:14,HI38,100,2396,50.6,6009.06,16.3,0,186.37,0,0,200,python.exe,9344,python.exe,6692,INTEL SSDPEKKF256G7L,PASSED,4,100,52,10.2,3045,0
8/8/2026 21:14,HI38,100,2396,50.1,6069.01,16.3,0,202.03,0,0,200,python.exe,12084,python.exe,6692,INTEL SSDPEKKF256G7L,PASSED,4,100,52,10.2,3045,0
8/8/2026 21:14,HI38,100,2396,49.2,6179.37,16.2,0.01,175.35,0,0,200,python.exe,12496,python.exe,6692,INTEL SSDPEKKF256G7L,PASSED,4,100,52,10.2,3045,0
8/8/2026 21:14,HI38,100,2396,49.6,6135.22,16.3,0.01,197.28,0,0,200,python.exe,12496,python.exe,6692,INTEL SSDPEKKF256G7L,PASSED,4,100,54,10.2,3045,0
8/8/2026 21:14,HI38,100,2396,49.2,6175.78,16.3,0.07,198.07,0,0,200,python.exe,8108,python.exe,6692,INTEL SSDPEKKF256G7L,PASSED,4,100,52,10.2,3045,0
8/8/2026 21:14,HI38,100,2396,49.2,6182.41,16.3,0.03,190.72,0,0,200,python.exe,12084,python.exe,6692,INTEL SSDPEKKF256G7L,PASSED,4,100,54,10.2,3045,0
8/8/2026 21:14,HI38,100,2396,48.7,6242.34,16.3,0,194.36,0,0,200,python.exe,12496,python.exe,6692,INTEL SSDPEKKF256G7L,PASSED,4,100,55,10.2,3045,0
8/8/2026 21:14,HI38,99.9,2396,48.3,6287.58,16.3,0.01,192.3,0,0,200,python.exe,9344,python.exe,6692,INTEL SSDPEKKF256G7L,PASSED,4,100,52,10.2,3045,0
8/8/2026 21:14,HI38,100,2396,48.4,6281.15,16.3,0,182.91,0,0,200,python.exe,12084,python.exe,6692,INTEL SSDPEKKF256G7L,PASSED,4,100,55,10.2,3045,0
8/8/2026 21:14,HI38,100,2396,48.1,6316.68,16.3,0.08,177.29,0,0,200,python.exe,12084,python.exe,6692,INTEL SSDPEKKF256G7L,PASSED,4,100,55,10.2,3045,0
8/8/2026 21:14,HI38,100,2396,47.7,6367.43,16.3,0.1,202.82,0,0,200,python.exe,12084,python.exe,6692,INTEL SSDPEKKF256G7L,PASSED,4,100,56,10.2,3045,0
8/8/2026 21:14,HI38,100,2396,47.6,6376.92,16.3,0.74,145.38,0,0,200,python.exe,9344,python.exe,6692,INTEL SSDPEKKF256G7L,PASSED,4,100,58,10.2,3045,0
8/8/2026 21:15,HI38,100,2396,47.1,6434.29,16.3,0.1,72.79,0,0,200,python.exe,9344,python.exe,6692,INTEL SSDPEKKF256G7L,PASSED,4,100,55,10.2,3045,0
8/8/2026 21:15,HI38,100,2396,46.6,6493.91,16.2,0.14,208.77,0,0,200,python.exe,8108,python.exe,6692,INTEL SSDPEKKF256G7L,PASSED,4,100,55,10.2,3045,0
8/8/2026 21:15,HI38,100,2396,46.6,6499.89,16.2,0,190.67,0,0,200,python.exe,12084,python.exe,6692,INTEL SSDPEKKF256G7L,PASSED,4,100,55,10.2,3045,0
8/8/2026 21:15,HI38,100,2396,46,6575.58,16.3,0,202.91,0,0,201,python.exe,9344,python.exe,6692,INTEL SSDPEKKF256G7L,PASSED,4,100,55,10.2,3045,0
8/8/2026 21:15,HI38,100,2396,45.5,6630.18,16.3,0.03,187.93,0,0,201,python.exe,12084,python.exe,6692,INTEL SSDPEKKF256G7L,PASSED,4,100,54,10.2,3045,0
8/8/2026 21:15,HI38,100,2396,44.8,6719.69,16.3,0.26,200.52,0,0,201,python.exe,12496,python.exe,6692,INTEL SSDPEKKF256G7L,PASSED,4,100,55,10.2,3045,0
8/8/2026 21:15,HI38,100,2396,43.6,6865.37,16.3,0,194.86,0,0,201,python.exe,12496,python.exe,6692,INTEL SSDPEKKF256G7L,PASSED,4,100,54,10.2,3045,0
8/8/2026 21:15,HI38,100,2396,43.1,6927.8,16.2,0,195.04,0,0,201,python.exe,8108,python.exe,6692,INTEL SSDPEKKF256G7L,PASSED,4,100,54,10.2,3045,0
8/8/2026 21:15,HI38,100,2396,42.1,7046.51,16.3,0.01,191.4,0,0,201,python.exe,12496,python.exe,6692,INTEL SSDPEKKF256G7L,PASSED,4,100,54,10.2,3045,0
8/8/2026 21:15,HI38,100,2396,41.7,7091.45,16.3,0.05,188.57,0,0,201,python.exe,8108,python.exe,6692,INTEL SSDPEKKF256G7L,PASSED,4,100,54,10.2,3045,0
8/8/2026 21:15,HI38,100,2396,41.4,7134.11,16.2,6.49,198.27,0,0,201,python.exe,12084,python.exe,6692,INTEL SSDPEKKF256G7L,PASSED,4,100,54,10.2,3045,0
8/8/2026 21:15,HI38,100,2396,40.9,7186.79,16.3,2.39,168.04,0,0,200,python.exe,8108,python.exe,6692,INTEL SSDPEKKF256G7L,PASSED,4,100,52,10.2,3045,0
8/8/2026 21:15,HI38,100,2396,40.5,7241.83,16.2,0,192.39,0,0,200,python.exe,8108,python.exe,6692,INTEL SSDPEKKF256G7L,PASSED,4,100,55,10.2,3045,0
8/8/2026 21:15,HI38,99.9,2396,40.2,7274.56,16.2,0.57,179.56,0,0,200,python.exe,12084,python.exe,6692,INTEL SSDPEKKF256G7L,PASSED,4,100,55,10.2,3045,0
8/8/2026 21:15,HI38,100,2396,40.5,7242.93,16.3,0.2,180.68,0,0,200,python.exe,12496,python.exe,6692,INTEL SSDPEKKF256G7L,PASSED,4,100,56,10.2,3045,0
8/8/2026 21:15,HI38,100,2396,39.9,7313.27,16.2,0.06,188.81,0,0,200,python.exe,12496,python.exe,6692,INTEL SSDPEKKF256G7L,PASSED,4,100,58,10.2,3045,0
8/8/2026 21:15,HI38,100,2396,40,7298.85,16.3,0,68.44,0,0,200,python.exe,12084,python.exe,6692,INTEL SSDPEKKF256G7L,PASSED,4,100,56,10.2,3045,0
8/8/2026 21:15,HI38,100,2396,40.1,7291.02,16.3,2.96,172.37,0,0,201,python.exe,9344,python.exe,6692,INTEL SSDPEKKF256G7L,PASSED,4,100,55,10.2,3045,0
8/8/2026 21:15,HI38,100,2396,39.5,7359.07,16.2,0.85,184.83,0,0,203,python.exe,8108,python.exe,6692,INTEL SSDPEKKF256G7L,PASSED,4,100,55,10.2,3045,0
8/8/2026 21:15,HI38,100,2396,39.3,7391.44,16.2,1.2,193.97,0,0,204,python.exe,12496,python.exe,6692,INTEL SSDPEKKF256G7L,PASSED,4,100,55,10.2,3045,0
8/8/2026 21:15,HI38,100,2396,38.9,7439.71,16.2,4.8,197,0,0,203,python.exe,12496,python.exe,6692,INTEL SSDPEKKF256G7L,PASSED,4,100,55,10.2,3045,0
8/8/2026 21:16,HI38,100,2396,38.9,7428.94,16.3,0.01,187.03,0,0,203,python.exe,8108,python.exe,6692,INTEL SSDPEKKF256G7L,PASSED,4,100,54,10.2,3045,0
8/8/2026 21:16,HI38,100,2396,38.6,7475.45,16.3,0.11,202.92,0,0,203,python.exe,12496,explorer.exe,1588,INTEL SSDPEKKF256G7L,PASSED,4,100,55,10.2,3045,0
8/8/2026 21:16,HI38,100,2396,38.4,7496.84,16.3,0.16,192.77,0,0,203,python.exe,12084,explorer.exe,1588,INTEL SSDPEKKF256G7L,PASSED,4,100,54,10.2,3045,0
8/8/2026 21:16,HI38,100,2396,37.8,7562.69,16.3,0,200.96,0,0,203,python.exe,12084,explorer.exe,1588,INTEL SSDPEKKF256G7L,PASSED,4,100,54,10.2,3045,0
8/8/2026 21:16,HI38,100,2396,37.8,7562.04,16.3,0,193.2,0,0,203,python.exe,12084,explorer.exe,1588,INTEL SSDPEKKF256G7L,PASSED,4,100,54,10.2,3045,0
8/8/2026 21:16,HI38,100,2396,37.6,7593.92,16.3,0.07,194.46,0,0,203,python.exe,12496,explorer.exe,1588,INTEL SSDPEKKF256G7L,PASSED,4,100,54,10.2,3045,0
8/8/2026 21:16,HI38,100,2396,37.1,7653.84,16.3,0.01,191.49,0,0,203,python.exe,8108,explorer.exe,1588,INTEL SSDPEKKF256G7L,PASSED,4,100,54,10.2,3045,0
8/8/2026 21:16,HI38,99.9,2396,37,7663.7,16.3,0,183.65,0,0,203,python.exe,9344,explorer.exe,1588,INTEL SSDPEKKF256G7L,PASSED,4,100,54,10.2,3045,0
8/8/2026 21:16,HI38,100,2396,36.8,7688.33,16.3,0,208.03,0,0,203,python.exe,8108,explorer.exe,1588,INTEL SSDPEKKF256G7L,PASSED,4,100,52,10.2,3045,0
8/8/2026 21:16,HI38,100,2396,36.7,7697.51,16.3,0,176.5,0,0,203,python.exe,9344,explorer.exe,1588,INTEL SSDPEKKF256G7L,PASSED,4,100,55,10.2,3045,0
8/8/2026 21:16,HI38,100,2396,36.4,7742.37,16.3,0.01,193.13,0,0,203,python.exe,8108,explorer.exe,1588,INTEL SSDPEKKF256G7L,PASSED,4,100,56,10.2,3045,0
8/8/2026 21:16,HI38,100,2396,35.5,7842.21,16.3,0.02,195.83,0,0,203,python.exe,8108,explorer.exe,1588,INTEL SSDPEKKF256G7L,PASSED,4,100,56,10.2,3045,0
8/8/2026 21:16,HI38,100,2396,35.5,7841.91,16.3,0.01,171.06,0,0,203,python.exe,8108,explorer.exe,1588,INTEL SSDPEKKF256G7L,PASSED,4,100,58,10.2,3045,0
8/8/2026 21:16,HI38,100,2396,35.6,7835.43,16.3,0,67.8,0,0,203,python.exe,12084,explorer.exe,1588,INTEL SSDPEKKF256G7L,PASSED,4,100,56,10.2,3045,0
8/8/2026 21:16,HI38,100,2396,35.3,7873.45,16.2,0.02,204.25,0,0,203,python.exe,12084,explorer.exe,1588,INTEL SSDPEKKF256G7L,PASSED,4,100,55,10.2,3045,0
8/8/2026 21:16,HI38,100,2396,35.3,7876.83,16.2,0.05,209.65,0,0,203,python.exe,9344,explorer.exe,1588,INTEL SSDPEKKF256G7L,PASSED,4,100,55,10.2,3045,0
8/8/2026 21:16,HI38,100,2396,35.1,7898.86,16.2,0.02,201.15,0,0,203,python.exe,12496,explorer.exe,1588,INTEL SSDPEKKF256G7L,PASSED,4,100,55,10.2,3045,0
8/8/2026 21:16,HI38,100,2396,35.4,7857.69,16.2,0,199.13,0,0,203,python.exe,12496,explorer.exe,1588,INTEL SSDPEKKF256G7L,PASSED,4,100,55,10.2,3045,0
8/8/2026 21:16,HI38,100,2396,35.4,7855.2,16.2,0.25,197.89,0,0,204,python.exe,9344,explorer.exe,1588,INTEL SSDPEKKF256G7L,PASSED,4,100,55,10.2,3045,0
8/8/2026 21:16,HI38,100,2396,35.6,7836.55,16.3,0.12,197.87,0,0,202,python.exe,12496,explorer.exe,1588,INTEL SSDPEKKF256G7L,PASSED,4,100,55,10.2,3045,0
8/8/2026 21:17,HI38,100,2396,35.2,7878.61,16.2,0,204.47,0,0,202,python.exe,12496,explorer.exe,1588,INTEL SSDPEKKF256G7L,PASSED,4,100,56,10.2,3045,0
8/8/2026 21:17,HI38,100,2396,35.7,7822.58,16.3,3.53,200.77,0,0,203,python.exe,9344,explorer.exe,1588,INTEL SSDPEKKF256G7L,PASSED,4,100,55,10.2,3045,0
8/8/2026 21:17,HI38,100,2396,35.6,7833.79,16.3,0.01,190.24,0,0,203,python.exe,12084,explorer.exe,1588,INTEL SSDPEKKF256G7L,PASSED,4,100,54,10.2,3045,0
8/8/2026 21:17,HI38,100,2396,35.3,7878.13,16.2,0.01,201.81,0,0,203,python.exe,12496,explorer.exe,1588,INTEL SSDPEKKF256G7L,PASSED,4,100,54,10.2,3045,0
8/8/2026 21:17,HI38,100,2396,35.2,7885.46,16.2,0,208.18,0,0,203,python.exe,8108,explorer.exe,1588,INTEL SSDPEKKF256G7L,PASSED,4,100,54,10.2,3045,0
8/8/2026 21:17,HI38,100,2396,35.7,7820.93,16.3,0,186.78,0,0,203,python.exe,9344,explorer.exe,1588,INTEL SSDPEKKF256G7L,PASSED,4,100,55,10.2,3045,0
8/8/2026 21:17,HI38,100,2396,35.7,7822.08,16.3,0.06,189.1,0,0,203,python.exe,12496,explorer.exe,1588,INTEL SSDPEKKF256G7L,PASSED,4,100,55,10.2,3045,0
8/8/2026 21:17,HI38,100,2396,35.2,7886.21,16.2,0,216.37,0,0,203,python.exe,9344,explorer.exe,1588,INTEL SSDPEKKF256G7L,PASSED,4,100,55,10.2,3045,0
8/8/2026 21:17,HI38,100,2396,35.3,7873.22,16.2,0,195.79,0,0,203,python.exe,12496,explorer.exe,1588,INTEL SSDPEKKF256G7L,PASSED,4,100,55,10.2,3045,0
8/8/2026 21:17,HI38,100,2396,35.2,7886.57,16.2,0,190.44,0,0,203,python.exe,12084,explorer.exe,1588,INTEL SSDPEKKF256G7L,PASSED,4,100,56,10.2,3045,0
8/8/2026 21:17,HI38,100,2396,35.2,7886.52,16.2,0,182.21,0,0,203,python.exe,8108,explorer.exe,1588,INTEL SSDPEKKF256G7L,PASSED,4,100,56,10.2,3045,0
8/8/2026 21:17,HI38,100,2396,35.6,7833.81,16.3,0.04,200.85,0,0,203,python.exe,9344,explorer.exe,1588,INTEL SSDPEKKF256G7L,PASSED,4,100,58,10.2,3045,0
8/8/2026 21:17,HI38,100,2396,35.7,7825.39,16.3,0.03,64.35,0,0,203,python.exe,8108,explorer.exe,1588,INTEL SSDPEKKF256G7L,PASSED,4,100,56,10.2,3045,0
8/8/2026 21:17,HI38,100,2396,35.6,7829.91,16.3,0.01,161.66,0,0,203,python.exe,8108,explorer.exe,1588,INTEL SSDPEKKF256G7L,PASSED,4,100,56,10.2,3045,0
8/8/2026 21:17,HI38,100,2396,35.2,7886.67,16.2,0,207.56,0,0,203,python.exe,12496,explorer.exe,1588,INTEL SSDPEKKF256G7L,PASSED,4,100,55,10.2,3045,0
8/8/2026 21:17,HI38,100,2396,35.5,7844.1,16.2,0,188.03,0,0,203,python.exe,12496,explorer.exe,1588,INTEL SSDPEKKF256G7L,PASSED,4,100,55,10.2,3045,0
8/8/2026 21:17,HI38,100,2396,35.7,7817.59,16.3,0,198.94,0,0,203,python.exe,12084,explorer.exe,1588,INTEL SSDPEKKF256G7L,PASSED,4,100,55,10.2,3045,0
8/8/2026 21:17,HI38,100,2396,35.7,7821.5,16.3,0.04,205.54,0,0,203,python.exe,12084,explorer.exe,1588,INTEL SSDPEKKF256G7L,PASSED,4,100,55,10.2,3045,0
8/8/2026 21:17,HI38,100,2396,35.7,7819.77,16.3,0,196.13,0,0,203,python.exe,9344,explorer.exe,1588,INTEL SSDPEKKF256G7L,PASSED,4,100,55,10.2,3045,0
8/8/2026 21:17,HI38,100,2396,35.6,7834.45,16.3,0.04,204.99,0,0,203,python.exe,12084,explorer.exe,1588,INTEL SSDPEKKF256G7L,PASSED,4,100,55,10.2,3045,0
8/8/2026 21:17,HI38,100,2396,35.7,7819.68,16.3,0,180.18,0,0,203,python.exe,9344,explorer.exe,1588,INTEL SSDPEKKF256G7L,PASSED,4,100,54,10.2,3045,0
8/8/2026 21:18,HI38,100,2396,35.7,7824.96,16.3,0,210.22,0,0,203,python.exe,12496,explorer.exe,1588,INTEL SSDPEKKF256G7L,PASSED,4,100,56,10.2,3045,0
8/8/2026 21:18,HI38,100,2396,35.5,7851.6,16.2,0,201.05,0,0,203,python.exe,12084,explorer.exe,1588,INTEL SSDPEKKF256G7L,PASSED,4,100,55,10.2,3045,0
8/8/2026 21:18,HI38,100,2396,35.2,7878.48,16.2,0.01,208.25,0,0,203,python.exe,12496,explorer.exe,1588,INTEL SSDPEKKF256G7L,PASSED,4,100,55,10.2,3045,0
8/8/2026 21:18,HI38,100,2396,35.6,7830.29,16.3,0,202.87,0,0,203,python.exe,8108,explorer.exe,1588,INTEL SSDPEKKF256G7L,PASSED,4,100,55,10.2,3045,0
8/8/2026 21:18,HI38,100,2396,35.2,7879.16,16.2,0.02,195.13,0,0,205,python.exe,8108,explorer.exe,1588,INTEL SSDPEKKF256G7L,PASSED,4,100,54,10.2,3045,0
8/8/2026 21:18,HI38,100,2396,35.6,7835.71,16.2,0,205.15,0,0,205,python.exe,12084,explorer.exe,1588,INTEL SSDPEKKF256G7L,PASSED,4,100,55,10.2,3045,0
8/8/2026 21:18,HI38,100,2396,35.5,7849.58,16.2,0.04,175.5,0,0,204,python.exe,9344,explorer.exe,1588,INTEL SSDPEKKF256G7L,PASSED,4,100,56,10.2,3045,0
8/8/2026 21:18,HI38,100,2396,35.6,7833.88,16.3,0,192.11,0,0,204,python.exe,12084,explorer.exe,1588,INTEL SSDPEKKF256G7L,PASSED,4,100,56,10.2,3045,0
8/8/2026 21:18,HI38,100,2396,35.8,7816.69,16.3,0.03,189.5,0,0,204,python.exe,12084,explorer.exe,1588,INTEL SSDPEKKF256G7L,PASSED,4,100,58,10.2,3045,0
8/8/2026 21:18,HI38,100,2396,35.6,7829.67,16.3,0,80.96,0,0,204,python.exe,12496,explorer.exe,1588,INTEL SSDPEKKF256G7L,PASSED,4,100,56,10.2,3045,0
8/8/2026 21:18,HI38,100,2396,35.5,7851.22,16.2,0,180.18,0,0,204,python.exe,9344,explorer.exe,1588,INTEL SSDPEKKF256G7L,PASSED,4,100,56,10.2,3045,0
8/8/2026 21:18,HI38,100,2396,35.7,7824.1,16.3,0.05,207.43,0,0,204,python.exe,9344,explorer.exe,1588,INTEL SSDPEKKF256G7L,PASSED,4,100,55,10.2,3045,0
8/8/2026 21:18,HI38,100,2396,35.6,7838.09,16.2,0.01,194.69,0,0,204,python.exe,12496,explorer.exe,1588,INTEL SSDPEKKF256G7L,PASSED,4,100,55,10.2,3045,0
8/8/2026 21:18,HI38,100,2396,35.4,7854.01,16.2,0,199.76,0,0,204,python.exe,9344,explorer.exe,1588,INTEL SSDPEKKF256G7L,PASSED,4,100,55,10.2,3045,0
8/8/2026 21:18,HI38,100,2396,35.3,7866.27,16.2,0,209.19,0,0,204,python.exe,8108,explorer.exe,1588,INTEL SSDPEKKF256G7L,PASSED,4,100,56,10.2,3045,0
8/8/2026 21:18,HI38,100,2396,35.7,7819.79,16.3,0,196.01,0,0,204,python.exe,8108,explorer.exe,1588,INTEL SSDPEKKF256G7L,PASSED,4,100,55,10.2,3045,0
8/8/2026 21:18,HI38,100,2396,35.5,7842.45,16.2,0,208.54,0,0,204,python.exe,12496,explorer.exe,1588,INTEL SSDPEKKF256G7L,PASSED,4,100,55,10.2,3045,0
8/8/2026 21:18,HI38,100,2396,35.2,7878.61,16.2,1.45,200.19,0,0,204,python.exe,8108,explorer.exe,1588,INTEL SSDPEKKF256G7L,PASSED,4,100,55,10.2,3045,0
8/8/2026 21:18,HI38,100,2396,35.6,7831.65,16.2,0,197.86,0,0,204,python.exe,12084,explorer.exe,1588,INTEL SSDPEKKF256G7L,PASSED,4,100,55,10.2,3045,0
8/8/2026 21:18,HI38,100,2396,35.7,7818.46,16.3,0.18,201.85,0,0,204,python.exe,8108,explorer.exe,1588,INTEL SSDPEKKF256G7L,PASSED,4,100,55,10.2,3045,0
8/8/2026 21:18,HI38,100,2396,35.5,7851.5,16.2,0,194.85,0,0,204,python.exe,8108,explorer.exe,1588,INTEL SSDPEKKF256G7L,PASSED,4,100,55,10.2,3045,0
8/8/2026 21:19,HI38,99.8,2396,36,7787.04,16.3,3.79,193.32,0,0,204,python.exe,9344,explorer.exe,1588,INTEL SSDPEKKF256G7L,PASSED,4,100,56,10.2,3045,0
8/8/2026 21:19,HI38,100,2396,36,7792.51,16.3,0.01,185.87,0,0,204,python.exe,9344,explorer.exe,1588,INTEL SSDPEKKF256G7L,PASSED,4,100,58,10.2,3045,0
8/8/2026 21:19,HI38,99.9,2396,35.9,7797.05,16.3,1.01,188.74,0,0,204,python.exe,8108,explorer.exe,1588,INTEL SSDPEKKF256G7L,PASSED,4,100,58,10.2,3045,0
8/8/2026 21:19,HI38,100,2396,36,7788.52,16.3,0.03,163.37,0,0,204,python.exe,8108,explorer.exe,1588,INTEL SSDPEKKF256G7L,PASSED,4,100,59,10.2,3045,0
8/8/2026 21:19,HI38,99.9,2396,36,7791.47,16.3,0.31,72.65,0,0,204,python.exe,9344,explorer.exe,1588,INTEL SSDPEKKF256G7L,PASSED,4,100,56,10.2,3045,0
8/8/2026 21:19,HI38,100,2396,35.6,7834.4,16.2,0,204.72,0,0,204,python.exe,9344,explorer.exe,1588,INTEL SSDPEKKF256G7L,PASSED,4,100,56,10.2,3045,0
8/8/2026 21:19,HI38,100,2396,36,7786.77,16.3,0.74,199.95,0,0,204,python.exe,9344,explorer.exe,1588,INTEL SSDPEKKF256G7L,PASSED,4,100,56,10.2,3045,0
8/8/2026 21:19,HI38,100,2396,35.9,7797.35,16.2,0,186.04,0,0,204,python.exe,12084,explorer.exe,1588,INTEL SSDPEKKF256G7L,PASSED,4,100,55,10.3,3045,0
8/8/2026 21:19,HI38,100,2396,36,7781.34,16.3,0.04,196.29,0,0,204,python.exe,8108,explorer.exe,1588,INTEL SSDPEKKF256G7L,PASSED,4,100,58,10.3,3045,0
8/8/2026 21:19,HI38,100,2396,35.9,7802.95,16.2,0,211.66,0,0,204,python.exe,8108,explorer.exe,1588,INTEL SSDPEKKF256G7L,PASSED,4,100,55,10.3,3045,0
8/8/2026 21:19,HI38,100,2396,35.6,7833.25,16.2,0.01,211.8,0,0,204,python.exe,12496,explorer.exe,1588,INTEL SSDPEKKF256G7L,PASSED,4,100,55,10.3,3045,0
8/8/2026 21:19,HI38,100,2396,36,7787.78,16.3,0,197.39,0,0,204,python.exe,9344,explorer.exe,1588,INTEL SSDPEKKF256G7L,PASSED,4,100,55,10.3,3045,0
8/8/2026 21:19,HI38,100,2396,36.1,7776.71,16.3,0.02,194.47,0,0,204,python.exe,8108,explorer.exe,1588,INTEL SSDPEKKF256G7L,PASSED,4,100,55,10.3,3045,0
8/8/2026 21:19,HI38,100,2396,36,7790.18,16.2,0,219.88,0,0,204,python.exe,12084,explorer.exe,1588,INTEL SSDPEKKF256G7L,PASSED,4,100,55,10.3,3045,0
8/8/2026 21:19,HI38,100,2396,36,7788.7,16.3,0,194.26,0,0,204,python.exe,8108,explorer.exe,1588,INTEL SSDPEKKF256G7L,PASSED,4,100,55,10.3,3045,0
8/8/2026 21:19,HI38,100,2396,36.1,7771.66,16.3,0.04,214.16,0,0,204,python.exe,9344,explorer.exe,1588,INTEL SSDPEKKF256G7L,PASSED,4,100,56,10.3,3045,0
8/8/2026 21:19,HI38,100,2396,35.6,7833.7,16.2,0,188.54,0,0,204,python.exe,12496,explorer.exe,1588,INTEL SSDPEKKF256G7L,PASSED,4,100,56,10.3,3045,0
8/8/2026 21:19,HI38,100,2396,36.1,7773.43,16.3,0,188.48,0,0,206,python.exe,12496,explorer.exe,1588,INTEL SSDPEKKF256G7L,PASSED,4,100,58,10.3,3045,0
8/8/2026 21:19,HI38,100,2396,36.2,7767.27,16.3,0,180.87,0,0,206,python.exe,12496,explorer.exe,1588,INTEL SSDPEKKF256G7L,PASSED,4,100,58,10.3,3045,0
8/8/2026 21:19,HI38,100,2396,36.1,7776.48,16.3,0.1,138.8,0,0,205,python.exe,8108,explorer.exe,1588,INTEL SSDPEKKF256G7L,PASSED,4,100,59,10.3,3045,0
8/8/2026 21:20,HI38,100,2396,36.1,7774.36,16.3,0.08,12.19,0,0,205,python.exe,8108,explorer.exe,1588,INTEL SSDPEKKF256G7L,PASSED,4,100,60,10.3,3045,0
8/8/2026 21:20,HI38,100,2396,36.1,7772.81,16.3,0.04,18.56,0,0,206,python.exe,9344,explorer.exe,1588,INTEL SSDPEKKF256G7L,PASSED,4,100,60,10.3,3045,0
8/8/2026 21:20,HI38,100,2396,35.6,7837.32,16.2,0.06,121.8,0,0,205,python.exe,9344,explorer.exe,1588,INTEL SSDPEKKF256G7L,PASSED,4,100,58,10.3,3045,0
8/8/2026 21:20,HI38,100,2396,35.7,7819.66,16.2,0,214.29,0,0,205,python.exe,9344,explorer.exe,1588,INTEL SSDPEKKF256G7L,PASSED,4,100,56,10.3,3045,0
8/8/2026 21:20,HI38,100,2396,35.9,7801.29,16.2,0.02,197.71,0,0,205,python.exe,8108,explorer.exe,1588,INTEL SSDPEKKF256G7L,PASSED,4,100,56,10.3,3045,0
8/8/2026 21:20,HI38,100,2396,35.8,7816.4,16.2,0.02,189.21,0,0,205,python.exe,8108,explorer.exe,1588,INTEL SSDPEKKF256G7L,PASSED,4,100,56,10.3,3045,0
8/8/2026 21:20,HI38,100,2396,36,7781.3,16.3,0,193.49,0,0,205,python.exe,9344,explorer.exe,1588,INTEL SSDPEKKF256G7L,PASSED,4,100,55,10.3,3045,0
8/8/2026 21:20,HI38,100,2396,35.8,7812.65,16.2,0.13,204.7,0,0,205,python.exe,8108,explorer.exe,1588,INTEL SSDPEKKF256G7L,PASSED,4,100,56,10.3,3045,0
8/8/2026 21:20,HI38,100,2396,36,7790.07,16.2,0.02,191.76,0,0,205,python.exe,12084,explorer.exe,1588,INTEL SSDPEKKF256G7L,PASSED,4,100,56,10.3,3045,0
8/8/2026 21:20,HI38,100,2396,36.1,7770.13,16.3,0.18,210.13,0,0,205,python.exe,8108,explorer.exe,1588,INTEL SSDPEKKF256G7L,PASSED,4,100,55,10.3,3045,0
8/8/2026 21:20,HI38,100,2396,36.1,7772.08,16.2,1.54,188.29,0,0,205,python.exe,8108,explorer.exe,1588,INTEL SSDPEKKF256G7L,PASSED,4,100,56,10.3,3045,0
8/8/2026 21:20,HI38,100,2396,35.7,7819.21,16.2,0,196.1,0,0,205,python.exe,12496,explorer.exe,1588,INTEL SSDPEKKF256G7L,PASSED,4,100,56,10.3,3045,0
8/8/2026 21:20,HI38,100,2396,36.1,7773.83,16.3,0,204.96,0,0,204,python.exe,9344,explorer.exe,1588,INTEL SSDPEKKF256G7L,PASSED,4,100,56,10.3,3045,0
8/8/2026 21:20,HI38,100,2396,35.9,7804.14,16.2,0.19,205.41,0,0,204,python.exe,9344,explorer.exe,1588,INTEL SSDPEKKF256G7L,PASSED,4,100,55,10.3,3045,0
8/8/2026 21:20,HI38,100,2396,36.2,7764.92,16.3,0,197.48,0,0,204,python.exe,12496,explorer.exe,1588,INTEL SSDPEKKF256G7L,PASSED,4,100,55,10.3,3045,0
8/8/2026 21:20,HI38,100,2396,36.2,7763.18,16.3,0.43,187.39,0,0,204,python.exe,8108,explorer.exe,1588,INTEL SSDPEKKF256G7L,PASSED,4,100,58,10.3,3045,0
8/8/2026 21:20,HI38,100,2396,35.8,7807.39,16.2,0.01,184.02,0,0,204,python.exe,9344,explorer.exe,1588,INTEL SSDPEKKF256G7L,PASSED,4,100,58,10.3,3045,0
8/8/2026 21:20,HI38,100,2396,35.9,7801.09,16.2,0.17,198.59,0,0,204,python.exe,12496,explorer.exe,1588,INTEL SSDPEKKF256G7L,PASSED,4,100,59,10.3,3045,0
8/8/2026 21:20,HI38,99.7,2396,36.2,7761.35,16.3,0,180.95,0,0,204,python.exe,8108,explorer.exe,1588,INTEL SSDPEKKF256G7L,PASSED,4,100,60,10.3,3045,0
8/8/2026 21:20,HI38,100,2396,36.3,7750.29,16.3,1.79,71.97,0,0,204,python.exe,12496,explorer.exe,1588,INTEL SSDPEKKF256G7L,PASSED,4,100,58,10.3,3045,0
8/8/2026 21:21,HI38,100,2396,36.1,7769.98,16.2,0.15,201.97,0,0,204,python.exe,12496,explorer.exe,1588,INTEL SSDPEKKF256G7L,PASSED,4,100,56,10.3,3045,0
8/8/2026 21:21,HI38,100,2396,36.1,7769.58,16.2,0.16,195.61,0,0,204,python.exe,12084,explorer.exe,1588,INTEL SSDPEKKF256G7L,PASSED,4,100,56,10.3,3045,0
8/8/2026 21:21,HI38,100,2396,36.4,7736.13,16.3,0.01,201.21,0,0,204,python.exe,8108,explorer.exe,1588,INTEL SSDPEKKF256G7L,PASSED,4,100,56,10.3,3045,0
8/8/2026 21:21,HI38,100,2396,36.5,7722.02,16.3,0,195.32,0,0,205,python.exe,8108,explorer.exe,1588,INTEL SSDPEKKF256G7L,PASSED,4,100,56,10.3,3045,0
8/8/2026 21:21,HI38,100,2396,36.5,7730.12,16.3,0,196.13,0,0,205,python.exe,12084,explorer.exe,1588,INTEL SSDPEKKF256G7L,PASSED,4,100,58,10.3,3045,0
8/8/2026 21:21,HI38,100,2396,36.3,7745,16.3,0,194.2,0,0,204,python.exe,8108,explorer.exe,1588,INTEL SSDPEKKF256G7L,PASSED,4,100,56,10.3,3045,0
8/8/2026 21:21,HI38,100,2396,36.3,7749.04,16.3,0.03,204.12,0,0,204,python.exe,8108,explorer.exe,1588,INTEL SSDPEKKF256G7L,PASSED,4,100,55,10.3,3045,0
8/8/2026 21:21,HI38,100,2396,36.3,7745.16,16.3,0,203.5,0,0,204,python.exe,12496,explorer.exe,1588,INTEL SSDPEKKF256G7L,PASSED,4,100,56,10.3,3045,0
8/8/2026 21:21,HI38,100,2396,36.3,7755.46,16.3,0.11,189.83,0,0,204,python.exe,9344,explorer.exe,1588,INTEL SSDPEKKF256G7L,PASSED,4,100,55,10.3,3045,0
8/8/2026 21:21,HI38,100,2396,36.3,7747.49,16.3,0,195.92,0,0,204,python.exe,8108,explorer.exe,1588,INTEL SSDPEKKF256G7L,PASSED,4,100,55,10.3,3045,0
8/8/2026 21:21,HI38,100,2396,36.2,7761.99,16.2,0,191.94,0,0,204,python.exe,9344,explorer.exe,1588,INTEL SSDPEKKF256G7L,PASSED,4,100,55,10.3,3045,0
8/8/2026 21:21,HI38,100,2396,36.1,7770.7,16.2,0.01,201.19,0,0,204,python.exe,9344,explorer.exe,1588,INTEL SSDPEKKF256G7L,PASSED,4,100,55,10.3,3045,0
8/8/2026 21:21,HI38,100,2396,35.8,7809.94,16.2,0.01,198.85,0,0,204,python.exe,8108,explorer.exe,1588,INTEL SSDPEKKF256G7L,PASSED,4,100,56,10.3,3045,0
8/8/2026 21:21,HI38,100,2396,36.2,7767.42,16.2,0,183.54,0,0,204,python.exe,12084,explorer.exe,1588,INTEL SSDPEKKF256G7L,PASSED,4,100,58,10.3,3045,0
8/8/2026 21:21,HI38,100,2396,36.3,7749.74,16.3,0,194.29,0,0,204,python.exe,12084,explorer.exe,1588,INTEL SSDPEKKF256G7L,PASSED,4,100,58,10.3,3045,0
8/8/2026 21:21,HI38,99.7,2396,36.2,7759.12,16.3,1.37,184.96,0,0,205,python.exe,9344,explorer.exe,1588,INTEL SSDPEKKF256G7L,PASSED,4,100,59,10.3,3045,0
8/8/2026 21:21,HI38,100,2396,36.3,7749.28,16.3,0,77.62,0,0,205,python.exe,8108,explorer.exe,1588,INTEL SSDPEKKF256G7L,PASSED,4,100,58,10.3,3045,0
8/8/2026 21:21,HI38,100,2396,35.9,7801.38,16.2,0.02,175.1,0,0,205,python.exe,8108,explorer.exe,1588,INTEL SSDPEKKF256G7L,PASSED,4,100,58,10.3,3045,0
8/8/2026 21:21,HI38,100,2396,35.9,7801.57,16.2,0.03,186.83,0,0,205,python.exe,9344,explorer.exe,1588,INTEL SSDPEKKF256G7L,PASSED,4,100,56,10.3,3045,0
8/8/2026 21:21,HI38,100,2396,35.9,7794.41,16.2,1.24,190.1,0,0,205,python.exe,9344,explorer.exe,1588,INTEL SSDPEKKF256G7L,PASSED,4,100,56,10.3,3045,0
8/8/2026 21:22,HI38,100,2396,36.4,7732.67,16.3,0,188.22,0,0,205,python.exe,9344,explorer.exe,1588,INTEL SSDPEKKF256G7L,PASSED,4,100,56,10.3,3045,0
8/8/2026 21:22,HI38,100,2396,36.4,7739.33,16.3,0.06,208.02,0,0,205,python.exe,9344,explorer.exe,1588,INTEL SSDPEKKF256G7L,PASSED,4,100,56,10.3,3045,0
8/8/2026 21:22,HI38,100,2396,35.9,7797.02,16.2,0,190.63,0,0,205,python.exe,12496,explorer.exe,1588,INTEL SSDPEKKF256G7L,PASSED,4,100,56,10.3,3045,0
8/8/2026 21:22,HI38,100,2396,36.3,7746.21,16.3,0,204.87,0,0,205,python.exe,12084,explorer.exe,1588,INTEL SSDPEKKF256G7L,PASSED,4,100,55,10.3,3045,0
8/8/2026 21:22,HI38,100,2396,36.4,7742.42,16.3,0,210.86,0,0,206,python.exe,12496,explorer.exe,1588,INTEL SSDPEKKF256G7L,PASSED,4,100,56,10.3,3045,0
8/8/2026 21:22,HI38,100,2396,36.4,7738.22,16.3,0.07,195.93,0,0,205,python.exe,9344,explorer.exe,1588,INTEL SSDPEKKF256G7L,PASSED,4,100,55,10.3,3045,0
8/8/2026 21:22,HI38,100,2396,36.3,7749.23,16.3,0,198.89,0,0,204,python.exe,9344,explorer.exe,1588,INTEL SSDPEKKF256G7L,PASSED,4,100,55,10.3,3045,0
8/8/2026 21:22,HI38,100,2396,35.8,7808.73,16.2,0,203.58,0,0,204,python.exe,8108,explorer.exe,1588,INTEL SSDPEKKF256G7L,PASSED,4,100,55,10.3,3045,0
8/8/2026 21:22,HI38,100,2396,36.3,7745.41,16.3,0,191.45,0,0,204,python.exe,12084,explorer.exe,1588,INTEL SSDPEKKF256G7L,PASSED,4,100,55,10.3,3045,0
8/8/2026 21:22,HI38,100,2396,36.2,7757.79,16.3,0,190.93,0,0,204,python.exe,8108,explorer.exe,1588,INTEL SSDPEKKF256G7L,PASSED,4,100,58,10.3,3045,0
8/8/2026 21:22,HI38,100,2396,36.2,7766.83,16.2,0,176.09,0,0,205,python.exe,12496,explorer.exe,1588,INTEL SSDPEKKF256G7L,PASSED,4,100,58,10.3,3045,0
8/8/2026 21:22,HI38,99.9,2396,36.4,7736.31,16.3,0.05,185.07,0,0,206,python.exe,9344,explorer.exe,1588,INTEL SSDPEKKF256G7L,PASSED,4,100,58,10.3,3045,0
8/8/2026 21:22,HI38,100,2396,36.4,7742.98,16.3,0.23,141.72,0,0,206,python.exe,12084,explorer.exe,1588,INTEL SSDPEKKF256G7L,PASSED,4,100,60,10.3,3045,0
8/8/2026 21:22,HI38,100,2396,36.4,7738.54,16.2,0.04,88.21,0,0,205,python.exe,12496,explorer.exe,1588,INTEL SSDPEKKF256G7L,PASSED,4,100,58,10.3,3045,0
8/8/2026 21:22,HI38,100,2396,36.4,7743.78,16.3,0,201.97,0,0,205,python.exe,12496,explorer.exe,1588,INTEL SSDPEKKF256G7L,PASSED,4,100,56,10.3,3045,0
8/8/2026 21:22,HI38,99.9,2396,35.9,7798.45,16.2,0.16,202.04,0,0,203,python.exe,12084,explorer.exe,1588,INTEL SSDPEKKF256G7L,PASSED,4,100,56,10.3,3045,0
8/8/2026 21:22,HI38,100,2396,36.1,7778.07,16.2,0.02,200.1,0,0,203,python.exe,8108,explorer.exe,1588,INTEL SSDPEKKF256G7L,PASSED,4,100,56,10.3,3045,0
8/8/2026 21:22,HI38,100,2396,36.3,7745.34,16.3,0.03,201.35,0,0,203,python.exe,9344,explorer.exe,1588,INTEL SSDPEKKF256G7L,PASSED,4,100,55,10.3,3045,0
8/8/2026 21:22,HI38,100,2396,35.8,7807.88,16.2,0,207.62,0,0,203,python.exe,12496,explorer.exe,1588,INTEL SSDPEKKF256G7L,PASSED,4,100,56,10.3,3045,0
8/8/2026 21:22,HI38,100,2396,36.3,7744.59,16.3,0.09,196.25,0,0,203,python.exe,8108,explorer.exe,1588,INTEL SSDPEKKF256G7L,PASSED,4,100,56,10.3,3045,0
8/8/2026 21:22,HI38,100,2396,36.3,7750.91,16.3,0,209.92,0,0,203,python.exe,8108,explorer.exe,1588,INTEL SSDPEKKF256G7L,PASSED,4,100,56,10.3,3045,0
8/8/2026 21:23,HI38,100,2396,36.2,7763.91,16.2,0,191.17,0,0,203,python.exe,12084,explorer.exe,1588,INTEL SSDPEKKF256G7L,PASSED,4,100,55,10.3,3045,0
8/8/2026 21:23,HI38,100,2396,36.4,7741.5,16.3,0,204.3,0,0,203,python.exe,9344,explorer.exe,1588,INTEL SSDPEKKF256G7L,PASSED,4,100,55,10.3,3045,0
8/8/2026 21:23,HI38,100,2396,36.3,7752.56,16.3,0,189.13,0,0,203,python.exe,9344,explorer.exe,1588,INTEL SSDPEKKF256G7L,PASSED,4,100,55,10.3,3045,0
8/8/2026 21:23,HI38,100,2396,36.4,7742.73,16.3,0,210.01,0,0,203,python.exe,12084,explorer.exe,1588,INTEL SSDPEKKF256G7L,PASSED,4,100,55,10.3,3045,0
8/8/2026 21:23,HI38,100,2396,35.9,7793.93,16.2,0,186.12,0,0,203,python.exe,9344,explorer.exe,1588,INTEL SSDPEKKF256G7L,PASSED,4,100,56,10.3,3045,0
8/8/2026 21:23,HI38,100,2396,36.3,7751.08,16.3,0.07,178.95,0,0,203,python.exe,8108,explorer.exe,1588,INTEL SSDPEKKF256G7L,PASSED,4,100,58,10.3,3045,0
8/8/2026 21:23,HI38,100,2396,36.3,7751.73,16.3,0.02,200.06,0,0,202,python.exe,9344,explorer.exe,1588,INTEL SSDPEKKF256G7L,PASSED,4,100,59,10.3,3045,0
8/8/2026 21:23,HI38,100,2396,36.3,7750.93,16.3,0,176.53,0,0,202,python.exe,9344,explorer.exe,1588,INTEL SSDPEKKF256G7L,PASSED,4,100,60,10.3,3045,0
8/8/2026 21:23,HI38,100,2396,36.3,7747.26,16.3,0,76.79,0,0,202,python.exe,12496,explorer.exe,1588,INTEL SSDPEKKF256G7L,PASSED,4,100,58,10.3,3045,0
8/8/2026 21:23,HI38,100,2396,36.3,7754.23,16.3,0,200.84,0,0,202,python.exe,8108,explorer.exe,1588,INTEL SSDPEKKF256G7L,PASSED,4,100,56,10.3,3045,0
8/8/2026 21:23,HI38,100,2396,36.3,7756.56,16.3,0,199.71,0,0,201,python.exe,9344,explorer.exe,1588,INTEL SSDPEKKF256G7L,PASSED,4,100,56,10.3,3045,0
8/8/2026 21:23,HI38,100,2396,36.2,7765.74,16.3,0.01,213.24,0,0,201,python.exe,9344,explorer.exe,1588,INTEL SSDPEKKF256G7L,PASSED,4,100,56,10.3,3045,0
8/8/2026 21:23,HI38,100,2396,36.2,7759.27,16.3,0.08,188.6,0,0,201,python.exe,12496,explorer.exe,1588,INTEL SSDPEKKF256G7L,PASSED,4,100,56,10.3,3045,0
8/8/2026 21:23,HI38,100,2396,36,7789.07,16.2,0,207.19,0,0,201,python.exe,12084,explorer.exe,1588,INTEL SSDPEKKF256G7L,PASSED,4,100,58,10.3,3045,0
8/8/2026 21:23,HI38,100,2396,36.2,7764.34,16.3,0,200.61,0,0,201,python.exe,12496,explorer.exe,1588,INTEL SSDPEKKF256G7L,PASSED,4,100,55,10.3,3045,0
8/8/2026 21:23,HI38,100,2396,36.2,7761.41,16.3,0,205.06,0,0,201,python.exe,8108,explorer.exe,1588,INTEL SSDPEKKF256G7L,PASSED,4,100,55,10.3,3045,0
8/8/2026 21:23,HI38,100,2396,36.1,7779.95,16.2,0,194.35,0,0,201,python.exe,12084,explorer.exe,1588,INTEL SSDPEKKF256G7L,PASSED,4,100,55,10.3,3045,0
8/8/2026 21:23,HI38,100,2396,35.8,7817.07,16.2,0,205.06,0,0,201,python.exe,12084,explorer.exe,1588,INTEL SSDPEKKF256G7L,PASSED,4,100,55,10.3,3045,0
8/8/2026 21:23,HI38,100,2396,36.1,7770.93,16.3,0.01,195.57,0,0,201,python.exe,9344,explorer.exe,1588,INTEL SSDPEKKF256G7L,PASSED,4,100,55,10.3,3045,0
8/8/2026 21:23,HI38,100,2396,36.2,7762.35,16.3,0,190.85,0,0,201,python.exe,12084,explorer.exe,1588,INTEL SSDPEKKF256G7L,PASSED,4,100,55,10.3,3045,0
8/8/2026 21:23,HI38,100,2396,35.7,7821.59,16.2,0.01,206.68,0,0,201,python.exe,12084,explorer.exe,1588,INTEL SSDPEKKF256G7L,PASSED,4,100,58,10.3,3045,0
8/8/2026 21:24,HI38,100,2396,35.8,7812.19,16.2,0,178.05,0,0,201,python.exe,9344,explorer.exe,1588,INTEL SSDPEKKF256G7L,PASSED,4,100,58,10.3,3045,0
8/8/2026 21:24,HI38,100,2396,36.2,7768.09,16.3,0,194.17,0,0,201,python.exe,9344,explorer.exe,1588,INTEL SSDPEKKF256G7L,PASSED,4,100,59,10.3,3045,0
8/8/2026 21:24,HI38,100,2396,35.9,7793.26,16.2,0,182.57,0,0,201,python.exe,12084,explorer.exe,1588,INTEL SSDPEKKF256G7L,PASSED,4,100,60,10.3,3045,0
8/8/2026 21:24,HI38,100,2396,36.2,7765.82,16.3,0.02,68.69,0,0,201,python.exe,12496,explorer.exe,1588,INTEL SSDPEKKF256G7L,PASSED,4,100,59,10.3,3045,0
8/8/2026 21:24,HI38,100,2396,36.2,7764.36,16.3,0.08,179.78,0,0,201,python.exe,12496,explorer.exe,1588,INTEL SSDPEKKF256G7L,PASSED,4,100,58,10.3,3045,0
8/8/2026 21:24,HI38,100,2396,36.2,7763,16.3,0,213.63,0,0,201,python.exe,12496,explorer.exe,1588,INTEL SSDPEKKF256G7L,PASSED,4,100,56,10.3,3045,0
8/8/2026 21:24,HI38,100,2396,36.2,7758.25,16.3,0,194.89,0,0,201,python.exe,12084,explorer.exe,1588,INTEL SSDPEKKF256G7L,PASSED,4,100,56,10.3,3045,0
8/8/2026 21:24,HI38,100,2396,35.7,7817.86,16.2,0,208.37,0,0,201,python.exe,8108,explorer.exe,1588,INTEL SSDPEKKF256G7L,PASSED,4,100,56,10.3,3045,0
8/8/2026 21:24,HI38,100,2396,36.2,7761.23,16.3,0.02,187.52,0,0,201,python.exe,12084,explorer.exe,1588,INTEL SSDPEKKF256G7L,PASSED,4,100,56,10.3,3045,0
8/8/2026 21:24,HI38,100,2396,36.1,7770.37,16.3,0,211.05,0,0,201,python.exe,8108,explorer.exe,1588,INTEL SSDPEKKF256G7L,PASSED,4,100,56,10.3,3045,0
8/8/2026 21:24,HI38,100,2396,35.8,7808.99,16.2,0.12,206.02,0,0,201,python.exe,9344,explorer.exe,1588,INTEL SSDPEKKF256G7L,PASSED,4,100,58,10.3,3045,0
8/8/2026 21:24,HI38,100,2396,36.2,7763.24,16.3,0,195.18,0,0,201,python.exe,12084,explorer.exe,1588,INTEL SSDPEKKF256G7L,PASSED,4,100,55,10.3,3045,0
8/8/2026 21:24,HI38,100,2396,36.1,7769.79,16.3,0,199.42,0,0,201,python.exe,8108,explorer.exe,1588,INTEL SSDPEKKF256G7L,PASSED,4,100,56,10.3,3045,0
8/8/2026 21:24,HI38,100,2396,35.7,7821.84,16.2,0.07,190.88,0,0,201,python.exe,12496,explorer.exe,1588,INTEL SSDPEKKF256G7L,PASSED,4,100,55,10.3,3045,0
8/8/2026 21:24,HI38,100,2396,36.2,7761.98,16.3,0,210.82,0,0,201,python.exe,12496,explorer.exe,1588,INTEL SSDPEKKF256G7L,PASSED,4,100,55,10.3,3045,0
8/8/2026 21:24,HI38,100,2396,36.2,7757.24,16.3,0,197.77,0,0,201,python.exe,9344,explorer.exe,1588,INTEL SSDPEKKF256G7L,PASSED,4,100,55,10.3,3045,0
8/8/2026 21:24,HI38,100,2396,36.2,7762.86,16.3,0,189.07,0,0,201,python.exe,8108,explorer.exe,1588,INTEL SSDPEKKF256G7L,PASSED,4,100,58,10.3,3045,0
8/8/2026 21:24,HI38,100,2396,36.1,7776.73,16.2,0.22,186.76,0,0,201,python.exe,8108,explorer.exe,1588,INTEL SSDPEKKF256G7L,PASSED,4,100,58,10.3,3045,0
8/8/2026 21:24,HI38,100,2396,36.1,7770.84,16.2,0.2,175.84,0,0,201,python.exe,12084,explorer.exe,1588,INTEL SSDPEKKF256G7L,PASSED,4,100,58,10.3,3045,0
8/8/2026 21:24,HI38,99.9,2396,36.2,7757.39,16.3,0,190.28,0,0,201,python.exe,12084,explorer.exe,1588,INTEL SSDPEKKF256G7L,PASSED,4,100,60,10.3,3045,0
8/8/2026 21:24,HI38,100,2396,36.2,7757.25,16.3,0.03,67.3,0,0,201,python.exe,8108,explorer.exe,1588,INTEL SSDPEKKF256G7L,PASSED,4,100,58,10.3,3045,0
8/8/2026 21:25,HI38,100,2396,36.2,7763.07,16.3,0,190.09,0,0,201,python.exe,8108,explorer.exe,1588,INTEL SSDPEKKF256G7L,PASSED,4,100,56,10.3,3045,0
8/8/2026 21:25,HI38,99.6,2396,36,7788.61,16.2,0.03,205.18,0,0,201,python.exe,12496,explorer.exe,1588,INTEL SSDPEKKF256G7L,PASSED,4,100,56,10.3,3045,0
8/8/2026 21:25,HI38,99.7,2396,36.3,7755.73,16.3,0,201.14,0,0,201,python.exe,12084,explorer.exe,1588,INTEL SSDPEKKF256G7L,PASSED,4,100,56,10.3,3045,0
8/8/2026 21:25,HI38,100,2396,36.1,7775.21,16.2,0,199.66,0,0,201,python.exe,12084,explorer.exe,1588,INTEL SSDPEKKF256G7L,PASSED,4,100,56,10.3,3045,0
8/8/2026 21:25,HI38,100,2396,36.3,7750.62,16.3,0,194.45,0,0,201,python.exe,9344,explorer.exe,1588,INTEL SSDPEKKF256G7L,PASSED,4,100,56,10.3,3045,0
8/8/2026 21:25,HI38,100,2396,36.2,7760.09,16.3,0,208.9,0,0,201,python.exe,9344,explorer.exe,1588,INTEL SSDPEKKF256G7L,PASSED,4,100,56,10.3,3045,0
8/8/2026 21:25,HI38,100,2396,36,7784.18,16.2,0.02,201.03,0,0,201,python.exe,8108,explorer.exe,1588,INTEL SSDPEKKF256G7L,PASSED,4,100,56,10.3,3045,0
8/8/2026 21:25,HI38,100,2396,36.3,7744.78,16.3,0.02,197.15,0,0,201,python.exe,12084,explorer.exe,1588,INTEL SSDPEKKF256G7L,PASSED,4,100,55,10.3,3045,0
8/8/2026 21:25,HI38,100,2396,35.8,7810.12,16.2,0.02,204.02,0,0,201,python.exe,12496,explorer.exe,1588,INTEL SSDPEKKF256G7L,PASSED,4,100,56,10.3,3045,0
8/8/2026 21:25,HI38,100,2396,36.2,7758.51,16.3,0,197.27,0,0,201,python.exe,12084,explorer.exe,1588,INTEL SSDPEKKF256G7L,PASSED,4,100,55,10.3,3045,0
8/8/2026 21:25,HI38,100,2396,36.3,7751.13,16.3,0,207.3,0,0,201,python.exe,8108,explorer.exe,1588,INTEL SSDPEKKF256G7L,PASSED,4,100,55,10.3,3045,0
8/8/2026 21:25,HI38,100,2396,35.8,7812.58,16.2,0.03,193.67,0,0,201,python.exe,8108,explorer.exe,1588,INTEL SSDPEKKF256G7L,PASSED,4,100,56,10.3,3045,0
8/8/2026 21:25,HI38,100,2396,35.8,7814.72,16.2,0,210.13,0,0,201,python.exe,8108,explorer.exe,1588,INTEL SSDPEKKF256G7L,PASSED,4,100,58,10.3,3045,0
8/8/2026 21:25,HI38,100,2396,36.2,7758.7,16.3,0,181.8,0,0,201,python.exe,9344,explorer.exe,1588,INTEL SSDPEKKF256G7L,PASSED,4,100,58,10.3,3045,0
8/8/2026 21:25,HI38,100,2396,36.2,7758.37,16.3,0,195.49,0,0,201,python.exe,9344,explorer.exe,1588,INTEL SSDPEKKF256G7L,PASSED,4,100,59,10.3,3045,0
8/8/2026 21:25,HI38,100,2396,36.3,7752.7,16.3,0,194.4,0,0,201,python.exe,9344,explorer.exe,1588,INTEL SSDPEKKF256G7L,PASSED,4,100,60,10.3,3045,0
8/8/2026 21:25,HI38,100,2396,35.8,7814.02,16.2,0.18,63.69,0,0,201,python.exe,9344,explorer.exe,1588,INTEL SSDPEKKF256G7L,PASSED,4,100,58,10.3,3045,0
8/8/2026 21:25,HI38,99.9,2396,35.8,7814.45,16.2,0.03,208.4,0,0,201,python.exe,12496,explorer.exe,1588,INTEL SSDPEKKF256G7L,PASSED,4,100,58,10.3,3045,0
8/8/2026 21:25,HI38,100,2396,36.2,7763.24,16.3,0,196.87,0,0,201,python.exe,8108,explorer.exe,1588,INTEL SSDPEKKF256G7L,PASSED,4,100,56,10.3,3045,0
8/8/2026 21:25,HI38,100,2396,35.8,7816.01,16.2,0,214.56,0,0,201,python.exe,12084,explorer.exe,1588,INTEL SSDPEKKF256G7L,PASSED,4,100,56,10.3,3045,0
8/8/2026 21:25,HI38,100,2396,36.2,7764.43,16.3,0,198.83,0,0,201,python.exe,12084,explorer.exe,1588,INTEL SSDPEKKF256G7L,PASSED,4,100,56,10.3,3045,0
8/8/2026 21:26,HI38,100,2396,35.8,7807.34,16.2,0,201.42,0,0,201,python.exe,8108,explorer.exe,1588,INTEL SSDPEKKF256G7L,PASSED,4,100,56,10.3,3045,0
8/8/2026 21:26,HI38,100,2396,36.2,7762.8,16.3,0,179.69,0,0,201,python.exe,9344,explorer.exe,1588,INTEL SSDPEKKF256G7L,PASSED,4,100,56,10.3,3045,0
8/8/2026 21:26,HI38,100,2396,36,7782.09,16.2,0,209.53,0,0,201,python.exe,9344,explorer.exe,1588,INTEL SSDPEKKF256G7L,PASSED,4,100,56,10.3,3045,0
8/8/2026 21:26,HI38,100,2396,36.2,7762.87,16.3,0,207.06,0,0,201,python.exe,12084,explorer.exe,1588,INTEL SSDPEKKF256G7L,PASSED,4,100,58,10.3,3045,0
8/8/2026 21:26,HI38,100,2396,36.2,7759.13,16.3,0.01,190.77,0,0,201,python.exe,12496,explorer.exe,1588,INTEL SSDPEKKF256G7L,PASSED,4,100,55,10.3,3045,0
8/8/2026 21:26,HI38,100,2396,36.2,7759.86,16.3,0,200.94,0,0,201,python.exe,9344,explorer.exe,1588,INTEL SSDPEKKF256G7L,PASSED,4,100,55,10.3,3045,0
8/8/2026 21:26,HI38,100,2396,35.8,7815.16,16.2,0,197.75,0,0,201,python.exe,9344,explorer.exe,1588,INTEL SSDPEKKF256G7L,PASSED,4,100,55,10.3,3045,0
8/8/2026 21:26,HI38,100,2396,35.8,7810.05,16.2,0,208.31,0,0,201,python.exe,12084,explorer.exe,1588,INTEL SSDPEKKF256G7L,PASSED,4,100,56,10.3,3045,0
8/8/2026 21:26,HI38,100,2396,36.1,7775.53,16.2,0,188.86,0,0,201,python.exe,12084,explorer.exe,1588,INTEL SSDPEKKF256G7L,PASSED,4,100,58,10.3,3045,0
8/8/2026 21:26,HI38,100,2396,35.8,7811.71,16.2,0,186.15,0,0,201,python.exe,12496,explorer.exe,1588,INTEL SSDPEKKF256G7L,PASSED,4,100,58,10.3,3045,0
8/8/2026 21:26,HI38,100,2396,36.3,7753.46,16.3,0,190.1,0,0,201,python.exe,12084,explorer.exe,1588,INTEL SSDPEKKF256G7L,PASSED,4,100,58,10.3,3045,0
8/8/2026 21:26,HI38,100,2396,36.3,7752.34,16.3,0.01,186.98,0,0,201,python.exe,9344,explorer.exe,1588,INTEL SSDPEKKF256G7L,PASSED,4,100,60,10.3,3045,0
8/8/2026 21:26,HI38,100,2396,36.3,7751.03,16.3,0,76.86,0,0,201,python.exe,9344,explorer.exe,1588,INTEL SSDPEKKF256G7L,PASSED,4,100,58,10.3,3045,0
8/8/2026 21:26,HI38,100,2396,35.8,7813.88,16.2,0,198.92,0,0,201,python.exe,8108,explorer.exe,1588,INTEL SSDPEKKF256G7L,PASSED,4,100,56,10.3,3045,0
8/8/2026 21:26,HI38,100,2396,35.8,7808.75,16.2,0,203.1,0,0,201,python.exe,12084,explorer.exe,1588,INTEL SSDPEKKF256G7L,PASSED,4,100,56,10.3,3045,0
8/8/2026 21:26,HI38,99.9,2396,36.3,7751.48,16.2,0,202.42,0,0,201,python.exe,8108,explorer.exe,1588,INTEL SSDPEKKF256G7L,PASSED,4,100,58,10.3,3045,0
8/8/2026 21:26,HI38,100,2396,36.1,7780.67,16.2,0,190.44,0,0,201,python.exe,12084,explorer.exe,1588,INTEL SSDPEKKF256G7L,PASSED,4,100,56,10.3,3045,0
8/8/2026 21:26,HI38,100,2396,36.2,7758.03,16.3,0,207.65,0,0,201,python.exe,12496,explorer.exe,1588,INTEL SSDPEKKF256G7L,PASSED,4,100,56,10.3,3045,0
8/8/2026 21:26,HI38,100,2396,36.3,7756.39,16.3,0,192.19,0,0,201,python.exe,8108,explorer.exe,1588,INTEL SSDPEKKF256G7L,PASSED,4,100,56,10.3,3045,0
8/8/2026 21:26,HI38,100,2396,35.8,7814.84,16.2,0,188.17,0,0,202,python.exe,12084,explorer.exe,1588,INTEL SSDPEKKF256G7L,PASSED,4,100,56,10.3,3045,0
8/8/2026 21:27,HI38,100,2396,35.8,7809.14,16.2,0,200.8,0,0,202,python.exe,12496,explorer.exe,1588,INTEL SSDPEKKF256G7L,PASSED,4,100,56,10.3,3045,0
8/8/2026 21:27,HI38,100,2396,35.8,7810.65,16.2,0,199.12,0,0,202,python.exe,12496,explorer.exe,1588,INTEL SSDPEKKF256G7L,PASSED,4,100,56,10.3,3045,0
8/8/2026 21:27,HI38,100,2396,36.3,7746.14,16.2,0,208.19,0,0,202,python.exe,12084,explorer.exe,1588,INTEL SSDPEKKF256G7L,PASSED,4,100,55,10.3,3045,0
8/8/2026 21:27,HI38,100,2396,36.1,7770.82,16.2,0,182.85,0,0,202,python.exe,9344,explorer.exe,1588,INTEL SSDPEKKF256G7L,PASSED,4,100,55,10.3,3045,0
8/8/2026 21:27,HI38,100,2396,36.3,7746.28,16.3,0,198.52,0,0,202,python.exe,12084,explorer.exe,1588,INTEL SSDPEKKF256G7L,PASSED,4,100,58,10.3,3045,0
8/8/2026 21:27,HI38,100,2396,36.2,7760.82,16.3,0.02,177.41,0,0,202,python.exe,12084,explorer.exe,1588,INTEL SSDPEKKF256G7L,PASSED,4,100,58,10.3,3045,0
8/8/2026 21:27,HI38,100,2396,36.2,7762.91,16.2,0,186.41,0,0,202,python.exe,12084,explorer.exe,1588,INTEL SSDPEKKF256G7L,PASSED,4,100,58,10.3,3045,0
8/8/2026 21:27,HI38,100,2396,35.8,7811.59,16.2,0,187.77,0,0,202,python.exe,8108,explorer.exe,1588,INTEL SSDPEKKF256G7L,PASSED,4,100,60,10.3,3045,0
8/8/2026 21:27,HI38,100,2396,36.2,7764.95,16.2,0,70.92,0,0,202,python.exe,8108,explorer.exe,1588,INTEL SSDPEKKF256G7L,PASSED,4,100,56,10.3,3045,0
8/8/2026 21:27,HI38,100,2396,36.3,7751.5,16.3,0,213.51,0,0,202,python.exe,9344,explorer.exe,1588,INTEL SSDPEKKF256G7L,PASSED,4,100,56,10.3,3045,0
8/8/2026 21:27,HI38,100,2396,36.2,7758.93,16.3,0,196.53,0,0,202,python.exe,9344,explorer.exe,1588,INTEL SSDPEKKF256G7L,PASSED,4,100,56,10.3,3045,0
8/8/2026 21:27,HI38,100,2396,36.3,7756.07,16.3,0.01,201.56,0,0,202,python.exe,12084,explorer.exe,1588,INTEL SSDPEKKF256G7L,PASSED,4,100,56,10.3,3045,0
8/8/2026 21:27,HI38,100,2396,35.8,7809.09,16.2,0,200.29,0,0,202,python.exe,12084,explorer.exe,1588,INTEL SSDPEKKF256G7L,PASSED,4,100,56,10.3,3045,0
8/8/2026 21:27,HI38,100,2396,36.2,7757.51,16.3,0,184.37,0,0,202,python.exe,12496,explorer.exe,1588,INTEL SSDPEKKF256G7L,PASSED,4,100,56,10.3,3045,0
8/8/2026 21:27,HI38,100,2396,36.4,7740,16.3,0.01,191.25,0,0,202,python.exe,9344,explorer.exe,1588,INTEL SSDPEKKF256G7L,PASSED,4,100,56,10.3,3045,0
8/8/2026 21:27,HI38,100,2396,35.9,7794.07,16.2,0.02,198.99,0,0,203,python.exe,12496,explorer.exe,1588,INTEL SSDPEKKF256G7L,PASSED,4,100,56,10.3,3045,0
8/8/2026 21:27,HI38,100,2396,36.4,7740.21,16.3,0,202.86,0,0,203,python.exe,8108,explorer.exe,1588,INTEL SSDPEKKF256G7L,PASSED,4,100,56,10.3,3045,0
8/8/2026 21:27,HI38,100,2396,36.4,7737.56,16.3,0,193.77,0,0,203,python.exe,9344,explorer.exe,1588,INTEL SSDPEKKF256G7L,PASSED,4,100,56,10.3,3045,0
8/8/2026 21:27,HI38,100,2396,36,7787.45,16.2,0.06,191.6,0,0,203,python.exe,9344,explorer.exe,1588,INTEL SSDPEKKF256G7L,PASSED,4,100,55,10.4,3045,0
8/8/2026 21:27,HI38,100,2396,35.9,7799.69,16.2,0.01,198.05,0,0,203,python.exe,9344,explorer.exe,1588,INTEL SSDPEKKF256G7L,PASSED,4,100,58,10.4,3045,0
8/8/2026 21:28,HI38,100,2396,36.4,7736.61,16.3,0,168.62,0,0,203,python.exe,12084,explorer.exe,1588,INTEL SSDPEKKF256G7L,PASSED,4,100,58,10.4,3045,0
8/8/2026 21:28,HI38,100,2396,36.2,7760.32,16.2,0,201.02,0,0,203,python.exe,12496,explorer.exe,1588,INTEL SSDPEKKF256G7L,PASSED,4,100,58,10.4,3045,0
8/8/2026 21:28,HI38,100,2396,36.5,7729.68,16.3,0,184.92,0,0,204,python.exe,8108,explorer.exe,1588,INTEL SSDPEKKF256G7L,PASSED,4,100,60,10.4,3045,0
8/8/2026 21:28,HI38,100,2396,36.5,7725.24,16.3,0,53.4,0,0,204,python.exe,9344,explorer.exe,1588,INTEL SSDPEKKF256G7L,PASSED,4,100,58,10.4,3045,0
8/8/2026 21:28,HI38,100,2396,35.8,7811.98,16.2,0,198.81,0,0,203,python.exe,9344,explorer.exe,1588,INTEL SSDPEKKF256G7L,PASSED,4,100,58,10.4,3045,0
8/8/2026 21:28,HI38,100,2396,36.2,7760.95,16.3,0,198.57,0,0,203,python.exe,9344,explorer.exe,1588,INTEL SSDPEKKF256G7L,PASSED,4,100,56,10.4,3045,0
8/8/2026 21:28,HI38,100,2396,35.8,7812.12,16.2,0.01,195.15,0,0,203,python.exe,8108,explorer.exe,1588,INTEL SSDPEKKF256G7L,PASSED,4,100,56,10.4,3045,0
8/8/2026 21:28,HI38,100,2396,36.3,7747.08,16.3,0,186.7,0,0,203,python.exe,8108,explorer.exe,1588,INTEL SSDPEKKF256G7L,PASSED,4,100,56,10.4,3045,0
8/8/2026 21:28,HI38,100,2396,36.3,7746.26,16.3,0,195.85,0,0,203,python.exe,9344,explorer.exe,1588,INTEL SSDPEKKF256G7L,PASSED,4,100,56,10.4,3045,0
8/8/2026 21:28,HI38,100,2396,36.3,7755.38,16.3,0,195.74,0,0,203,python.exe,8108,explorer.exe,1588,INTEL SSDPEKKF256G7L,PASSED,4,100,56,10.4,3045,0
8/8/2026 21:28,HI38,100,2396,36.3,7748,16.3,0,194.16,0,0,203,python.exe,8108,explorer.exe,1588,INTEL SSDPEKKF256G7L,PASSED,4,100,55,10.4,3045,0
8/8/2026 21:28,HI38,100,2396,35.8,7808.53,16.2,0.01,201.02,0,0,203,python.exe,12496,explorer.exe,1588,INTEL SSDPEKKF256G7L,PASSED,4,100,55,10.4,3045,0
8/8/2026 21:28,HI38,100,2396,36.3,7750.14,16.3,0,188.2,0,0,203,python.exe,9344,explorer.exe,1588,INTEL SSDPEKKF256G7L,PASSED,4,100,56,10.4,3045,0
8/8/2026 21:28,HI38,100,2396,36.2,7764.52,16.2,0,200.09,0,0,203,python.exe,8108,explorer.exe,1588,INTEL SSDPEKKF256G7L,PASSED,4,100,58,10.4,3045,0
8/8/2026 21:28,HI38,100,2396,35.8,7809.86,16.2,0.02,199.96,0,0,203,python.exe,8108,explorer.exe,1588,INTEL SSDPEKKF256G7L,PASSED,4,100,56,10.4,3045,0
8/8/2026 21:28,HI38,100,2396,36.3,7751.28,16.3,0,187.57,0,0,203,python.exe,8108,explorer.exe,1588,INTEL SSDPEKKF256G7L,PASSED,4,100,58,10.4,3045,0
8/8/2026 21:28,HI38,100,2396,36.3,7747.79,16.3,0,186.63,0,0,203,python.exe,12084,explorer.exe,1588,INTEL SSDPEKKF256G7L,PASSED,4,100,58,10.4,3045,0
8/8/2026 21:28,HI38,100,2396,36.3,7745.57,16.3,0.01,190.22,0,0,203,python.exe,12084,explorer.exe,1588,INTEL SSDPEKKF256G7L,PASSED,4,100,59,10.4,3045,0
8/8/2026 21:28,HI38,100,2396,36.4,7738.13,16.3,0,83.78,0,0,203,python.exe,12084,explorer.exe,1588,INTEL SSDPEKKF256G7L,PASSED,4,100,58,10.4,3045,0
8/8/2026 21:28,HI38,100,2396,36.1,7777.02,16.2,0.01,167.03,0,0,203,python.exe,12084,explorer.exe,1588,INTEL SSDPEKKF256G7L,PASSED,4,100,56,10.4,3045,0
8/8/2026 21:28,HI38,100,2396,36.3,7750,16.3,0,202.75,0,0,203,python.exe,12084,explorer.exe,1588,INTEL SSDPEKKF256G7L,PASSED,4,100,58,10.4,3045,0
8/8/2026 21:29,HI38,100,2396,36.4,7736.27,16.3,0,189.15,0,0,203,python.exe,8108,explorer.exe,1588,INTEL SSDPEKKF256G7L,PASSED,4,100,56,10.4,3045,0
8/8/2026 21:29,HI38,100,2396,36.4,7739.86,16.3,0,185.91,0,0,203,python.exe,9344,explorer.exe,1588,INTEL SSDPEKKF256G7L,PASSED,4,100,55,10.4,3045,0
8/8/2026 21:29,HI38,100,2396,36.5,7729.91,16.3,0,196.42,0,0,203,python.exe,9344,explorer.exe,1588,INTEL SSDPEKKF256G7L,PASSED,4,100,55,10.4,3045,0
8/8/2026 21:29,HI38,94.9,2396,33.9,8047.73,16.2,0.89,196.94,0,0,199,System Idle Process,0,explorer.exe,1588,INTEL SSDPEKKF256G7L,PASSED,4,100,56,10.4,3045,0
8/8/2026 21:29,HI38,35.6,2396,32.9,8159.4,16.2,4.01,44.97,0,0,197,System Idle Process,0,explorer.exe,1588,INTEL SSDPEKKF256G7L,PASSED,4,100,52,10.4,3045,0
8/8/2026 21:29,HI38,18.4,2396,33,8153.73,16.2,0,0.21,0,0,197,System Idle Process,0,explorer.exe,1588,INTEL SSDPEKKF256G7L,PASSED,4,100,52,10.4,3045,0
8/8/2026 21:29,HI38,7.6,2396,33,8153.58,16.2,0,0.08,0,0,197,System Idle Process,0,explorer.exe,1588,INTEL SSDPEKKF256G7L,PASSED,4,100,52,10.4,3045,0
8/8/2026 21:29,HI38,7.4,2396,33,8153.86,16.2,0,0,0,0,197,System Idle Process,0,explorer.exe,1588,INTEL SSDPEKKF256G7L,PASSED,4,100,51,10.4,3045,0
8/8/2026 21:29,HI38,11.1,2396,33,8148.8,16.2,0.01,0.02,0,0,197,System Idle Process,0,explorer.exe,1588,INTEL SSDPEKKF256G7L,PASSED,4,100,51,10.4,3045,0
