timestamp,hostname,cpu_percent,cpu_frequency_mhz,memory_percent,memory_available_mb,disk_percent,disk_read_mbps,disk_write_mbps,network_upload_mbps,network_download_mbps,process_count,top_cpu_process,top_cpu_pid,top_mem_process,top_mem_pid,ssd_model,ssd_health_status,ssd_percentage_used,ssd_available_spare,ssd_temperature,ssd_data_written_tb,ssd_power_on_hours,ssd_media_errors
8/8/2026 19:50,yathiswar,7.2,1700,61.6,6167.37,62.8,0.06,0.09,0,0,292,System Idle Process,0,explorer.exe,13316,SAMSUNG MZVLQ512HBLU-00B,PASSED,2,99,23,10.3,390,0
8/8/2026 19:50,yathiswar,100,1700,61.6,6165.79,62.8,0.35,0.1,0,0,292,python.exe,26408,explorer.exe,13316,SAMSUNG MZVLQ512HBLU-00B,PASSED,2,99,22,10.3,390,0
8/8/2026 19:50,yathiswar,100,1700,61.6,6163.25,62.8,0,0,0,0,291,python.exe,9732,explorer.exe,13316,SAMSUNG MZVLQ512HBLU-00B,PASSED,2,99,23,10.3,390,0
8/8/2026 19:51,yathiswar,100,1700,61.6,6170.57,62.8,0,0.05,0,0,290,python.exe,9732,explorer.exe,13316,SAMSUNG MZVLQ512HBLU-00B,PASSED,2,99,22,10.3,390,0
8/8/2026 19:51,yathiswar,100,1700,61.5,6182.78,62.8,0,0,0,0,290,python.exe,15696,explorer.exe,13316,SAMSUNG MZVLQ512HBLU-00B,PASSED,2,99,23,10.3,390,0
8/8/2026 19:51,yathiswar,100,1700,61.5,6177.96,62.8,0.09,0.07,0,0,290,python.exe,22124,explorer.exe,13316,SAMSUNG MZVLQ512HBLU-00B,PASSED,2,99,23,10.3,390,0
8/8/2026 19:51,yathiswar,100,1700,61.5,6181.38,62.8,0,0.03,0,0,291,python.exe,12964,explorer.exe,13316,SAMSUNG MZVLQ512HBLU-00B,PASSED,2,99,23,10.3,390,0
8/8/2026 19:51,yathiswar,100,1700,61.5,6181.74,62.8,0,0.12,0,0,291,python.exe,15988,explorer.exe,13316,SAMSUNG MZVLQ512HBLU-00B,PASSED,2,99,23,10.3,390,0
8/8/2026 19:51,yathiswar,100,1700,61.5,6181.98,62.8,0,0.02,0,0,291,python.exe,9732,explorer.exe,13316,SAMSUNG MZVLQ512HBLU-00B,PASSED,2,99,24,10.3,390,0
8/8/2026 19:51,yathiswar,100,1700,61.5,6182.41,62.8,0,0.01,0,0,292,python.exe,14032,explorer.exe,13316,SAMSUNG MZVLQ512HBLU-00B,PASSED,2,99,23,10.3,390,0
8/8/2026 19:51,yathiswar,100,1700,61.5,6179.76,62.8,0,0.04,0,0,292,python.exe,9732,explorer.exe,13316,SAMSUNG MZVLQ512HBLU-00B,PASSED,2,99,23,10.3,390,0
8/8/2026 19:51,yathiswar,100,1700,61.5,6178.84,62.8,0,0.02,0,0,292,python.exe,9732,explorer.exe,13316,SAMSUNG MZVLQ512HBLU-00B,PASSED,2,99,23,10.3,390,0
8/8/2026 19:51,yathiswar,100,1700,61.6,6164.95,62.8,0,0.05,0,0,296,python.exe,15696,explorer.exe,13316,SAMSUNG MZVLQ512HBLU-00B,PASSED,2,99,23,10.3,390,0
8/8/2026 19:51,yathiswar,100,1700,61.6,6165.3,62.8,0,0,0,0,296,python.exe,15988,explorer.exe,13316,SAMSUNG MZVLQ512HBLU-00B,PASSED,2,99,22,10.3,390,0
8/8/2026 19:51,yathiswar,100,1700,61.6,6170.46,62.8,0,0.02,0,0,294,python.exe,20984,explorer.exe,13316,SAMSUNG MZVLQ512HBLU-00B,PASSED,2,99,23,10.3,390,0
8/8/2026 19:51,yathiswar,100,1700,61.6,6168.52,62.8,0,0.03,0,0,294,python.exe,24944,explorer.exe,13316,SAMSUNG MZVLQ512HBLU-00B,PASSED,2,99,23,10.3,390,0
8/8/2026 19:51,yathiswar,100,1700,61.5,6181.16,62.8,0,0.08,0,0,290,python.exe,14032,explorer.exe,13316,SAMSUNG MZVLQ512HBLU-00B,PASSED,2,99,23,10.3,390,0
8/8/2026 19:51,yathiswar,100,1700,61.5,6181.36,62.8,0,0.03,0,0,290,python.exe,26408,explorer.exe,13316,SAMSUNG MZVLQ512HBLU-00B,PASSED,2,99,23,10.3,390,0
8/8/2026 19:51,yathiswar,100,1700,61.5,6184.47,62.8,0,0.01,0,0,290,python.exe,14032,explorer.exe,13316,SAMSUNG MZVLQ512HBLU-00B,PASSED,2,99,22,10.3,390,0
8/8/2026 19:51,yathiswar,100,1700,61.5,6185.73,62.8,0,0.01,0,0,290,python.exe,20984,explorer.exe,13316,SAMSUNG MZVLQ512HBLU-00B,PASSED,2,99,22,10.3,390,0
8/8/2026 19:51,yathiswar,100,1700,61.5,6180.14,62.8,0,0.05,0,0,290,python.exe,9732,explorer.exe,13316,SAMSUNG MZVLQ512HBLU-00B,PASSED,2,99,23,10.3,390,0
8/8/2026 19:52,yathiswar,100,1700,61.5,6183.71,62.8,0.01,0.08,0,0,290,python.exe,12964,explorer.exe,13316,SAMSUNG MZVLQ512HBLU-00B,PASSED,2,99,23,10.3,390,0
8/8/2026 19:52,yathiswar,100,1700,61.2,6229.72,62.8,0,0,0,0,289,python.exe,12964,explorer.exe,13316,SAMSUNG MZVLQ512HBLU-00B,PASSED,2,99,23,10.3,390,0
8/8/2026 19:52,yathiswar,100,1700,61.3,6218.29,62.8,0.06,0.04,0,0,289,python.exe,14032,explorer.exe,13316,SAMSUNG MZVLQ512HBLU-00B,PASSED,2,99,23,10.3,390,0
8/8/2026 19:52,yathiswar,100,1700,61.3,6215.42,62.8,0,0,0,0,289,python.exe,15696,explorer.exe,13316,SAMSUNG MZVLQ512HBLU-00B,PASSED,2,99,23,10.3,390,0
8/8/2026 19:52,yathiswar,100,1700,61.3,6225.89,62.8,0.01,0.05,0,0,289,python.exe,20984,explorer.exe,13316,SAMSUNG MZVLQ512HBLU-00B,PASSED,2,99,23,10.3,390,0
8/8/2026 19:52,yathiswar,100,1700,61.2,6233.43,62.8,0.01,0.17,0,0,289,python.exe,15696,explorer.exe,13316,SAMSUNG MZVLQ512HBLU-00B,PASSED,2,99,23,10.3,390,0
8/8/2026 19:52,yathiswar,100,1700,61.2,6238.82,62.8,0,0.05,0,0,289,python.exe,24944,explorer.exe,13316,SAMSUNG MZVLQ512HBLU-00B,PASSED,2,99,23,10.3,390,0
8/8/2026 19:52,yathiswar,100,1700,61.2,6238.5,62.8,0,0.01,0,0,289,python.exe,24944,explorer.exe,13316,SAMSUNG MZVLQ512HBLU-00B,PASSED,2,99,23,10.3,390,0
8/8/2026 19:52,yathiswar,100,1700,61.2,6238.21,62.8,0,0.03,0,0,289,python.exe,10092,explorer.exe,13316,SAMSUNG MZVLQ512HBLU-00B,PASSED,2,99,23,10.3,390,0
8/8/2026 19:52,yathiswar,100,1700,61.2,6238.88,62.8,0,0.05,0,0,289,python.exe,15696,explorer.exe,13316,SAMSUNG MZVLQ512HBLU-00B,PASSED,2,99,23,10.3,390,0
8/8/2026 19:52,yathiswar,100,1700,61.2,6240.78,62.8,0,0.01,0,0,288,python.exe,15988,explorer.exe,13316,SAMSUNG MZVLQ512HBLU-00B,PASSED,2,99,23,10.3,390,0
8/8/2026 19:52,yathiswar,100,1700,61.2,6240.5,62.8,0,0.01,0,0,288,python.exe,15988,explorer.exe,13316,SAMSUNG MZVLQ512HBLU-00B,PASSED,2,99,23,10.3,390,0
8/8/2026 19:52,yathiswar,100,1700,61.2,6241.03,62.8,0,0.01,0,0,288,python.exe,20984,explorer.exe,13316,SAMSUNG MZVLQ512HBLU-00B,PASSED,2,99,23,10.3,390,0
8/8/2026 19:52,yathiswar,100,1700,61.6,6166.27,62.8,1.89,2.55,0,0,290,python.exe,9732,explorer.exe,13316,SAMSUNG MZVLQ512HBLU-00B,PASSED,2,99,24,10.3,390,0
8/8/2026 19:52,yathiswar,100,1700,61.2,6229.59,62.8,0.02,0.17,0,0,289,python.exe,15988,explorer.exe,13316,SAMSUNG MZVLQ512HBLU-00B,PASSED,2,99,24,10.3,390,0
8/8/2026 19:52,yathiswar,100,1700,61.2,6231.39,62.8,0,0.02,0,0,288,python.exe,23068,explorer.exe,13316,SAMSUNG MZVLQ512HBLU-00B,PASSED,2,99,24,10.3,390,0
8/8/2026 19:52,yathiswar,100,1700,61.2,6235.82,62.8,0,0.02,0,0,288,python.exe,22124,explorer.exe,13316,SAMSUNG MZVLQ512HBLU-00B,PASSED,2,99,23,10.3,390,0
8/8/2026 19:52,yathiswar,100,1700,61.2,6238.31,62.8,0,0.04,0,0,288,python.exe,10092,explorer.exe,13316,SAMSUNG MZVLQ512HBLU-00B,PASSED,2,99,23,10.3,390,0
8/8/2026 19:53,yathiswar,100,1700,61.2,6239.03,62.8,0,0,0,0,288,python.exe,14032,explorer.exe,13316,SAMSUNG MZVLQ512HBLU-00B,PASSED,2,99,23,10.3,390,0
8/8/2026 19:53,yathiswar,100,1700,61.2,6237.95,62.8,0,0.02,0,0,288,python.exe,23068,explorer.exe,13316,SAMSUNG MZVLQ512HBLU-00B,PASSED,2,99,23,10.3,390,0
8/8/2026 19:53,yathiswar,100,1700,61.2,6240.1,62.8,0,0.27,0,0,288,python.exe,10092,explorer.exe,13316,SAMSUNG MZVLQ512HBLU-00B,PASSED,2,99,23,10.3,390,0
8/8/2026 19:53,yathiswar,100,1700,61.2,6240.88,62.8,0,0.08,0,0,288,python.exe,24944,explorer.exe,13316,SAMSUNG MZVLQ512HBLU-00B,PASSED,2,99,24,10.3,390,0
8/8/2026 19:53,yathiswar,100,1700,61.2,6241.81,62.8,0.02,0.05,0,0,288,python.exe,14032,explorer.exe,13316,SAMSUNG MZVLQ512HBLU-00B,PASSED,2,99,23,10.3,390,0
8/8/2026 19:53,yathiswar,100,1700,61.1,6244.7,62.8,0.03,0.1,0,0,288,python.exe,15988,explorer.exe,13316,SAMSUNG MZVLQ512HBLU-00B,PASSED,2,99,26,10.3,390,0
8/8/2026 19:53,yathiswar,100,1700,61.2,6242.07,62.8,0,0.07,0,0,288,python.exe,20984,explorer.exe,13316,SAMSUNG MZVLQ512HBLU-00B,PASSED,2,99,24,10.3,390,0
8/8/2026 19:53,yathiswar,100,1700,61.1,6244.19,62.8,0,0.06,0,0,288,python.exe,10092,explorer.exe,13316,SAMSUNG MZVLQ512HBLU-00B,PASSED,2,99,23,10.3,390,0
8/8/2026 19:53,yathiswar,100,1700,61.1,6243.95,62.8,0,0,0,0,288,python.exe,15988,explorer.exe,13316,SAMSUNG MZVLQ512HBLU-00B,PASSED,2,99,25,10.3,390,0
8/8/2026 19:53,yathiswar,100,1700,61.2,6240.77,62.8,0,0.05,0,0,288,python.exe,22124,explorer.exe,13316,SAMSUNG MZVLQ512HBLU-00B,PASSED,2,99,23,10.3,390,0
8/8/2026 19:53,yathiswar,100,1700,61.1,6243.79,62.8,0,0,0,0,288,python.exe,15988,explorer.exe,13316,SAMSUNG MZVLQ512HBLU-00B,PASSED,2,99,23,10.3,390,0
8/8/2026 19:53,yathiswar,100,1700,61.1,6243.18,62.8,0,0.04,0,0,288,python.exe,22124,explorer.exe,13316,SAMSUNG MZVLQ512HBLU-00B,PASSED,2,99,23,10.3,390,0
8/8/2026 19:53,yathiswar,100,1700,61.1,6243.33,62.8,0,0.03,0,0,288,python.exe,23068,explorer.exe,13316,SAMSUNG MZVLQ512HBLU-00B,PASSED,2,99,23,10.3,390,0
8/8/2026 19:53,yathiswar,100,1700,61.1,6243.31,62.8,0,0.01,0,0,288,python.exe,26408,explorer.exe,13316,SAMSUNG MZVLQ512HBLU-00B,PASSED,2,99,24,10.3,390,0
8/8/2026 19:53,yathiswar,100,1700,61.1,6243.28,62.8,0,0.02,0,0,288,python.exe,14032,explorer.exe,13316,SAMSUNG MZVLQ512HBLU-00B,PASSED,2,99,23,10.3,390,0
8/8/2026 19:53,yathiswar,100,1700,61.1,6244.07,62.8,0,0.01,0,0,288,python.exe,15696,explorer.exe,13316,SAMSUNG MZVLQ512HBLU-00B,PASSED,2,99,23,10.3,390,0
8/8/2026 19:53,yathiswar,100,1700,61.1,6244.3,62.8,0,0.01,0,0,288,python.exe,15696,explorer.exe,13316,SAMSUNG MZVLQ512HBLU-00B,PASSED,2,99,23,10.3,390,0
8/8/2026 19:53,yathiswar,100,1700,61.1,6244.66,62.8,0,0.04,0,0,288,python.exe,15988,explorer.exe,13316,SAMSUNG MZVLQ512HBLU-00B,PASSED,2,99,23,10.3,390,0
8/8/2026 19:53,yathiswar,100,1700,61.1,6245.43,62.8,0,0,0,0,288,python.exe,14032,explorer.exe,13316,SAMSUNG MZVLQ512HBLU-00B,PASSED,2,99,23,10.3,390,0
8/8/2026 19:54,yathiswar,100,1700,61.1,6246.33,62.8,0,0.02,0,0,288,python.exe,9732,explorer.exe,13316,SAMSUNG MZVLQ512HBLU-00B,PASSED,2,99,23,10.3,390,0
8/8/2026 19:54,yathiswar,100,1700,61.1,6251.47,62.8,0,0,0,0,288,python.exe,9732,explorer.exe,13316,SAMSUNG MZVLQ512HBLU-00B,PASSED,2,99,23,10.3,390,0
8/8/2026 19:54,yathiswar,100,1700,61.1,6244.59,62.8,0,0.01,0,0,289,python.exe,7936,explorer.exe,13316,SAMSUNG MZVLQ512HBLU-00B,PASSED,2,99,27,10.3,390,0
8/8/2026 19:54,yathiswar,100,1700,62.3,6049.89,62.8,0.42,0.59,0.01,0.05,290,python.exe,12964,explorer.exe,13316,SAMSUNG MZVLQ512HBLU-00B,PASSED,2,99,27,10.3,390,0
8/8/2026 19:54,yathiswar,100,1700,62.5,6023.56,62.8,0.11,0.73,0.01,0.11,290,python.exe,9732,explorer.exe,13316,SAMSUNG MZVLQ512HBLU-00B,PASSED,2,99,26,10.3,390,0
8/8/2026 19:54,yathiswar,100,1700,62.5,6025.22,62.8,0.01,0.08,0,0,290,python.exe,15988,explorer.exe,13316,SAMSUNG MZVLQ512HBLU-00B,PASSED,2,99,26,10.3,390,0
8/8/2026 19:54,yathiswar,100,1700,62.5,6024.78,62.8,0,0.06,0,0,290,python.exe,7936,explorer.exe,13316,SAMSUNG MZVLQ512HBLU-00B,PASSED,2,99,26,10.3,390,0
8/8/2026 19:54,yathiswar,100,1700,62.2,6077.04,62.8,0,0.05,0,0,290,python.exe,15696,explorer.exe,13316,SAMSUNG MZVLQ512HBLU-00B,PASSED,2,99,24,10.3,390,0
8/8/2026 19:54,yathiswar,100,1700,62.1,6085.57,62.8,0,0.14,0,0,290,python.exe,15988,explorer.exe,13316,SAMSUNG MZVLQ512HBLU-00B,PASSED,2,99,29,10.3,390,0
8/8/2026 19:54,yathiswar,100,1700,62.3,6063.57,62.8,2.16,0.07,0,0,292,python.exe,10092,explorer.exe,13316,SAMSUNG MZVLQ512HBLU-00B,PASSED,2,99,27,10.3,390,0
8/8/2026 19:54,yathiswar,100,1700,62.3,6058.23,62.8,0.06,0.13,0,0,292,python.exe,7936,explorer.exe,13316,SAMSUNG MZVLQ512HBLU-00B,PASSED,2,99,26,10.3,390,0
8/8/2026 19:54,yathiswar,100,1700,62.3,6057.48,62.8,0,0.01,0,0,292,python.exe,7936,explorer.exe,13316,SAMSUNG MZVLQ512HBLU-00B,PASSED,2,99,26,10.3,390,0
8/8/2026 19:54,yathiswar,100,1700,62.3,6057.98,62.8,0.02,0.21,0,0,292,python.exe,15988,explorer.exe,13316,SAMSUNG MZVLQ512HBLU-00B,PASSED,2,99,38,10.3,390,0
8/8/2026 19:54,yathiswar,100,1700,62.3,6055.81,62.8,0.01,0.27,0,0,292,python.exe,10092,explorer.exe,13316,SAMSUNG MZVLQ512HBLU-00B,PASSED,2,99,30,10.3,390,0
8/8/2026 19:54,yathiswar,100,1700,62,6097.71,62.8,0,2.21,0,0,292,python.exe,12964,explorer.exe,13316,SAMSUNG MZVLQ512HBLU-00B,PASSED,2,99,30,10.3,390,0
8/8/2026 19:54,yathiswar,100,1700,61.9,6125.29,62.8,0,0.69,0,0,292,python.exe,20984,explorer.exe,13316,SAMSUNG MZVLQ512HBLU-00B,PASSED,2,99,28,10.3,390,0
8/8/2026 19:54,yathiswar,100,1700,61.4,6204.66,62.8,0,0.07,0,0,292,python.exe,15696,explorer.exe,13316,SAMSUNG MZVLQ512HBLU-00B,PASSED,2,99,27,10.3,390,0
8/8/2026 19:55,yathiswar,100,1700,61.4,6203.98,62.8,0,0.02,0,0,292,python.exe,22124,explorer.exe,13316,SAMSUNG MZVLQ512HBLU-00B,PASSED,2,99,27,10.3,390,0
8/8/2026 19:55,yathiswar,100,1700,61.4,6200.85,62.8,0,0.02,0,0,292,python.exe,20984,explorer.exe,13316,SAMSUNG MZVLQ512HBLU-00B,PASSED,2,99,26,10.3,390,0
8/8/2026 19:55,yathiswar,100,1700,61.4,6200.67,62.8,0,0,0,0,292,python.exe,15696,explorer.exe,13316,SAMSUNG MZVLQ512HBLU-00B,PASSED,2,99,26,10.3,390,0
8/8/2026 19:55,yathiswar,100,1700,61.4,6200.75,62.8,0,0.03,0,0,292,python.exe,15696,explorer.exe,13316,SAMSUNG MZVLQ512HBLU-00B,PASSED,2,99,26,10.3,390,0
8/8/2026 19:55,yathiswar,100,1700,61.4,6201.89,62.8,0,0.05,0,0,292,python.exe,10092,explorer.exe,13316,SAMSUNG MZVLQ512HBLU-00B,PASSED,2,99,27,10.3,390,0
8/8/2026 19:55,yathiswar,100,1700,61.4,6201.42,62.8,0,0.04,0,0,292,python.exe,22124,explorer.exe,13316,SAMSUNG MZVLQ512HBLU-00B,PASSED,2,99,26,10.3,390,0
8/8/2026 19:55,yathiswar,100,1700,61.4,6201.32,62.8,0,0,0,0,292,python.exe,10092,explorer.exe,13316,SAMSUNG MZVLQ512HBLU-00B,PASSED,2,99,25,10.3,390,0
8/8/2026 19:55,yathiswar,100,1700,61.4,6200.23,62.8,0,0.01,0,0,292,python.exe,20984,explorer.exe,13316,SAMSUNG MZVLQ512HBLU-00B,PASSED,2,99,25,10.3,390,0
8/8/2026 19:55,yathiswar,100,1700,61.4,6200.46,62.8,0,0.03,0,0,292,python.exe,15696,explorer.exe,13316,SAMSUNG MZVLQ512HBLU-00B,PASSED,2,99,25,10.3,390,0
8/8/2026 19:55,yathiswar,100,1700,61.4,6201.11,62.8,0.01,0.19,0,0,292,python.exe,20984,explorer.exe,13316,SAMSUNG MZVLQ512HBLU-00B,PASSED,2,99,25,10.3,390,0
8/8/2026 19:55,yathiswar,100,1700,61.4,6200.96,62.8,0,0.04,0,0,292,python.exe,15696,explorer.exe,13316,SAMSUNG MZVLQ512HBLU-00B,PASSED,2,99,25,10.3,390,0
8/8/2026 19:55,yathiswar,100,1700,61.4,6200.25,62.8,0,0.02,0,0,292,python.exe,23068,explorer.exe,13316,SAMSUNG MZVLQ512HBLU-00B,PASSED,2,99,26,10.3,390,0
8/8/2026 19:55,yathiswar,100,1700,61.4,6200.11,62.8,0,0.03,0,0,292,python.exe,15696,explorer.exe,13316,SAMSUNG MZVLQ512HBLU-00B,PASSED,2,99,25,10.3,390,0
8/8/2026 19:55,yathiswar,100,1700,61.4,6200.71,62.8,0,0.04,0,0,292,python.exe,14032,explorer.exe,13316,SAMSUNG MZVLQ512HBLU-00B,PASSED,2,99,26,10.3,390,0
8/8/2026 19:55,yathiswar,100,1700,61.4,6200.29,62.8,0,0.04,0,0,292,python.exe,15988,explorer.exe,13316,SAMSUNG MZVLQ512HBLU-00B,PASSED,2,99,26,10.3,390,0
8/8/2026 19:55,yathiswar,100,1700,61.4,6196.44,62.8,0,0.04,0,0,292,python.exe,10092,explorer.exe,13316,SAMSUNG MZVLQ512HBLU-00B,PASSED,2,99,26,10.3,390,0
8/8/2026 19:55,yathiswar,100,1700,61.4,6195.79,62.8,0,0.01,0,0,292,python.exe,15696,explorer.exe,13316,SAMSUNG MZVLQ512HBLU-00B,PASSED,2,99,25,10.3,390,0
8/8/2026 19:55,yathiswar,100,1700,61.4,6195.42,62.8,0,0.03,0,0,292,python.exe,10092,explorer.exe,13316,SAMSUNG MZVLQ512HBLU-00B,PASSED,2,99,26,10.3,390,0
8/8/2026 19:56,yathiswar,100,1700,61.5,6193.18,62.8,0,0.03,0,0,292,python.exe,12964,explorer.exe,13316,SAMSUNG MZVLQ512HBLU-00B,PASSED,2,99,26,10.3,390,0
8/8/2026 19:56,yathiswar,100,1700,61.5,6189.52,62.8,0,0.05,0,0,292,python.exe,14032,explorer.exe,13316,SAMSUNG MZVLQ512HBLU-00B,PASSED,2,99,25,10.3,390,0
8/8/2026 19:56,yathiswar,100,1700,61.5,6188.29,62.8,0,0,0,0,292,python.exe,20984,explorer.exe,13316,SAMSUNG MZVLQ512HBLU-00B,PASSED,2,99,26,10.3,390,0
8/8/2026 19:56,yathiswar,100,1700,61.7,6155.54,62.8,0.21,0.81,0,0,293,python.exe,20984,explorer.exe,13316,SAMSUNG MZVLQ512HBLU-00B,PASSED,2,99,27,10.3,390,0
8/8/2026 19:56,yathiswar,100,1700,61.7,6154.19,62.8,0.01,0.09,0,0,293,python.exe,22124,explorer.exe,13316,SAMSUNG MZVLQ512HBLU-00B,PASSED,2,99,27,10.3,390,0
8/8/2026 19:56,yathiswar,100,1700,61.4,6195.71,62.8,0,0.11,0,0,292,python.exe,9732,explorer.exe,13316,SAMSUNG MZVLQ512HBLU-00B,PASSED,2,99,26,10.3,390,0
8/8/2026 19:56,yathiswar,100,1700,61.5,6185.6,62.8,0.01,0,0,0,292,python.exe,12964,explorer.exe,13316,SAMSUNG MZVLQ512HBLU-00B,PASSED,2,99,25,10.3,390,0
8/8/2026 19:56,yathiswar,100,1700,61.6,6169.54,62.8,0,0.03,0,0,292,python.exe,7936,explorer.exe,13316,SAMSUNG MZVLQ512HBLU-00B,PASSED,2,99,27,10.3,390,0
8/8/2026 19:56,yathiswar,100,1700,61.6,6169.67,62.8,0,0.07,0,0,292,python.exe,26408,MemCompression,2928,SAMSUNG MZVLQ512HBLU-00B,PASSED,2,99,25,10.3,390,0
8/8/2026 19:56,yathiswar,100,1700,59.9,6438.14,62.8,0,0.06,0,0,292,python.exe,22124,MemCompression,2928,SAMSUNG MZVLQ512HBLU-00B,PASSED,2,99,26,10.3,390,0
8/8/2026 19:56,yathiswar,100,1700,59.9,6440.98,62.8,0,0.06,0,0,292,python.exe,24944,MemCompression,2928,SAMSUNG MZVLQ512HBLU-00B,PASSED,2,99,26,10.3,390,0
8/8/2026 19:56,yathiswar,100,1700,59.9,6441.73,62.8,0,0.01,0,0,292,python.exe,10092,MemCompression,2928,SAMSUNG MZVLQ512HBLU-00B,PASSED,2,99,25,10.3,390,0
8/8/2026 19:56,yathiswar,100,1700,60,6428.34,62.8,0,0,0,0,293,python.exe,24944,MemCompression,2928,SAMSUNG MZVLQ512HBLU-00B,PASSED,2,99,25,10.3,390,0
8/8/2026 19:56,yathiswar,100,1700,60,6424.71,62.8,0,0,0,0,293,python.exe,24944,MemCompression,2928,SAMSUNG MZVLQ512HBLU-00B,PASSED,2,99,26,10.3,390,0
8/8/2026 19:56,yathiswar,100,1700,60,6428.7,62.8,0,0.01,0,0,292,python.exe,9732,MemCompression,2928,SAMSUNG MZVLQ512HBLU-00B,PASSED,2,99,26,10.3,390,0
8/8/2026 19:56,yathiswar,100,1700,60.1,6406.49,62.8,0,0.04,0,0,292,python.exe,10092,MemCompression,2928,SAMSUNG MZVLQ512HBLU-00B,PASSED,2,99,24,10.3,390,0
8/8/2026 19:56,yathiswar,100,1700,60.1,6406.16,62.8,0,0,0,0,292,python.exe,7936,MemCompression,2928,SAMSUNG MZVLQ512HBLU-00B,PASSED,2,99,25,10.3,390,0
8/8/2026 19:57,yathiswar,100,1700,60.1,6403.84,62.8,0,0.02,0,0,292,python.exe,12964,MemCompression,2928,SAMSUNG MZVLQ512HBLU-00B,PASSED,2,99,25,10.3,390,0
8/8/2026 19:57,yathiswar,100,1700,60.2,6396.56,62.8,0,0.03,0,0,292,python.exe,7936,MemCompression,2928,SAMSUNG MZVLQ512HBLU-00B,PASSED,2,99,25,10.3,390,0
8/8/2026 19:57,yathiswar,100,1700,60.2,6400.37,62.8,0,0.01,0,0,292,python.exe,12964,MemCompression,2928,SAMSUNG MZVLQ512HBLU-00B,PASSED,2,99,25,10.3,390,0
8/8/2026 19:57,yathiswar,100,1700,60.2,6398.71,62.8,0.02,0.08,0,0,292,python.exe,7936,MemCompression,2928,SAMSUNG MZVLQ512HBLU-00B,PASSED,2,99,26,10.3,390,0
8/8/2026 19:57,yathiswar,100,1700,60.1,6405.88,62.8,0,0.11,0,0,291,python.exe,9732,MemCompression,2928,SAMSUNG MZVLQ512HBLU-00B,PASSED,2,99,26,10.3,390,0
8/8/2026 19:57,yathiswar,100,1700,60.1,6405.2,62.8,0,0.08,0,0,291,python.exe,7936,MemCompression,2928,SAMSUNG MZVLQ512HBLU-00B,PASSED,2,99,26,10.3,390,0
8/8/2026 19:57,yathiswar,100,1700,60.2,6399.15,62.8,0,0.05,0,0,291,python.exe,15988,MemCompression,2928,SAMSUNG MZVLQ512HBLU-00B,PASSED,2,99,26,10.3,390,0
8/8/2026 19:57,yathiswar,100,1700,59.8,6453.04,62.8,0,0.11,0,0,290,python.exe,14032,MemCompression,2928,SAMSUNG MZVLQ512HBLU-00B,PASSED,2,99,26,10.3,390,0
8/8/2026 19:57,yathiswar,100,1700,59.8,6453.8,62.8,0,0.04,0,0,290,python.exe,15696,MemCompression,2928,SAMSUNG MZVLQ512HBLU-00B,PASSED,2,99,25,10.3,390,0
8/8/2026 19:57,yathiswar,100,1700,59.8,6455.28,62.8,0,0.02,0,0,290,python.exe,14032,MemCompression,2928,SAMSUNG MZVLQ512HBLU-00B,PASSED,2,99,26,10.3,390,0
8/8/2026 19:57,yathiswar,100,1700,59.8,6456.27,62.8,0.02,0,0,0,290,python.exe,15696,MemCompression,2928,SAMSUNG MZVLQ512HBLU-00B,PASSED,2,99,26,10.3,390,0
8/8/2026 19:57,yathiswar,100,1700,59.8,6456.43,62.8,0,0.01,0,0,290,python.exe,14032,MemCompression,2928,SAMSUNG MZVLQ512HBLU-00B,PASSED,2,99,26,10.3,390,0
8/8/2026 19:57,yathiswar,100,1700,59.8,6457.58,62.8,0,0.04,0,0,290,python.exe,15696,MemCompression,2928,SAMSUNG MZVLQ512HBLU-00B,PASSED,2,99,26,10.3,390,0
8/8/2026 19:57,yathiswar,100,1700,59.8,6458.27,62.8,0,0.03,0,0,290,python.exe,24944,MemCompression,2928,SAMSUNG MZVLQ512HBLU-00B,PASSED,2,99,26,10.3,390,0
8/8/2026 19:57,yathiswar,100,1700,59.8,6458.01,62.8,0,0.04,0,0,290,python.exe,26408,MemCompression,2928,SAMSUNG MZVLQ512HBLU-00B,PASSED,2,99,25,10.3,390,0
8/8/2026 19:57,yathiswar,100,1700,59.8,6458.26,62.8,0,0.01,0,0,290,python.exe,26408,MemCompression,2928,SAMSUNG MZVLQ512HBLU-00B,PASSED,2,99,26,10.3,390,0
8/8/2026 19:57,yathiswar,100,1700,59.8,6458.15,62.8,0,0.02,0,0,290,python.exe,22124,MemCompression,2928,SAMSUNG MZVLQ512HBLU-00B,PASSED,2,99,25,10.3,390,0
8/8/2026 19:57,yathiswar,100,1700,59.8,6458.97,62.8,0,0,0,0,290,python.exe,22124,MemCompression,2928,SAMSUNG MZVLQ512HBLU-00B,PASSED,2,99,26,10.3,390,0
8/8/2026 19:58,yathiswar,100,1700,59.8,6458.7,62.8,0,0.02,0,0,290,python.exe,7936,MemCompression,2928,SAMSUNG MZVLQ512HBLU-00B,PASSED,2,99,25,10.3,390,0
8/8/2026 19:58,yathiswar,100,1700,59.8,6458.18,62.8,0,0.01,0,0,290,python.exe,9732,MemCompression,2928,SAMSUNG MZVLQ512HBLU-00B,PASSED,2,99,26,10.3,390,0
8/8/2026 19:58,yathiswar,100,1700,59.8,6458.06,62.8,0,0.02,0,0,290,python.exe,7936,MemCompression,2928,SAMSUNG MZVLQ512HBLU-00B,PASSED,2,99,25,10.3,390,0
8/8/2026 19:58,yathiswar,100,1700,59.8,6457.91,62.8,0,0.03,0,0,290,python.exe,14032,MemCompression,2928,SAMSUNG MZVLQ512HBLU-00B,PASSED,2,99,26,10.3,390,0
8/8/2026 19:58,yathiswar,100,1700,59.8,6458.25,62.8,0.05,0.23,0,0,290,python.exe,26408,MemCompression,2928,SAMSUNG MZVLQ512HBLU-00B,PASSED,2,99,26,10.3,390,0
8/8/2026 19:58,yathiswar,100,1700,59.8,6458.32,62.8,0.03,0.31,0,0,290,python.exe,26408,MemCompression,2928,SAMSUNG MZVLQ512HBLU-00B,PASSED,2,99,27,10.3,390,0
8/8/2026 19:58,yathiswar,100,1700,59.8,6456.9,62.8,0.02,0.11,0,0,290,python.exe,15696,MemCompression,2928,SAMSUNG MZVLQ512HBLU-00B,PASSED,2,99,26,10.3,390,0
8/8/2026 19:58,yathiswar,100,1700,59.8,6456.8,62.8,0.03,0.25,0,0,290,python.exe,9732,MemCompression,2928,SAMSUNG MZVLQ512HBLU-00B,PASSED,2,99,26,10.3,390,0
8/8/2026 19:58,yathiswar,100,1700,59.8,6457.97,62.8,0,0,0,0,290,python.exe,14032,MemCompression,2928,SAMSUNG MZVLQ512HBLU-00B,PASSED,2,99,27,10.3,390,0
8/8/2026 19:58,yathiswar,100,1700,59.8,6461.06,62.8,0,0.12,0,0,290,python.exe,10092,MemCompression,2928,SAMSUNG MZVLQ512HBLU-00B,PASSED,2,99,27,10.3,390,0
8/8/2026 19:58,yathiswar,100,1700,59.8,6460.14,62.8,0,0.02,0,0,290,python.exe,22124,MemCompression,2928,SAMSUNG MZVLQ512HBLU-00B,PASSED,2,99,26,10.3,390,0
8/8/2026 19:58,yathiswar,100,1700,59.8,6460.41,62.8,0,0.04,0,0,290,python.exe,24944,MemCompression,2928,SAMSUNG MZVLQ512HBLU-00B,PASSED,2,99,26,10.3,390,0
8/8/2026 19:58,yathiswar,100,1700,59.8,6459.55,62.8,0,0.03,0,0,290,python.exe,14032,MemCompression,2928,SAMSUNG MZVLQ512HBLU-00B,PASSED,2,99,26,10.3,390,0
8/8/2026 19:58,yathiswar,100,1700,59.8,6460.13,62.8,0,0.02,0,0,290,python.exe,10092,MemCompression,2928,SAMSUNG MZVLQ512HBLU-00B,PASSED,2,99,26,10.3,390,0
8/8/2026 19:58,yathiswar,100,1700,59.8,6460.07,62.8,0,0.05,0,0,290,python.exe,10092,MemCompression,2928,SAMSUNG MZVLQ512HBLU-00B,PASSED,2,99,26,10.3,390,0
8/8/2026 19:58,yathiswar,100,1700,59.8,6459.21,62.8,0,0.02,0,0,290,python.exe,7936,MemCompression,2928,SAMSUNG MZVLQ512HBLU-00B,PASSED,2,99,26,10.3,390,0
8/8/2026 19:58,yathiswar,100,1700,59.8,6459.68,62.8,0,0.01,0,0,290,python.exe,10092,MemCompression,2928,SAMSUNG MZVLQ512HBLU-00B,PASSED,2,99,26,10.3,390,0
8/8/2026 19:58,yathiswar,100,1700,59.8,6459.82,62.8,0,0,0,0,290,python.exe,20984,MemCompression,2928,SAMSUNG MZVLQ512HBLU-00B,PASSED,2,99,26,10.3,390,0
8/8/2026 19:59,yathiswar,100,1700,59.8,6459.94,62.8,0,0.03,0,0,290,python.exe,9732,MemCompression,2928,SAMSUNG MZVLQ512HBLU-00B,PASSED,2,99,26,10.3,390,0
8/8/2026 19:59,yathiswar,100,1700,59.8,6458.39,62.8,0,0.1,0,0,290,python.exe,7936,MemCompression,2928,SAMSUNG MZVLQ512HBLU-00B,PASSED,2,99,26,10.3,390,0
8/8/2026 19:59,yathiswar,100,1700,59.8,6458.45,62.8,0,0.01,0,0,290,python.exe,24944,MemCompression,2928,SAMSUNG MZVLQ512HBLU-00B,PASSED,2,99,26,10.3,390,0
8/8/2026 19:59,yathiswar,100,1700,59.8,6458.55,62.8,0,0.01,0,0,290,python.exe,20984,MemCompression,2928,SAMSUNG MZVLQ512HBLU-00B,PASSED,2,99,27,10.3,390,0
8/8/2026 19:59,yathiswar,100,1700,59.8,6460.05,62.8,0,0.03,0,0,290,python.exe,22124,MemCompression,2928,SAMSUNG MZVLQ512HBLU-00B,PASSED,2,99,26,10.3,390,0
8/8/2026 19:59,yathiswar,100,1700,59.8,6459.36,62.8,0,0,0,0,290,python.exe,26408,MemCompression,2928,SAMSUNG MZVLQ512HBLU-00B,PASSED,2,99,27,10.3,390,0
8/8/2026 19:59,yathiswar,100,1700,59.8,6458.64,62.8,0.02,0.03,0,0,290,python.exe,7936,MemCompression,2928,SAMSUNG MZVLQ512HBLU-00B,PASSED,2,99,26,10.3,390,0
8/8/2026 19:59,yathiswar,100,1700,59.8,6459.27,62.8,0,0.02,0,0,290,python.exe,12964,MemCompression,2928,SAMSUNG MZVLQ512HBLU-00B,PASSED,2,99,26,10.3,390,0
8/8/2026 19:59,yathiswar,100,1700,59.8,6457.96,62.8,0,0,0,0,290,python.exe,12964,MemCompression,2928,SAMSUNG MZVLQ512HBLU-00B,PASSED,2,99,25,10.3,390,0
8/8/2026 19:59,yathiswar,100,1700,60,6424,62.8,0,0.01,0,0,291,python.exe,7936,MemCompression,2928,SAMSUNG MZVLQ512HBLU-00B,PASSED,2,99,27,10.3,390,0
8/8/2026 19:59,yathiswar,100,1700,60.2,6401.05,62.8,0,0.09,0,0,292,python.exe,20984,MemCompression,2928,SAMSUNG MZVLQ512HBLU-00B,PASSED,2,99,26,10.3,390,0
8/8/2026 19:59,yathiswar,100,1700,60.2,6400.34,62.8,0,0.07,0,0,292,python.exe,22124,MemCompression,2928,SAMSUNG MZVLQ512HBLU-00B,PASSED,2,99,26,10.3,390,0
8/8/2026 19:59,yathiswar,100,1700,60.2,6398.8,62.8,0,0.03,0,0,292,python.exe,15696,MemCompression,2928,SAMSUNG MZVLQ512HBLU-00B,PASSED,2,99,26,10.3,390,0
8/8/2026 19:59,yathiswar,100,1700,60.2,6399.56,62.8,0.04,0.06,0,0,292,python.exe,22124,MemCompression,2928,SAMSUNG MZVLQ512HBLU-00B,PASSED,2,99,26,10.3,390,0
8/8/2026 19:59,yathiswar,100,1700,60.2,6399.77,62.8,0,0.04,0,0,292,python.exe,12964,MemCompression,2928,SAMSUNG MZVLQ512HBLU-00B,PASSED,2,99,26,10.3,390,0
8/8/2026 19:59,yathiswar,100,1700,60.2,6399.68,62.8,0,0.05,0,0,292,python.exe,20984,MemCompression,2928,SAMSUNG MZVLQ512HBLU-00B,PASSED,2,99,26,10.3,390,0
8/8/2026 19:59,yathiswar,100,1700,60.2,6398.9,62.8,0,0.01,0,0,292,python.exe,15988,MemCompression,2928,SAMSUNG MZVLQ512HBLU-00B,PASSED,2,99,26,10.3,390,0
8/8/2026 19:59,yathiswar,100,1700,60.2,6400.36,62.8,0,0.07,0,0,292,python.exe,15988,MemCompression,2928,SAMSUNG MZVLQ512HBLU-00B,PASSED,2,99,27,10.3,390,0
8/8/2026 20:00,yathiswar,100,1700,60.2,6397.25,62.8,0,0.02,0,0,292,python.exe,20984,MemCompression,2928,SAMSUNG MZVLQ512HBLU-00B,PASSED,2,99,28,10.3,390,0
8/8/2026 20:00,yathiswar,100,1700,60.2,6399.16,62.8,0,0.03,0,0,292,python.exe,12964,MemCompression,2928,SAMSUNG MZVLQ512HBLU-00B,PASSED,2,99,26,10.3,390,0
8/8/2026 20:00,yathiswar,100,1700,60.2,6398.8,62.8,0,0.03,0,0,292,python.exe,7936,MemCompression,2928,SAMSUNG MZVLQ512HBLU-00B,PASSED,2,99,26,10.3,390,0
8/8/2026 20:00,yathiswar,100,1700,60.2,6402.42,62.8,0,0.07,0,0,291,python.exe,14032,MemCompression,2928,SAMSUNG MZVLQ512HBLU-00B,PASSED,2,99,27,10.3,390,0
8/8/2026 20:00,yathiswar,100,1700,60.1,6402.93,62.8,0,0.02,0,0,291,python.exe,12964,MemCompression,2928,SAMSUNG MZVLQ512HBLU-00B,PASSED,2,99,26,10.3,390,0
8/8/2026 20:00,yathiswar,100,1700,60.2,6402.77,62.8,0,0.01,0,0,291,python.exe,15988,MemCompression,2928,SAMSUNG MZVLQ512HBLU-00B,PASSED,2,99,26,10.3,390,0
8/8/2026 20:00,yathiswar,100,1700,60.2,6402.55,62.8,0,0.02,0,0,291,python.exe,14032,MemCompression,2928,SAMSUNG MZVLQ512HBLU-00B,PASSED,2,99,26,10.3,390,0
8/8/2026 20:00,yathiswar,100,1700,60.1,6402.98,62.8,0,0.08,0,0,291,python.exe,20984,MemCompression,2928,SAMSUNG MZVLQ512HBLU-00B,PASSED,2,99,26,10.3,390,0
8/8/2026 20:00,yathiswar,100,1700,60.1,6403.38,62.8,0,0,0,0,291,python.exe,9732,MemCompression,2928,SAMSUNG MZVLQ512HBLU-00B,PASSED,2,99,26,10.3,390,0
8/8/2026 20:00,yathiswar,100,1700,60.2,6401.76,62.8,0,0.01,0,0,291,python.exe,24944,MemCompression,2928,SAMSUNG MZVLQ512HBLU-00B,PASSED,2,99,26,10.3,390,0
8/8/2026 20:00,yathiswar,100,1700,60.2,6401.63,62.8,0,0.03,0,0,291,python.exe,15696,MemCompression,2928,SAMSUNG MZVLQ512HBLU-00B,PASSED,2,99,25,10.3,390,0
8/8/2026 20:00,yathiswar,100,1700,60.2,6401.81,62.8,0,0,0,0,291,python.exe,12964,MemCompression,2928,SAMSUNG MZVLQ512HBLU-00B,PASSED,2,99,26,10.3,390,0
8/8/2026 20:00,yathiswar,100,1700,60.1,6411.82,62.8,0,0.01,0,0,290,python.exe,7936,MemCompression,2928,SAMSUNG MZVLQ512HBLU-00B,PASSED,2,99,26,10.3,390,0
8/8/2026 20:00,yathiswar,100,1700,60.1,6412.39,62.8,0,0.02,0,0,290,python.exe,12964,MemCompression,2928,SAMSUNG MZVLQ512HBLU-00B,PASSED,2,99,26,10.3,390,0
8/8/2026 20:00,yathiswar,100,1700,60.1,6407.77,62.8,0,0.03,0,0,290,python.exe,14032,MemCompression,2928,SAMSUNG MZVLQ512HBLU-00B,PASSED,2,99,26,10.3,390,0
8/8/2026 20:00,yathiswar,100,1700,60.1,6407.93,62.8,0,0,0,0,290,python.exe,14032,MemCompression,2928,SAMSUNG MZVLQ512HBLU-00B,PASSED,2,99,25,10.3,390,0
8/8/2026 20:00,yathiswar,100,1700,60.1,6407.82,62.8,0,0.02,0,0,290,python.exe,15696,MemCompression,2928,SAMSUNG MZVLQ512HBLU-00B,PASSED,2,99,25,10.3,390,0
8/8/2026 20:01,yathiswar,100,1700,60.1,6407.4,62.8,0,0.02,0,0,290,python.exe,7936,MemCompression,2928,SAMSUNG MZVLQ512HBLU-00B,PASSED,2,99,25,10.3,390,0
8/8/2026 20:01,yathiswar,100,1700,60.1,6407.03,62.8,0,0.01,0,0,290,python.exe,12964,MemCompression,2928,SAMSUNG MZVLQ512HBLU-00B,PASSED,2,99,26,10.3,390,0
8/8/2026 20:01,yathiswar,100,1700,60.1,6407.48,62.8,0,0.02,0,0,290,python.exe,14032,MemCompression,2928,SAMSUNG MZVLQ512HBLU-00B,PASSED,2,99,26,10.3,390,0
8/8/2026 20:01,yathiswar,100,1700,60.1,6407.93,62.8,0,0.01,0,0,290,python.exe,9732,MemCompression,2928,SAMSUNG MZVLQ512HBLU-00B,PASSED,2,99,26,10.3,390,0
8/8/2026 20:01,yathiswar,100,1700,60.1,6410.08,62.8,0.03,0.06,0,0,290,python.exe,9732,MemCompression,2928,SAMSUNG MZVLQ512HBLU-00B,PASSED,2,99,26,10.3,390,0
8/8/2026 20:01,yathiswar,100,1700,60.1,6409.81,62.8,0.02,0.02,0,0,290,python.exe,14032,MemCompression,2928,SAMSUNG MZVLQ512HBLU-00B,PASSED,2,99,26,10.3,390,0
8/8/2026 20:01,yathiswar,100,1700,59.8,6460.93,62.8,0.01,0.03,0,0,289,python.exe,7936,MemCompression,2928,SAMSUNG MZVLQ512HBLU-00B,PASSED,2,99,27,10.3,390,0
8/8/2026 20:01,yathiswar,100,1700,59.8,6461.68,62.8,0,0.01,0,0,289,python.exe,7936,MemCompression,2928,SAMSUNG MZVLQ512HBLU-00B,PASSED,2,99,26,10.3,390,0
8/8/2026 20:01,yathiswar,100,1700,59.8,6460.87,62.8,0,0.04,0,0,289,python.exe,10092,MemCompression,2928,SAMSUNG MZVLQ512HBLU-00B,PASSED,2,99,28,10.3,390,0
8/8/2026 20:01,yathiswar,100,1700,59.8,6461.54,62.8,0,0.09,0,0,289,python.exe,9732,MemCompression,2928,SAMSUNG MZVLQ512HBLU-00B,PASSED,2,99,26,10.3,390,0
8/8/2026 20:01,yathiswar,100,1700,59.8,6462.39,62.8,0,0,0,0,289,python.exe,12964,MemCompression,2928,SAMSUNG MZVLQ512HBLU-00B,PASSED,2,99,26,10.3,390,0
8/8/2026 20:01,yathiswar,100,1700,59.8,6462.12,62.8,0,0.01,0,0,289,python.exe,10092,MemCompression,2928,SAMSUNG MZVLQ512HBLU-00B,PASSED,2,99,26,10.3,390,0
8/8/2026 20:01,yathiswar,100,1700,59.8,6463.25,62.8,0,0.02,0,0,289,python.exe,9732,MemCompression,2928,SAMSUNG MZVLQ512HBLU-00B,PASSED,2,99,25,10.3,390,0
8/8/2026 20:01,yathiswar,100,1700,59.8,6463.13,62.8,0,0,0,0,290,python.exe,9732,MemCompression,2928,SAMSUNG MZVLQ512HBLU-00B,PASSED,2,99,26,10.3,390,0
8/8/2026 20:01,yathiswar,100,1700,59.8,6463.22,62.8,0,0.03,0,0,289,python.exe,10092,MemCompression,2928,SAMSUNG MZVLQ512HBLU-00B,PASSED,2,99,26,10.3,390,0
8/8/2026 20:01,yathiswar,100,1700,59.8,6465.14,62.8,0,0.01,0,0,289,python.exe,24944,MemCompression,2928,SAMSUNG MZVLQ512HBLU-00B,PASSED,2,99,26,10.3,390,0
8/8/2026 20:01,yathiswar,100,1700,59.8,6461.31,62.8,0,0.01,0,0,289,python.exe,14032,MemCompression,2928,SAMSUNG MZVLQ512HBLU-00B,PASSED,2,99,26,10.3,390,0
8/8/2026 20:01,yathiswar,100,1700,59.8,6460.48,62.8,0,0.01,0,0,289,python.exe,22124,MemCompression,2928,SAMSUNG MZVLQ512HBLU-00B,PASSED,2,99,26,10.3,390,0
8/8/2026 20:02,yathiswar,100,1700,59.8,6456.94,62.8,0,0.09,0,0,289,python.exe,9732,MemCompression,2928,SAMSUNG MZVLQ512HBLU-00B,PASSED,2,99,26,10.3,390,0
8/8/2026 20:02,yathiswar,100,1700,59.8,6458.46,62.8,0,0.07,0,0,289,python.exe,22124,MemCompression,2928,SAMSUNG MZVLQ512HBLU-00B,PASSED,2,99,26,10.3,390,0
8/8/2026 20:02,yathiswar,100,1700,59.8,6458.68,62.8,0,0.01,0,0,289,python.exe,22124,MemCompression,2928,SAMSUNG MZVLQ512HBLU-00B,PASSED,2,99,26,10.3,390,0
8/8/2026 20:02,yathiswar,100,1700,59.8,6458.82,62.8,0,0.02,0,0,289,python.exe,15988,MemCompression,2928,SAMSUNG MZVLQ512HBLU-00B,PASSED,2,99,26,10.3,390,0
8/8/2026 20:02,yathiswar,100,1700,59.8,6459.21,62.8,0,0.02,0,0,289,python.exe,9732,MemCompression,2928,SAMSUNG MZVLQ512HBLU-00B,PASSED,2,99,26,10.3,390,0
8/8/2026 20:02,yathiswar,100,1700,59.8,6459.51,62.8,0,0.01,0,0,289,python.exe,9732,MemCompression,2928,SAMSUNG MZVLQ512HBLU-00B,PASSED,2,99,26,10.3,390,0
8/8/2026 20:02,yathiswar,100,1700,59.8,6454.16,62.8,0,0.05,0,0,289,python.exe,23068,MemCompression,2928,SAMSUNG MZVLQ512HBLU-00B,PASSED,2,99,26,10.3,390,0
8/8/2026 20:02,yathiswar,100,1700,59.8,6453.84,62.8,0,0.01,0,0,289,python.exe,10092,MemCompression,2928,SAMSUNG MZVLQ512HBLU-00B,PASSED,2,99,26,10.3,390,0
8/8/2026 20:02,yathiswar,100,1700,59.8,6454.25,62.8,0,0,0,0,289,python.exe,23068,MemCompression,2928,SAMSUNG MZVLQ512HBLU-00B,PASSED,2,99,26,10.3,390,0
8/8/2026 20:02,yathiswar,100,1700,59.8,6453.8,62.8,0,0.02,0,0,289,python.exe,20984,MemCompression,2928,SAMSUNG MZVLQ512HBLU-00B,PASSED,2,99,26,10.3,390,0
8/8/2026 20:02,yathiswar,100,1700,59.8,6453.65,62.8,0,0.03,0,0,289,python.exe,20984,MemCompression,2928,SAMSUNG MZVLQ512HBLU-00B,PASSED,2,99,26,10.3,390,0
8/8/2026 20:02,yathiswar,100,1700,59.8,6453.74,62.8,0,0,0,0,289,python.exe,15988,MemCompression,2928,SAMSUNG MZVLQ512HBLU-00B,PASSED,2,99,26,10.3,390,0
8/8/2026 20:02,yathiswar,100,1700,59.8,6455.14,62.8,0,0.02,0,0,289,python.exe,10092,MemCompression,2928,SAMSUNG MZVLQ512HBLU-00B,PASSED,2,99,25,10.3,390,0
8/8/2026 20:02,yathiswar,100,1700,59.8,6454.38,62.8,0,0,0,0,289,python.exe,7936,MemCompression,2928,SAMSUNG MZVLQ512HBLU-00B,PASSED,2,99,25,10.3,390,0
8/8/2026 20:02,yathiswar,100,1700,59.8,6454.17,62.8,0,0,0,0,289,python.exe,15696,MemCompression,2928,SAMSUNG MZVLQ512HBLU-00B,PASSED,2,99,26,10.3,390,0
8/8/2026 20:02,yathiswar,100,1700,59.8,6453.84,62.8,0,0.02,0,0,289,python.exe,15696,MemCompression,2928,SAMSUNG MZVLQ512HBLU-00B,PASSED,2,99,27,10.3,390,0
8/8/2026 20:02,yathiswar,100,1700,59.8,6453.66,62.8,0,0.04,0,0,289,python.exe,23068,MemCompression,2928,SAMSUNG MZVLQ512HBLU-00B,PASSED,2,99,26,10.3,390,0
8/8/2026 20:03,yathiswar,100,1700,59.8,6453.83,62.8,0,0.01,0,0,289,python.exe,26408,MemCompression,2928,SAMSUNG MZVLQ512HBLU-00B,PASSED,2,99,26,10.3,390,0
8/8/2026 20:03,yathiswar,100,1700,59.8,6453.64,62.8,0,0.04,0,0,289,python.exe,7936,MemCompression,2928,SAMSUNG MZVLQ512HBLU-00B,PASSED,2,99,26,10.3,390,0
8/8/2026 20:03,yathiswar,100,1700,59.8,6453.57,62.8,0,0.01,0,0,289,python.exe,22124,MemCompression,2928,SAMSUNG MZVLQ512HBLU-00B,PASSED,2,99,26,10.3,390,0
8/8/2026 20:03,yathiswar,100,1700,59.9,6443.36,62.8,0,0.06,0,0,289,python.exe,24944,MemCompression,2928,SAMSUNG MZVLQ512HBLU-00B,PASSED,2,99,26,10.3,390,0
8/8/2026 20:03,yathiswar,100,1700,59.9,6444.58,62.8,0.02,0.1,0,0,289,python.exe,9732,MemCompression,2928,SAMSUNG MZVLQ512HBLU-00B,PASSED,2,99,28,10.3,390,0
8/8/2026 20:03,yathiswar,100,1700,59.9,6443.25,62.8,0,0.04,0,0,289,python.exe,10092,MemCompression,2928,SAMSUNG MZVLQ512HBLU-00B,PASSED,2,99,26,10.3,390,0
8/8/2026 20:03,yathiswar,100,1700,59.9,6447.46,62.8,0,0,0,0,289,python.exe,9732,MemCompression,2928,SAMSUNG MZVLQ512HBLU-00B,PASSED,2,99,26,10.3,390,0
8/8/2026 20:03,yathiswar,100,1700,59.9,6447.63,62.8,0.02,0.08,0,0,289,python.exe,9732,MemCompression,2928,SAMSUNG MZVLQ512HBLU-00B,PASSED,2,99,26,10.3,390,0
8/8/2026 20:03,yathiswar,100,1700,59.9,6445.2,62.8,0,0.01,0,0,289,python.exe,9732,MemCompression,2928,SAMSUNG MZVLQ512HBLU-00B,PASSED,2,99,25,10.3,390,0
8/8/2026 20:03,yathiswar,100,1700,59.9,6440.07,62.8,0,0.04,0,0,289,python.exe,15696,MemCompression,2928,SAMSUNG MZVLQ512HBLU-00B,PASSED,2,99,26,10.3,390,0
8/8/2026 20:03,yathiswar,100,1700,59.9,6446.11,62.8,0,0,0,0,289,python.exe,20984,MemCompression,2928,SAMSUNG MZVLQ512HBLU-00B,PASSED,2,99,26,10.3,390,0
8/8/2026 20:03,yathiswar,100,1700,59.9,6449.77,62.8,0,0.09,0,0,289,python.exe,23068,MemCompression,2928,SAMSUNG MZVLQ512HBLU-00B,PASSED,2,99,26,10.3,390,0
8/8/2026 20:03,yathiswar,100,1700,59.9,6449.94,62.8,0,0.02,0,0,289,python.exe,10092,MemCompression,2928,SAMSUNG MZVLQ512HBLU-00B,PASSED,2,99,26,10.3,390,0
8/8/2026 20:03,yathiswar,100,1700,59.8,6452.46,62.8,0,0,0,0,289,python.exe,12964,MemCompression,2928,SAMSUNG MZVLQ512HBLU-00B,PASSED,2,99,26,10.3,390,0
8/8/2026 20:03,yathiswar,100,1700,59.8,6452.17,62.8,0,0,0,0,289,python.exe,24944,MemCompression,2928,SAMSUNG MZVLQ512HBLU-00B,PASSED,2,99,25,10.3,390,0
8/8/2026 20:03,yathiswar,100,1700,59.8,6452.31,62.8,0,0.03,0,0,289,python.exe,10092,MemCompression,2928,SAMSUNG MZVLQ512HBLU-00B,PASSED,2,99,26,10.3,390,0
8/8/2026 20:03,yathiswar,100,1700,59.9,6445.8,62.8,0,0.02,0,0,290,python.exe,9732,MemCompression,2928,SAMSUNG MZVLQ512HBLU-00B,PASSED,2,99,26,10.3,390,0
8/8/2026 20:03,yathiswar,100,1700,59.9,6444.25,62.8,0,0.01,0,0,290,python.exe,22124,MemCompression,2928,SAMSUNG MZVLQ512HBLU-00B,PASSED,2,99,26,10.3,390,0
8/8/2026 20:04,yathiswar,100,1700,59.9,6442.33,62.8,0,0.01,0,0,290,python.exe,10092,MemCompression,2928,SAMSUNG MZVLQ512HBLU-00B,PASSED,2,99,26,10.3,390,0
8/8/2026 20:04,yathiswar,100,1700,59.9,6450.36,62.8,0,0.03,0,0,290,python.exe,7936,MemCompression,2928,SAMSUNG MZVLQ512HBLU-00B,PASSED,2,99,25,10.3,390,0
8/8/2026 20:04,yathiswar,100,1700,59.9,6450.61,62.8,0,0,0,0,290,python.exe,26408,MemCompression,2928,SAMSUNG MZVLQ512HBLU-00B,PASSED,2,99,26,10.3,390,0
8/8/2026 20:04,yathiswar,100,1700,59.8,6451.88,62.8,0,0.02,0,0,289,python.exe,12964,MemCompression,2928,SAMSUNG MZVLQ512HBLU-00B,PASSED,2,99,26,10.3,390,0
8/8/2026 20:04,yathiswar,100,1700,59.8,6453.88,62.8,0,0.02,0,0,289,python.exe,12964,MemCompression,2928,SAMSUNG MZVLQ512HBLU-00B,PASSED,2,99,26,10.3,390,0
8/8/2026 20:04,yathiswar,100,1700,59.8,6453.86,62.8,0,0.01,0,0,289,python.exe,7936,MemCompression,2928,SAMSUNG MZVLQ512HBLU-00B,PASSED,2,99,26,10.3,390,0
8/8/2026 20:04,yathiswar,100,1700,59.8,6453.49,62.8,0,0.01,0,0,289,python.exe,10092,MemCompression,2928,SAMSUNG MZVLQ512HBLU-00B,PASSED,2,99,25,10.3,390,0
8/8/2026 20:04,yathiswar,100,1700,59.8,6453.69,62.8,0,0.02,0,0,289,python.exe,23068,MemCompression,2928,SAMSUNG MZVLQ512HBLU-00B,PASSED,2,99,26,10.3,390,0
8/8/2026 20:04,yathiswar,100,1700,59.8,6453.31,62.8,0,0.03,0,0,289,python.exe,9732,MemCompression,2928,SAMSUNG MZVLQ512HBLU-00B,PASSED,2,99,25,10.3,390,0
8/8/2026 20:04,yathiswar,100,1700,59.8,6452.9,62.8,0,0.08,0,0,289,python.exe,9732,MemCompression,2928,SAMSUNG MZVLQ512HBLU-00B,PASSED,2,99,25,10.3,390,0
8/8/2026 20:04,yathiswar,100,1700,59.8,6453.43,62.8,0,0.01,0,0,289,python.exe,12964,MemCompression,2928,SAMSUNG MZVLQ512HBLU-00B,PASSED,2,99,26,10.3,390,0
8/8/2026 20:04,yathiswar,100,1700,59.8,6452.97,62.8,0,0.01,0,0,289,python.exe,7936,MemCompression,2928,SAMSUNG MZVLQ512HBLU-00B,PASSED,2,99,26,10.3,390,0
8/8/2026 20:04,yathiswar,100,1700,59.8,6453.21,62.8,0,0,0,0,289,python.exe,12964,MemCompression,2928,SAMSUNG MZVLQ512HBLU-00B,PASSED,2,99,26,10.3,390,0
8/8/2026 20:04,yathiswar,100,1700,59.8,6454.94,62.8,0,0.04,0,0,289,python.exe,12964,MemCompression,2928,SAMSUNG MZVLQ512HBLU-00B,PASSED,2,99,26,10.3,390,0
8/8/2026 20:04,yathiswar,100,1700,59.8,6453.96,62.8,0,0.02,0,0,289,python.exe,10092,MemCompression,2928,SAMSUNG MZVLQ512HBLU-00B,PASSED,2,99,25,10.3,390,0
8/8/2026 20:04,yathiswar,100,1700,59.8,6454,62.8,0,0,0,0,289,python.exe,23068,MemCompression,2928,SAMSUNG MZVLQ512HBLU-00B,PASSED,2,99,26,10.3,390,0
8/8/2026 20:04,yathiswar,100,1700,59.8,6453.91,62.8,0,0,0,0,289,python.exe,10092,MemCompression,2928,SAMSUNG MZVLQ512HBLU-00B,PASSED,2,99,26,10.3,390,0
8/8/2026 20:05,yathiswar,100,1700,59.8,6453.65,62.8,0,0.02,0,0,289,python.exe,10092,MemCompression,2928,SAMSUNG MZVLQ512HBLU-00B,PASSED,2,99,26,10.3,390,0
8/8/2026 20:05,yathiswar,100,1700,59.8,6452.5,62.8,0.01,0.07,0,0,289,python.exe,20984,MemCompression,2928,SAMSUNG MZVLQ512HBLU-00B,PASSED,2,99,26,10.3,390,0
8/8/2026 20:05,yathiswar,100,1700,59.8,6452.51,62.8,0,0.03,0,0,289,python.exe,7936,MemCompression,2928,SAMSUNG MZVLQ512HBLU-00B,PASSED,2,99,26,10.3,390,0
8/8/2026 20:05,yathiswar,100,1700,59.8,6452.74,62.8,0,0,0,0,289,python.exe,23068,MemCompression,2928,SAMSUNG MZVLQ512HBLU-00B,PASSED,2,99,26,10.3,390,0
8/8/2026 20:05,yathiswar,100,1700,59.8,6457.84,62.8,0.03,0.11,0,0,289,python.exe,20984,MemCompression,2928,SAMSUNG MZVLQ512HBLU-00B,PASSED,2,99,26,10.3,390,0
8/8/2026 20:05,yathiswar,100,1700,59.8,6457.54,62.8,0,0.03,0,0,289,python.exe,12964,MemCompression,2928,SAMSUNG MZVLQ512HBLU-00B,PASSED,2,99,26,10.3,390,0
8/8/2026 20:05,yathiswar,100,1700,59.8,6457.16,62.8,0,0.02,0,0,289,python.exe,22124,MemCompression,2928,SAMSUNG MZVLQ512HBLU-00B,PASSED,2,99,26,10.3,390,0
8/8/2026 20:05,yathiswar,100,1700,59.8,6456.79,62.8,0,0,0,0,289,python.exe,15988,MemCompression,2928,SAMSUNG MZVLQ512HBLU-00B,PASSED,2,99,26,10.3,390,0
8/8/2026 20:05,yathiswar,100,1700,59.8,6456.49,62.8,0,0.01,0,0,289,python.exe,12964,MemCompression,2928,SAMSUNG MZVLQ512HBLU-00B,PASSED,2,99,26,10.3,390,0
8/8/2026 20:05,yathiswar,100,1700,59.8,6456.16,62.8,0,0.02,0,0,289,python.exe,20984,MemCompression,2928,SAMSUNG MZVLQ512HBLU-00B,PASSED,2,99,26,10.3,390,0
8/8/2026 20:05,yathiswar,100,1700,59.8,6456.2,62.8,0,0.01,0,0,289,python.exe,23068,MemCompression,2928,SAMSUNG MZVLQ512HBLU-00B,PASSED,2,99,26,10.3,390,0
8/8/2026 20:05,yathiswar,100,1700,59.8,6455.76,62.8,0,0.02,0,0,289,python.exe,10092,MemCompression,2928,SAMSUNG MZVLQ512HBLU-00B,PASSED,2,99,26,10.3,390,0
8/8/2026 20:05,yathiswar,100,1700,59.8,6455.91,62.8,0,0.01,0,0,289,python.exe,15696,MemCompression,2928,SAMSUNG MZVLQ512HBLU-00B,PASSED,2,99,26,10.3,390,0
8/8/2026 20:05,yathiswar,100,1700,59.8,6457.15,62.8,0,0,0,0,289,python.exe,15696,MemCompression,2928,SAMSUNG MZVLQ512HBLU-00B,PASSED,2,99,26,10.3,390,0
8/8/2026 20:05,yathiswar,100,1700,59.8,6455.73,62.8,0,0.04,0,0,289,python.exe,15988,MemCompression,2928,SAMSUNG MZVLQ512HBLU-00B,PASSED,2,99,26,10.3,390,0
8/8/2026 20:05,yathiswar,100,1700,59.8,6455.6,62.8,0,0.04,0,0,289,python.exe,26408,MemCompression,2928,SAMSUNG MZVLQ512HBLU-00B,PASSED,2,99,26,10.3,390,0
8/8/2026 20:05,yathiswar,100,1700,59.8,6455.58,62.8,0,0,0,0,289,python.exe,23068,MemCompression,2928,SAMSUNG MZVLQ512HBLU-00B,PASSED,2,99,26,10.3,390,0
8/8/2026 20:05,yathiswar,100,1700,59.8,6455.54,62.8,0,0,0,0,289,python.exe,15696,MemCompression,2928,SAMSUNG MZVLQ512HBLU-00B,PASSED,2,99,26,10.3,390,0
8/8/2026 20:06,yathiswar,100,1700,59.8,6456.2,62.8,0,0.01,0,0,289,python.exe,26408,MemCompression,2928,SAMSUNG MZVLQ512HBLU-00B,PASSED,2,99,26,10.3,390,0
8/8/2026 20:06,yathiswar,100,1700,59.8,6455.47,62.8,0,0.02,0,0,289,python.exe,15696,MemCompression,2928,SAMSUNG MZVLQ512HBLU-00B,PASSED,2,99,34,10.3,390,0
8/8/2026 20:06,yathiswar,100,1700,59.8,6455.62,62.8,0,0.03,0,0,289,python.exe,15988,MemCompression,2928,SAMSUNG MZVLQ512HBLU-00B,PASSED,2,99,26,10.3,390,0
8/8/2026 20:06,yathiswar,100,1700,59.8,6455.5,62.8,0,0.02,0,0,289,python.exe,10092,MemCompression,2928,SAMSUNG MZVLQ512HBLU-00B,PASSED,2,99,26,10.3,390,0
8/8/2026 20:06,yathiswar,100,1700,59.8,6456.05,62.8,0,0.01,0,0,289,python.exe,15988,MemCompression,2928,SAMSUNG MZVLQ512HBLU-00B,PASSED,2,99,26,10.3,390,0
8/8/2026 20:06,yathiswar,100,1700,59.8,6454.96,62.8,0,0.01,0,0,289,python.exe,7936,MemCompression,2928,SAMSUNG MZVLQ512HBLU-00B,PASSED,2,99,26,10.3,390,0
8/8/2026 20:06,yathiswar,100,1700,59.8,6453.99,62.8,0,0.08,0,0,289,python.exe,14032,MemCompression,2928,SAMSUNG MZVLQ512HBLU-00B,PASSED,2,99,26,10.3,390,0
8/8/2026 20:06,yathiswar,100,1700,59.8,6453.39,62.8,0,0.04,0,0,289,python.exe,14032,MemCompression,2928,SAMSUNG MZVLQ512HBLU-00B,PASSED,2,99,27,10.3,390,0
8/8/2026 20:06,yathiswar,100,1700,59.8,6452.77,62.8,0,0.02,0,0,289,python.exe,10092,MemCompression,2928,SAMSUNG MZVLQ512HBLU-00B,PASSED,2,99,26,10.3,390,0
8/8/2026 20:06,yathiswar,100,1700,59.8,6452.57,62.8,0,0.05,0,0,289,python.exe,23068,MemCompression,2928,SAMSUNG MZVLQ512HBLU-00B,PASSED,2,99,26,10.3,390,0
8/8/2026 20:06,yathiswar,100,1700,59.8,6452.45,62.8,0,0,0,0,289,python.exe,23068,MemCompression,2928,SAMSUNG MZVLQ512HBLU-00B,PASSED,2,99,26,10.3,390,0
8/8/2026 20:06,yathiswar,100,1700,59.8,6452.64,62.8,0,0.03,0,0,289,python.exe,7936,MemCompression,2928,SAMSUNG MZVLQ512HBLU-00B,PASSED,2,99,27,10.3,390,0
8/8/2026 20:06,yathiswar,100,1700,59.8,6452.47,62.8,0,0.03,0,0,289,python.exe,15988,MemCompression,2928,SAMSUNG MZVLQ512HBLU-00B,PASSED,2,99,26,10.3,390,0
8/8/2026 20:06,yathiswar,100,1700,59.8,6453.23,62.8,0,0,0,0,289,python.exe,12964,MemCompression,2928,SAMSUNG MZVLQ512HBLU-00B,PASSED,2,99,26,10.3,390,0
8/8/2026 20:06,yathiswar,100,1700,59.8,6452.67,62.8,0,0.01,0,0,289,python.exe,9732,MemCompression,2928,SAMSUNG MZVLQ512HBLU-00B,PASSED,2,99,26,10.3,390,0
8/8/2026 20:06,yathiswar,100,1700,59.9,6450.57,62.8,0,0.02,0,0,289,python.exe,14032,MemCompression,2928,SAMSUNG MZVLQ512HBLU-00B,PASSED,2,99,26,10.3,390,0
8/8/2026 20:06,yathiswar,100,1700,59.9,6449.31,62.8,0,0.02,0,0.01,289,python.exe,23068,MemCompression,2928,SAMSUNG MZVLQ512HBLU-00B,PASSED,2,99,26,10.3,390,0
8/8/2026 20:06,yathiswar,100,1700,59.9,6449.19,62.8,0,0.05,0,0,289,python.exe,10092,MemCompression,2928,SAMSUNG MZVLQ512HBLU-00B,PASSED,2,99,27,10.3,390,0
8/8/2026 20:07,yathiswar,100,1700,59.9,6446.83,62.8,0,0.19,0,0,291,python.exe,14032,MemCompression,2928,SAMSUNG MZVLQ512HBLU-00B,PASSED,2,99,27,10.3,390,0
8/8/2026 20:07,yathiswar,100,1700,59.9,6443.38,62.8,0,0.08,0,0,291,python.exe,15988,MemCompression,2928,SAMSUNG MZVLQ512HBLU-00B,PASSED,2,99,28,10.3,390,0
8/8/2026 20:07,yathiswar,100,1700,60,6433.25,62.8,0.01,0.06,0,0,292,python.exe,12964,MemCompression,2928,SAMSUNG MZVLQ512HBLU-00B,PASSED,2,99,26,10.3,390,0
8/8/2026 20:07,yathiswar,100,1700,60,6431.21,62.8,0,0.14,0,0,292,python.exe,9732,MemCompression,2928,SAMSUNG MZVLQ512HBLU-00B,PASSED,2,99,27,10.3,390,0
8/8/2026 20:07,yathiswar,100,1700,60.1,6416.14,62.8,0,0.06,0,0,296,python.exe,9732,MemCompression,2928,SAMSUNG MZVLQ512HBLU-00B,PASSED,2,99,28,10.3,390,0
8/8/2026 20:07,yathiswar,100,1700,60.1,6417.98,62.8,0,0.02,0,0,296,python.exe,7936,MemCompression,2928,SAMSUNG MZVLQ512HBLU-00B,PASSED,2,99,26,10.3,390,0
8/8/2026 20:07,yathiswar,100,1700,60.1,6417.93,62.8,0,0.02,0,0,296,python.exe,7936,MemCompression,2928,SAMSUNG MZVLQ512HBLU-00B,PASSED,2,99,26,10.3,390,0
8/8/2026 20:07,yathiswar,100,1700,60,6419.78,62.8,0,0.03,0,0,296,python.exe,26408,MemCompression,2928,SAMSUNG MZVLQ512HBLU-00B,PASSED,2,99,26,10.3,390,0
8/8/2026 20:07,yathiswar,100,1700,60,6424.97,62.8,0,0.09,0,0,294,python.exe,23068,MemCompression,2928,SAMSUNG MZVLQ512HBLU-00B,PASSED,2,99,26,10.3,390,0
8/8/2026 20:07,yathiswar,100,1700,59.9,6443.71,62.8,0,0.01,0,0,290,python.exe,12964,MemCompression,2928,SAMSUNG MZVLQ512HBLU-00B,PASSED,2,99,26,10.3,390,0
8/8/2026 20:07,yathiswar,100,1700,60.3,6379.5,62.8,0,0,0,0,290,python.exe,20984,MemCompression,2928,SAMSUNG MZVLQ512HBLU-00B,PASSED,2,99,26,10.3,390,0
8/8/2026 20:07,yathiswar,100,1700,60.3,6382.08,62.8,0,0.03,0,0,290,python.exe,7936,MemCompression,2928,SAMSUNG MZVLQ512HBLU-00B,PASSED,2,99,26,10.3,390,0
8/8/2026 20:07,yathiswar,100,1700,60.3,6371.62,62.8,0,0.07,0,0,290,python.exe,7936,MemCompression,2928,SAMSUNG MZVLQ512HBLU-00B,PASSED,2,99,26,10.3,390,0
8/8/2026 20:07,yathiswar,100,1700,60.3,6371.72,62.8,0,0.11,0,0,290,python.exe,14032,MemCompression,2928,SAMSUNG MZVLQ512HBLU-00B,PASSED,2,99,27,10.3,390,0
8/8/2026 20:07,yathiswar,100,1700,60.3,6372.62,62.8,0,0.03,0,0,290,python.exe,23068,MemCompression,2928,SAMSUNG MZVLQ512HBLU-00B,PASSED,2,99,26,10.3,390,0
8/8/2026 20:07,yathiswar,100,1700,60.3,6374.04,62.8,0,0,0,0,290,python.exe,24944,MemCompression,2928,SAMSUNG MZVLQ512HBLU-00B,PASSED,2,99,26,10.3,390,0
8/8/2026 20:07,yathiswar,100,1700,60.3,6373.89,62.8,0,0,0,0,290,python.exe,20984,MemCompression,2928,SAMSUNG MZVLQ512HBLU-00B,PASSED,2,99,26,10.3,390,0
8/8/2026 20:08,yathiswar,100,1700,60.1,6412.05,62.8,0,0.04,0,0,290,python.exe,26408,MemCompression,2928,SAMSUNG MZVLQ512HBLU-00B,PASSED,2,99,27,10.3,390,0
8/8/2026 20:08,yathiswar,100,1700,60.1,6416.17,62.8,0,0.07,0,0,290,python.exe,7936,MemCompression,2928,SAMSUNG MZVLQ512HBLU-00B,PASSED,2,99,26,10.3,390,0
8/8/2026 20:08,yathiswar,100,1700,59.9,6445.59,62.8,0.02,0.01,0,0,289,python.exe,23068,MemCompression,2928,SAMSUNG MZVLQ512HBLU-00B,PASSED,2,99,26,10.3,390,0
8/8/2026 20:08,yathiswar,100,1700,59.9,6446.59,62.8,0,0.05,0,0,289,python.exe,14032,MemCompression,2928,SAMSUNG MZVLQ512HBLU-00B,PASSED,2,99,27,10.3,390,0
8/8/2026 20:08,yathiswar,100,1700,59.9,6448.78,62.8,0.02,0.07,0,0,289,python.exe,7936,MemCompression,2928,SAMSUNG MZVLQ512HBLU-00B,PASSED,2,99,26,10.3,390,0
8/8/2026 20:08,yathiswar,100,1700,59.9,6447.88,62.8,0,0.05,0,0,289,python.exe,7936,MemCompression,2928,SAMSUNG MZVLQ512HBLU-00B,PASSED,2,99,26,10.3,390,0
8/8/2026 20:08,yathiswar,100,1700,59.9,6447.86,62.8,0,0,0,0,289,python.exe,15988,MemCompression,2928,SAMSUNG MZVLQ512HBLU-00B,PASSED,2,99,26,10.3,390,0
8/8/2026 20:08,yathiswar,100,1700,59.9,6448.01,62.8,0,0,0,0,289,python.exe,7936,MemCompression,2928,SAMSUNG MZVLQ512HBLU-00B,PASSED,2,99,26,10.3,390,0
8/8/2026 20:08,yathiswar,100,1700,59.9,6450,62.8,0,0.02,0,0,289,python.exe,24944,MemCompression,2928,SAMSUNG MZVLQ512HBLU-00B,PASSED,2,99,27,10.3,390,0
8/8/2026 20:08,yathiswar,100,1700,59.9,6449.57,62.8,0,0.09,0,0,289,python.exe,10092,MemCompression,2928,SAMSUNG MZVLQ512HBLU-00B,PASSED,2,99,26,10.3,390,0
8/8/2026 20:08,yathiswar,100,1700,59.9,6450.22,62.8,0.02,0.06,0,0,289,python.exe,15988,MemCompression,2928,SAMSUNG MZVLQ512HBLU-00B,PASSED,2,99,26,10.3,390,0
8/8/2026 20:08,yathiswar,100,1700,59.9,6450.31,62.8,0,0.02,0,0,289,python.exe,15988,MemCompression,2928,SAMSUNG MZVLQ512HBLU-00B,PASSED,2,99,26,10.3,390,0
8/8/2026 20:08,yathiswar,100,1700,59.9,6450.97,62.8,0,0.01,0,0,289,python.exe,15696,MemCompression,2928,SAMSUNG MZVLQ512HBLU-00B,PASSED,2,99,26,10.3,390,0
8/8/2026 20:08,yathiswar,100,1700,59.8,6451.84,62.8,0,0.02,0,0,289,python.exe,15988,MemCompression,2928,SAMSUNG MZVLQ512HBLU-00B,PASSED,2,99,26,10.3,390,0
8/8/2026 20:08,yathiswar,100,1700,59.8,6451.46,62.8,0,0,0,0,289,python.exe,9732,MemCompression,2928,SAMSUNG MZVLQ512HBLU-00B,PASSED,2,99,26,10.3,390,0
8/8/2026 20:08,yathiswar,100,1700,59.8,6452.13,62.8,0,0.03,0,0,289,python.exe,7936,MemCompression,2928,SAMSUNG MZVLQ512HBLU-00B,PASSED,2,99,26,10.3,390,0
8/8/2026 20:08,yathiswar,100,1700,59.8,6452.33,62.8,0,0.02,0,0,289,python.exe,15988,MemCompression,2928,SAMSUNG MZVLQ512HBLU-00B,PASSED,2,99,26,10.3,390,0
8/8/2026 20:09,yathiswar,100,1700,59.8,6452.44,62.8,0,0.01,0,0,289,python.exe,26408,MemCompression,2928,SAMSUNG MZVLQ512HBLU-00B,PASSED,2,99,26,10.3,390,0
8/8/2026 20:09,yathiswar,100,1700,59.8,6452.31,62.8,0,0,0,0,289,python.exe,14032,MemCompression,2928,SAMSUNG MZVLQ512HBLU-00B,PASSED,2,99,26,10.3,390,0
8/8/2026 20:09,yathiswar,100,1700,59.8,6452.91,62.8,0,0.03,0,0,289,python.exe,26408,MemCompression,2928,SAMSUNG MZVLQ512HBLU-00B,PASSED,2,99,26,10.3,390,0
8/8/2026 20:09,yathiswar,100,1700,59.8,6452.98,62.8,0,0.01,0,0,289,python.exe,9732,MemCompression,2928,SAMSUNG MZVLQ512HBLU-00B,PASSED,2,99,26,10.3,390,0
8/8/2026 20:09,yathiswar,100,1700,59.8,6455.16,62.8,0,0.02,0,0,289,python.exe,26408,MemCompression,2928,SAMSUNG MZVLQ512HBLU-00B,PASSED,2,99,26,10.3,390,0
8/8/2026 20:09,yathiswar,100,1700,59.8,6455.76,62.8,0,0.08,0,0,289,python.exe,10092,MemCompression,2928,SAMSUNG MZVLQ512HBLU-00B,PASSED,2,99,26,10.3,390,0
8/8/2026 20:09,yathiswar,100,1700,59.8,6455.29,62.8,0,0.02,0,0,289,python.exe,12964,MemCompression,2928,SAMSUNG MZVLQ512HBLU-00B,PASSED,2,99,26,10.3,390,0
8/8/2026 20:09,yathiswar,100,1700,59.8,6455.15,62.8,0,0.02,0,0,289,python.exe,9732,MemCompression,2928,SAMSUNG MZVLQ512HBLU-00B,PASSED,2,99,26,10.3,390,0
8/8/2026 20:09,yathiswar,100,1700,59.8,6455.07,62.8,0,0.05,0,0,289,python.exe,9732,MemCompression,2928,SAMSUNG MZVLQ512HBLU-00B,PASSED,2,99,26,10.3,390,0
8/8/2026 20:09,yathiswar,100,1700,59.8,6454.47,62.8,0,0,0,0,289,python.exe,10092,MemCompression,2928,SAMSUNG MZVLQ512HBLU-00B,PASSED,2,99,26,10.3,390,0
8/8/2026 20:09,yathiswar,100,1700,59.8,6454.52,62.8,0,0.01,0,0,289,python.exe,10092,MemCompression,2928,SAMSUNG MZVLQ512HBLU-00B,PASSED,2,99,26,10.3,390,0
8/8/2026 20:09,yathiswar,100,1700,59.8,6454.44,62.8,0,0.01,0,0,289,python.exe,15696,MemCompression,2928,SAMSUNG MZVLQ512HBLU-00B,PASSED,2,99,26,10.3,390,0
8/8/2026 20:09,yathiswar,100,1700,59.8,6459.73,62.8,0,0.03,0,0,289,python.exe,9732,MemCompression,2928,SAMSUNG MZVLQ512HBLU-00B,PASSED,2,99,27,10.3,390,0
8/8/2026 20:09,yathiswar,100,1700,59.8,6461.05,62.8,0,0.04,0,0,289,python.exe,9732,MemCompression,2928,SAMSUNG MZVLQ512HBLU-00B,PASSED,2,99,26,10.3,390,0
8/8/2026 20:09,yathiswar,100,1700,59.8,6460.62,62.8,0,0.02,0,0,289,python.exe,10092,MemCompression,2928,SAMSUNG MZVLQ512HBLU-00B,PASSED,2,99,26,10.3,390,0
8/8/2026 20:09,yathiswar,100,1700,60,6427.5,62.8,0,0.01,0,0,290,python.exe,15988,MemCompression,2928,SAMSUNG MZVLQ512HBLU-00B,PASSED,2,99,26,10.3,390,0
8/8/2026 20:09,yathiswar,100,1700,60.1,6403.38,62.8,0,0.08,0,0,291,python.exe,24944,MemCompression,2928,SAMSUNG MZVLQ512HBLU-00B,PASSED,2,99,27,10.3,390,0
8/8/2026 20:09,yathiswar,100,1700,60.2,6401.32,62.8,0,0.09,0,0,291,python.exe,9732,MemCompression,2928,SAMSUNG MZVLQ512HBLU-00B,PASSED,2,99,26,10.3,390,0
8/8/2026 20:10,yathiswar,100,1700,60.2,6395.41,62.8,0.01,0.06,0,0,291,python.exe,12964,MemCompression,2928,SAMSUNG MZVLQ512HBLU-00B,PASSED,2,99,26,10.3,390,0
8/8/2026 20:10,yathiswar,100,1700,60.2,6394.52,62.8,0,0.01,0,0,291,python.exe,15988,MemCompression,2928,SAMSUNG MZVLQ512HBLU-00B,PASSED,2,99,26,10.3,390,0
8/8/2026 20:10,yathiswar,100,1700,60.2,6395.3,62.8,0,0.01,0,0,291,python.exe,15988,MemCompression,2928,SAMSUNG MZVLQ512HBLU-00B,PASSED,2,99,26,10.3,390,0
8/8/2026 20:10,yathiswar,100,1700,60.2,6395.62,62.8,0,0.06,0,0,291,python.exe,9732,MemCompression,2928,SAMSUNG MZVLQ512HBLU-00B,PASSED,2,99,26,10.3,390,0
8/8/2026 20:10,yathiswar,100,1700,60.2,6397.04,62.8,0,0.13,0,0,291,python.exe,15988,MemCompression,2928,SAMSUNG MZVLQ512HBLU-00B,PASSED,2,99,26,10.3,390,0
8/8/2026 20:10,yathiswar,100,1700,60.2,6397.15,62.8,0,0.01,0,0,291,python.exe,12964,MemCompression,2928,SAMSUNG MZVLQ512HBLU-00B,PASSED,2,99,26,10.3,390,0
8/8/2026 20:10,yathiswar,100,1700,60.2,6396.93,62.8,0,0.09,0,0,291,python.exe,9732,MemCompression,2928,SAMSUNG MZVLQ512HBLU-00B,PASSED,2,99,26,10.3,390,0
8/8/2026 20:10,yathiswar,100,1700,60.2,6396.7,62.8,0,0.02,0,0,291,python.exe,7936,MemCompression,2928,SAMSUNG MZVLQ512HBLU-00B,PASSED,2,99,27,10.3,390,0
8/8/2026 20:10,yathiswar,100,1700,60.2,6395.61,62.8,0,0.03,0,0,291,python.exe,15988,MemCompression,2928,SAMSUNG MZVLQ512HBLU-00B,PASSED,2,99,26,10.3,390,0
8/8/2026 20:10,yathiswar,100,1700,60.2,6394.96,62.8,0,0.02,0,0,291,python.exe,14032,MemCompression,2928,SAMSUNG MZVLQ512HBLU-00B,PASSED,2,99,26,10.3,390,0
8/8/2026 20:10,yathiswar,100,1700,60.2,6394.68,62.8,0.01,0.02,0,0,291,python.exe,22124,MemCompression,2928,SAMSUNG MZVLQ512HBLU-00B,PASSED,2,99,26,10.3,390,0
8/8/2026 20:10,yathiswar,100,1700,60.2,6394.38,62.8,0,0,0,0,291,python.exe,20984,MemCompression,2928,SAMSUNG MZVLQ512HBLU-00B,PASSED,2,99,26,10.3,390,0
8/8/2026 20:10,yathiswar,100,1700,60.2,6393.67,62.8,0.1,0.02,0,0,291,python.exe,7936,MemCompression,2928,SAMSUNG MZVLQ512HBLU-00B,PASSED,2,99,26,10.3,390,0
8/8/2026 20:10,yathiswar,100,1700,60.2,6392.81,62.8,0,0.04,0,0,291,python.exe,20984,MemCompression,2928,SAMSUNG MZVLQ512HBLU-00B,PASSED,2,99,26,10.3,390,0
8/8/2026 20:10,yathiswar,100,1700,60.2,6392.64,62.8,0,0.01,0,0,291,python.exe,9732,MemCompression,2928,SAMSUNG MZVLQ512HBLU-00B,PASSED,2,99,26,10.3,390,0
8/8/2026 20:10,yathiswar,100,1700,60.2,6390.81,62.8,0,0.01,0,0,292,python.exe,7936,MemCompression,2928,SAMSUNG MZVLQ512HBLU-00B,PASSED,2,99,26,10.3,390,0
8/8/2026 20:10,yathiswar,100,1700,60.2,6390.51,62.8,0,0.02,0,0,292,python.exe,24944,MemCompression,2928,SAMSUNG MZVLQ512HBLU-00B,PASSED,2,99,26,10.3,390,0
8/8/2026 20:11,yathiswar,100,1700,60.2,6390.23,62.8,0,0,0,0,292,python.exe,26408,MemCompression,2928,SAMSUNG MZVLQ512HBLU-00B,PASSED,2,99,26,10.3,390,0
8/8/2026 20:11,yathiswar,100,1700,60.2,6387.05,62.8,0,0.05,0,0,292,python.exe,7936,MemCompression,2928,SAMSUNG MZVLQ512HBLU-00B,PASSED,2,99,26,10.3,390,0
8/8/2026 20:11,yathiswar,100,1700,60.2,6386.94,62.8,0,0.02,0,0,292,python.exe,7936,MemCompression,2928,SAMSUNG MZVLQ512HBLU-00B,PASSED,2,99,27,10.3,390,0
8/8/2026 20:11,yathiswar,100,1700,60.3,6386.12,62.8,0,0.01,0,0,292,python.exe,14032,MemCompression,2928,SAMSUNG MZVLQ512HBLU-00B,PASSED,2,99,26,10.3,390,0
8/8/2026 20:11,yathiswar,100,1700,60.3,6385.86,62.8,0,0,0,0,292,python.exe,12964,MemCompression,2928,SAMSUNG MZVLQ512HBLU-00B,PASSED,2,99,26,10.3,390,0
8/8/2026 20:11,yathiswar,100,1700,60.3,6385.22,62.8,0,0.06,0,0,292,python.exe,15988,MemCompression,2928,SAMSUNG MZVLQ512HBLU-00B,PASSED,2,99,26,10.3,390,0
8/8/2026 20:11,yathiswar,100,1700,60.3,6384.84,62.8,0,0.03,0,0,292,python.exe,12964,MemCompression,2928,SAMSUNG MZVLQ512HBLU-00B,PASSED,2,99,26,10.3,390,0
8/8/2026 20:11,yathiswar,100,1700,60.3,6385,62.8,0,0.01,0,0,292,python.exe,22124,MemCompression,2928,SAMSUNG MZVLQ512HBLU-00B,PASSED,2,99,27,10.3,390,0
8/8/2026 20:11,yathiswar,100,1700,60.3,6383.08,62.8,0,0.04,0,0,292,python.exe,26408,MemCompression,2928,SAMSUNG MZVLQ512HBLU-00B,PASSED,2,99,27,10.3,390,0
8/8/2026 20:11,yathiswar,100,1700,60.3,6382.35,62.8,0,0.03,0,0,292,python.exe,20984,MemCompression,2928,SAMSUNG MZVLQ512HBLU-00B,PASSED,2,99,27,10.3,390,0
8/8/2026 20:11,yathiswar,100,1700,60.6,6338.05,62.8,0,0.04,0,0,292,python.exe,10092,MemCompression,2928,SAMSUNG MZVLQ512HBLU-00B,PASSED,2,99,27,10.3,390,0
8/8/2026 20:11,yathiswar,100,1700,60.1,6407.78,62.8,0,0.01,0,0,292,python.exe,10092,MemCompression,2928,SAMSUNG MZVLQ512HBLU-00B,PASSED,2,99,26,10.3,390,0
8/8/2026 20:11,yathiswar,100,1700,60.1,6409.4,62.8,0,0.01,0,0,292,python.exe,20984,MemCompression,2928,SAMSUNG MZVLQ512HBLU-00B,PASSED,2,99,26,10.3,390,0
8/8/2026 20:11,yathiswar,100,1700,60.1,6410.45,62.8,0,0.02,0,0,292,python.exe,20984,MemCompression,2928,SAMSUNG MZVLQ512HBLU-00B,PASSED,2,99,26,10.3,390,0
8/8/2026 20:11,yathiswar,100,1700,60.1,6410.9,62.8,0,0.07,0,0,292,python.exe,12964,MemCompression,2928,SAMSUNG MZVLQ512HBLU-00B,PASSED,2,99,27,10.3,390,0
8/8/2026 20:11,yathiswar,100,1700,60.1,6411.91,62.8,0,0.04,0,0,293,python.exe,7936,MemCompression,2928,SAMSUNG MZVLQ512HBLU-00B,PASSED,2,99,27,10.3,390,0
8/8/2026 20:11,yathiswar,100,1700,60.1,6411.66,62.8,0,0.07,0,0,293,python.exe,9732,MemCompression,2928,SAMSUNG MZVLQ512HBLU-00B,PASSED,2,99,26,10.3,390,0
8/8/2026 20:12,yathiswar,100,1700,60.1,6411.97,62.8,0,0,0,0,293,python.exe,12964,MemCompression,2928,SAMSUNG MZVLQ512HBLU-00B,PASSED,2,99,26,10.3,390,0
8/8/2026 20:12,yathiswar,100,1700,60.2,6401.09,62.8,0,0.01,0,0,294,python.exe,26408,MemCompression,2928,SAMSUNG MZVLQ512HBLU-00B,PASSED,2,99,26,10.3,390,0
8/8/2026 20:12,yathiswar,100,1700,60.2,6400.85,62.8,0.02,0.07,0,0,294,python.exe,7936,MemCompression,2928,SAMSUNG MZVLQ512HBLU-00B,PASSED,2,99,26,10.3,390,0
8/8/2026 20:12,yathiswar,100,1700,60.2,6401.59,62.8,0,0.02,0,0,294,python.exe,10092,MemCompression,2928,SAMSUNG MZVLQ512HBLU-00B,PASSED,2,99,26,10.3,390,0
8/8/2026 20:12,yathiswar,100,1700,60.2,6401.75,62.8,0.17,0.01,0,0,294,python.exe,24944,MemCompression,2928,SAMSUNG MZVLQ512HBLU-00B,PASSED,2,99,26,10.3,390,0
8/8/2026 20:12,yathiswar,100,1700,60.1,6402.89,62.8,0,0.02,0,0,294,python.exe,9732,MemCompression,2928,SAMSUNG MZVLQ512HBLU-00B,PASSED,2,99,28,10.3,390,0
8/8/2026 20:12,yathiswar,100,1700,60.2,6401.43,62.8,0.13,0.05,0,0,294,python.exe,12964,MemCompression,2928,SAMSUNG MZVLQ512HBLU-00B,PASSED,2,99,27,10.3,390,0
8/8/2026 20:12,yathiswar,100,1700,61.6,6174.95,62.8,0.25,0.06,0,0,294,python.exe,12964,MemCompression,2928,SAMSUNG MZVLQ512HBLU-00B,PASSED,2,99,28,10.3,390,0
8/8/2026 20:12,yathiswar,100,1700,61.6,6172.83,62.8,0.01,0.01,0,0,294,python.exe,15696,MemCompression,2928,SAMSUNG MZVLQ512HBLU-00B,PASSED,2,99,27,10.3,390,0
8/8/2026 20:12,yathiswar,100,1700,61.5,6189.88,62.8,0.03,0.02,0,0,293,python.exe,9732,MemCompression,2928,SAMSUNG MZVLQ512HBLU-00B,PASSED,2,99,26,10.3,390,0
8/8/2026 20:12,yathiswar,100,1700,61.5,6192.51,62.8,0,0.04,0,0,293,python.exe,9732,MemCompression,2928,SAMSUNG MZVLQ512HBLU-00B,PASSED,2,99,26,10.3,390,0
8/8/2026 20:12,yathiswar,100,1700,61.5,6192.97,62.8,0,0,0,0,293,python.exe,24944,MemCompression,2928,SAMSUNG MZVLQ512HBLU-00B,PASSED,2,99,26,10.3,390,0
8/8/2026 20:12,yathiswar,100,1700,61.5,6192.51,62.8,0,0,0,0,292,python.exe,9732,MemCompression,2928,SAMSUNG MZVLQ512HBLU-00B,PASSED,2,99,26,10.3,390,0
8/8/2026 20:12,yathiswar,100,1700,61.4,6196.07,62.8,0,0.02,0,0,292,python.exe,15696,MemCompression,2928,SAMSUNG MZVLQ512HBLU-00B,PASSED,2,99,27,10.3,390,0
8/8/2026 20:12,yathiswar,100,1700,61.2,6240.19,62.8,0,0.05,0,0,292,python.exe,23068,MemCompression,2928,SAMSUNG MZVLQ512HBLU-00B,PASSED,2,99,27,10.3,390,0
8/8/2026 20:12,yathiswar,100,1700,61.2,6237.28,62.8,0.02,0.11,0,0,292,python.exe,23068,MemCompression,2928,SAMSUNG MZVLQ512HBLU-00B,PASSED,2,99,26,10.3,390,0
8/8/2026 20:13,yathiswar,100,1700,61.2,6236.27,62.8,0,0.05,0,0,292,python.exe,7936,MemCompression,2928,SAMSUNG MZVLQ512HBLU-00B,PASSED,2,99,28,10.3,390,0
8/8/2026 20:13,yathiswar,100,1700,61.5,6182.07,62.8,0.05,0.02,0,0,292,python.exe,26408,MemCompression,2928,SAMSUNG MZVLQ512HBLU-00B,PASSED,2,99,27,10.3,390,0
8/8/2026 20:13,yathiswar,100,1700,61.5,6179.41,62.8,0.01,0.16,0,0,292,python.exe,15696,MemCompression,2928,SAMSUNG MZVLQ512HBLU-00B,PASSED,2,99,27,10.3,390,0
8/8/2026 20:13,yathiswar,100,1700,61.6,6177.64,62.8,0,0,0,0,292,python.exe,20984,MemCompression,2928,SAMSUNG MZVLQ512HBLU-00B,PASSED,2,99,26,10.3,390,0
8/8/2026 20:13,yathiswar,100,1700,61.5,6179.28,62.8,0.02,0.12,0,0,292,python.exe,15988,MemCompression,2928,SAMSUNG MZVLQ512HBLU-00B,PASSED,2,99,26,10.3,390,0
8/8/2026 20:13,yathiswar,100,1700,61.5,6183.46,62.8,0,0.01,0,0,292,python.exe,15988,MemCompression,2928,SAMSUNG MZVLQ512HBLU-00B,PASSED,2,99,26,10.3,390,0
8/8/2026 20:13,yathiswar,100,1700,61.5,6190.15,62.8,0,0.04,0,0,290,python.exe,15988,MemCompression,2928,SAMSUNG MZVLQ512HBLU-00B,PASSED,2,99,26,10.3,390,0
8/8/2026 20:13,yathiswar,100,1700,61.4,6194.62,62.8,0,0.03,0,0,290,python.exe,7936,MemCompression,2928,SAMSUNG MZVLQ512HBLU-00B,PASSED,2,99,26,10.3,390,0
8/8/2026 20:13,yathiswar,100,1700,61.4,6198.87,62.8,0,0.01,0,0,290,python.exe,26408,MemCompression,2928,SAMSUNG MZVLQ512HBLU-00B,PASSED,2,99,27,10.3,390,0
8/8/2026 20:13,yathiswar,100,1700,61.4,6200.27,62.8,0,0.02,0,0,290,python.exe,9732,MemCompression,2928,SAMSUNG MZVLQ512HBLU-00B,PASSED,2,99,26,10.3,390,0
8/8/2026 20:13,yathiswar,100,1700,61.4,6200.82,62.8,0,0.06,0,0,290,python.exe,20984,MemCompression,2928,SAMSUNG MZVLQ512HBLU-00B,PASSED,2,99,26,10.3,390,0
8/8/2026 20:13,yathiswar,100,1700,61.4,6201.12,62.8,0,0.16,0,0,290,python.exe,20984,MemCompression,2928,SAMSUNG MZVLQ512HBLU-00B,PASSED,2,99,28,10.3,390,0
8/8/2026 20:13,yathiswar,100,1700,61.4,6201.66,62.8,0.01,0.01,0,0,290,python.exe,10092,MemCompression,2928,SAMSUNG MZVLQ512HBLU-00B,PASSED,2,99,26,10.3,390,0
8/8/2026 20:13,yathiswar,100,1700,61.4,6203.3,62.8,0,0.02,0,0,290,python.exe,20984,MemCompression,2928,SAMSUNG MZVLQ512HBLU-00B,PASSED,2,99,26,10.3,390,0
8/8/2026 20:13,yathiswar,100,1700,61.4,6201.23,62.8,0,0.02,0,0,290,python.exe,7936,MemCompression,2928,SAMSUNG MZVLQ512HBLU-00B,PASSED,2,99,27,10.3,390,0
8/8/2026 20:13,yathiswar,100,1700,61.4,6200.18,62.8,0.01,0.02,0,0,290,python.exe,15988,MemCompression,2928,SAMSUNG MZVLQ512HBLU-00B,PASSED,2,99,26,10.3,390,0
8/8/2026 20:14,yathiswar,100,1700,61.4,6199.38,62.8,0,0.01,0,0,290,python.exe,15988,MemCompression,2928,SAMSUNG MZVLQ512HBLU-00B,PASSED,2,99,26,10.3,390,0
8/8/2026 20:14,yathiswar,100,1700,61.4,6202.07,62.8,0,0,0,0,290,python.exe,20984,MemCompression,2928,SAMSUNG MZVLQ512HBLU-00B,PASSED,2,99,26,10.3,390,0
8/8/2026 20:14,yathiswar,100,1700,61.4,6203.36,62.8,0,0.03,0,0,290,python.exe,22124,MemCompression,2928,SAMSUNG MZVLQ512HBLU-00B,PASSED,2,99,26,10.3,390,0
8/8/2026 20:14,yathiswar,100,1700,61.4,6203.45,62.8,0,0,0,0,290,python.exe,26408,MemCompression,2928,SAMSUNG MZVLQ512HBLU-00B,PASSED,2,99,26,10.3,390,0
8/8/2026 20:14,yathiswar,100,1700,61.4,6205.88,62.8,0,0.1,0,0,290,python.exe,10092,MemCompression,2928,SAMSUNG MZVLQ512HBLU-00B,PASSED,2,99,26,10.3,390,0
8/8/2026 20:14,yathiswar,100,1700,61.4,6202.71,62.8,0,0,0,0,290,python.exe,23068,MemCompression,2928,SAMSUNG MZVLQ512HBLU-00B,PASSED,2,99,27,10.3,390,0
8/8/2026 20:14,yathiswar,100,1700,61.4,6203.61,62.8,0,0.02,0,0,290,python.exe,10092,MemCompression,2928,SAMSUNG MZVLQ512HBLU-00B,PASSED,2,99,26,10.3,390,0
8/8/2026 20:14,yathiswar,100,1700,61.4,6203.27,62.8,0,0.01,0,0,290,python.exe,24944,MemCompression,2928,SAMSUNG MZVLQ512HBLU-00B,PASSED,2,99,26,10.3,390,0
8/8/2026 20:14,yathiswar,100,1700,61.4,6203.83,62.8,0,0.03,0,0,290,python.exe,26408,MemCompression,2928,SAMSUNG MZVLQ512HBLU-00B,PASSED,2,99,26,10.3,390,0
8/8/2026 20:14,yathiswar,100,1700,61.4,6204.76,62.8,0,0.02,0,0,290,python.exe,14032,MemCompression,2928,SAMSUNG MZVLQ512HBLU-00B,PASSED,2,99,26,10.3,390,0
8/8/2026 20:14,yathiswar,100,1700,61.4,6201.46,62.8,0,0.02,0,0,290,python.exe,14032,MemCompression,2928,SAMSUNG MZVLQ512HBLU-00B,PASSED,2,99,26,10.3,390,0
8/8/2026 20:14,yathiswar,100,1700,61.4,6202.29,62.8,0,0.01,0,0,290,python.exe,14032,MemCompression,2928,SAMSUNG MZVLQ512HBLU-00B,PASSED,2,99,27,10.3,390,0
8/8/2026 20:14,yathiswar,100,1700,61.4,6206.75,62.8,0,0.01,0,0,290,python.exe,26408,MemCompression,2928,SAMSUNG MZVLQ512HBLU-00B,PASSED,2,99,27,10.3,390,0
8/8/2026 20:14,yathiswar,100,1700,61.4,6199.4,62.8,0,0.05,0,0,290,python.exe,9732,MemCompression,2928,SAMSUNG MZVLQ512HBLU-00B,PASSED,2,99,26,10.3,390,0
8/8/2026 20:14,yathiswar,100,1700,61.4,6199.02,62.8,0,0,0,0,290,python.exe,14032,MemCompression,2928,SAMSUNG MZVLQ512HBLU-00B,PASSED,2,99,26,10.3,390,0
8/8/2026 20:14,yathiswar,100,1700,61.4,6197.77,62.8,0,0,0,0,290,python.exe,22124,MemCompression,2928,SAMSUNG MZVLQ512HBLU-00B,PASSED,2,99,26,10.3,390,0
8/8/2026 20:15,yathiswar,100,1700,61.4,6199.84,62.8,0,0.01,0,0,290,python.exe,26408,MemCompression,2928,SAMSUNG MZVLQ512HBLU-00B,PASSED,2,99,26,10.3,390,0
8/8/2026 20:15,yathiswar,100,1700,61.4,6196.14,62.8,0,0.01,0,0,290,python.exe,9732,MemCompression,2928,SAMSUNG MZVLQ512HBLU-00B,PASSED,2,99,26,10.3,390,0
8/8/2026 20:15,yathiswar,100,1700,61.4,6201.59,62.8,0,0.03,0,0,290,python.exe,7936,MemCompression,2928,SAMSUNG MZVLQ512HBLU-00B,PASSED,2,99,26,10.3,390,0
8/8/2026 20:15,yathiswar,100,1700,61.4,6207.39,62.8,0,0,0,0,290,python.exe,10092,MemCompression,2928,SAMSUNG MZVLQ512HBLU-00B,PASSED,2,99,26,10.3,390,0
8/8/2026 20:15,yathiswar,100,1700,61.4,6206.07,62.8,0,0,0,0,290,python.exe,10092,MemCompression,2928,SAMSUNG MZVLQ512HBLU-00B,PASSED,2,99,26,10.3,390,0
8/8/2026 20:15,yathiswar,100,1700,61.4,6204.84,62.8,0,0.08,0,0,290,python.exe,10092,MemCompression,2928,SAMSUNG MZVLQ512HBLU-00B,PASSED,2,99,26,10.3,390,0
8/8/2026 20:15,yathiswar,100,1700,61.4,6207.24,62.8,0,0.05,0,0,290,python.exe,23068,MemCompression,2928,SAMSUNG MZVLQ512HBLU-00B,PASSED,2,99,26,10.3,390,0
8/8/2026 20:15,yathiswar,100,1700,61.4,6206.2,62.8,0,0.01,0,0,290,python.exe,14032,MemCompression,2928,SAMSUNG MZVLQ512HBLU-00B,PASSED,2,99,26,10.3,390,0
8/8/2026 20:15,yathiswar,100,1700,61.3,6210.43,62.8,0,0.02,0,0,290,python.exe,10092,MemCompression,2928,SAMSUNG MZVLQ512HBLU-00B,PASSED,2,99,26,10.3,390,0
8/8/2026 20:15,yathiswar,100,1700,61.4,6207.6,62.8,0,0.03,0,0,290,python.exe,7936,MemCompression,2928,SAMSUNG MZVLQ512HBLU-00B,PASSED,2,99,26,10.3,390,0
8/8/2026 20:15,yathiswar,100,1700,61.4,6208.94,62.8,0,0.02,0,0,290,python.exe,22124,MemCompression,2928,SAMSUNG MZVLQ512HBLU-00B,PASSED,2,99,26,10.3,390,0
8/8/2026 20:15,yathiswar,100,1700,61.4,6207.96,62.8,0,0.01,0,0,290,python.exe,12964,MemCompression,2928,SAMSUNG MZVLQ512HBLU-00B,PASSED,2,99,25,10.3,390,0
8/8/2026 20:15,yathiswar,100,1700,61.4,6205.58,62.8,0,0.01,0,0,290,python.exe,22124,MemCompression,2928,SAMSUNG MZVLQ512HBLU-00B,PASSED,2,99,25,10.3,390,0
8/8/2026 20:15,yathiswar,100,1700,61.4,6205.5,62.8,0,0.01,0,0,290,python.exe,9732,MemCompression,2928,SAMSUNG MZVLQ512HBLU-00B,PASSED,2,99,26,10.3,390,0
8/8/2026 20:15,yathiswar,100,1700,61,6260.74,62.8,0,0.02,0,0,289,python.exe,14032,MemCompression,2928,SAMSUNG MZVLQ512HBLU-00B,PASSED,2,99,26,10.3,390,0
8/8/2026 20:15,yathiswar,100,1700,61,6263.2,62.8,0,0.05,0,0,289,python.exe,12964,MemCompression,2928,SAMSUNG MZVLQ512HBLU-00B,PASSED,2,99,25,10.3,390,0
8/8/2026 20:15,yathiswar,100,1700,61,6268.62,62.8,0,0.07,0,0,289,python.exe,10092,MemCompression,2928,SAMSUNG MZVLQ512HBLU-00B,PASSED,2,99,26,10.3,390,0
8/8/2026 20:16,yathiswar,100,1700,61,6267.8,62.8,0,0.02,0,0,289,python.exe,15988,MemCompression,2928,SAMSUNG MZVLQ512HBLU-00B,PASSED,2,99,26,10.3,390,0
8/8/2026 20:16,yathiswar,100,1700,61,6264.04,62.8,0,0,0,0,289,python.exe,7936,MemCompression,2928,SAMSUNG MZVLQ512HBLU-00B,PASSED,2,99,26,10.3,390,0
8/8/2026 20:16,yathiswar,100,1700,61,6265.24,62.8,0,0.02,0,0,289,python.exe,26408,MemCompression,2928,SAMSUNG MZVLQ512HBLU-00B,PASSED,2,99,26,10.3,390,0
8/8/2026 20:16,yathiswar,100,1700,61,6268.5,62.8,0,0.02,0,0,289,python.exe,26408,MemCompression,2928,SAMSUNG MZVLQ512HBLU-00B,PASSED,2,99,25,10.3,390,0
8/8/2026 20:16,yathiswar,100,1700,61,6264.02,62.8,0,0.01,0,0,289,python.exe,23068,MemCompression,2928,SAMSUNG MZVLQ512HBLU-00B,PASSED,2,99,26,10.3,390,0
8/8/2026 20:16,yathiswar,100,1700,61,6265.28,62.8,0,0.01,0,0,288,python.exe,22124,MemCompression,2928,SAMSUNG MZVLQ512HBLU-00B,PASSED,2,99,26,10.3,390,0
8/8/2026 20:16,yathiswar,100,1700,61,6271.61,62.8,0.01,0.03,0,0,288,python.exe,10092,MemCompression,2928,SAMSUNG MZVLQ512HBLU-00B,PASSED,2,99,26,10.3,390,0
8/8/2026 20:16,yathiswar,100,1700,61,6273.89,62.8,0,0.02,0,0,288,python.exe,15988,MemCompression,2928,SAMSUNG MZVLQ512HBLU-00B,PASSED,2,99,26,10.3,390,0
8/8/2026 20:16,yathiswar,100,1700,61,6274.19,62.8,0,0.01,0,0,288,python.exe,22124,MemCompression,2928,SAMSUNG MZVLQ512HBLU-00B,PASSED,2,99,26,10.3,390,0
8/8/2026 20:16,yathiswar,100,1700,60.9,6277.49,62.8,0,0.01,0,0,288,python.exe,7936,MemCompression,2928,SAMSUNG MZVLQ512HBLU-00B,PASSED,2,99,25,10.3,390,0
8/8/2026 20:16,yathiswar,100,1700,61,6273.85,62.8,0,0,0,0,288,python.exe,10092,MemCompression,2928,SAMSUNG MZVLQ512HBLU-00B,PASSED,2,99,26,10.3,390,0
8/8/2026 20:16,yathiswar,100,1700,61,6273.78,62.8,0,0.01,0,0,288,python.exe,26408,MemCompression,2928,SAMSUNG MZVLQ512HBLU-00B,PASSED,2,99,26,10.3,390,0
8/8/2026 20:16,yathiswar,100,1700,61,6273.14,62.8,0,0.08,0,0,288,python.exe,9732,MemCompression,2928,SAMSUNG MZVLQ512HBLU-00B,PASSED,2,99,25,10.3,390,0
8/8/2026 20:16,yathiswar,100,1700,61,6269.55,62.8,0,0,0,0,288,python.exe,10092,MemCompression,2928,SAMSUNG MZVLQ512HBLU-00B,PASSED,2,99,26,10.3,390,0
8/8/2026 20:16,yathiswar,100,1700,61,6266.85,62.8,0,0.01,0,0,288,python.exe,23068,MemCompression,2928,SAMSUNG MZVLQ512HBLU-00B,PASSED,2,99,26,10.3,390,0
8/8/2026 20:16,yathiswar,100,1700,61,6266.54,62.8,0,0.04,0,0,288,python.exe,7936,MemCompression,2928,SAMSUNG MZVLQ512HBLU-00B,PASSED,2,99,26,10.3,390,0
8/8/2026 20:16,yathiswar,100,1700,61,6265.95,62.8,0,0.04,0,0,288,python.exe,12964,MemCompression,2928,SAMSUNG MZVLQ512HBLU-00B,PASSED,2,99,27,10.3,390,0
8/8/2026 20:17,yathiswar,100,1700,61,6265.45,62.8,0,0.01,0,0,288,python.exe,9732,MemCompression,2928,SAMSUNG MZVLQ512HBLU-00B,PASSED,2,99,25,10.3,390,0
8/8/2026 20:17,yathiswar,100,1700,61,6265.75,62.8,0,0,0,0,288,python.exe,14032,MemCompression,2928,SAMSUNG MZVLQ512HBLU-00B,PASSED,2,99,26,10.3,390,0
8/8/2026 20:17,yathiswar,100,1700,61,6265.91,62.8,0,0,0,0,288,python.exe,9732,MemCompression,2928,SAMSUNG MZVLQ512HBLU-00B,PASSED,2,99,25,10.3,390,0
8/8/2026 20:17,yathiswar,100,1700,61,6265.93,62.8,0,0.02,0,0,288,python.exe,7936,MemCompression,2928,SAMSUNG MZVLQ512HBLU-00B,PASSED,2,99,26,10.3,390,0
8/8/2026 20:17,yathiswar,100,1700,61,6265.46,62.8,0,0.04,0,0,288,python.exe,26408,MemCompression,2928,SAMSUNG MZVLQ512HBLU-00B,PASSED,2,99,27,10.3,390,0
8/8/2026 20:17,yathiswar,100,1700,61,6265.44,62.8,0,0.07,0,0,288,python.exe,14032,MemCompression,2928,SAMSUNG MZVLQ512HBLU-00B,PASSED,2,99,26,10.3,390,0
8/8/2026 20:17,yathiswar,100,1700,61,6265.5,62.8,0,0.02,0,0,288,python.exe,15988,MemCompression,2928,SAMSUNG MZVLQ512HBLU-00B,PASSED,2,99,26,10.3,390,0
8/8/2026 20:17,yathiswar,100,1700,61,6266.08,62.8,0.01,0.02,0,0,288,python.exe,14032,MemCompression,2928,SAMSUNG MZVLQ512HBLU-00B,PASSED,2,99,27,10.3,390,0
8/8/2026 20:17,yathiswar,100,1700,61,6266.63,62.8,0.02,0.05,0,0,288,python.exe,10092,MemCompression,2928,SAMSUNG MZVLQ512HBLU-00B,PASSED,2,99,26,10.3,390,0
8/8/2026 20:17,yathiswar,100,1700,61,6266.72,62.8,0,0.01,0,0,288,python.exe,10092,MemCompression,2928,SAMSUNG MZVLQ512HBLU-00B,PASSED,2,99,26,10.3,390,0
8/8/2026 20:17,yathiswar,100,1700,61,6266.64,62.8,0,0,0,0,288,python.exe,12964,MemCompression,2928,SAMSUNG MZVLQ512HBLU-00B,PASSED,2,99,26,10.3,390,0
8/8/2026 20:17,yathiswar,100,1700,61,6266.85,62.8,0.01,0.01,0,0,288,python.exe,20984,MemCompression,2928,SAMSUNG MZVLQ512HBLU-00B,PASSED,2,99,26,10.3,390,0
8/8/2026 20:17,yathiswar,100,1700,61,6268.36,62.8,0,0.01,0,0,288,python.exe,9732,MemCompression,2928,SAMSUNG MZVLQ512HBLU-00B,PASSED,2,99,26,10.3,390,0
8/8/2026 20:17,yathiswar,100,1700,61,6268.19,62.8,0,0.02,0,0,288,python.exe,20984,MemCompression,2928,SAMSUNG MZVLQ512HBLU-00B,PASSED,2,99,26,10.3,390,0
8/8/2026 20:17,yathiswar,100,1700,61,6267.25,62.8,0,0,0,0,288,python.exe,15696,MemCompression,2928,SAMSUNG MZVLQ512HBLU-00B,PASSED,2,99,26,10.3,390,0
8/8/2026 20:17,yathiswar,100,1700,61,6266.79,62.8,0,0.02,0,0,288,python.exe,9732,MemCompression,2928,SAMSUNG MZVLQ512HBLU-00B,PASSED,2,99,26,10.3,390,0
8/8/2026 20:18,yathiswar,100,1700,61,6265.46,62.8,0,0.01,0,0,288,python.exe,12964,MemCompression,2928,SAMSUNG MZVLQ512HBLU-00B,PASSED,2,99,26,10.3,390,0
8/8/2026 20:18,yathiswar,100,1700,61,6263.31,62.8,0,0.04,0,0,288,python.exe,14032,MemCompression,2928,SAMSUNG MZVLQ512HBLU-00B,PASSED,2,99,26,10.3,390,0
8/8/2026 20:18,yathiswar,100,1700,61,6262.14,62.8,0,0.03,0,0,288,python.exe,12964,MemCompression,2928,SAMSUNG MZVLQ512HBLU-00B,PASSED,2,99,26,10.3,390,0
8/8/2026 20:18,yathiswar,100,1700,61,6262.29,62.8,0,0.01,0,0,288,python.exe,9732,MemCompression,2928,SAMSUNG MZVLQ512HBLU-00B,PASSED,2,99,26,10.3,390,0
8/8/2026 20:18,yathiswar,100,1700,61,6262.16,62.8,0,0.05,0,0,288,python.exe,9732,MemCompression,2928,SAMSUNG MZVLQ512HBLU-00B,PASSED,2,99,26,10.3,390,0
8/8/2026 20:18,yathiswar,100,1700,61,6261.28,62.8,0,0,0,0,288,python.exe,24944,MemCompression,2928,SAMSUNG MZVLQ512HBLU-00B,PASSED,2,99,26,10.3,390,0
8/8/2026 20:18,yathiswar,100,1700,61,6262.57,62.8,0,0.01,0,0,288,python.exe,22124,MemCompression,2928,SAMSUNG MZVLQ512HBLU-00B,PASSED,2,99,27,10.3,390,0
8/8/2026 20:18,yathiswar,100,1700,61,6262.98,62.8,0,0.1,0,0,288,python.exe,20984,MemCompression,2928,SAMSUNG MZVLQ512HBLU-00B,PASSED,2,99,26,10.3,390,0
8/8/2026 20:18,yathiswar,100,1700,61,6263.15,62.8,0,0.01,0,0,288,python.exe,22124,MemCompression,2928,SAMSUNG MZVLQ512HBLU-00B,PASSED,2,99,26,10.3,390,0
8/8/2026 20:18,yathiswar,100,1700,61,6263.29,62.8,0,0.03,0,0,288,python.exe,10092,MemCompression,2928,SAMSUNG MZVLQ512HBLU-00B,PASSED,2,99,26,10.3,390,0
8/8/2026 20:18,yathiswar,100,1700,61,6270.57,62.8,0,0,0,0,288,python.exe,10092,MemCompression,2928,SAMSUNG MZVLQ512HBLU-00B,PASSED,2,99,26,10.3,390,0
8/8/2026 20:18,yathiswar,100,1700,61,6270.13,62.8,0,0.02,0,0,288,python.exe,9732,MemCompression,2928,SAMSUNG MZVLQ512HBLU-00B,PASSED,2,99,26,10.3,390,0
8/8/2026 20:18,yathiswar,100,1700,61,6270.89,62.8,0,0.03,0,0,288,python.exe,15988,MemCompression,2928,SAMSUNG MZVLQ512HBLU-00B,PASSED,2,99,26,10.3,390,0
8/8/2026 20:18,yathiswar,100,1700,61,6270.8,62.8,0.02,0.03,0,0,288,python.exe,20984,MemCompression,2928,SAMSUNG MZVLQ512HBLU-00B,PASSED,2,99,26,10.3,390,0
8/8/2026 20:18,yathiswar,100,1700,61,6270.52,62.8,0.01,0.08,0,0,288,python.exe,9732,MemCompression,2928,SAMSUNG MZVLQ512HBLU-00B,PASSED,2,99,26,10.3,390,0
8/8/2026 20:18,yathiswar,100,1700,61,6270.64,62.8,0,0.1,0,0,288,python.exe,12964,MemCompression,2928,SAMSUNG MZVLQ512HBLU-00B,PASSED,2,99,26,10.3,390,0
8/8/2026 20:18,yathiswar,100,1700,61,6270.94,62.8,0,0.03,0,0,288,python.exe,15696,MemCompression,2928,SAMSUNG MZVLQ512HBLU-00B,PASSED,2,99,27,10.3,390,0
8/8/2026 20:19,yathiswar,100,1700,61,6268.74,62.8,0,0.04,0,0,288,python.exe,26408,MemCompression,2928,SAMSUNG MZVLQ512HBLU-00B,PASSED,2,99,26,10.3,390,0
8/8/2026 20:19,yathiswar,100,1700,61,6270.67,62.8,0,0.02,0,0,288,python.exe,12964,MemCompression,2928,SAMSUNG MZVLQ512HBLU-00B,PASSED,2,99,26,10.3,390,0
8/8/2026 20:19,yathiswar,100,1700,61,6270.56,62.8,0,0,0,0,288,python.exe,26408,MemCompression,2928,SAMSUNG MZVLQ512HBLU-00B,PASSED,2,99,26,10.3,390,0
8/8/2026 20:19,yathiswar,100,1700,61,6270.42,62.8,0,0.01,0,0,288,python.exe,15696,MemCompression,2928,SAMSUNG MZVLQ512HBLU-00B,PASSED,2,99,26,10.3,390,0
8/8/2026 20:19,yathiswar,100,1700,61,6270.49,62.8,0,0.01,0,0,288,python.exe,26408,MemCompression,2928,SAMSUNG MZVLQ512HBLU-00B,PASSED,2,99,26,10.3,390,0
8/8/2026 20:19,yathiswar,100,1700,61,6266.11,62.8,0,0.04,0,0,288,python.exe,22124,MemCompression,2928,SAMSUNG MZVLQ512HBLU-00B,PASSED,2,99,26,10.3,390,0
8/8/2026 20:19,yathiswar,100,1700,61,6265.73,62.8,0,0.01,0,0,288,python.exe,26408,MemCompression,2928,SAMSUNG MZVLQ512HBLU-00B,PASSED,2,99,26,10.3,390,0
8/8/2026 20:19,yathiswar,100,1700,61,6264.37,62.8,0,0.01,0,0,288,python.exe,24944,MemCompression,2928,SAMSUNG MZVLQ512HBLU-00B,PASSED,2,99,26,10.3,390,0
8/8/2026 20:19,yathiswar,100,1700,61,6266.39,62.8,0,0.04,0,0,288,python.exe,7936,MemCompression,2928,SAMSUNG MZVLQ512HBLU-00B,PASSED,2,99,26,10.3,390,0
8/8/2026 20:19,yathiswar,100,1700,61,6266.74,62.8,0,0.03,0,0,288,python.exe,20984,MemCompression,2928,SAMSUNG MZVLQ512HBLU-00B,PASSED,2,99,27,10.3,390,0
8/8/2026 20:19,yathiswar,100,1700,61,6266.72,62.8,0,0.01,0,0,288,python.exe,7936,MemCompression,2928,SAMSUNG MZVLQ512HBLU-00B,PASSED,2,99,26,10.3,390,0
8/8/2026 20:19,yathiswar,100,1700,61,6267.13,62.8,0,0.02,0,0,288,python.exe,10092,MemCompression,2928,SAMSUNG MZVLQ512HBLU-00B,PASSED,2,99,26,10.3,390,0
8/8/2026 20:19,yathiswar,100,1700,61,6268.72,62.8,0.01,0,0,0,288,python.exe,12964,MemCompression,2928,SAMSUNG MZVLQ512HBLU-00B,PASSED,2,99,26,10.3,390,0
8/8/2026 20:19,yathiswar,100,1700,61,6268.23,62.8,0,0.01,0,0,288,python.exe,10092,MemCompression,2928,SAMSUNG MZVLQ512HBLU-00B,PASSED,2,99,26,10.3,390,0
8/8/2026 20:19,yathiswar,100,1700,61,6268.09,62.8,0,0.05,0,0,288,python.exe,15988,MemCompression,2928,SAMSUNG MZVLQ512HBLU-00B,PASSED,2,99,26,10.3,390,0
8/8/2026 20:19,yathiswar,100,1700,61,6268.41,62.8,0,0,0,0,288,python.exe,14032,MemCompression,2928,SAMSUNG MZVLQ512HBLU-00B,PASSED,2,99,26,10.3,390,0
8/8/2026 20:19,yathiswar,100,1700,61,6268.63,62.8,0,0,0,0,288,python.exe,15988,MemCompression,2928,SAMSUNG MZVLQ512HBLU-00B,PASSED,2,99,25,10.3,390,0
8/8/2026 20:20,yathiswar,100,1700,61,6268.45,62.8,0,0.02,0,0,288,python.exe,7936,MemCompression,2928,SAMSUNG MZVLQ512HBLU-00B,PASSED,2,99,26,10.3,390,0
8/8/2026 20:20,yathiswar,100,1700,61,6268.62,62.8,0,0.02,0,0,288,python.exe,10092,MemCompression,2928,SAMSUNG MZVLQ512HBLU-00B,PASSED,2,99,26,10.3,390,0
8/8/2026 20:20,yathiswar,100,1700,61,6269.06,62.8,0,0.02,0,0,288,python.exe,10092,MemCompression,2928,SAMSUNG MZVLQ512HBLU-00B,PASSED,2,99,26,10.3,390,0
8/8/2026 20:20,yathiswar,100,1700,61,6269,62.8,0,0.01,0,0,288,python.exe,15696,MemCompression,2928,SAMSUNG MZVLQ512HBLU-00B,PASSED,2,99,26,10.3,390,0
8/8/2026 20:20,yathiswar,100,1700,61,6268.62,62.8,0,0.01,0,0,288,python.exe,15988,MemCompression,2928,SAMSUNG MZVLQ512HBLU-00B,PASSED,2,99,26,10.3,390,0
8/8/2026 20:20,yathiswar,100,1700,61,6268.63,62.8,0,0.01,0,0,288,python.exe,12964,MemCompression,2928,SAMSUNG MZVLQ512HBLU-00B,PASSED,2,99,26,10.3,390,0
8/8/2026 20:20,yathiswar,100,1700,61,6268.6,62.8,0,0.02,0,0,288,python.exe,15696,MemCompression,2928,SAMSUNG MZVLQ512HBLU-00B,PASSED,2,99,25,10.3,390,0
8/8/2026 20:20,yathiswar,100,1700,61,6268.18,62.8,0,0.01,0,0,288,python.exe,15988,MemCompression,2928,SAMSUNG MZVLQ512HBLU-00B,PASSED,2,99,25,10.3,390,0
8/8/2026 20:20,yathiswar,100,1700,61,6267.14,62.8,0.02,0.42,0,0,288,python.exe,7936,MemCompression,2928,SAMSUNG MZVLQ512HBLU-00B,PASSED,2,99,26,10.3,390,0
8/8/2026 20:20,yathiswar,100,1700,61,6266.59,62.8,0,0.02,0,0,288,python.exe,22124,MemCompression,2928,SAMSUNG MZVLQ512HBLU-00B,PASSED,2,99,26,10.3,390,0
8/8/2026 20:20,yathiswar,100,1700,61,6266.71,62.8,0,0.03,0,0,288,python.exe,10092,MemCompression,2928,SAMSUNG MZVLQ512HBLU-00B,PASSED,2,99,25,10.3,390,0
8/8/2026 20:20,yathiswar,100,1700,61,6266.58,62.8,0,0.06,0,0,288,python.exe,14032,MemCompression,2928,SAMSUNG MZVLQ512HBLU-00B,PASSED,2,99,25,10.3,390,0
8/8/2026 20:20,yathiswar,100,1700,61,6267.78,62.8,0,0.01,0,0,288,python.exe,9732,MemCompression,2928,SAMSUNG MZVLQ512HBLU-00B,PASSED,2,99,26,10.3,390,0
8/8/2026 20:20,yathiswar,100,1700,61,6268.32,62.8,0,0.01,0,0,288,python.exe,14032,MemCompression,2928,SAMSUNG MZVLQ512HBLU-00B,PASSED,2,99,32,10.3,390,0
8/8/2026 20:20,yathiswar,44,1700,60.9,6289.28,62.8,0.04,0.1,0,0,277,System Idle Process,0,MemCompression,2928,SAMSUNG MZVLQ512HBLU-00B,PASSED,2,99,28,10.3,390,0
8/8/2026 20:20,yathiswar,8.6,1457,61.5,6186.85,62.8,0.01,0.04,0,0,276,System Idle Process,0,python.exe,10748,SAMSUNG MZVLQ512HBLU-00B,PASSED,2,99,27,10.3,390,0
8/8/2026 20:20,yathiswar,12.2,1457,71.9,4517.62,62.8,0,0.11,0,0,276,System Idle Process,0,python.exe,10748,SAMSUNG MZVLQ512HBLU-00B,PASSED,2,99,27,10.3,390,0
8/8/2026 20:20,yathiswar,17,1700,81.7,2938.53,62.8,1.62,0.06,0,0,276,System Idle Process,0,python.exe,10748,SAMSUNG MZVLQ512HBLU-00B,PASSED,2,99,31,10.3,390,0
8/8/2026 20:21,yathiswar,14.2,1700,90.8,1478.41,62.8,4.07,7.04,0,0,276,System Idle Process,0,python.exe,10748,SAMSUNG MZVLQ512HBLU-00B,PASSED,2,99,31,10.3,390,0
8/8/2026 20:21,yathiswar,16.2,1700,99.2,130.05,63.1,2.84,4.8,0,0,276,System Idle Process,0,python.exe,10748,SAMSUNG MZVLQ512HBLU-00B,PASSED,2,99,39,10.3,390,0
8/8/2026 20:21,yathiswar,19.8,1457,100,4.32,63.5,5.22,198.64,0,0,275,System Idle Process,0,python.exe,10748,SAMSUNG MZVLQ512HBLU-00B,PASSED,2,99,41,10.3,390,0
8/8/2026 20:21,yathiswar,34.1,1700,99.3,105.96,64.2,5.47,3.52,0,0,275,System Idle Process,0,python.exe,10748,SAMSUNG MZVLQ512HBLU-00B,PASSED,2,99,47,10.3,390,0
8/8/2026 20:21,yathiswar,33.9,1700,97.6,391.24,64.2,33.45,185.24,0,0,275,System Idle Process,0,python.exe,10748,SAMSUNG MZVLQ512HBLU-00B,PASSED,2,99,44,10.3,390,0
8/8/2026 20:21,yathiswar,18.9,1700,97.6,391.83,64.8,52.96,4.37,0,0,275,System Idle Process,0,python.exe,10748,SAMSUNG MZVLQ512HBLU-00B,PASSED,2,99,47,10.3,390,0
8/8/2026 20:21,yathiswar,13.3,1700,97.5,405.54,64.8,37.23,0.13,0,0,275,System Idle Process,0,python.exe,10748,SAMSUNG MZVLQ512HBLU-00B,PASSED,2,99,45,10.3,390,0
8/8/2026 20:21,yathiswar,7.5,1700,97.6,385.43,64.8,11.91,0.25,0,0,275,System Idle Process,0,python.exe,10748,SAMSUNG MZVLQ512HBLU-00B,PASSED,2,99,47,10.3,390,0
8/8/2026 20:21,yathiswar,10.5,1700,97.9,330.99,64.8,23.63,0.22,0,0,275,System Idle Process,0,python.exe,10748,SAMSUNG MZVLQ512HBLU-00B,PASSED,2,99,49,10.3,390,0
8/8/2026 20:21,yathiswar,10.7,1700,98.1,308.73,64.8,32.91,0.25,0,0,275,System Idle Process,0,python.exe,10748,SAMSUNG MZVLQ512HBLU-00B,PASSED,2,99,47,10.3,390,0
8/8/2026 20:21,yathiswar,8.1,1700,98.1,307.26,64.8,5.88,0.43,0,0,275,System Idle Process,0,python.exe,10748,SAMSUNG MZVLQ512HBLU-00B,PASSED,2,99,48,10.3,390,0
8/8/2026 20:21,yathiswar,7.1,1700,98.1,303.14,64.8,5.93,0.45,0,0,275,System Idle Process,0,python.exe,10748,SAMSUNG MZVLQ512HBLU-00B,PASSED,2,99,45,10.3,390,0
8/8/2026 20:21,yathiswar,8.9,1457,98.3,280.14,64.8,16.1,0.29,0,0,275,System Idle Process,0,python.exe,10748,SAMSUNG MZVLQ512HBLU-00B,PASSED,2,99,41,10.3,390,0
8/8/2026 20:21,yathiswar,10.2,1457,98.3,266.13,64.8,5.1,1.56,0,0,275,System Idle Process,0,python.exe,10748,SAMSUNG MZVLQ512HBLU-00B,PASSED,2,99,39,10.3,390,0
8/8/2026 20:21,yathiswar,8.3,1700,98.4,258.76,64.8,4.45,0.04,0,0,275,System Idle Process,0,python.exe,10748,SAMSUNG MZVLQ512HBLU-00B,PASSED,2,99,38,10.3,390,0
8/8/2026 20:21,yathiswar,8.7,1700,98.4,254.04,64.8,0.95,0.11,0,0,275,System Idle Process,0,python.exe,10748,SAMSUNG MZVLQ512HBLU-00B,PASSED,2,99,38,10.3,390,0
8/8/2026 20:21,yathiswar,13.8,1700,98.5,244,64.8,47.1,0.2,0,0,276,System Idle Process,0,python.exe,10748,SAMSUNG MZVLQ512HBLU-00B,PASSED,2,99,42,10.3,390,0
8/8/2026 20:21,yathiswar,8.8,1457,98.2,296.57,64.8,14.85,0.14,0,0,275,System Idle Process,0,python.exe,10748,SAMSUNG MZVLQ512HBLU-00B,PASSED,2,99,41,10.3,390,0
8/8/2026 20:21,yathiswar,9.4,1457,98.3,269.84,64.8,7.77,0.11,0,0,275,System Idle Process,0,python.exe,10748,SAMSUNG MZVLQ512HBLU-00B,PASSED,2,99,37,10.3,390,0
8/8/2026 20:21,yathiswar,8.1,1457,98.3,268.62,64.8,0.48,0.04,0,0,275,System Idle Process,0,python.exe,10748,SAMSUNG MZVLQ512HBLU-00B,PASSED,2,99,38,10.3,390,0
8/8/2026 20:21,yathiswar,11,1457,98.5,245.57,64.8,2.46,0.05,0,0,275,System Idle Process,0,python.exe,10748,SAMSUNG MZVLQ512HBLU-00B,PASSED,2,99,36,10.3,390,0
8/8/2026 20:21,yathiswar,7,1700,98.5,243.57,64.8,0.49,0.04,0,0,275,System Idle Process,0,python.exe,10748,SAMSUNG MZVLQ512HBLU-00B,PASSED,2,99,35,10.3,390,0
8/8/2026 20:21,yathiswar,8.3,1457,98.5,236.04,64.8,0.41,0.01,0,0,275,System Idle Process,0,python.exe,10748,SAMSUNG MZVLQ512HBLU-00B,PASSED,2,99,37,10.3,390,0
8/8/2026 20:22,yathiswar,9.1,1457,98.5,243.18,64.8,1.69,0.03,0,0,274,System Idle Process,0,python.exe,10748,SAMSUNG MZVLQ512HBLU-00B,PASSED,2,99,37,10.3,390,0
8/8/2026 20:22,yathiswar,9.2,1457,98.6,227.22,64.8,12.61,0.08,0,0,274,System Idle Process,0,python.exe,10748,SAMSUNG MZVLQ512HBLU-00B,PASSED,2,99,36,10.3,390,0
8/8/2026 20:22,yathiswar,9.4,1457,98.6,218.34,64.8,1.04,0.07,0,0,274,System Idle Process,0,python.exe,10748,SAMSUNG MZVLQ512HBLU-00B,PASSED,2,99,33,10.3,390,0
8/8/2026 20:22,yathiswar,7.1,1457,98.6,217.3,64.8,0.11,0,0,0,274,System Idle Process,0,python.exe,10748,SAMSUNG MZVLQ512HBLU-00B,PASSED,2,99,33,10.3,390,0
8/8/2026 20:22,yathiswar,9.2,1457,98.8,193.86,64.8,9.73,0.02,0,0,274,System Idle Process,0,python.exe,10748,SAMSUNG MZVLQ512HBLU-00B,PASSED,2,99,38,10.3,390,0
8/8/2026 20:22,yathiswar,11.5,1700,98.7,209.37,64.8,18.27,1.49,0,0,274,System Idle Process,0,python.exe,10748,SAMSUNG MZVLQ512HBLU-00B,PASSED,2,99,36,10.3,390,0
8/8/2026 20:22,yathiswar,11.4,1700,98.8,193.88,64.8,1.1,0.03,0,0,274,System Idle Process,0,python.exe,10748,SAMSUNG MZVLQ512HBLU-00B,PASSED,2,99,33,10.3,390,0
8/8/2026 20:22,yathiswar,7.1,1457,98.8,196.85,64.8,0.35,0.01,0,0,274,System Idle Process,0,python.exe,10748,SAMSUNG MZVLQ512HBLU-00B,PASSED,2,99,35,10.3,390,0
8/8/2026 20:22,yathiswar,8.4,1457,98.8,194.27,64.8,1.93,0.01,0,0,274,System Idle Process,0,python.exe,10748,SAMSUNG MZVLQ512HBLU-00B,PASSED,2,99,33,10.3,390,0
8/8/2026 20:22,yathiswar,7.3,1700,98.8,194.12,64.8,1.54,0.01,0,0,274,System Idle Process,0,python.exe,10748,SAMSUNG MZVLQ512HBLU-00B,PASSED,2,99,31,10.3,390,0
8/8/2026 20:22,yathiswar,7.8,1700,98.8,192.16,64.8,0.12,0.1,0,0,274,System Idle Process,0,python.exe,10748,SAMSUNG MZVLQ512HBLU-00B,PASSED,2,99,32,10.3,390,0
8/8/2026 20:22,yathiswar,9.7,1700,98.8,188.62,64.8,0.54,0.26,0,0,274,System Idle Process,0,python.exe,10748,SAMSUNG MZVLQ512HBLU-00B,PASSED,2,99,36,10.3,390,0
8/8/2026 20:22,yathiswar,13.2,1700,98.9,173.02,64.8,34.46,0.01,0,0,275,System Idle Process,0,python.exe,10748,SAMSUNG MZVLQ512HBLU-00B,PASSED,2,99,34,10.3,390,0
8/8/2026 20:22,yathiswar,7.8,1700,99,157.94,64.8,0.19,0.01,0,0,275,System Idle Process,0,python.exe,10748,SAMSUNG MZVLQ512HBLU-00B,PASSED,2,99,41,10.3,390,0
8/8/2026 20:22,yathiswar,15.5,1700,98.8,185.57,64.8,39.64,0.1,0,0,283,System Idle Process,0,python.exe,10748,SAMSUNG MZVLQ512HBLU-00B,PASSED,2,99,47,10.3,390,0
8/8/2026 20:22,yathiswar,19.7,1700,99,160.85,64.8,40.05,1.74,0,0,283,System Idle Process,0,python.exe,10748,SAMSUNG MZVLQ512HBLU-00B,PASSED,2,99,47,10.3,390,0
8/8/2026 20:22,yathiswar,12.9,1700,98.6,226.32,64.8,45.54,0.17,0,0,281,System Idle Process,0,python.exe,10748,SAMSUNG MZVLQ512HBLU-00B,PASSED,2,99,44,10.3,390,0
8/8/2026 20:22,yathiswar,11.4,1700,98.2,283.36,64.8,5.65,0.12,0,0,280,System Idle Process,0,python.exe,10748,SAMSUNG MZVLQ512HBLU-00B,PASSED,2,99,42,10.3,390,0
8/8/2026 20:22,yathiswar,9,1700,98.3,268.36,64.8,13.94,0.5,0,0,280,System Idle Process,0,python.exe,10748,SAMSUNG MZVLQ512HBLU-00B,PASSED,2,99,36,10.3,390,0
8/8/2026 20:22,yathiswar,7,1457,98.3,276.59,64.8,0.55,0.62,0,0,280,System Idle Process,0,python.exe,10748,SAMSUNG MZVLQ512HBLU-00B,PASSED,2,99,35,10.3,390,0
8/8/2026 20:22,yathiswar,8.9,1700,98.3,275.83,64.8,0.15,0.07,0,0,276,System Idle Process,0,python.exe,10748,SAMSUNG MZVLQ512HBLU-00B,PASSED,2,99,33,10.3,390,0
8/8/2026 20:23,yathiswar,8.2,1457,98.2,282.81,64.8,0.53,0.02,0,0,276,System Idle Process,0,python.exe,10748,SAMSUNG MZVLQ512HBLU-00B,PASSED,2,99,36,10.3,390,0
8/8/2026 20:23,yathiswar,8,1700,98.3,277.82,64.8,0.79,0.01,0,0,276,System Idle Process,0,python.exe,10748,SAMSUNG MZVLQ512HBLU-00B,PASSED,2,99,36,10.3,390,0
8/8/2026 20:23,yathiswar,8.1,1700,97.9,330.54,64.8,4.31,0.11,0,0,275,System Idle Process,0,python.exe,10748,SAMSUNG MZVLQ512HBLU-00B,PASSED,2,99,33,10.3,390,0
8/8/2026 20:23,yathiswar,7,1457,97.9,337.39,64.8,0.28,0.01,0,0,275,System Idle Process,0,python.exe,10748,SAMSUNG MZVLQ512HBLU-00B,PASSED,2,99,31,10.3,390,0
8/8/2026 20:23,yathiswar,8.7,1700,98,328.6,64.8,0.84,0,0,0,275,System Idle Process,0,python.exe,10748,SAMSUNG MZVLQ512HBLU-00B,PASSED,2,99,33,10.3,390,0
8/8/2026 20:23,yathiswar,8.7,1700,97.9,333.09,64.8,0.32,0.01,0,0,275,System Idle Process,0,python.exe,10748,SAMSUNG MZVLQ512HBLU-00B,PASSED,2,99,31,10.3,390,0
8/8/2026 20:23,yathiswar,9.1,1700,97.9,341.45,64.8,0.13,0.01,0,0,275,System Idle Process,0,python.exe,10748,SAMSUNG MZVLQ512HBLU-00B,PASSED,2,99,31,10.3,390,0
8/8/2026 20:23,yathiswar,10.8,1700,97.9,332.92,64.8,0.53,0.04,0,0,275,System Idle Process,0,python.exe,10748,SAMSUNG MZVLQ512HBLU-00B,PASSED,2,99,31,10.3,390,0
8/8/2026 20:23,yathiswar,7,1700,97.9,331.02,64.8,0.79,0.22,0,0,275,System Idle Process,0,python.exe,10748,SAMSUNG MZVLQ512HBLU-00B,PASSED,2,99,30,10.3,390,0
8/8/2026 20:23,yathiswar,7.1,1700,97.9,334.15,64.8,0.04,0,0,0,275,System Idle Process,0,python.exe,10748,SAMSUNG MZVLQ512HBLU-00B,PASSED,2,99,31,10.3,390,0
8/8/2026 20:23,yathiswar,8.4,1700,97.9,330.24,64.8,1.07,0.01,0,0,275,System Idle Process,0,python.exe,10748,SAMSUNG MZVLQ512HBLU-00B,PASSED,2,99,30,10.3,390,0
8/8/2026 20:23,yathiswar,8.8,1700,98,321.3,64.8,0.41,0.03,0,0,275,System Idle Process,0,python.exe,10748,SAMSUNG MZVLQ512HBLU-00B,PASSED,2,99,30,10.3,390,0
8/8/2026 20:23,yathiswar,7.9,1700,97.9,334.1,64.8,0.15,0.08,0,0,275,System Idle Process,0,python.exe,10748,SAMSUNG MZVLQ512HBLU-00B,PASSED,2,99,29,10.3,390,0
8/8/2026 20:23,yathiswar,5.3,1700,97.9,339.46,64.8,0.07,0.01,0,0,275,System Idle Process,0,python.exe,10748,SAMSUNG MZVLQ512HBLU-00B,PASSED,2,99,30,10.3,390,0
8/8/2026 20:23,yathiswar,5.9,1700,97.9,339.45,64.8,0.43,0.04,0,0,275,System Idle Process,0,python.exe,10748,SAMSUNG MZVLQ512HBLU-00B,PASSED,2,99,28,10.3,390,0
8/8/2026 20:23,yathiswar,8.6,1457,98.1,306.34,64.8,0.69,0.01,0,0,276,System Idle Process,0,python.exe,10748,SAMSUNG MZVLQ512HBLU-00B,PASSED,2,99,32,10.3,391,0
8/8/2026 20:23,yathiswar,10.3,1700,98,323.94,64.8,0.99,5.54,0,0,276,System Idle Process,0,python.exe,10748,SAMSUNG MZVLQ512HBLU-00B,PASSED,2,99,31,10.3,391,0
8/8/2026 20:23,yathiswar,8.5,1700,97.9,334.45,64.8,0.09,0.01,0,0,276,System Idle Process,0,python.exe,10748,SAMSUNG MZVLQ512HBLU-00B,PASSED,2,99,30,10.3,391,0
8/8/2026 20:23,yathiswar,9.8,1700,98,315.5,64.8,0.56,0.07,0,0,276,System Idle Process,0,python.exe,10748,SAMSUNG MZVLQ512HBLU-00B,PASSED,2,99,30,10.3,391,0
8/8/2026 20:23,yathiswar,7.5,1457,98,313.52,64.8,0.71,0.05,0,0,276,System Idle Process,0,python.exe,10748,SAMSUNG MZVLQ512HBLU-00B,PASSED,2,99,29,10.3,391,0
8/8/2026 20:23,yathiswar,6.9,1700,98,317.38,64.8,0.04,0.06,0,0,276,System Idle Process,0,python.exe,10748,SAMSUNG MZVLQ512HBLU-00B,PASSED,2,99,29,10.3,391,0
8/8/2026 20:23,yathiswar,7.7,1700,98,317.77,64.8,0.11,0.07,0,0,276,System Idle Process,0,python.exe,10748,SAMSUNG MZVLQ512HBLU-00B,PASSED,2,99,28,10.3,391,0
8/8/2026 20:24,yathiswar,8.9,1700,98,316.54,64.8,0.4,0.03,0,0,276,System Idle Process,0,python.exe,10748,SAMSUNG MZVLQ512HBLU-00B,PASSED,2,99,32,10.3,391,0
8/8/2026 20:24,yathiswar,8.3,1700,98.2,296.4,64.8,7.41,0.01,0,0,276,System Idle Process,0,python.exe,10748,SAMSUNG MZVLQ512HBLU-00B,PASSED,2,99,36,10.3,391,0
8/8/2026 20:24,yathiswar,11.3,1700,98.2,287.03,64.8,14.56,0.06,0,0,278,System Idle Process,0,python.exe,10748,SAMSUNG MZVLQ512HBLU-00B,PASSED,2,99,31,10.3,391,0
8/8/2026 20:24,yathiswar,9,1700,98,319.62,64.8,1.4,0.18,0,0,277,System Idle Process,0,python.exe,10748,SAMSUNG MZVLQ512HBLU-00B,PASSED,2,99,32,10.3,391,0
8/8/2026 20:24,yathiswar,8.6,1700,98,323.72,64.8,9.29,0.13,0,0,276,System Idle Process,0,python.exe,10748,SAMSUNG MZVLQ512HBLU-00B,PASSED,2,99,31,10.3,391,0
8/8/2026 20:24,yathiswar,12.6,1700,98.1,307.52,64.8,25.45,0.02,0,0,276,System Idle Process,0,python.exe,10748,SAMSUNG MZVLQ512HBLU-00B,PASSED,2,99,36,10.3,391,0
8/8/2026 20:24,yathiswar,23.3,1457,98.2,282.7,64.8,45.08,0.05,0,0,276,System Idle Process,0,python.exe,10748,SAMSUNG MZVLQ512HBLU-00B,PASSED,2,99,33,10.3,391,0
8/8/2026 20:24,yathiswar,5.2,1700,98.2,287.72,64.8,0.06,0.03,0,0,276,System Idle Process,0,python.exe,10748,SAMSUNG MZVLQ512HBLU-00B,PASSED,2,99,31,10.3,391,0
8/8/2026 20:24,yathiswar,9,1700,98.3,274.04,64.8,1.75,0.06,0,0,276,System Idle Process,0,python.exe,10748,SAMSUNG MZVLQ512HBLU-00B,PASSED,2,99,30,10.3,391,0
8/8/2026 20:24,yathiswar,7.3,1700,98.3,272.82,64.8,0.07,0.05,0,0,276,System Idle Process,0,python.exe,10748,SAMSUNG MZVLQ512HBLU-00B,PASSED,2,99,31,10.3,391,0
8/8/2026 20:24,yathiswar,7.1,1700,98.3,269.13,64.8,1.65,0.01,0,0,276,System Idle Process,0,python.exe,10748,SAMSUNG MZVLQ512HBLU-00B,PASSED,2,99,32,10.3,391,0
8/8/2026 20:24,yathiswar,10.7,1700,98.4,260.91,64.8,2.8,0.06,0,0,276,System Idle Process,0,python.exe,10748,SAMSUNG MZVLQ512HBLU-00B,PASSED,2,99,31,10.3,391,0
8/8/2026 20:24,yathiswar,10.2,1700,98.3,274.09,64.8,0.31,1.31,0,0,276,System Idle Process,0,python.exe,10748,SAMSUNG MZVLQ512HBLU-00B,PASSED,2,99,29,10.3,391,0
8/8/2026 20:24,yathiswar,7.9,1457,98.3,272.56,64.8,0.15,0.01,0,0,276,System Idle Process,0,python.exe,10748,SAMSUNG MZVLQ512HBLU-00B,PASSED,2,99,31,10.3,391,0
8/8/2026 20:24,yathiswar,8.5,1457,98.3,272.9,64.8,0.53,0.07,0,0,276,System Idle Process,0,python.exe,10748,SAMSUNG MZVLQ512HBLU-00B,PASSED,2,99,29,10.3,391,0
8/8/2026 20:24,yathiswar,7.8,1700,98.3,265.46,64.8,0.81,0.05,0,0,276,System Idle Process,0,python.exe,10748,SAMSUNG MZVLQ512HBLU-00B,PASSED,2,99,30,10.3,391,0
8/8/2026 20:24,yathiswar,8.3,1700,98.3,279.95,64.8,0.12,0.08,0,0,276,System Idle Process,0,python.exe,10748,SAMSUNG MZVLQ512HBLU-00B,PASSED,2,99,29,10.3,391,0
8/8/2026 20:24,yathiswar,10.5,1700,98.3,272.23,64.8,0.29,0.03,0,0,276,System Idle Process,0,python.exe,10748,SAMSUNG MZVLQ512HBLU-00B,PASSED,2,99,29,10.3,391,0
8/8/2026 20:24,yathiswar,7.7,1700,98.3,274.19,64.8,0.71,0.01,0,0,276,System Idle Process,0,python.exe,10748,SAMSUNG MZVLQ512HBLU-00B,PASSED,2,99,29,10.3,391,0
8/8/2026 20:24,yathiswar,6.9,1457,98.2,281.95,64.8,0.14,0.01,0,0,276,System Idle Process,0,python.exe,10748,SAMSUNG MZVLQ512HBLU-00B,PASSED,2,99,28,10.3,391,0
8/8/2026 20:24,yathiswar,5.8,1700,98.2,283.53,64.8,0.03,0,0,0,276,System Idle Process,0,python.exe,10748,SAMSUNG MZVLQ512HBLU-00B,PASSED,2,99,30,10.3,391,0
8/8/2026 20:24,yathiswar,7.3,1700,98.3,276.57,64.8,0.31,0.17,0,0,276,System Idle Process,0,python.exe,10748,SAMSUNG MZVLQ512HBLU-00B,PASSED,2,99,28,10.3,391,0
8/8/2026 20:25,yathiswar,8.4,1700,98.3,275.57,64.8,1.3,0.03,0,0,276,System Idle Process,0,python.exe,10748,SAMSUNG MZVLQ512HBLU-00B,PASSED,2,99,30,10.3,391,0
8/8/2026 20:25,yathiswar,7.2,1700,98.3,276.01,64.8,0.3,0.04,0,0,276,System Idle Process,0,python.exe,10748,SAMSUNG MZVLQ512HBLU-00B,PASSED,2,99,33,10.3,391,0
8/8/2026 20:25,yathiswar,11.7,1700,98.3,273.45,64.8,7.42,6.69,0,0,275,System Idle Process,0,python.exe,10748,SAMSUNG MZVLQ512HBLU-00B,PASSED,2,99,29,10.3,391,0
8/8/2026 20:25,yathiswar,7.6,1700,98.2,286.32,64.8,0.07,0.08,0,0,275,System Idle Process,0,python.exe,10748,SAMSUNG MZVLQ512HBLU-00B,PASSED,2,99,30,10.3,391,0
8/8/2026 20:25,yathiswar,8.6,1700,98,313.36,64.8,0.43,3.3,0,0,275,System Idle Process,0,python.exe,10748,SAMSUNG MZVLQ512HBLU-00B,PASSED,2,99,30,10.3,391,0
8/8/2026 20:25,yathiswar,8.3,1700,98,316.7,64.8,0.24,0.03,0,0,275,System Idle Process,0,python.exe,10748,SAMSUNG MZVLQ512HBLU-00B,PASSED,2,99,29,10.3,391,0
8/8/2026 20:25,yathiswar,9.8,1700,98.2,297.1,64.8,0.46,0.06,0,0,275,System Idle Process,0,python.exe,10748,SAMSUNG MZVLQ512HBLU-00B,PASSED,2,99,30,10.3,391,0
8/8/2026 20:25,yathiswar,7.7,1700,98.1,302.15,64.8,1.38,0.02,0,0,275,System Idle Process,0,python.exe,10748,SAMSUNG MZVLQ512HBLU-00B,PASSED,2,99,29,10.3,391,0
8/8/2026 20:25,yathiswar,7.4,1457,98.1,303.24,64.8,0.33,0.01,0,0,275,System Idle Process,0,python.exe,10748,SAMSUNG MZVLQ512HBLU-00B,PASSED,2,99,28,10.3,391,0
8/8/2026 20:25,yathiswar,7.7,1700,98.1,303.54,64.8,0.08,0.01,0,0,275,System Idle Process,0,python.exe,10748,SAMSUNG MZVLQ512HBLU-00B,PASSED,2,99,28,10.3,391,0
8/8/2026 20:25,yathiswar,8,1700,98.1,297.37,64.8,0.54,0,0,0,275,System Idle Process,0,python.exe,10748,SAMSUNG MZVLQ512HBLU-00B,PASSED,2,99,31,10.3,391,0
8/8/2026 20:25,yathiswar,8.6,1457,98.2,294.07,64.8,0.4,0.34,0,0,275,System Idle Process,0,python.exe,10748,SAMSUNG MZVLQ512HBLU-00B,PASSED,2,99,29,10.3,391,0
8/8/2026 20:25,yathiswar,6.4,1700,98.2,285.94,64.8,7.26,0.28,0,0,275,System Idle Process,0,python.exe,10748,SAMSUNG MZVLQ512HBLU-00B,PASSED,2,99,28,10.3,391,0
8/8/2026 20:25,yathiswar,7.1,1700,98.2,286.88,64.8,0.26,0.01,0,0,274,System Idle Process,0,python.exe,10748,SAMSUNG MZVLQ512HBLU-00B,PASSED,2,99,28,10.3,391,0
8/8/2026 20:25,yathiswar,7.1,1700,98.2,287.18,64.8,0.07,0.01,0,0,274,System Idle Process,0,python.exe,10748,SAMSUNG MZVLQ512HBLU-00B,PASSED,2,99,28,10.3,391,0
8/8/2026 20:25,yathiswar,7.2,1700,98.2,282.92,64.8,0.12,0.01,0,0,274,System Idle Process,0,python.exe,10748,SAMSUNG MZVLQ512HBLU-00B,PASSED,2,99,28,10.3,391,0
8/8/2026 20:25,yathiswar,7.8,1457,98.1,299.89,64.8,0.13,0.02,0,0,274,System Idle Process,0,python.exe,10748,SAMSUNG MZVLQ512HBLU-00B,PASSED,2,99,33,10.3,391,0
8/8/2026 20:25,yathiswar,10.7,1700,98.1,300.43,64.8,1.51,6.43,0,0,274,System Idle Process,0,python.exe,10748,SAMSUNG MZVLQ512HBLU-00B,PASSED,2,99,33,10.3,391,0
8/8/2026 20:25,yathiswar,10.6,1457,98.2,284.52,64.8,8.73,0.02,0,0,275,System Idle Process,0,python.exe,10748,SAMSUNG MZVLQ512HBLU-00B,PASSED,2,99,31,10.3,391,0
8/8/2026 20:25,yathiswar,8.8,1700,98.3,276.29,64.8,0.43,0.02,0,0,275,System Idle Process,0,python.exe,10748,SAMSUNG MZVLQ512HBLU-00B,PASSED,2,99,30,10.3,391,0
8/8/2026 20:25,yathiswar,7.9,1457,98.3,277.41,64.8,0.39,0.01,0,0,275,System Idle Process,0,python.exe,10748,SAMSUNG MZVLQ512HBLU-00B,PASSED,2,99,29,10.3,391,0
8/8/2026 20:26,yathiswar,8,1457,98.3,273.64,64.8,0.15,0,0,0,275,System Idle Process,0,python.exe,10748,SAMSUNG MZVLQ512HBLU-00B,PASSED,2,99,30,10.3,391,0
8/8/2026 20:26,yathiswar,9.6,1700,98.3,268.89,64.8,0.8,0.04,0,0,275,System Idle Process,0,python.exe,10748,SAMSUNG MZVLQ512HBLU-00B,PASSED,2,99,28,10.3,391,0
8/8/2026 20:26,yathiswar,7.2,1457,98.4,264.15,64.8,0.08,0.16,0,0,275,System Idle Process,0,python.exe,10748,SAMSUNG MZVLQ512HBLU-00B,PASSED,2,99,29,10.3,391,0
8/8/2026 20:26,yathiswar,7.9,1700,98.4,253.47,64.8,12.16,0.02,0,0,275,System Idle Process,0,python.exe,10748,SAMSUNG MZVLQ512HBLU-00B,PASSED,2,99,28,10.3,391,0
8/8/2026 20:26,yathiswar,8.7,1457,98.4,250.81,64.8,0.03,0,0,0,275,System Idle Process,0,python.exe,10748,SAMSUNG MZVLQ512HBLU-00B,PASSED,2,99,28,10.3,391,0
8/8/2026 20:26,yathiswar,8.5,1700,98.3,266.8,64.8,0.12,0.02,0,0,275,System Idle Process,0,python.exe,10748,SAMSUNG MZVLQ512HBLU-00B,PASSED,2,99,27,10.3,391,0
8/8/2026 20:26,yathiswar,9.2,1700,98.3,277.28,64.8,0.36,0.1,0,0,275,System Idle Process,0,python.exe,10748,SAMSUNG MZVLQ512HBLU-00B,PASSED,2,99,28,10.3,391,0
8/8/2026 20:26,yathiswar,9.9,1700,98.4,250.5,64.8,0.24,0.03,0,0,275,System Idle Process,0,python.exe,10748,SAMSUNG MZVLQ512HBLU-00B,PASSED,2,99,29,10.3,391,0
8/8/2026 20:26,yathiswar,7,1700,98.4,254.11,64.8,0.43,0.07,0,0,275,System Idle Process,0,python.exe,10748,SAMSUNG MZVLQ512HBLU-00B,PASSED,2,99,27,10.3,391,0
8/8/2026 20:26,yathiswar,7.1,1700,98.4,259.99,64.8,0.09,0,0,0,275,System Idle Process,0,python.exe,10748,SAMSUNG MZVLQ512HBLU-00B,PASSED,2,99,27,10.3,391,0
8/8/2026 20:26,yathiswar,8.9,1457,98.4,257.62,64.8,0.11,0.02,0,0,275,System Idle Process,0,python.exe,10748,SAMSUNG MZVLQ512HBLU-00B,PASSED,2,99,27,10.3,391,0
8/8/2026 20:26,yathiswar,9.2,1700,98.4,249.9,64.8,0.11,0.03,0,0,275,System Idle Process,0,python.exe,10748,SAMSUNG MZVLQ512HBLU-00B,PASSED,2,99,26,10.3,391,0
8/8/2026 20:26,yathiswar,7.5,1700,98.4,258.55,64.8,0.02,0.02,0,0,275,System Idle Process,0,python.exe,10748,SAMSUNG MZVLQ512HBLU-00B,PASSED,2,99,27,10.3,391,0
8/8/2026 20:26,yathiswar,13.6,1457,94.9,813.04,64.8,0.1,0.04,0,0,275,System Idle Process,0,python.exe,10748,SAMSUNG MZVLQ512HBLU-00B,PASSED,2,99,26,10.3,391,0
8/8/2026 20:26,yathiswar,21.2,1700,86.7,2138.23,64.8,0.14,0.03,0,0,275,System Idle Process,0,python.exe,10748,SAMSUNG MZVLQ512HBLU-00B,PASSED,2,99,26,10.3,391,0
8/8/2026 20:26,yathiswar,16.3,1700,79.9,3223.95,64.8,0.63,0.01,0,0,275,System Idle Process,0,python.exe,10748,SAMSUNG MZVLQ512HBLU-00B,PASSED,2,99,33,10.3,391,0
8/8/2026 20:26,yathiswar,29.4,1700,74.7,4068.89,64.8,146.38,0.14,0.02,0.1,276,System Idle Process,0,python.exe,10748,SAMSUNG MZVLQ512HBLU-00B,PASSED,2,99,33,10.3,391,0
8/8/2026 20:26,yathiswar,31.3,1700,68.5,5065.16,64.8,5.17,1.33,0.02,0.13,276,System Idle Process,0,python.exe,10748,SAMSUNG MZVLQ512HBLU-00B,PASSED,2,99,33,10.3,391,0
8/8/2026 20:26,yathiswar,15.5,1700,59.9,6435.46,64.8,0.3,0.38,0,0.01,276,System Idle Process,0,python.exe,10748,SAMSUNG MZVLQ512HBLU-00B,PASSED,2,99,29,10.3,391,0
8/8/2026 20:26,yathiswar,19.3,1457,52.8,7586.3,64.8,27.16,0.28,0,0.06,277,System Idle Process,0,python.exe,10748,SAMSUNG MZVLQ512HBLU-00B,PASSED,2,99,33,10.3,391,0
8/8/2026 20:26,yathiswar,26.4,1700,45.5,8753.28,64.8,5.21,0.38,0,0.1,277,System Idle Process,0,python.exe,10748,SAMSUNG MZVLQ512HBLU-00B,PASSED,2,99,35,10.3,391,0
8/8/2026 20:26,yathiswar,18.3,1700,41.1,9459.4,64.9,9.49,3.15,0.01,3.28,277,System Idle Process,0,python.exe,10748,SAMSUNG MZVLQ512HBLU-00B,PASSED,2,99,34,10.3,391,0
8/8/2026 20:27,yathiswar,14,1700,41.5,9401.9,64.9,25.31,1.9,0.01,1.78,277,System Idle Process,0,python.exe,10748,SAMSUNG MZVLQ512HBLU-00B,PASSED,2,99,36,10.3,391,0
8/8/2026 20:27,yathiswar,17.2,1700,42.1,9306.24,64.8,16.54,3.79,0,0,278,System Idle Process,0,python.exe,10748,SAMSUNG MZVLQ512HBLU-00B,PASSED,2,99,35,10.3,391,0
8/8/2026 20:27,yathiswar,5.8,1700,42.1,9295.89,64.8,0.37,1.78,0,0,278,System Idle Process,0,python.exe,10748,SAMSUNG MZVLQ512HBLU-00B,PASSED,2,99,31,10.3,391,0
8/8/2026 20:27,yathiswar,6.1,1700,42.1,9298.64,64.8,0.01,2.69,0,0,278,System Idle Process,0,python.exe,10748,SAMSUNG MZVLQ512HBLU-00B,PASSED,2,99,31,10.3,391,0
8/8/2026 20:27,yathiswar,6.1,1700,42.1,9304.52,64.8,0.03,2.74,0,0,278,System Idle Process,0,python.exe,10748,SAMSUNG MZVLQ512HBLU-00B,PASSED,2,99,30,10.3,391,0
8/8/2026 20:27,yathiswar,7.8,1700,42.1,9304.31,64.8,0.2,1.32,0,0,278,System Idle Process,0,python.exe,10748,SAMSUNG MZVLQ512HBLU-00B,PASSED,2,99,40,10.3,391,0
8/8/2026 20:27,yathiswar,11.6,1700,42.1,9301.4,64.8,12.92,2.66,0,0,278,System Idle Process,0,python.exe,10748,SAMSUNG MZVLQ512HBLU-00B,PASSED,2,99,44,10.3,391,0
8/8/2026 20:27,yathiswar,10.1,1700,42.1,9303.54,64.8,1.34,1.29,0,0,278,System Idle Process,0,python.exe,10748,SAMSUNG MZVLQ512HBLU-00B,PASSED,2,99,37,10.3,391,0
8/8/2026 20:27,yathiswar,7.6,1700,42.1,9305.71,64.8,0.26,1.75,0,0,278,System Idle Process,0,python.exe,10748,SAMSUNG MZVLQ512HBLU-00B,PASSED,2,99,33,10.3,391,0
8/8/2026 20:27,yathiswar,7.3,1700,42.1,9301.36,64.8,2.55,1.49,0,0,278,System Idle Process,0,python.exe,10748,SAMSUNG MZVLQ512HBLU-00B,PASSED,2,99,33,10.3,391,0
8/8/2026 20:27,yathiswar,9.6,1457,42.3,9277.91,64.8,5.72,1.96,0,0,278,System Idle Process,0,python.exe,10748,SAMSUNG MZVLQ512HBLU-00B,PASSED,2,99,42,10.3,391,0
8/8/2026 20:27,yathiswar,12.1,1700,43,9165.27,64.9,118.65,110.56,0,0,278,System Idle Process,0,python.exe,10748,SAMSUNG MZVLQ512HBLU-00B,PASSED,2,99,47,10.3,391,0
8/8/2026 20:27,yathiswar,14.8,1700,44.1,8982.73,64.9,34.17,85.29,0,0,278,System Idle Process,0,python.exe,10748,SAMSUNG MZVLQ512HBLU-00B,PASSED,2,99,48,10.3,391,0
8/8/2026 20:27,yathiswar,15,1457,44.5,8922.9,64.9,45.52,4.15,0,0,278,System Idle Process,0,python.exe,10748,SAMSUNG MZVLQ512HBLU-00B,PASSED,2,99,48,10.3,391,0
8/8/2026 20:27,yathiswar,14.4,1700,44.5,8920.42,64.9,19.62,4.9,0,0,278,System Idle Process,0,python.exe,10748,SAMSUNG MZVLQ512HBLU-00B,PASSED,2,99,49,10.3,391,0
8/8/2026 20:27,yathiswar,13.8,1700,44.8,8874.65,64.9,25.85,0.54,0,0,278,System Idle Process,0,python.exe,10748,SAMSUNG MZVLQ512HBLU-00B,PASSED,2,99,47,10.3,391,0
8/8/2026 20:27,yathiswar,14,1700,44.7,8887.14,64.9,5.46,1.08,0,0,278,System Idle Process,0,python.exe,10748,SAMSUNG MZVLQ512HBLU-00B,PASSED,2,99,49,10.3,391,0
8/8/2026 20:27,yathiswar,15.5,1700,43.7,9051.5,64.9,103.45,17.68,0,0,280,System Idle Process,0,python.exe,10748,SAMSUNG MZVLQ512HBLU-00B,PASSED,2,99,47,10.3,391,0
8/8/2026 20:27,yathiswar,16.5,1700,43.6,9057.57,64.9,1.13,4.65,0,0,280,System Idle Process,0,python.exe,10748,SAMSUNG MZVLQ512HBLU-00B,PASSED,2,99,47,10.3,391,0
8/8/2026 20:27,yathiswar,16.8,1700,43.5,9078.86,64.9,1.13,8.6,0,0,280,System Idle Process,0,python.exe,10748,SAMSUNG MZVLQ512HBLU-00B,PASSED,2,99,47,10.3,391,0
8/8/2026 20:27,yathiswar,17,1700,43.5,9073.34,64.9,9.35,7.59,0,0,280,System Idle Process,0,python.exe,10748,SAMSUNG MZVLQ512HBLU-00B,PASSED,2,99,49,10.3,391,0
8/8/2026 20:27,yathiswar,19.3,1700,43.6,9063.15,64.9,4.73,3.73,0,0,280,System Idle Process,0,python.exe,10748,SAMSUNG MZVLQ512HBLU-00B,PASSED,2,99,50,10.3,391,0
8/8/2026 20:27,yathiswar,21,1700,43.5,9071.28,64.9,6.38,15.19,0,0,280,System Idle Process,0,python.exe,10748,SAMSUNG MZVLQ512HBLU-00B,PASSED,2,99,48,10.3,391,0
8/8/2026 20:27,yathiswar,15.7,1700,43.5,9079.42,64.9,0.04,3.64,0,0,279,System Idle Process,0,python.exe,10748,SAMSUNG MZVLQ512HBLU-00B,PASSED,2,99,39,10.3,391,0
8/8/2026 20:27,yathiswar,15.1,1457,43.4,9088.47,64.9,0.36,6.46,0,0,279,System Idle Process,0,python.exe,10748,SAMSUNG MZVLQ512HBLU-00B,PASSED,2,99,39,10.3,391,0
8/8/2026 20:27,yathiswar,9.1,1700,43.3,9114.07,64.9,0.1,6.77,0,0,277,System Idle Process,0,python.exe,10748,SAMSUNG MZVLQ512HBLU-00B,PASSED,2,99,36,10.3,391,0
8/8/2026 20:28,yathiswar,6.6,1700,43.2,9122.04,64.9,0.11,2.76,0,0,277,System Idle Process,0,python.exe,10748,SAMSUNG MZVLQ512HBLU-00B,PASSED,2,99,39,10.3,391,0
8/8/2026 20:28,yathiswar,11.6,1457,43.3,9116.93,64.9,2.9,7.01,0,0,277,System Idle Process,0,python.exe,10748,SAMSUNG MZVLQ512HBLU-00B,PASSED,2,99,36,10.3,391,0
8/8/2026 20:28,yathiswar,5.5,1457,43.2,9130.8,64.9,0.42,4.59,0,0,277,System Idle Process,0,python.exe,10748,SAMSUNG MZVLQ512HBLU-00B,PASSED,2,99,42,10.3,391,0
8/8/2026 20:28,yathiswar,6.2,1457,43.1,9139.85,64.9,0.02,4.02,0,0,277,System Idle Process,0,python.exe,10748,SAMSUNG MZVLQ512HBLU-00B,PASSED,2,99,34,10.3,391,0
8/8/2026 20:28,yathiswar,6.8,1700,43.1,9142.55,64.9,0.04,2.79,0,0,277,System Idle Process,0,python.exe,10748,SAMSUNG MZVLQ512HBLU-00B,PASSED,2,99,33,10.3,391,0
8/8/2026 20:28,yathiswar,7.6,1700,43,9157.02,64.9,0.31,2.8,0,0,277,System Idle Process,0,python.exe,10748,SAMSUNG MZVLQ512HBLU-00B,PASSED,2,99,32,10.3,391,0
8/8/2026 20:28,yathiswar,8.4,1700,43,9164.94,64.9,0.02,3.39,0,0,277,System Idle Process,0,python.exe,10748,SAMSUNG MZVLQ512HBLU-00B,PASSED,2,99,31,10.3,391,0
8/8/2026 20:28,yathiswar,10.1,1700,43,9161.25,64.9,0.12,2.08,0,0,277,System Idle Process,0,python.exe,10748,SAMSUNG MZVLQ512HBLU-00B,PASSED,2,99,31,10.3,391,0
8/8/2026 20:28,yathiswar,6.2,1457,43,9165.12,64.9,0,2.17,0,0,277,System Idle Process,0,python.exe,10748,SAMSUNG MZVLQ512HBLU-00B,PASSED,2,99,30,10.3,391,0
8/8/2026 20:28,yathiswar,7.5,1700,42.9,9172.38,64.9,0,1.46,0,0,277,System Idle Process,0,python.exe,10748,SAMSUNG MZVLQ512HBLU-00B,PASSED,2,99,29,10.3,391,0
8/8/2026 20:28,yathiswar,6.5,1700,42.9,9173.78,64.9,0,1.4,0,0,277,System Idle Process,0,python.exe,10748,SAMSUNG MZVLQ512HBLU-00B,PASSED,2,99,37,10.3,391,0
8/8/2026 20:28,yathiswar,8.2,1700,42.9,9180.04,64.9,0.75,1.54,0,0,277,System Idle Process,0,python.exe,10748,SAMSUNG MZVLQ512HBLU-00B,PASSED,2,99,31,10.3,391,0
8/8/2026 20:28,yathiswar,7.9,1700,42.9,9179.09,64.9,0.02,1.4,0,0,277,System Idle Process,0,python.exe,10748,SAMSUNG MZVLQ512HBLU-00B,PASSED,2,99,30,10.3,391,0
8/8/2026 20:28,yathiswar,7.7,1700,42.8,9183.41,64.9,0,1.44,0,0,277,System Idle Process,0,python.exe,10748,SAMSUNG MZVLQ512HBLU-00B,PASSED,2,99,31,10.3,391,0
8/8/2026 20:28,yathiswar,7.5,1700,42.8,9194.16,64.9,5.5,6.21,0,0,277,System Idle Process,0,python.exe,10748,SAMSUNG MZVLQ512HBLU-00B,PASSED,2,99,30,10.3,391,0
8/8/2026 20:28,yathiswar,6.5,1700,42.8,9196.91,64.9,0.02,0.13,0,0,277,System Idle Process,0,python.exe,10748,SAMSUNG MZVLQ512HBLU-00B,PASSED,2,99,28,10.3,391,0
8/8/2026 20:28,yathiswar,6.5,1700,42.8,9195.6,64.9,0,0.11,0,0,277,System Idle Process,0,python.exe,10748,SAMSUNG MZVLQ512HBLU-00B,PASSED,2,99,28,10.3,391,0
8/8/2026 20:28,yathiswar,7.2,1700,42.7,9199.93,64.9,0,0.1,0,0,277,System Idle Process,0,python.exe,10748,SAMSUNG MZVLQ512HBLU-00B,PASSED,2,99,31,10.3,391,0
8/8/2026 20:28,yathiswar,8.4,1700,42.7,9198.96,64.9,0.22,0.07,0,0,277,System Idle Process,0,python.exe,10748,SAMSUNG MZVLQ512HBLU-00B,PASSED,2,99,28,10.3,391,0
8/8/2026 20:28,yathiswar,6.6,1700,42.8,9198.49,64.9,0,0.03,0,0,277,System Idle Process,0,python.exe,10748,SAMSUNG MZVLQ512HBLU-00B,PASSED,2,99,28,10.3,391,0
8/8/2026 20:28,yathiswar,8,1700,42.8,9198.41,64.9,0.29,0.09,0,0,277,System Idle Process,0,python.exe,10748,SAMSUNG MZVLQ512HBLU-00B,PASSED,2,99,26,10.3,391,0
8/8/2026 20:28,yathiswar,7.7,1700,42.8,9197.83,64.9,0,0,0,0,277,System Idle Process,0,python.exe,10748,SAMSUNG MZVLQ512HBLU-00B,PASSED,2,99,27,10.3,391,0
8/8/2026 20:29,yathiswar,7.7,1700,42.8,9193.76,64.9,0.04,0.03,0,0,277,System Idle Process,0,python.exe,10748,SAMSUNG MZVLQ512HBLU-00B,PASSED,2,99,26,10.3,391,0
8/8/2026 20:29,yathiswar,7.4,1457,42.8,9192.21,64.9,0,0,0,0,277,System Idle Process,0,python.exe,10748,SAMSUNG MZVLQ512HBLU-00B,PASSED,2,99,27,10.3,391,0
8/8/2026 20:29,yathiswar,7.6,1700,42.8,9196.98,64.9,0,0.05,0,0,277,System Idle Process,0,python.exe,10748,SAMSUNG MZVLQ512HBLU-00B,PASSED,2,99,26,10.3,391,0
8/8/2026 20:29,yathiswar,7,1700,42.7,9201.69,64.9,0.1,0.2,0,0,276,System Idle Process,0,python.exe,10748,SAMSUNG MZVLQ512HBLU-00B,PASSED,2,99,26,10.3,391,0
8/8/2026 20:29,yathiswar,8.7,1700,42.7,9210.82,64.9,0,0,0,0,276,System Idle Process,0,python.exe,10748,SAMSUNG MZVLQ512HBLU-00B,PASSED,2,99,26,10.3,391,0
8/8/2026 20:29,yathiswar,8.8,1700,42.7,9213.15,64.9,0.16,0.01,0,0,276,System Idle Process,0,python.exe,10748,SAMSUNG MZVLQ512HBLU-00B,PASSED,2,99,26,10.3,391,0
8/8/2026 20:29,yathiswar,7.9,1700,42.7,9208.36,64.9,0,0,0,0,276,System Idle Process,0,python.exe,10748,SAMSUNG MZVLQ512HBLU-00B,PASSED,2,99,27,10.3,391,0
8/8/2026 20:29,yathiswar,9.6,1700,42.7,9207.08,64.9,0.16,0.06,0,0,276,System Idle Process,0,python.exe,10748,SAMSUNG MZVLQ512HBLU-00B,PASSED,2,99,26,10.3,391,0
8/8/2026 20:29,yathiswar,7.9,1700,42.8,9193.93,64.9,13.53,0.07,0,0,277,System Idle Process,0,python.exe,10748,SAMSUNG MZVLQ512HBLU-00B,PASSED,2,99,28,10.3,391,0
8/8/2026 20:29,yathiswar,8.2,1700,42.8,9196.29,64.9,1.65,0.1,0,0,276,System Idle Process,0,python.exe,10748,SAMSUNG MZVLQ512HBLU-00B,PASSED,2,99,28,10.3,391,0
8/8/2026 20:29,yathiswar,7.2,1457,42.8,9194.23,64.9,0.57,0.07,0,0,276,System Idle Process,0,python.exe,10748,SAMSUNG MZVLQ512HBLU-00B,PASSED,2,99,26,10.3,391,0
8/8/2026 20:29,yathiswar,8.6,1700,42.8,9195.12,64.9,0.14,0.03,0,0,276,System Idle Process,0,python.exe,10748,SAMSUNG MZVLQ512HBLU-00B,PASSED,2,99,26,10.3,391,0
8/8/2026 20:29,yathiswar,6.8,1700,42.8,9194.28,64.9,0,0.01,0,0,276,System Idle Process,0,python.exe,10748,SAMSUNG MZVLQ512HBLU-00B,PASSED,2,99,27,10.3,391,0
8/8/2026 20:29,yathiswar,7.2,1700,42.8,9193.77,64.9,0.16,0,0,0,276,System Idle Process,0,python.exe,10748,SAMSUNG MZVLQ512HBLU-00B,PASSED,2,99,26,10.3,391,0
8/8/2026 20:29,yathiswar,7.1,1700,42.8,9193.27,64.9,0.44,0.12,0,0,276,System Idle Process,0,python.exe,10748,SAMSUNG MZVLQ512HBLU-00B,PASSED,2,99,34,10.3,391,0
8/8/2026 20:29,yathiswar,6,1457,42.8,9187.25,64.9,0.03,0.05,0,0,276,System Idle Process,0,python.exe,10748,SAMSUNG MZVLQ512HBLU-00B,PASSED,2,99,39,10.3,391,0
8/8/2026 20:29,yathiswar,7,1457,42.8,9196.96,64.9,0.05,0.02,0,0,276,System Idle Process,0,python.exe,10748,SAMSUNG MZVLQ512HBLU-00B,PASSED,2,99,33,10.3,391,0
8/8/2026 20:29,yathiswar,8,1457,42.8,9191.9,64.9,0,0,0,0,276,System Idle Process,0,python.exe,10748,SAMSUNG MZVLQ512HBLU-00B,PASSED,2,99,31,10.3,391,0
8/8/2026 20:29,yathiswar,8.5,1700,42.7,9198.92,64.9,0,0.02,0,0,276,System Idle Process,0,python.exe,10748,SAMSUNG MZVLQ512HBLU-00B,PASSED,2,99,28,10.3,391,0
8/8/2026 20:29,yathiswar,7.3,1457,42.8,9191.4,64.9,0,0.01,0,0,276,System Idle Process,0,python.exe,10748,SAMSUNG MZVLQ512HBLU-00B,PASSED,2,99,27,10.3,391,0
8/8/2026 20:29,yathiswar,6.4,1457,42.8,9195.82,64.9,0.17,0.02,0,0,276,System Idle Process,0,python.exe,10748,SAMSUNG MZVLQ512HBLU-00B,PASSED,2,99,27,10.3,391,0
8/8/2026 20:29,yathiswar,7.8,1457,42.8,9196.82,64.9,0.06,0.03,0,0,276,System Idle Process,0,python.exe,10748,SAMSUNG MZVLQ512HBLU-00B,PASSED,2,99,26,10.3,391,0
8/8/2026 20:30,yathiswar,8.3,1700,42.8,9191.61,64.9,0.02,0.02,0,0,276,System Idle Process,0,python.exe,10748,SAMSUNG MZVLQ512HBLU-00B,PASSED,2,99,26,10.3,391,0
8/8/2026 20:30,yathiswar,8.1,1700,42.8,9192.69,64.9,0,0.09,0,0,276,System Idle Process,0,python.exe,10748,SAMSUNG MZVLQ512HBLU-00B,PASSED,2,99,26,10.3,391,0
8/8/2026 20:30,yathiswar,12.4,1457,43.3,9110.27,64.9,39.61,0.07,0,0,278,System Idle Process,0,python.exe,10748,SAMSUNG MZVLQ512HBLU-00B,PASSED,2,99,32,10.3,391,0
8/8/2026 20:30,yathiswar,8.5,1700,42.9,9178.25,64.9,3.18,0.12,0,0,277,System Idle Process,0,python.exe,10748,SAMSUNG MZVLQ512HBLU-00B,PASSED,2,99,28,10.3,391,0
8/8/2026 20:30,yathiswar,6.2,1700,42.8,9185.52,64.9,0.06,0.05,0,0,277,System Idle Process,0,python.exe,10748,SAMSUNG MZVLQ512HBLU-00B,PASSED,2,99,27,10.3,391,0
8/8/2026 20:30,yathiswar,7.4,1700,42.8,9184.09,64.9,0,0.01,0,0,277,System Idle Process,0,python.exe,10748,SAMSUNG MZVLQ512HBLU-00B,PASSED,2,99,27,10.3,391,0
8/8/2026 20:30,yathiswar,6.7,1700,42.8,9186.01,64.9,0.04,0.04,0,0,277,System Idle Process,0,python.exe,10748,SAMSUNG MZVLQ512HBLU-00B,PASSED,2,99,26,10.3,391,0
8/8/2026 20:30,yathiswar,7.7,1700,42.8,9188.42,64.9,0.09,0.03,0,0,277,System Idle Process,0,python.exe,10748,SAMSUNG MZVLQ512HBLU-00B,PASSED,2,99,27,10.3,391,0
8/8/2026 20:30,yathiswar,7.1,1700,42.8,9184.56,64.9,0.01,0.02,0,0,277,System Idle Process,0,python.exe,10748,SAMSUNG MZVLQ512HBLU-00B,PASSED,2,99,26,10.3,391,0
8/8/2026 20:30,yathiswar,6.6,1700,42.8,9183.39,64.9,0.02,0.01,0,0,277,System Idle Process,0,python.exe,10748,SAMSUNG MZVLQ512HBLU-00B,PASSED,2,99,26,10.3,391,0
8/8/2026 20:30,yathiswar,7,1700,42.8,9185.89,64.9,0,0.09,0,0,277,System Idle Process,0,python.exe,10748,SAMSUNG MZVLQ512HBLU-00B,PASSED,2,99,25,10.3,391,0
8/8/2026 20:30,yathiswar,7.1,1700,42.8,9184.05,64.9,0.02,0.01,0,0,277,System Idle Process,0,python.exe,10748,SAMSUNG MZVLQ512HBLU-00B,PASSED,2,99,26,10.3,391,0
8/8/2026 20:30,yathiswar,7.9,1700,42.8,9185.28,64.9,0.02,0.14,0,0,277,System Idle Process,0,python.exe,10748,SAMSUNG MZVLQ512HBLU-00B,PASSED,2,99,25,10.3,391,0
8/8/2026 20:30,yathiswar,8.2,1457,42.8,9182.73,64.9,0.06,0.02,0,0,277,System Idle Process,0,python.exe,10748,SAMSUNG MZVLQ512HBLU-00B,PASSED,2,99,26,10.3,391,0
8/8/2026 20:30,yathiswar,5.6,1457,42.8,9184.76,64.9,0,0.04,0,0,277,System Idle Process,0,python.exe,10748,SAMSUNG MZVLQ512HBLU-00B,PASSED,2,99,26,10.3,391,0
8/8/2026 20:30,yathiswar,8.2,1700,42.8,9185.49,64.9,0,0,0,0,277,System Idle Process,0,python.exe,10748,SAMSUNG MZVLQ512HBLU-00B,PASSED,2,99,25,10.3,391,0
8/8/2026 20:30,yathiswar,8,1457,42.8,9182.98,64.9,0,0.01,0,0,277,System Idle Process,0,python.exe,10748,SAMSUNG MZVLQ512HBLU-00B,PASSED,2,99,25,10.3,391,0
8/8/2026 20:30,yathiswar,8,1700,42.8,9188.65,64.9,0,0,0,0,277,System Idle Process,0,python.exe,10748,SAMSUNG MZVLQ512HBLU-00B,PASSED,2,99,24,10.3,391,0
8/8/2026 20:30,yathiswar,7.7,1457,42.9,9181.14,64.9,0.06,0.02,0,0,277,System Idle Process,0,python.exe,10748,SAMSUNG MZVLQ512HBLU-00B,PASSED,2,99,27,10.3,391,0
8/8/2026 20:30,yathiswar,8.1,1457,42.8,9183.7,64.9,0.05,0.01,0,0,277,System Idle Process,0,python.exe,10748,SAMSUNG MZVLQ512HBLU-00B,PASSED,2,99,25,10.3,391,0
8/8/2026 20:30,yathiswar,6.3,1700,42.9,9179.16,64.9,0,0.24,0,0,277,System Idle Process,0,python.exe,10748,SAMSUNG MZVLQ512HBLU-00B,PASSED,2,99,24,10.3,391,0
8/8/2026 20:30,yathiswar,6.8,1700,42.9,9179.76,64.9,0,0.03,0,0,277,System Idle Process,0,python.exe,10748,SAMSUNG MZVLQ512HBLU-00B,PASSED,2,99,24,10.3,391,0
8/8/2026 20:31,yathiswar,7.4,1700,42.9,9181.3,64.9,0,0,0,0,277,System Idle Process,0,python.exe,10748,SAMSUNG MZVLQ512HBLU-00B,PASSED,2,99,25,10.3,391,0
8/8/2026 20:31,yathiswar,8.5,1700,42.9,9180.2,64.9,0.17,0.04,0,0,277,System Idle Process,0,python.exe,10748,SAMSUNG MZVLQ512HBLU-00B,PASSED,2,99,25,10.3,391,0
8/8/2026 20:31,yathiswar,5.9,1700,42.9,9174.46,64.9,0,0,0,0,277,System Idle Process,0,python.exe,10748,SAMSUNG MZVLQ512HBLU-00B,PASSED,2,99,24,10.3,391,0
8/8/2026 20:31,yathiswar,6,1700,42.9,9177.77,64.9,0,0.05,0,0,277,System Idle Process,0,python.exe,10748,SAMSUNG MZVLQ512HBLU-00B,PASSED,2,99,24,10.3,391,0
8/8/2026 20:31,yathiswar,6.9,1700,42.9,9181.95,64.9,0.03,0,0,0,277,System Idle Process,0,python.exe,10748,SAMSUNG MZVLQ512HBLU-00B,PASSED,2,99,24,10.3,391,0
8/8/2026 20:31,yathiswar,7.1,1700,42.9,9182.06,64.9,0,0.01,0,0,277,System Idle Process,0,python.exe,10748,SAMSUNG MZVLQ512HBLU-00B,PASSED,2,99,24,10.3,391,0
8/8/2026 20:31,yathiswar,7.1,1700,42.9,9175.84,64.9,0.33,0.03,0,0,277,System Idle Process,0,python.exe,10748,SAMSUNG MZVLQ512HBLU-00B,PASSED,2,99,24,10.3,391,0
8/8/2026 20:31,yathiswar,8.3,1700,42.9,9172.26,64.9,0.01,0.03,0,0,277,System Idle Process,0,python.exe,10748,SAMSUNG MZVLQ512HBLU-00B,PASSED,2,99,25,10.3,391,0
8/8/2026 20:31,yathiswar,6.9,1700,42.9,9176.36,64.9,0.03,0.03,0,0,277,System Idle Process,0,python.exe,10748,SAMSUNG MZVLQ512HBLU-00B,PASSED,2,99,24,10.3,391,0
8/8/2026 20:31,yathiswar,7,1700,42.9,9174.07,64.9,0,0.01,0,0,277,System Idle Process,0,python.exe,10748,SAMSUNG MZVLQ512HBLU-00B,PASSED,2,99,24,10.3,391,0
8/8/2026 20:31,yathiswar,7.1,1700,42.9,9178.66,64.9,0,0.03,0,0,277,System Idle Process,0,python.exe,10748,SAMSUNG MZVLQ512HBLU-00B,PASSED,2,99,23,10.3,391,0
8/8/2026 20:31,yathiswar,8,1700,42.9,9173.96,64.9,0,0,0,0,277,System Idle Process,0,python.exe,10748,SAMSUNG MZVLQ512HBLU-00B,PASSED,2,99,25,10.3,391,0
8/8/2026 20:31,yathiswar,7.9,1457,42.9,9174.04,64.9,0.05,0.06,0,0,277,System Idle Process,0,python.exe,10748,SAMSUNG MZVLQ512HBLU-00B,PASSED,2,99,24,10.3,391,0
8/8/2026 20:31,yathiswar,6.6,1457,42.9,9181.5,64.9,0.03,0,0,0,276,System Idle Process,0,python.exe,10748,SAMSUNG MZVLQ512HBLU-00B,PASSED,2,99,23,10.3,391,0
8/8/2026 20:31,yathiswar,7.3,1700,42.9,9177.41,64.9,0,0.01,0,0,276,System Idle Process,0,python.exe,10748,SAMSUNG MZVLQ512HBLU-00B,PASSED,2,99,23,10.3,391,0
8/8/2026 20:31,yathiswar,7.1,1700,42.9,9182.08,64.9,0.01,0.06,0,0,276,System Idle Process,0,python.exe,10748,SAMSUNG MZVLQ512HBLU-00B,PASSED,2,99,23,10.3,391,0
8/8/2026 20:31,yathiswar,7.2,1700,42.8,9182.77,64.9,0,0.01,0,0,276,System Idle Process,0,python.exe,10748,SAMSUNG MZVLQ512HBLU-00B,PASSED,2,99,25,10.3,391,0
8/8/2026 20:31,yathiswar,8.1,1700,42.9,9178.78,64.9,0,0.04,0,0,276,System Idle Process,0,python.exe,10748,SAMSUNG MZVLQ512HBLU-00B,PASSED,2,99,25,10.3,391,0
8/8/2026 20:31,yathiswar,8.9,1700,42.8,9185.49,64.9,0.02,0.03,0,0,276,System Idle Process,0,python.exe,10748,SAMSUNG MZVLQ512HBLU-00B,PASSED,2,99,24,10.3,391,0
8/8/2026 20:31,yathiswar,6.8,1700,42.9,9181.55,64.9,0,0.01,0,0,276,System Idle Process,0,python.exe,10748,SAMSUNG MZVLQ512HBLU-00B,PASSED,2,99,23,10.3,391,0
8/8/2026 20:31,yathiswar,6,1700,42.9,9182.09,64.9,0,0,0,0,276,System Idle Process,0,python.exe,10748,SAMSUNG MZVLQ512HBLU-00B,PASSED,2,99,23,10.3,391,0
8/8/2026 20:31,yathiswar,6.4,1457,42.9,9181.21,64.9,0,0.02,0,0,276,System Idle Process,0,python.exe,10748,SAMSUNG MZVLQ512HBLU-00B,PASSED,2,99,23,10.3,391,0
8/8/2026 20:32,yathiswar,7.7,1700,42.9,9181.84,64.9,0.02,0.1,0,0,276,System Idle Process,0,python.exe,10748,SAMSUNG MZVLQ512HBLU-00B,PASSED,2,99,24,10.3,391,0
8/8/2026 20:32,yathiswar,9,1700,42.8,9182.6,64.9,0,0.03,0,0,276,System Idle Process,0,python.exe,10748,SAMSUNG MZVLQ512HBLU-00B,PASSED,2,99,23,10.3,391,0
8/8/2026 20:32,yathiswar,7.3,1457,42.9,9178.77,64.9,0,0,0,0,276,System Idle Process,0,python.exe,10748,SAMSUNG MZVLQ512HBLU-00B,PASSED,2,99,23,10.3,391,0
8/8/2026 20:32,yathiswar,7.4,1457,42.9,9181.97,64.9,0.02,0,0,0,276,System Idle Process,0,python.exe,10748,SAMSUNG MZVLQ512HBLU-00B,PASSED,2,99,25,10.3,391,0
8/8/2026 20:32,yathiswar,9.5,1457,42.9,9171.45,64.9,1.11,0.02,0,0,277,System Idle Process,0,python.exe,10748,SAMSUNG MZVLQ512HBLU-00B,PASSED,2,99,24,10.3,391,0
8/8/2026 20:32,yathiswar,7.6,1457,42.9,9168.92,64.9,0,0.02,0,0,277,System Idle Process,0,python.exe,10748,SAMSUNG MZVLQ512HBLU-00B,PASSED,2,99,24,10.3,391,0
8/8/2026 20:32,yathiswar,9.3,1457,42.9,9168.33,64.9,0.06,0.03,0,0,277,System Idle Process,0,python.exe,10748,SAMSUNG MZVLQ512HBLU-00B,PASSED,2,99,24,10.3,391,0
8/8/2026 20:32,yathiswar,8.5,1700,42.9,9168.8,64.9,0.15,0.06,0,0,277,System Idle Process,0,python.exe,10748,SAMSUNG MZVLQ512HBLU-00B,PASSED,2,99,24,10.3,391,0
8/8/2026 20:32,yathiswar,6.6,1700,43,9162.33,64.9,0,0.01,0,0,277,System Idle Process,0,python.exe,10748,SAMSUNG MZVLQ512HBLU-00B,PASSED,2,99,23,10.3,391,0
8/8/2026 20:32,yathiswar,6.8,1700,42.9,9167.18,64.9,0,0,0,0,277,System Idle Process,0,python.exe,10748,SAMSUNG MZVLQ512HBLU-00B,PASSED,2,99,23,10.3,391,0
8/8/2026 20:32,yathiswar,7,1700,43,9165.39,64.9,0,0,0,0,277,System Idle Process,0,python.exe,10748,SAMSUNG MZVLQ512HBLU-00B,PASSED,2,99,23,10.3,391,0
8/8/2026 20:32,yathiswar,9.6,1700,42.9,9168.52,64.9,0.02,0.04,0,0,277,System Idle Process,0,python.exe,10748,SAMSUNG MZVLQ512HBLU-00B,PASSED,2,99,23,10.3,391,0
8/8/2026 20:32,yathiswar,6.9,1457,42.9,9167.42,64.9,0.02,0.04,0,0,277,System Idle Process,0,python.exe,10748,SAMSUNG MZVLQ512HBLU-00B,PASSED,2,99,23,10.3,391,0
8/8/2026 20:32,yathiswar,6,1700,43,9165.35,64.9,0.23,0.03,0,0,277,System Idle Process,0,python.exe,10748,SAMSUNG MZVLQ512HBLU-00B,PASSED,2,99,23,10.3,391,0
8/8/2026 20:32,yathiswar,6.5,1700,42.9,9167.09,64.9,0.01,0,0,0,277,System Idle Process,0,python.exe,10748,SAMSUNG MZVLQ512HBLU-00B,PASSED,2,99,23,10.3,391,0
8/8/2026 20:32,yathiswar,8,1700,43,9163.92,64.9,0.01,0,0,0,277,System Idle Process,0,python.exe,10748,SAMSUNG MZVLQ512HBLU-00B,PASSED,2,99,25,10.3,391,0
8/8/2026 20:32,yathiswar,7.1,1457,42.9,9169.21,64.9,0,0.11,0,0,277,System Idle Process,0,python.exe,10748,SAMSUNG MZVLQ512HBLU-00B,PASSED,2,99,23,10.3,391,0
8/8/2026 20:32,yathiswar,6.1,1700,42.9,9166.94,64.9,0,0.02,0,0,277,System Idle Process,0,python.exe,10748,SAMSUNG MZVLQ512HBLU-00B,PASSED,2,99,23,10.3,391,0
8/8/2026 20:32,yathiswar,7,1457,42.9,9166.51,64.9,0.3,0.08,0,0,277,System Idle Process,0,python.exe,10748,SAMSUNG MZVLQ512HBLU-00B,PASSED,2,99,24,10.3,391,0
8/8/2026 20:32,yathiswar,6.4,1700,43,9159.43,64.9,0,0.02,0,0,277,System Idle Process,0,python.exe,10748,SAMSUNG MZVLQ512HBLU-00B,PASSED,2,99,23,10.3,391,0
8/8/2026 20:32,yathiswar,6.7,1700,43,9164.25,64.9,0,0.01,0,0,277,System Idle Process,0,python.exe,10748,SAMSUNG MZVLQ512HBLU-00B,PASSED,2,99,24,10.3,391,0
8/8/2026 20:32,yathiswar,7.4,1700,43,9160.63,64.9,0,0,0,0,277,System Idle Process,0,python.exe,10748,SAMSUNG MZVLQ512HBLU-00B,PASSED,2,99,23,10.3,391,0
8/8/2026 20:33,yathiswar,8,1700,43,9163.84,64.9,0,0,0,0,277,System Idle Process,0,python.exe,10748,SAMSUNG MZVLQ512HBLU-00B,PASSED,2,99,23,10.3,391,0
8/8/2026 20:33,yathiswar,7.5,1700,43,9164.52,64.9,0.08,0.03,0,0,277,System Idle Process,0,python.exe,10748,SAMSUNG MZVLQ512HBLU-00B,PASSED,2,99,23,10.3,391,0
8/8/2026 20:33,yathiswar,7.2,1700,42.9,9173.39,64.9,0.28,0.04,0,0,277,System Idle Process,0,python.exe,10748,SAMSUNG MZVLQ512HBLU-00B,PASSED,2,99,23,10.3,391,0
8/8/2026 20:33,yathiswar,6.7,1700,42.9,9169.84,64.9,0.02,0.02,0,0,277,System Idle Process,0,python.exe,10748,SAMSUNG MZVLQ512HBLU-00B,PASSED,2,99,23,10.3,391,0
8/8/2026 20:33,yathiswar,5.2,1700,42.9,9169.09,64.9,0.03,0,0,0,277,System Idle Process,0,python.exe,10748,SAMSUNG MZVLQ512HBLU-00B,PASSED,2,99,23,10.3,391,0
8/8/2026 20:33,yathiswar,6.9,1457,43,9164.92,64.9,0.07,0.08,0,0,277,System Idle Process,0,python.exe,10748,SAMSUNG MZVLQ512HBLU-00B,PASSED,2,99,24,10.3,391,0
8/8/2026 20:33,yathiswar,7.4,1700,42.9,9170.92,64.9,0.08,0.03,0,0,277,System Idle Process,0,python.exe,10748,SAMSUNG MZVLQ512HBLU-00B,PASSED,2,99,23,10.3,391,0
8/8/2026 20:33,yathiswar,8.5,1700,42.9,9169.69,64.9,0,0,0,0,277,System Idle Process,0,python.exe,10748,SAMSUNG MZVLQ512HBLU-00B,PASSED,2,99,23,10.3,391,0
8/8/2026 20:33,yathiswar,8.3,1700,42.9,9170.04,64.9,0.04,0.04,0,0,277,System Idle Process,0,python.exe,10748,SAMSUNG MZVLQ512HBLU-00B,PASSED,2,99,23,10.3,391,0
8/8/2026 20:33,yathiswar,7.3,1700,43,9165.31,64.9,0.02,0.12,0,0,277,System Idle Process,0,python.exe,10748,SAMSUNG MZVLQ512HBLU-00B,PASSED,2,99,23,10.3,391,0
8/8/2026 20:33,yathiswar,6.3,1700,42.9,9167.93,64.9,0.03,0.08,0,0,277,System Idle Process,0,python.exe,10748,SAMSUNG MZVLQ512HBLU-00B,PASSED,2,99,23,10.3,391,0
8/8/2026 20:33,yathiswar,7.4,1700,42.9,9169.31,64.9,0,0.01,0,0,277,System Idle Process,0,python.exe,10748,SAMSUNG MZVLQ512HBLU-00B,PASSED,2,99,23,10.3,391,0
8/8/2026 20:33,yathiswar,7.8,1700,43,9163.04,64.9,0.05,0.06,0,0,277,System Idle Process,0,python.exe,10748,SAMSUNG MZVLQ512HBLU-00B,PASSED,2,99,23,10.3,391,0
8/8/2026 20:33,yathiswar,7.1,1700,42.9,9167.85,64.9,0.03,0,0,0,277,System Idle Process,0,python.exe,10748,SAMSUNG MZVLQ512HBLU-00B,PASSED,2,99,23,10.3,391,0
8/8/2026 20:33,yathiswar,7.3,1700,43,9164.34,64.9,0,0,0,0,277,System Idle Process,0,python.exe,10748,SAMSUNG MZVLQ512HBLU-00B,PASSED,2,99,23,10.3,391,0
8/8/2026 20:33,yathiswar,7,1457,43,9163.21,64.9,0,0.03,0,0,277,System Idle Process,0,python.exe,10748,SAMSUNG MZVLQ512HBLU-00B,PASSED,2,99,23,10.3,391,0
8/8/2026 20:33,yathiswar,6,1700,43,9164.93,64.9,0.11,0,0,0,277,System Idle Process,0,python.exe,10748,SAMSUNG MZVLQ512HBLU-00B,PASSED,2,99,23,10.3,391,0
8/8/2026 20:33,yathiswar,8.2,1700,42.9,9169.18,64.9,0,0.02,0,0,277,System Idle Process,0,python.exe,10748,SAMSUNG MZVLQ512HBLU-00B,PASSED,2,99,23,10.3,391,0
8/8/2026 20:33,yathiswar,7.8,1457,42.9,9169.77,64.9,0,0.01,0,0,277,System Idle Process,0,python.exe,10748,SAMSUNG MZVLQ512HBLU-00B,PASSED,2,99,24,10.3,391,0
8/8/2026 20:33,yathiswar,8.1,1700,43,9165.5,64.9,0.13,0.06,0,0,277,System Idle Process,0,python.exe,10748,SAMSUNG MZVLQ512HBLU-00B,PASSED,2,99,23,10.3,391,0
8/8/2026 20:33,yathiswar,8.1,1457,43,9165.7,64.9,0.01,0,0,0,277,System Idle Process,0,python.exe,10748,SAMSUNG MZVLQ512HBLU-00B,PASSED,2,99,23,10.3,391,0
8/8/2026 20:33,yathiswar,6.7,1700,43,9165.86,64.9,0,0.02,0,0,277,System Idle Process,0,python.exe,10748,SAMSUNG MZVLQ512HBLU-00B,PASSED,2,99,24,10.3,391,0
8/8/2026 20:34,yathiswar,8.4,1457,43,9162.17,64.9,9.2,0.07,0,0,277,System Idle Process,0,python.exe,10748,SAMSUNG MZVLQ512HBLU-00B,PASSED,2,99,26,10.3,391,0
8/8/2026 20:34,yathiswar,8.5,1457,43,9156.86,64.9,0,0.04,0,0,277,System Idle Process,0,python.exe,10748,SAMSUNG MZVLQ512HBLU-00B,PASSED,2,99,23,10.3,391,0
8/8/2026 20:34,yathiswar,6.8,1457,43,9157.68,64.9,0,0.01,0,0,277,System Idle Process,0,python.exe,10748,SAMSUNG MZVLQ512HBLU-00B,PASSED,2,99,23,10.3,391,0
8/8/2026 20:34,yathiswar,6.4,1700,43,9161.3,64.9,0,0,0,0,277,System Idle Process,0,python.exe,10748,SAMSUNG MZVLQ512HBLU-00B,PASSED,2,99,23,10.3,391,0
8/8/2026 20:34,yathiswar,6.3,1457,43,9162.48,64.9,0,0.02,0,0,277,System Idle Process,0,python.exe,10748,SAMSUNG MZVLQ512HBLU-00B,PASSED,2,99,23,10.3,391,0
8/8/2026 20:34,yathiswar,6.8,1700,43,9165.29,64.9,0.01,0.15,0,0,277,System Idle Process,0,python.exe,10748,SAMSUNG MZVLQ512HBLU-00B,PASSED,2,99,23,10.3,391,0
8/8/2026 20:34,yathiswar,7.1,1457,43,9157.94,64.9,0.03,0.02,0,0,277,System Idle Process,0,python.exe,10748,SAMSUNG MZVLQ512HBLU-00B,PASSED,2,99,23,10.3,391,0
8/8/2026 20:34,yathiswar,5.4,1457,43,9160.82,64.9,0,0,0,0,277,System Idle Process,0,python.exe,10748,SAMSUNG MZVLQ512HBLU-00B,PASSED,2,99,23,10.3,391,0
8/8/2026 20:34,yathiswar,7.7,1457,43,9162.65,64.9,0.14,0.04,0,0,277,System Idle Process,0,python.exe,10748,SAMSUNG MZVLQ512HBLU-00B,PASSED,2,99,23,10.3,391,0
8/8/2026 20:34,yathiswar,6.8,1700,43,9160.22,64.9,0.01,0.02,0,0,277,System Idle Process,0,python.exe,10748,SAMSUNG MZVLQ512HBLU-00B,PASSED,2,99,23,10.3,391,0
8/8/2026 20:34,yathiswar,6.6,1457,43,9157.95,64.9,0,0.02,0,0,277,System Idle Process,0,python.exe,10748,SAMSUNG MZVLQ512HBLU-00B,PASSED,2,99,23,10.3,391,0
8/8/2026 20:34,yathiswar,6.7,1700,43,9161,64.9,0.06,0.01,0,0,277,System Idle Process,0,python.exe,10748,SAMSUNG MZVLQ512HBLU-00B,PASSED,2,99,23,10.3,391,0
8/8/2026 20:34,yathiswar,8.9,1700,43,9154.94,64.9,0.02,0.03,0,0,277,System Idle Process,0,python.exe,10748,SAMSUNG MZVLQ512HBLU-00B,PASSED,2,99,23,10.3,391,0
8/8/2026 20:34,yathiswar,6.4,1457,43,9155.41,64.9,0,0.01,0,0,277,System Idle Process,0,python.exe,10748,SAMSUNG MZVLQ512HBLU-00B,PASSED,2,99,23,10.3,391,0
8/8/2026 20:34,yathiswar,7.4,1457,43,9160.04,64.9,0,0.02,0,0,277,System Idle Process,0,python.exe,10748,SAMSUNG MZVLQ512HBLU-00B,PASSED,2,99,22,10.3,391,0
8/8/2026 20:34,yathiswar,6.2,1700,43,9160.17,64.9,0,0,0,0,277,System Idle Process,0,python.exe,10748,SAMSUNG MZVLQ512HBLU-00B,PASSED,2,99,22,10.3,391,0
8/8/2026 20:34,yathiswar,6.9,1457,43,9165.43,64.9,0.04,0.01,0,0,277,System Idle Process,0,python.exe,10748,SAMSUNG MZVLQ512HBLU-00B,PASSED,2,99,23,10.3,391,0
8/8/2026 20:34,yathiswar,7.4,1700,43,9160.59,64.9,0,0.03,0,0,277,System Idle Process,0,python.exe,10748,SAMSUNG MZVLQ512HBLU-00B,PASSED,2,99,23,10.3,391,0
8/8/2026 20:34,yathiswar,7.7,1457,43,9159.3,64.9,0,0.02,0,0,277,System Idle Process,0,python.exe,10748,SAMSUNG MZVLQ512HBLU-00B,PASSED,2,99,23,10.3,391,0
8/8/2026 20:34,yathiswar,9,1700,43,9158.07,64.9,0.01,0.04,0,0,277,System Idle Process,0,python.exe,10748,SAMSUNG MZVLQ512HBLU-00B,PASSED,2,99,23,10.3,391,0
8/8/2026 20:34,yathiswar,7.1,1700,43,9158.32,64.9,0,0,0,0,277,System Idle Process,0,python.exe,10748,SAMSUNG MZVLQ512HBLU-00B,PASSED,2,99,22,10.3,391,0
8/8/2026 20:34,yathiswar,7.5,1700,43,9158.06,64.9,0,0.05,0,0,277,System Idle Process,0,python.exe,10748,SAMSUNG MZVLQ512HBLU-00B,PASSED,2,99,23,10.3,391,0
8/8/2026 20:35,yathiswar,6.6,1457,43,9157.89,64.9,0.02,0.48,0,0,277,System Idle Process,0,python.exe,10748,SAMSUNG MZVLQ512HBLU-00B,PASSED,2,99,24,10.3,391,0
8/8/2026 20:35,yathiswar,11.7,1700,43.1,9149.41,64.9,2.57,0.08,0,0,277,System Idle Process,0,python.exe,10748,SAMSUNG MZVLQ512HBLU-00B,PASSED,2,99,23,10.3,391,0
8/8/2026 20:35,yathiswar,6.3,1700,43.1,9149.94,64.9,0.01,0,0,0,277,System Idle Process,0,python.exe,10748,SAMSUNG MZVLQ512HBLU-00B,PASSED,2,99,23,10.3,391,0
8/8/2026 20:35,yathiswar,6.3,1700,43,9150.75,64.9,0,0,0,0,277,System Idle Process,0,python.exe,10748,SAMSUNG MZVLQ512HBLU-00B,PASSED,2,99,23,10.3,391,0
8/8/2026 20:35,yathiswar,7.3,1457,43.1,9150.32,64.9,0.14,0,0,0,277,System Idle Process,0,python.exe,10748,SAMSUNG MZVLQ512HBLU-00B,PASSED,2,99,23,10.3,391,0
8/8/2026 20:35,yathiswar,6.3,1700,43,9152.39,64.9,0,0.02,0,0,277,System Idle Process,0,python.exe,10748,SAMSUNG MZVLQ512HBLU-00B,PASSED,2,99,22,10.3,391,0
8/8/2026 20:35,yathiswar,8.4,1457,43.1,9150.23,64.9,0.37,0.01,0,0,277,System Idle Process,0,python.exe,10748,SAMSUNG MZVLQ512HBLU-00B,PASSED,2,99,23,10.3,391,0
8/8/2026 20:35,yathiswar,9.1,1700,43.1,9149.28,64.9,0.02,0.03,0,0,277,System Idle Process,0,python.exe,10748,SAMSUNG MZVLQ512HBLU-00B,PASSED,2,99,25,10.3,391,0
8/8/2026 20:35,yathiswar,6.9,1700,43.1,9150.02,64.9,0,0.03,0,0,277,System Idle Process,0,python.exe,10748,SAMSUNG MZVLQ512HBLU-00B,PASSED,2,99,22,10.3,391,0
8/8/2026 20:35,yathiswar,6.8,1700,43,9151.65,64.9,0.03,0,0,0,277,System Idle Process,0,python.exe,10748,SAMSUNG MZVLQ512HBLU-00B,PASSED,2,99,23,10.3,391,0
8/8/2026 20:35,yathiswar,6.7,1700,43,9150.57,64.9,0.28,0.02,0,0,277,System Idle Process,0,python.exe,10748,SAMSUNG MZVLQ512HBLU-00B,PASSED,2,99,23,10.3,391,0
8/8/2026 20:35,yathiswar,8,1700,43.1,9147.1,64.9,0.5,0,0,0,277,System Idle Process,0,python.exe,10748,SAMSUNG MZVLQ512HBLU-00B,PASSED,2,99,24,10.3,391,0
8/8/2026 20:35,yathiswar,8.2,1700,43,9151.62,64.9,0.08,0.05,0,0,277,System Idle Process,0,python.exe,10748,SAMSUNG MZVLQ512HBLU-00B,PASSED,2,99,23,10.3,391,0
8/8/2026 20:35,yathiswar,6.1,1700,43.1,9146,64.9,0.43,0.04,0,0,277,System Idle Process,0,python.exe,10748,SAMSUNG MZVLQ512HBLU-00B,PASSED,2,99,23,10.3,391,0
8/8/2026 20:35,yathiswar,6.5,1700,43.1,9149.39,64.9,0,0.02,0,0,277,System Idle Process,0,python.exe,10748,SAMSUNG MZVLQ512HBLU-00B,PASSED,2,99,22,10.3,391,0
8/8/2026 20:35,yathiswar,6.1,1457,43.1,9148.23,64.9,0,0.07,0,0,277,System Idle Process,0,python.exe,10748,SAMSUNG MZVLQ512HBLU-00B,PASSED,2,99,22,10.3,391,0
8/8/2026 20:35,yathiswar,7.1,1700,43,9151.5,64.9,0.02,0,0,0,277,System Idle Process,0,python.exe,10748,SAMSUNG MZVLQ512HBLU-00B,PASSED,2,99,26,10.3,391,0
8/8/2026 20:35,yathiswar,9.3,1700,43.1,9137.12,64.9,2.35,0.09,0,0,277,System Idle Process,0,python.exe,10748,SAMSUNG MZVLQ512HBLU-00B,PASSED,2,99,23,10.3,391,0
8/8/2026 20:35,yathiswar,7.2,1457,43.2,9134.24,64.9,0,0,0,0,277,System Idle Process,0,python.exe,10748,SAMSUNG MZVLQ512HBLU-00B,PASSED,2,99,25,10.3,391,0
8/8/2026 20:35,yathiswar,9.6,1700,43.1,9137.21,64.9,0.14,0.09,0,0,276,System Idle Process,0,python.exe,10748,SAMSUNG MZVLQ512HBLU-00B,PASSED,2,99,23,10.3,391,0
8/8/2026 20:35,yathiswar,5.5,1700,43.1,9137.26,64.9,0,0,0,0,276,System Idle Process,0,python.exe,10748,SAMSUNG MZVLQ512HBLU-00B,PASSED,2,99,23,10.3,391,0
8/8/2026 20:35,yathiswar,6.1,1700,43.1,9135.48,64.9,0,0.03,0,0,276,System Idle Process,0,python.exe,10748,SAMSUNG MZVLQ512HBLU-00B,PASSED,2,99,23,10.3,391,0
8/8/2026 20:35,yathiswar,5.7,1700,43.1,9135.89,64.9,0,0,0,0,276,System Idle Process,0,python.exe,10748,SAMSUNG MZVLQ512HBLU-00B,PASSED,2,99,23,10.3,391,0
8/8/2026 20:36,yathiswar,6.3,1457,43.1,9137.11,64.9,0,0,0,0,276,System Idle Process,0,python.exe,10748,SAMSUNG MZVLQ512HBLU-00B,PASSED,2,99,24,10.3,391,0
8/8/2026 20:36,yathiswar,8.5,1457,43.1,9137.96,64.9,0.31,0.03,0,0,276,System Idle Process,0,python.exe,10748,SAMSUNG MZVLQ512HBLU-00B,PASSED,2,99,23,10.3,391,0
8/8/2026 20:36,yathiswar,7.3,1700,43.1,9136.14,64.9,0.01,0.13,0,0,276,System Idle Process,0,python.exe,10748,SAMSUNG MZVLQ512HBLU-00B,PASSED,2,99,23,10.3,391,0
8/8/2026 20:36,yathiswar,7.5,1700,43.1,9135.95,64.9,0.02,0,0,0,276,System Idle Process,0,python.exe,10748,SAMSUNG MZVLQ512HBLU-00B,PASSED,2,99,23,10.3,391,0
8/8/2026 20:36,yathiswar,8.9,1457,43.2,9132.37,64.9,0,0.02,0,0,276,System Idle Process,0,python.exe,10748,SAMSUNG MZVLQ512HBLU-00B,PASSED,2,99,22,10.3,391,0
8/8/2026 20:36,yathiswar,7.2,1700,43.1,9135.54,64.9,0,0,0,0,276,System Idle Process,0,python.exe,10748,SAMSUNG MZVLQ512HBLU-00B,PASSED,2,99,24,10.3,391,0
8/8/2026 20:36,yathiswar,8.8,1457,43.1,9137.9,64.9,0.11,0.03,0,0,276,System Idle Process,0,python.exe,10748,SAMSUNG MZVLQ512HBLU-00B,PASSED,2,99,24,10.3,391,0
8/8/2026 20:36,yathiswar,6.7,1700,43.2,9133.41,64.9,0,0.03,0,0,276,System Idle Process,0,python.exe,10748,SAMSUNG MZVLQ512HBLU-00B,PASSED,2,99,23,10.3,391,0
8/8/2026 20:36,yathiswar,5.2,1700,43.1,9135.46,64.9,0,0.01,0,0,276,System Idle Process,0,python.exe,10748,SAMSUNG MZVLQ512HBLU-00B,PASSED,2,99,23,10.3,391,0
8/8/2026 20:36,yathiswar,6.3,1700,43.1,9137.89,64.9,0,0.05,0,0,276,System Idle Process,0,python.exe,10748,SAMSUNG MZVLQ512HBLU-00B,PASSED,2,99,22,10.3,391,0
8/8/2026 20:36,yathiswar,6.8,1700,43.1,9136.45,64.9,0,0.01,0,0,276,System Idle Process,0,python.exe,10748,SAMSUNG MZVLQ512HBLU-00B,PASSED,2,99,22,10.3,391,0
8/8/2026 20:36,yathiswar,6.7,1700,43.1,9137.64,64.9,0,0.05,0,0,276,System Idle Process,0,python.exe,10748,SAMSUNG MZVLQ512HBLU-00B,PASSED,2,99,23,10.3,391,0
8/8/2026 20:36,yathiswar,9.1,1700,43.1,9138.74,64.9,0.13,0.04,0,0,276,System Idle Process,0,python.exe,10748,SAMSUNG MZVLQ512HBLU-00B,PASSED,2,99,23,10.3,391,0
8/8/2026 20:36,yathiswar,6.1,1700,43.1,9137.29,64.9,0.01,0.04,0,0,276,System Idle Process,0,python.exe,10748,SAMSUNG MZVLQ512HBLU-00B,PASSED,2,99,22,10.3,391,0
8/8/2026 20:36,yathiswar,6.9,1457,43.1,9138,64.9,0,0,0,0,276,System Idle Process,0,python.exe,10748,SAMSUNG MZVLQ512HBLU-00B,PASSED,2,99,23,10.3,391,0
8/8/2026 20:36,yathiswar,6.5,1700,43.1,9138.28,64.9,0,0.01,0,0,276,System Idle Process,0,python.exe,10748,SAMSUNG MZVLQ512HBLU-00B,PASSED,2,99,23,10.3,391,0
8/8/2026 20:36,yathiswar,6.8,1700,43.1,9139.16,64.9,0,0.02,0,0,276,System Idle Process,0,python.exe,10748,SAMSUNG MZVLQ512HBLU-00B,PASSED,2,99,23,10.3,391,0
8/8/2026 20:36,yathiswar,7.1,1457,43.1,9146.38,64.9,5.29,0.04,0,0,276,System Idle Process,0,python.exe,10748,SAMSUNG MZVLQ512HBLU-00B,PASSED,2,99,25,10.3,391,0
8/8/2026 20:36,yathiswar,8.5,1700,43.2,9128.8,64.9,0.52,0.04,0,0,276,System Idle Process,0,python.exe,10748,SAMSUNG MZVLQ512HBLU-00B,PASSED,2,99,23,10.3,391,0
8/8/2026 20:36,yathiswar,7.9,1700,43.2,9128.44,64.9,2.69,0,0.01,0,276,System Idle Process,0,python.exe,10748,SAMSUNG MZVLQ512HBLU-00B,PASSED,2,99,24,10.3,391,0
8/8/2026 20:36,yathiswar,6.9,1457,43.2,9127.48,64.9,0.39,0.04,0,0,276,System Idle Process,0,python.exe,10748,SAMSUNG MZVLQ512HBLU-00B,PASSED,2,99,23,10.3,391,0
8/8/2026 20:36,yathiswar,8.5,1700,43.2,9120.75,64.9,0.01,0.07,0,0,276,System Idle Process,0,python.exe,10748,SAMSUNG MZVLQ512HBLU-00B,PASSED,2,99,23,10.3,391,0
8/8/2026 20:37,yathiswar,8,1700,43.3,9114.3,64.9,0.02,0.05,0,0,276,System Idle Process,0,python.exe,10748,SAMSUNG MZVLQ512HBLU-00B,PASSED,2,99,25,10.3,391,0
8/8/2026 20:37,yathiswar,9.3,1457,43.2,9119.31,64.9,0.99,0.03,0,0,276,System Idle Process,0,python.exe,10748,SAMSUNG MZVLQ512HBLU-00B,PASSED,2,99,24,10.3,391,0
8/8/2026 20:37,yathiswar,7.2,1700,43.3,9111.14,64.9,0.12,0,0,0,276,System Idle Process,0,python.exe,10748,SAMSUNG MZVLQ512HBLU-00B,PASSED,2,99,23,10.3,391,0
8/8/2026 20:37,yathiswar,6.2,1700,43.3,9114.3,64.9,0,0.03,0,0,276,System Idle Process,0,python.exe,10748,SAMSUNG MZVLQ512HBLU-00B,PASSED,2,99,23,10.3,391,0
8/8/2026 20:37,yathiswar,7,1457,43.3,9114.46,64.9,0.02,0,0,0,276,System Idle Process,0,python.exe,10748,SAMSUNG MZVLQ512HBLU-00B,PASSED,2,99,23,10.3,391,0
8/8/2026 20:37,yathiswar,7.5,1700,43.3,9116.48,64.9,0,0.1,0,0,276,System Idle Process,0,python.exe,10748,SAMSUNG MZVLQ512HBLU-00B,PASSED,2,99,23,10.3,391,0
8/8/2026 20:37,yathiswar,7,1700,43.3,9113.96,64.9,0,0,0,0,276,System Idle Process,0,python.exe,10748,SAMSUNG MZVLQ512HBLU-00B,PASSED,2,99,23,10.3,391,0
8/8/2026 20:37,yathiswar,9,1457,43.3,9113.67,64.9,0.04,0.03,0,0,276,System Idle Process,0,python.exe,10748,SAMSUNG MZVLQ512HBLU-00B,PASSED,2,99,23,10.3,391,0
8/8/2026 20:37,yathiswar,10.8,1700,43.3,9111.12,64.9,0.28,0.05,0,0,276,System Idle Process,0,python.exe,10748,SAMSUNG MZVLQ512HBLU-00B,PASSED,2,99,23,10.3,391,0
8/8/2026 20:37,yathiswar,6,1700,43.3,9108.63,64.9,0,0,0,0,276,System Idle Process,0,python.exe,10748,SAMSUNG MZVLQ512HBLU-00B,PASSED,2,99,22,10.3,391,0
8/8/2026 20:37,yathiswar,7.1,1700,43.3,9108.57,64.9,0,0.04,0,0,276,System Idle Process,0,python.exe,10748,SAMSUNG MZVLQ512HBLU-00B,PASSED,2,99,23,10.3,391,0
8/8/2026 20:37,yathiswar,8.9,1700,43.4,9102.12,64.9,0,0.03,0,0,276,System Idle Process,0,python.exe,10748,SAMSUNG MZVLQ512HBLU-00B,PASSED,2,99,23,10.3,391,0
8/8/2026 20:37,yathiswar,7.7,1700,43.3,9108.34,64.9,0.04,0,0,0,276,System Idle Process,0,python.exe,10748,SAMSUNG MZVLQ512HBLU-00B,PASSED,2,99,22,10.3,391,0
8/8/2026 20:37,yathiswar,11.6,1700,43.3,9113.36,64.9,1.6,8.28,0,0,276,System Idle Process,0,python.exe,10748,SAMSUNG MZVLQ512HBLU-00B,PASSED,2,99,31,10.3,391,0
8/8/2026 20:37,yathiswar,6.2,1457,43.4,9101.95,64.9,0.88,1.49,0,0,276,System Idle Process,0,python.exe,10748,SAMSUNG MZVLQ512HBLU-00B,PASSED,2,99,26,10.3,391,0
8/8/2026 20:37,yathiswar,6.1,1700,43.3,9105.47,64.9,0,0.04,0,0,276,System Idle Process,0,python.exe,10748,SAMSUNG MZVLQ512HBLU-00B,PASSED,2,99,26,10.3,391,0
8/8/2026 20:37,yathiswar,8.1,1700,43.3,9109.34,64.9,0.03,0.15,0,0,276,System Idle Process,0,python.exe,10748,SAMSUNG MZVLQ512HBLU-00B,PASSED,2,99,25,10.3,391,0
8/8/2026 20:37,yathiswar,6.9,1457,43.3,9107.24,64.9,0.03,0.05,0,0,276,System Idle Process,0,python.exe,10748,SAMSUNG MZVLQ512HBLU-00B,PASSED,2,99,25,10.3,391,0
8/8/2026 20:37,yathiswar,8.2,1700,43.3,9107.64,64.9,0,0.05,0,0,276,System Idle Process,0,python.exe,10748,SAMSUNG MZVLQ512HBLU-00B,PASSED,2,99,23,10.3,391,0
8/8/2026 20:37,yathiswar,7.3,1700,43.3,9103.89,64.9,0.02,0.01,0,0,276,System Idle Process,0,python.exe,10748,SAMSUNG MZVLQ512HBLU-00B,PASSED,2,99,23,10.3,391,0
8/8/2026 20:37,yathiswar,6.1,1700,43.3,9104.78,64.9,0,0,0,0,276,System Idle Process,0,python.exe,10748,SAMSUNG MZVLQ512HBLU-00B,PASSED,2,99,23,10.3,391,0
8/8/2026 20:37,yathiswar,5.9,1457,43.3,9107.15,64.9,0.07,0.03,0,0,276,System Idle Process,0,python.exe,10748,SAMSUNG MZVLQ512HBLU-00B,PASSED,2,99,23,10.3,391,0
8/8/2026 20:38,yathiswar,6.8,1700,43.3,9107.15,64.9,0,0,0,0,276,System Idle Process,0,python.exe,10748,SAMSUNG MZVLQ512HBLU-00B,PASSED,2,99,24,10.3,391,0
8/8/2026 20:38,yathiswar,7.8,1700,43.3,9104.38,64.9,0,0.04,0,0,276,System Idle Process,0,python.exe,10748,SAMSUNG MZVLQ512HBLU-00B,PASSED,2,99,23,10.3,391,0
8/8/2026 20:38,yathiswar,6,1700,43.3,9106.39,64.9,0.04,0.03,0,0,276,System Idle Process,0,python.exe,10748,SAMSUNG MZVLQ512HBLU-00B,PASSED,2,99,23,10.3,391,0
8/8/2026 20:38,yathiswar,6.8,1700,43.3,9106.36,64.9,0,0.02,0,0,276,System Idle Process,0,python.exe,10748,SAMSUNG MZVLQ512HBLU-00B,PASSED,2,99,23,10.3,391,0
8/8/2026 20:38,yathiswar,7.2,1700,43.3,9105.66,64.9,0,0,0,0,276,System Idle Process,0,python.exe,10748,SAMSUNG MZVLQ512HBLU-00B,PASSED,2,99,23,10.3,391,0
8/8/2026 20:38,yathiswar,7.9,1700,43.3,9106.08,64.9,0,0.03,0,0,276,System Idle Process,0,python.exe,10748,SAMSUNG MZVLQ512HBLU-00B,PASSED,2,99,23,10.3,391,0
8/8/2026 20:38,yathiswar,7.1,1700,43.3,9106.5,64.9,0.06,0.22,0,0,276,System Idle Process,0,python.exe,10748,SAMSUNG MZVLQ512HBLU-00B,PASSED,2,99,24,10.3,391,0
8/8/2026 20:38,yathiswar,8.8,1700,43.4,9099.02,64.9,0,0.03,0,0,276,System Idle Process,0,python.exe,10748,SAMSUNG MZVLQ512HBLU-00B,PASSED,2,99,23,10.3,391,0
8/8/2026 20:38,yathiswar,6.6,1700,43.3,9102.6,64.9,0.01,0.05,0,0,276,System Idle Process,0,python.exe,10748,SAMSUNG MZVLQ512HBLU-00B,PASSED,2,99,22,10.3,391,0
8/8/2026 20:38,yathiswar,5.5,1700,43.4,9100.88,64.9,0,0,0,0,276,System Idle Process,0,python.exe,10748,SAMSUNG MZVLQ512HBLU-00B,PASSED,2,99,22,10.3,391,0
8/8/2026 20:38,yathiswar,6.8,1700,43.3,9104.05,64.9,0,0.05,0,0,276,System Idle Process,0,python.exe,10748,SAMSUNG MZVLQ512HBLU-00B,PASSED,2,99,23,10.3,391,0
8/8/2026 20:38,yathiswar,8.2,1700,43.4,9100.2,64.9,0.02,0.07,0,0,276,System Idle Process,0,python.exe,10748,SAMSUNG MZVLQ512HBLU-00B,PASSED,2,99,23,10.3,391,0
8/8/2026 20:38,yathiswar,8,1700,43.3,9102.95,64.9,0.02,0.04,0,0,276,System Idle Process,0,python.exe,10748,SAMSUNG MZVLQ512HBLU-00B,PASSED,2,99,22,10.3,391,0
8/8/2026 20:38,yathiswar,6.3,1700,43.4,9101.6,64.9,0,0.02,0,0,276,System Idle Process,0,python.exe,10748,SAMSUNG MZVLQ512HBLU-00B,PASSED,2,99,22,10.3,391,0
8/8/2026 20:38,yathiswar,7.6,1700,43.4,9101.74,64.9,0,0.02,0,0,276,System Idle Process,0,python.exe,10748,SAMSUNG MZVLQ512HBLU-00B,PASSED,2,99,22,10.3,391,0
8/8/2026 20:38,yathiswar,6.7,1700,43.3,9104.95,64.9,0,0,0,0,276,System Idle Process,0,python.exe,10748,SAMSUNG MZVLQ512HBLU-00B,PASSED,2,99,22,10.3,391,0
8/8/2026 20:38,yathiswar,6.7,1457,43.4,9101.82,64.9,0,0,0,0,276,System Idle Process,0,python.exe,10748,SAMSUNG MZVLQ512HBLU-00B,PASSED,2,99,22,10.3,391,0
8/8/2026 20:38,yathiswar,7.9,1700,43.3,9105.45,64.9,0,0,0,0,276,System Idle Process,0,python.exe,10748,SAMSUNG MZVLQ512HBLU-00B,PASSED,2,99,22,10.3,391,0
8/8/2026 20:38,yathiswar,8.8,1457,43.3,9103.1,64.9,0.01,0.06,0,0,276,System Idle Process,0,python.exe,10748,SAMSUNG MZVLQ512HBLU-00B,PASSED,2,99,23,10.3,391,0
8/8/2026 20:38,yathiswar,5.5,1457,43.3,9104.02,64.9,0.07,0.02,0,0,276,System Idle Process,0,python.exe,10748,SAMSUNG MZVLQ512HBLU-00B,PASSED,2,99,22,10.3,391,0
8/8/2026 20:38,yathiswar,7.1,1700,43.3,9103.86,64.9,0,0.01,0,0,276,System Idle Process,0,python.exe,10748,SAMSUNG MZVLQ512HBLU-00B,PASSED,2,99,22,10.3,391,0
8/8/2026 20:38,yathiswar,6.4,1457,43.3,9103.05,64.9,0,0,0,0,276,System Idle Process,0,python.exe,10748,SAMSUNG MZVLQ512HBLU-00B,PASSED,2,99,21,10.3,391,0
8/8/2026 20:39,yathiswar,7.4,1700,43.2,9121.67,64.9,0,0,0,0,276,System Idle Process,0,python.exe,10748,SAMSUNG MZVLQ512HBLU-00B,PASSED,2,99,22,10.3,391,0
8/8/2026 20:39,yathiswar,8,1700,43.2,9121.8,64.9,0.04,0.02,0,0,276,System Idle Process,0,python.exe,10748,SAMSUNG MZVLQ512HBLU-00B,PASSED,2,99,22,10.3,391,0
8/8/2026 20:39,yathiswar,9.1,1700,43.4,9100.99,64.9,14.12,0.06,0,0,278,System Idle Process,0,python.exe,10748,SAMSUNG MZVLQ512HBLU-00B,PASSED,2,99,25,10.3,391,0
8/8/2026 20:39,yathiswar,6.4,1457,43.4,9091.88,64.9,0.03,0.09,0,0,278,System Idle Process,0,python.exe,10748,SAMSUNG MZVLQ512HBLU-00B,PASSED,2,99,23,10.3,391,0
8/8/2026 20:39,yathiswar,4.9,1700,43.4,9087.4,64.9,0,0.03,0,0,278,System Idle Process,0,python.exe,10748,SAMSUNG MZVLQ512HBLU-00B,PASSED,2,99,23,10.3,391,0
8/8/2026 20:39,yathiswar,6.9,1700,43.4,9090.61,64.9,0,0,0,0,278,System Idle Process,0,python.exe,10748,SAMSUNG MZVLQ512HBLU-00B,PASSED,2,99,23,10.3,391,0
8/8/2026 20:39,yathiswar,7.9,1700,43.4,9088.61,64.9,0.3,0,0,0,278,System Idle Process,0,python.exe,10748,SAMSUNG MZVLQ512HBLU-00B,PASSED,2,99,23,10.3,391,0
8/8/2026 20:39,yathiswar,10.6,1700,43.5,9082.71,64.9,0.02,0.03,0,0,278,System Idle Process,0,python.exe,10748,SAMSUNG MZVLQ512HBLU-00B,PASSED,2,99,23,10.3,391,0
8/8/2026 20:39,yathiswar,6.2,1700,43.5,9085.3,64.9,0.02,0.03,0,0,278,System Idle Process,0,python.exe,10748,SAMSUNG MZVLQ512HBLU-00B,PASSED,2,99,23,10.3,391,0
8/8/2026 20:39,yathiswar,7.9,1700,43.5,9084.59,64.9,0.02,0.07,0,0,278,System Idle Process,0,python.exe,10748,SAMSUNG MZVLQ512HBLU-00B,PASSED,2,99,22,10.3,391,0
8/8/2026 20:39,yathiswar,7.2,1457,43.5,9080.56,64.9,0,0,0,0,278,System Idle Process,0,python.exe,10748,SAMSUNG MZVLQ512HBLU-00B,PASSED,2,99,22,10.3,391,0
8/8/2026 20:39,yathiswar,7,1457,43.5,9083.39,64.9,0,0.03,0,0,278,System Idle Process,0,python.exe,10748,SAMSUNG MZVLQ512HBLU-00B,PASSED,2,99,23,10.3,391,0
8/8/2026 20:39,yathiswar,7.9,1700,43.5,9081.58,64.9,0.74,0.03,0,0,278,System Idle Process,0,python.exe,10748,SAMSUNG MZVLQ512HBLU-00B,PASSED,2,99,22,10.3,391,0
8/8/2026 20:39,yathiswar,8.1,1457,43.5,9083.26,64.9,0,0.02,0,0,278,System Idle Process,0,python.exe,10748,SAMSUNG MZVLQ512HBLU-00B,PASSED,2,99,22,10.3,391,0
8/8/2026 20:39,yathiswar,7.4,1700,43.5,9078.62,64.9,0,0.04,0,0,278,System Idle Process,0,python.exe,10748,SAMSUNG MZVLQ512HBLU-00B,PASSED,2,99,22,10.3,391,0
8/8/2026 20:39,yathiswar,6.5,1700,43.5,9081.76,64.9,0,0.02,0,0,278,System Idle Process,0,python.exe,10748,SAMSUNG MZVLQ512HBLU-00B,PASSED,2,99,23,10.3,391,0
8/8/2026 20:39,yathiswar,6.6,1457,43.5,9077.66,64.9,0,0.01,0,0,278,System Idle Process,0,python.exe,10748,SAMSUNG MZVLQ512HBLU-00B,PASSED,2,99,22,10.3,391,0
8/8/2026 20:39,yathiswar,7.9,1700,43.5,9081.46,64.9,0,0,0,0,278,System Idle Process,0,python.exe,10748,SAMSUNG MZVLQ512HBLU-00B,PASSED,2,99,23,10.3,391,0
8/8/2026 20:39,yathiswar,8.9,1700,43.5,9082.96,64.9,0.06,0.04,0,0,278,System Idle Process,0,python.exe,10748,SAMSUNG MZVLQ512HBLU-00B,PASSED,2,99,22,10.3,391,0
8/8/2026 20:39,yathiswar,7.6,1700,43.5,9081.51,64.9,0,0,0,0,278,System Idle Process,0,python.exe,10748,SAMSUNG MZVLQ512HBLU-00B,PASSED,2,99,23,10.3,391,0
8/8/2026 20:39,yathiswar,5.5,1457,43.5,9078.67,64.9,0,0,0,0,278,System Idle Process,0,python.exe,10748,SAMSUNG MZVLQ512HBLU-00B,PASSED,2,99,22,10.3,391,0
8/8/2026 20:39,yathiswar,6,1457,43.5,9081.64,64.9,0,0.03,0,0,278,System Idle Process,0,python.exe,10748,SAMSUNG MZVLQ512HBLU-00B,PASSED,2,99,22,10.3,391,0
8/8/2026 20:39,yathiswar,6,1457,43.5,9076.73,64.9,0,0.02,0,0,278,System Idle Process,0,python.exe,10748,SAMSUNG MZVLQ512HBLU-00B,PASSED,2,99,22,10.3,391,0
8/8/2026 20:40,yathiswar,7.3,1700,43.5,9075.64,64.9,0,0.03,0,0,278,System Idle Process,0,python.exe,10748,SAMSUNG MZVLQ512HBLU-00B,PASSED,2,99,22,10.3,391,0
8/8/2026 20:40,yathiswar,7.8,1700,43.5,9080.09,64.9,0,0,0,0,278,System Idle Process,0,python.exe,10748,SAMSUNG MZVLQ512HBLU-00B,PASSED,2,99,22,10.3,391,0
8/8/2026 20:40,yathiswar,7.8,1700,43.3,9107.79,64.9,0.05,0.05,0,0,277,System Idle Process,0,python.exe,10748,SAMSUNG MZVLQ512HBLU-00B,PASSED,2,99,22,10.3,391,0
8/8/2026 20:40,yathiswar,7.6,1700,43.3,9105.93,64.9,0,0.01,0,0,277,System Idle Process,0,python.exe,10748,SAMSUNG MZVLQ512HBLU-00B,PASSED,2,99,22,10.3,391,0
8/8/2026 20:40,yathiswar,6.7,1457,43.3,9105.54,64.9,0,0,0,0,277,System Idle Process,0,python.exe,10748,SAMSUNG MZVLQ512HBLU-00B,PASSED,2,99,22,10.3,391,0
8/8/2026 20:40,yathiswar,8.4,1700,43.3,9109.1,64.9,0,0.03,0,0,277,System Idle Process,0,python.exe,10748,SAMSUNG MZVLQ512HBLU-00B,PASSED,2,99,22,10.3,391,0
8/8/2026 20:40,yathiswar,6.9,1700,43.3,9109.15,64.9,0,0.03,0,0,277,System Idle Process,0,python.exe,10748,SAMSUNG MZVLQ512HBLU-00B,PASSED,2,99,23,10.3,391,0
8/8/2026 20:40,yathiswar,8.6,1700,43.3,9108.48,64.9,0,0.03,0,0,277,System Idle Process,0,python.exe,10748,SAMSUNG MZVLQ512HBLU-00B,PASSED,2,99,22,10.3,391,0
8/8/2026 20:40,yathiswar,7.1,1700,43.3,9107.29,64.9,0,0.02,0,0,277,System Idle Process,0,python.exe,10748,SAMSUNG MZVLQ512HBLU-00B,PASSED,2,99,21,10.3,391,0
8/8/2026 20:40,yathiswar,6.9,1457,43.3,9105.46,64.9,0,0.02,0,0,277,System Idle Process,0,python.exe,10748,SAMSUNG MZVLQ512HBLU-00B,PASSED,2,99,22,10.3,391,0
8/8/2026 20:40,yathiswar,7.4,1700,43.3,9104.05,64.9,0,0.05,0,0,277,System Idle Process,0,python.exe,10748,SAMSUNG MZVLQ512HBLU-00B,PASSED,2,99,22,10.3,391,0
8/8/2026 20:40,yathiswar,7.8,1457,43.3,9103.04,64.9,0,0.08,0,0,277,System Idle Process,0,python.exe,10748,SAMSUNG MZVLQ512HBLU-00B,PASSED,2,99,22,10.3,391,0
8/8/2026 20:40,yathiswar,6.1,1457,43.3,9106.05,64.9,0,0,0,0,277,System Idle Process,0,python.exe,10748,SAMSUNG MZVLQ512HBLU-00B,PASSED,2,99,22,10.3,391,0
8/8/2026 20:40,yathiswar,5.7,1700,43.3,9108.47,64.9,0,0,0,0,276,System Idle Process,0,python.exe,10748,SAMSUNG MZVLQ512HBLU-00B,PASSED,2,99,21,10.3,391,0
8/8/2026 20:40,yathiswar,7.9,1457,43.3,9107.2,64.9,0,0,0,0,276,System Idle Process,0,python.exe,10748,SAMSUNG MZVLQ512HBLU-00B,PASSED,2,99,22,10.3,391,0
8/8/2026 20:40,yathiswar,6.3,1700,43.3,9104.11,64.9,0,0.02,0,0,276,System Idle Process,0,python.exe,10748,SAMSUNG MZVLQ512HBLU-00B,PASSED,2,99,21,10.3,391,0
8/8/2026 20:40,yathiswar,7.6,1700,43.3,9107.86,64.9,0,0,0,0,276,System Idle Process,0,python.exe,10748,SAMSUNG MZVLQ512HBLU-00B,PASSED,2,99,22,10.3,391,0
8/8/2026 20:40,yathiswar,7.1,1700,43.3,9105.3,64.9,0,0.03,0,0,276,System Idle Process,0,python.exe,10748,SAMSUNG MZVLQ512HBLU-00B,PASSED,2,99,24,10.3,391,0
8/8/2026 20:40,yathiswar,10.3,1700,43.4,9094.27,64.9,1.23,0.04,0,0.01,277,System Idle Process,0,python.exe,10748,SAMSUNG MZVLQ512HBLU-00B,PASSED,2,99,22,10.3,391,0
8/8/2026 20:40,yathiswar,7.9,1700,43.4,9094.11,64.9,0.24,0.05,0,0,277,System Idle Process,0,python.exe,10748,SAMSUNG MZVLQ512HBLU-00B,PASSED,2,99,22,10.3,391,0
8/8/2026 20:40,yathiswar,8.9,1457,43.4,9094.62,64.9,0.03,0.01,0,0,277,System Idle Process,0,python.exe,10748,SAMSUNG MZVLQ512HBLU-00B,PASSED,2,99,22,10.3,391,0
8/8/2026 20:41,yathiswar,8.3,1700,43.4,9093.7,64.9,0,0,0,0,277,System Idle Process,0,python.exe,10748,SAMSUNG MZVLQ512HBLU-00B,PASSED,2,99,23,10.3,391,0
8/8/2026 20:41,yathiswar,9,1700,43.4,9091.96,64.9,0.02,0.19,0,0,277,System Idle Process,0,python.exe,10748,SAMSUNG MZVLQ512HBLU-00B,PASSED,2,99,23,10.3,391,0
8/8/2026 20:41,yathiswar,7.4,1700,43.4,9093.93,64.9,0,0.03,0,0,277,System Idle Process,0,python.exe,10748,SAMSUNG MZVLQ512HBLU-00B,PASSED,2,99,23,10.3,391,0
8/8/2026 20:41,yathiswar,7.3,1700,43.4,9091.25,64.9,0.81,0,0,0,278,System Idle Process,0,python.exe,10748,SAMSUNG MZVLQ512HBLU-00B,PASSED,2,99,26,10.3,391,0
8/8/2026 20:41,yathiswar,11.1,1700,43.5,9074.5,64.9,3.07,0.15,0,0,279,System Idle Process,0,python.exe,10748,SAMSUNG MZVLQ512HBLU-00B,PASSED,2,99,28,10.3,391,0
8/8/2026 20:41,yathiswar,9.7,1457,43.6,9061.25,64.9,4.34,0.03,0,0,280,System Idle Process,0,python.exe,10748,SAMSUNG MZVLQ512HBLU-00B,PASSED,2,99,26,10.3,391,0
8/8/2026 20:41,yathiswar,6.4,1700,43.5,9074.94,64.9,0.3,0.13,0,0,279,System Idle Process,0,python.exe,10748,SAMSUNG MZVLQ512HBLU-00B,PASSED,2,99,24,10.3,391,0
8/8/2026 20:41,yathiswar,6.9,1700,43.5,9071.09,64.9,0.01,0.13,0,0,279,System Idle Process,0,python.exe,10748,SAMSUNG MZVLQ512HBLU-00B,PASSED,2,99,25,10.3,391,0
8/8/2026 20:41,yathiswar,9.6,1700,43.5,9077.23,64.9,0.01,0.17,0,0,279,System Idle Process,0,python.exe,10748,SAMSUNG MZVLQ512HBLU-00B,PASSED,2,99,23,10.3,391,0
8/8/2026 20:41,yathiswar,8.4,1700,43.5,9072.24,64.9,0,0.02,0,0,279,System Idle Process,0,python.exe,10748,SAMSUNG MZVLQ512HBLU-00B,PASSED,2,99,23,10.3,391,0
8/8/2026 20:41,yathiswar,7.4,1457,43.5,9074.15,64.9,0,0,0,0,279,System Idle Process,0,python.exe,10748,SAMSUNG MZVLQ512HBLU-00B,PASSED,2,99,22,10.3,391,0
8/8/2026 20:41,yathiswar,6.8,1700,43.5,9070.81,64.9,0,0.02,0,0,279,System Idle Process,0,python.exe,10748,SAMSUNG MZVLQ512HBLU-00B,PASSED,2,99,22,10.3,391,0
8/8/2026 20:41,yathiswar,8.7,1700,43.5,9074.65,64.9,0,0.02,0,0,279,System Idle Process,0,python.exe,10748,SAMSUNG MZVLQ512HBLU-00B,PASSED,2,99,22,10.3,391,0
8/8/2026 20:41,yathiswar,6.9,1700,43.5,9070.58,64.9,0.02,0.08,0,0,279,System Idle Process,0,python.exe,10748,SAMSUNG MZVLQ512HBLU-00B,PASSED,2,99,22,10.3,391,0
8/8/2026 20:41,yathiswar,7.5,1700,43.5,9072.88,64.9,0,0.19,0,0,279,System Idle Process,0,python.exe,10748,SAMSUNG MZVLQ512HBLU-00B,PASSED,2,99,23,10.3,391,0
8/8/2026 20:41,yathiswar,7.4,1700,43.5,9073.83,64.9,0,0.02,0,0,279,System Idle Process,0,python.exe,10748,SAMSUNG MZVLQ512HBLU-00B,PASSED,2,99,22,10.3,391,0
8/8/2026 20:41,yathiswar,8,1457,43.5,9084.36,64.9,0.28,0.01,0,0,278,System Idle Process,0,python.exe,10748,SAMSUNG MZVLQ512HBLU-00B,PASSED,2,99,22,10.3,391,0
8/8/2026 20:41,yathiswar,8.3,1457,43.5,9081.1,64.9,0,0.02,0,0,278,System Idle Process,0,python.exe,10748,SAMSUNG MZVLQ512HBLU-00B,PASSED,2,99,22,10.3,391,0
8/8/2026 20:41,yathiswar,7.8,1457,43.5,9082.75,64.9,0,0.02,0,0,277,System Idle Process,0,python.exe,10748,SAMSUNG MZVLQ512HBLU-00B,PASSED,2,99,23,10.3,391,0
8/8/2026 20:41,yathiswar,8,1700,43.5,9081.24,64.9,0,0.02,0,0,277,System Idle Process,0,python.exe,10748,SAMSUNG MZVLQ512HBLU-00B,PASSED,2,99,22,10.3,391,0
8/8/2026 20:41,yathiswar,7.1,1457,43.5,9078.07,64.9,0,0.01,0,0,277,System Idle Process,0,python.exe,10748,SAMSUNG MZVLQ512HBLU-00B,PASSED,2,99,22,10.3,391,0
8/8/2026 20:41,yathiswar,7.1,1457,43.5,9081.53,64.9,0,0.07,0,0,277,System Idle Process,0,python.exe,10748,SAMSUNG MZVLQ512HBLU-00B,PASSED,2,99,22,10.3,391,0
8/8/2026 20:42,yathiswar,14.7,1457,41.2,9451.16,64.9,0,0.03,0,0,277,System Idle Process,0,MemCompression,2928,SAMSUNG MZVLQ512HBLU-00B,PASSED,2,99,23,10.3,391,0
8/8/2026 20:42,yathiswar,7.8,1457,41.2,9449.67,64.9,0,0.04,0,0,277,System Idle Process,0,MemCompression,2928,SAMSUNG MZVLQ512HBLU-00B,PASSED,2,99,22,10.3,391,0
8/8/2026 20:42,yathiswar,6,1457,41.2,9450.05,64.9,0,0.04,0,0,277,System Idle Process,0,MemCompression,2928,SAMSUNG MZVLQ512HBLU-00B,PASSED,2,99,22,10.3,391,0
8/8/2026 20:42,yathiswar,8.1,1700,41.2,9452.19,64.9,0.01,0.02,0,0,277,System Idle Process,0,MemCompression,2928,SAMSUNG MZVLQ512HBLU-00B,PASSED,2,99,22,10.3,391,0
8/8/2026 20:42,yathiswar,8,1700,41.2,9451.29,64.9,0,0.03,0,0,277,System Idle Process,0,MemCompression,2928,SAMSUNG MZVLQ512HBLU-00B,PASSED,2,99,22,10.3,391,0
8/8/2026 20:42,yathiswar,8.1,1700,41.2,9452.4,64.9,0.36,0.02,0,0,277,System Idle Process,0,MemCompression,2928,SAMSUNG MZVLQ512HBLU-00B,PASSED,2,99,23,10.3,391,0
8/8/2026 20:42,yathiswar,7.8,1700,41.2,9454.66,64.9,0,0.04,0,0,277,System Idle Process,0,MemCompression,2928,SAMSUNG MZVLQ512HBLU-00B,PASSED,2,99,23,10.3,391,0
8/8/2026 20:42,yathiswar,9.6,1700,41.2,9444.35,64.9,0,0.02,0,0,277,System Idle Process,0,MemCompression,2928,SAMSUNG MZVLQ512HBLU-00B,PASSED,2,99,22,10.3,391,0
8/8/2026 20:42,yathiswar,6.2,1700,41.2,9448.17,64.9,0,0.04,0,0,277,System Idle Process,0,MemCompression,2928,SAMSUNG MZVLQ512HBLU-00B,PASSED,2,99,22,10.3,391,0
8/8/2026 20:42,yathiswar,7.4,1700,41.2,9447.55,64.9,0,0.02,0,0,277,System Idle Process,0,MemCompression,2928,SAMSUNG MZVLQ512HBLU-00B,PASSED,2,99,22,10.3,391,0
8/8/2026 20:42,yathiswar,6.5,1700,41.2,9449.54,64.9,0,0.04,0,0,277,System Idle Process,0,MemCompression,2928,SAMSUNG MZVLQ512HBLU-00B,PASSED,2,99,22,10.3,391,0
8/8/2026 20:42,yathiswar,11.7,1457,42.5,9239.03,64.9,0.53,0.06,0,0,277,System Idle Process,0,MemCompression,2928,SAMSUNG MZVLQ512HBLU-00B,PASSED,2,99,22,10.3,391,0
8/8/2026 20:42,yathiswar,7.6,1700,42.5,9239.73,64.9,0.01,0.01,0,0,277,System Idle Process,0,MemCompression,2928,SAMSUNG MZVLQ512HBLU-00B,PASSED,2,99,23,10.3,391,0
8/8/2026 20:42,yathiswar,7.1,1700,42.5,9237.75,64.9,0,0,0,0,277,System Idle Process,0,MemCompression,2928,SAMSUNG MZVLQ512HBLU-00B,PASSED,2,99,21,10.3,391,0
8/8/2026 20:42,yathiswar,7,1700,42.5,9236.57,64.9,0,0,0,0,277,System Idle Process,0,MemCompression,2928,SAMSUNG MZVLQ512HBLU-00B,PASSED,2,99,22,10.3,391,0
8/8/2026 20:42,yathiswar,8,1700,42.5,9240.05,64.9,0.02,0.03,0,0,277,System Idle Process,0,MemCompression,2928,SAMSUNG MZVLQ512HBLU-00B,PASSED,2,99,23,10.3,391,0
8/8/2026 20:42,yathiswar,7.6,1700,42.5,9238.07,64.9,0.01,0.04,0,0,277,System Idle Process,0,MemCompression,2928,SAMSUNG MZVLQ512HBLU-00B,PASSED,2,99,22,10.3,391,0
8/8/2026 20:42,yathiswar,9.3,1700,42.5,9238.05,64.9,0.03,0.06,0,0,277,System Idle Process,0,MemCompression,2928,SAMSUNG MZVLQ512HBLU-00B,PASSED,2,99,22,10.3,391,0
8/8/2026 20:42,yathiswar,8.2,1700,42.5,9237.66,64.9,0,0.01,0,0,277,System Idle Process,0,MemCompression,2928,SAMSUNG MZVLQ512HBLU-00B,PASSED,2,99,22,10.3,391,0
8/8/2026 20:42,yathiswar,7.4,1700,42.5,9233.26,64.9,0,0,0,0,277,System Idle Process,0,MemCompression,2928,SAMSUNG MZVLQ512HBLU-00B,PASSED,2,99,23,10.3,391,0
8/8/2026 20:42,yathiswar,8.3,1457,42.5,9237.42,64.9,0,0.02,0,0,277,System Idle Process,0,MemCompression,2928,SAMSUNG MZVLQ512HBLU-00B,PASSED,2,99,22,10.3,391,0
8/8/2026 20:43,yathiswar,8.9,1700,42.6,9224.54,64.9,0,0.06,0,0,277,System Idle Process,0,MemCompression,2928,SAMSUNG MZVLQ512HBLU-00B,PASSED,2,99,22,10.3,391,0
8/8/2026 20:43,yathiswar,7.9,1700,42.5,9235.21,64.9,0,0.07,0,0,277,System Idle Process,0,MemCompression,2928,SAMSUNG MZVLQ512HBLU-00B,PASSED,2,99,22,10.3,391,0
8/8/2026 20:43,yathiswar,6.5,1700,42.5,9234.46,64.9,0,0.01,0,0,277,System Idle Process,0,MemCompression,2928,SAMSUNG MZVLQ512HBLU-00B,PASSED,2,99,22,10.3,391,0
8/8/2026 20:43,yathiswar,8.1,1700,42.5,9232.3,64.9,0,0,0,0,277,System Idle Process,0,MemCompression,2928,SAMSUNG MZVLQ512HBLU-00B,PASSED,2,99,22,10.3,391,0
8/8/2026 20:43,yathiswar,6,1700,42.5,9236.15,64.9,0,0.05,0,0,277,System Idle Process,0,MemCompression,2928,SAMSUNG MZVLQ512HBLU-00B,PASSED,2,99,22,10.3,391,0
8/8/2026 20:43,yathiswar,6.6,1457,42.5,9238.54,64.9,0,0,0,0,277,System Idle Process,0,MemCompression,2928,SAMSUNG MZVLQ512HBLU-00B,PASSED,2,99,23,10.3,391,0
8/8/2026 20:43,yathiswar,8.9,1700,42.5,9231.86,64.9,0.03,0.05,0,0,277,System Idle Process,0,MemCompression,2928,SAMSUNG MZVLQ512HBLU-00B,PASSED,2,99,23,10.3,391,0
8/8/2026 20:43,yathiswar,9.6,1457,42.6,9230.54,64.9,0.03,0.05,0,0,277,System Idle Process,0,MemCompression,2928,SAMSUNG MZVLQ512HBLU-00B,PASSED,2,99,23,10.3,391,0
8/8/2026 20:43,yathiswar,6.3,1700,42.5,9235.94,64.9,0.03,0.02,0,0,277,System Idle Process,0,MemCompression,2928,SAMSUNG MZVLQ512HBLU-00B,PASSED,2,99,22,10.3,391,0
8/8/2026 20:43,yathiswar,8.1,1700,42.5,9235.04,64.9,0,0,0,0,277,System Idle Process,0,MemCompression,2928,SAMSUNG MZVLQ512HBLU-00B,PASSED,2,99,22,10.3,391,0
8/8/2026 20:43,yathiswar,6.9,1700,42.5,9237.09,64.9,0.03,0,0,0,277,System Idle Process,0,MemCompression,2928,SAMSUNG MZVLQ512HBLU-00B,PASSED,2,99,23,10.3,391,0
8/8/2026 20:43,yathiswar,8.6,1700,42.5,9233.84,64.9,0,0.07,0,0,277,System Idle Process,0,MemCompression,2928,SAMSUNG MZVLQ512HBLU-00B,PASSED,2,99,23,10.3,391,0
8/8/2026 20:43,yathiswar,7.9,1700,42.5,9238,64.9,0.04,0.02,0,0,277,System Idle Process,0,MemCompression,2928,SAMSUNG MZVLQ512HBLU-00B,PASSED,2,99,23,10.3,391,0
8/8/2026 20:43,yathiswar,8,1700,42.5,9233.64,64.9,0,0,0,0,277,System Idle Process,0,MemCompression,2928,SAMSUNG MZVLQ512HBLU-00B,PASSED,2,99,22,10.3,391,0
8/8/2026 20:43,yathiswar,7.1,1457,42.5,9238.46,64.9,0,0,0,0,277,System Idle Process,0,MemCompression,2928,SAMSUNG MZVLQ512HBLU-00B,PASSED,2,99,22,10.3,391,0
8/8/2026 20:43,yathiswar,6.1,1700,42.5,9239.14,64.9,0.03,0.06,0,0,277,System Idle Process,0,MemCompression,2928,SAMSUNG MZVLQ512HBLU-00B,PASSED,2,99,23,10.3,391,0
8/8/2026 20:43,yathiswar,7.2,1457,42.5,9234.83,64.9,0.04,0.01,0,0,277,System Idle Process,0,MemCompression,2928,SAMSUNG MZVLQ512HBLU-00B,PASSED,2,99,22,10.3,391,0
8/8/2026 20:43,yathiswar,7.2,1700,42.5,9238,64.9,0.03,0.09,0,0,277,System Idle Process,0,MemCompression,2928,SAMSUNG MZVLQ512HBLU-00B,PASSED,2,99,24,10.3,391,0
8/8/2026 20:43,yathiswar,6.8,1700,42.5,9234.74,64.9,0,0.08,0,0,277,System Idle Process,0,MemCompression,2928,SAMSUNG MZVLQ512HBLU-00B,PASSED,2,99,23,10.3,391,0
8/8/2026 20:43,yathiswar,5.4,1700,42.5,9239.05,64.9,0.01,0,0,0,277,System Idle Process,0,MemCompression,2928,SAMSUNG MZVLQ512HBLU-00B,PASSED,2,99,23,10.3,391,0
8/8/2026 20:43,yathiswar,7.5,1700,42.5,9240.17,64.9,0,0.09,0,0,277,System Idle Process,0,MemCompression,2928,SAMSUNG MZVLQ512HBLU-00B,PASSED,2,99,22,10.3,391,0
8/8/2026 20:43,yathiswar,7.6,1700,42.5,9239.42,64.9,0,0,0,0,277,System Idle Process,0,MemCompression,2928,SAMSUNG MZVLQ512HBLU-00B,PASSED,2,99,23,10.3,391,0
8/8/2026 20:44,yathiswar,8.5,1700,42.5,9232.1,64.9,0.05,0.03,0,0,277,System Idle Process,0,MemCompression,2928,SAMSUNG MZVLQ512HBLU-00B,PASSED,2,99,22,10.3,391,0
8/8/2026 20:44,yathiswar,8.5,1700,42.5,9236.53,64.9,0.03,0.02,0,0,277,System Idle Process,0,MemCompression,2928,SAMSUNG MZVLQ512HBLU-00B,PASSED,2,99,23,10.3,391,0
8/8/2026 20:44,yathiswar,5.7,1457,42.5,9236.24,64.9,0.03,0.03,0,0,277,System Idle Process,0,MemCompression,2928,SAMSUNG MZVLQ512HBLU-00B,PASSED,2,99,22,10.3,391,0
8/8/2026 20:44,yathiswar,8.3,1457,42.5,9236.45,64.9,0.01,0,0,0,277,System Idle Process,0,MemCompression,2928,SAMSUNG MZVLQ512HBLU-00B,PASSED,2,99,22,10.3,391,0
8/8/2026 20:44,yathiswar,7.6,1700,42.5,9236.11,64.9,0,0.01,0,0,277,System Idle Process,0,MemCompression,2928,SAMSUNG MZVLQ512HBLU-00B,PASSED,2,99,23,10.3,391,0
8/8/2026 20:44,yathiswar,7.9,1700,42.5,9233.55,64.9,0.02,0.04,0,0,277,System Idle Process,0,MemCompression,2928,SAMSUNG MZVLQ512HBLU-00B,PASSED,2,99,22,10.3,391,0
8/8/2026 20:44,yathiswar,9,1700,42.5,9242.57,64.9,0.07,0,0,0,277,System Idle Process,0,MemCompression,2928,SAMSUNG MZVLQ512HBLU-00B,PASSED,2,99,25,10.3,391,0
8/8/2026 20:44,yathiswar,9.6,1700,42.5,9238.16,64.9,0.94,0.04,0,0,277,System Idle Process,0,MemCompression,2928,SAMSUNG MZVLQ512HBLU-00B,PASSED,2,99,23,10.3,391,0
8/8/2026 20:44,yathiswar,7,1700,42.5,9233.79,64.9,0,0.03,0,0,277,System Idle Process,0,MemCompression,2928,SAMSUNG MZVLQ512HBLU-00B,PASSED,2,99,23,10.3,391,0
8/8/2026 20:44,yathiswar,5.3,1700,42.5,9237.73,64.9,0,0.02,0,0,277,System Idle Process,0,MemCompression,2928,SAMSUNG MZVLQ512HBLU-00B,PASSED,2,99,22,10.3,391,0
8/8/2026 20:44,yathiswar,7.7,1700,42.5,9236.8,64.9,0.03,0,0,0,277,System Idle Process,0,MemCompression,2928,SAMSUNG MZVLQ512HBLU-00B,PASSED,2,99,22,10.3,391,0
8/8/2026 20:44,yathiswar,8.9,1700,42.5,9234.92,64.9,0.02,0.02,0,0,277,System Idle Process,0,MemCompression,2928,SAMSUNG MZVLQ512HBLU-00B,PASSED,2,99,22,10.3,391,0
8/8/2026 20:44,yathiswar,6.9,1700,42.5,9234.6,64.9,0,0.02,0,0,277,System Idle Process,0,MemCompression,2928,SAMSUNG MZVLQ512HBLU-00B,PASSED,2,99,22,10.3,391,0
8/8/2026 20:44,yathiswar,7.6,1700,42.5,9234.73,64.9,0,0,0,0,277,System Idle Process,0,MemCompression,2928,SAMSUNG MZVLQ512HBLU-00B,PASSED,2,99,22,10.3,391,0
8/8/2026 20:44,yathiswar,7.2,1700,42.5,9236.11,64.9,0,0.03,0,0,277,System Idle Process,0,MemCompression,2928,SAMSUNG MZVLQ512HBLU-00B,PASSED,2,99,22,10.3,391,0
8/8/2026 20:44,yathiswar,6.5,1700,42.6,9229.49,64.9,0,0,0,0,277,System Idle Process,0,MemCompression,2928,SAMSUNG MZVLQ512HBLU-00B,PASSED,2,99,22,10.3,391,0
8/8/2026 20:44,yathiswar,7.4,1700,42.5,9235.59,64.9,0,0,0,0,277,System Idle Process,0,MemCompression,2928,SAMSUNG MZVLQ512HBLU-00B,PASSED,2,99,22,10.3,391,0
8/8/2026 20:44,yathiswar,8.9,1700,42.5,9232.96,64.9,0,0.02,0,0,277,System Idle Process,0,MemCompression,2928,SAMSUNG MZVLQ512HBLU-00B,PASSED,2,99,23,10.3,391,0
8/8/2026 20:44,yathiswar,7.6,1700,42.5,9232.75,64.9,0.01,0.04,0,0,277,System Idle Process,0,MemCompression,2928,SAMSUNG MZVLQ512HBLU-00B,PASSED,2,99,23,10.3,391,0
8/8/2026 20:44,yathiswar,7.4,1457,42.5,9232.67,64.9,0.08,0.01,0,0,277,System Idle Process,0,MemCompression,2928,SAMSUNG MZVLQ512HBLU-00B,PASSED,2,99,22,10.3,391,0
8/8/2026 20:44,yathiswar,6.8,1457,42.5,9231.38,64.9,0,0.02,0,0,277,System Idle Process,0,MemCompression,2928,SAMSUNG MZVLQ512HBLU-00B,PASSED,2,99,22,10.3,391,0
8/8/2026 20:45,yathiswar,8.2,1457,42.5,9232.79,64.9,0,0.02,0,0,277,System Idle Process,0,MemCompression,2928,SAMSUNG MZVLQ512HBLU-00B,PASSED,2,99,23,10.3,391,0
8/8/2026 20:45,yathiswar,8.8,1700,42.6,9227.57,64.9,0.03,0.02,0,0,277,System Idle Process,0,MemCompression,2928,SAMSUNG MZVLQ512HBLU-00B,PASSED,2,99,22,10.3,391,0
8/8/2026 20:45,yathiswar,6.9,1700,42.5,9231.25,64.9,0.01,0.02,0,0,277,System Idle Process,0,MemCompression,2928,SAMSUNG MZVLQ512HBLU-00B,PASSED,2,99,22,10.3,391,0
8/8/2026 20:45,yathiswar,7.5,1700,42.6,9230.47,64.9,0,0,0,0,277,System Idle Process,0,MemCompression,2928,SAMSUNG MZVLQ512HBLU-00B,PASSED,2,99,23,10.3,391,0
8/8/2026 20:45,yathiswar,8.2,1457,42.5,9230.8,64.9,0.01,0.03,0,0,277,System Idle Process,0,MemCompression,2928,SAMSUNG MZVLQ512HBLU-00B,PASSED,2,99,22,10.3,391,0
8/8/2026 20:45,yathiswar,9.4,1700,42.6,9230.67,64.9,0,0,0,0,277,System Idle Process,0,MemCompression,2928,SAMSUNG MZVLQ512HBLU-00B,PASSED,2,99,22,10.3,391,0
8/8/2026 20:45,yathiswar,9.1,1457,42.5,9231.19,64.9,0,0,0,0,277,System Idle Process,0,MemCompression,2928,SAMSUNG MZVLQ512HBLU-00B,PASSED,2,99,23,10.3,391,0
8/8/2026 20:45,yathiswar,10.3,1700,42.6,9229.03,64.9,0,0.04,0,0,277,System Idle Process,0,MemCompression,2928,SAMSUNG MZVLQ512HBLU-00B,PASSED,2,99,23,10.3,391,0
8/8/2026 20:45,yathiswar,7.3,1700,42.5,9236.34,64.9,0.07,0,0,0,277,System Idle Process,0,MemCompression,2928,SAMSUNG MZVLQ512HBLU-00B,PASSED,2,99,23,10.3,391,0
8/8/2026 20:45,yathiswar,8.7,1700,42.5,9235.66,64.9,0.03,0.01,0,0,277,System Idle Process,0,MemCompression,2928,SAMSUNG MZVLQ512HBLU-00B,PASSED,2,99,23,10.3,391,0
8/8/2026 20:45,yathiswar,8.2,1700,42.5,9233.79,64.9,0.01,0.03,0,0,277,System Idle Process,0,MemCompression,2928,SAMSUNG MZVLQ512HBLU-00B,PASSED,2,99,24,10.3,391,0
8/8/2026 20:45,yathiswar,8.4,1700,42.5,9238.61,64.9,0.01,0.04,0,0,277,System Idle Process,0,MemCompression,2928,SAMSUNG MZVLQ512HBLU-00B,PASSED,2,99,22,10.3,391,0
8/8/2026 20:45,yathiswar,8.8,1700,42.5,9238.5,64.9,0,0,0,0,277,System Idle Process,0,MemCompression,2928,SAMSUNG MZVLQ512HBLU-00B,PASSED,2,99,22,10.3,391,0
8/8/2026 20:45,yathiswar,8.1,1700,42.5,9236.71,64.9,0,0.03,0,0,277,System Idle Process,0,MemCompression,2928,SAMSUNG MZVLQ512HBLU-00B,PASSED,2,99,22,10.3,391,0
8/8/2026 20:45,yathiswar,7.2,1700,42.5,9237.23,64.9,0,0,0,0,277,System Idle Process,0,MemCompression,2928,SAMSUNG MZVLQ512HBLU-00B,PASSED,2,99,22,10.3,391,0
8/8/2026 20:45,yathiswar,8,1700,42.5,9236.25,64.9,0,0.02,0,0,277,System Idle Process,0,MemCompression,2928,SAMSUNG MZVLQ512HBLU-00B,PASSED,2,99,23,10.3,391,0
8/8/2026 20:45,yathiswar,9,1457,42.5,9237.15,64.9,0.03,0.01,0,0,277,System Idle Process,0,MemCompression,2928,SAMSUNG MZVLQ512HBLU-00B,PASSED,2,99,24,10.3,391,0
8/8/2026 20:45,yathiswar,10.9,1457,42.5,9239.33,64.9,0.01,0.02,0,0,277,System Idle Process,0,MemCompression,2928,SAMSUNG MZVLQ512HBLU-00B,PASSED,2,99,23,10.3,391,0
8/8/2026 20:45,yathiswar,7.8,1700,42.5,9232.46,64.9,0.62,0.03,0,0,277,System Idle Process,0,MemCompression,2928,SAMSUNG MZVLQ512HBLU-00B,PASSED,2,99,22,10.3,391,0
8/8/2026 20:45,yathiswar,7.1,1700,42.5,9232.38,64.9,0.02,0.03,0,0,277,System Idle Process,0,MemCompression,2928,SAMSUNG MZVLQ512HBLU-00B,PASSED,2,99,23,10.3,391,0
8/8/2026 20:46,yathiswar,8.2,1457,42.5,9232.44,64.9,0.01,0,0,0,277,System Idle Process,0,MemCompression,2928,SAMSUNG MZVLQ512HBLU-00B,PASSED,2,99,23,10.3,391,0
8/8/2026 20:46,yathiswar,9.8,1457,42.5,9231.52,64.9,0.02,0.06,0,0,277,System Idle Process,0,MemCompression,2928,SAMSUNG MZVLQ512HBLU-00B,PASSED,2,99,23,10.3,391,0
8/8/2026 20:46,yathiswar,7.7,1700,42.6,9223.9,64.9,0.04,0.01,0,0,277,System Idle Process,0,MemCompression,2928,SAMSUNG MZVLQ512HBLU-00B,PASSED,2,99,23,10.3,391,0
8/8/2026 20:46,yathiswar,7.3,1700,42.6,9228.96,64.9,0.08,0,0,0,277,System Idle Process,0,MemCompression,2928,SAMSUNG MZVLQ512HBLU-00B,PASSED,2,99,22,10.3,391,0
8/8/2026 20:46,yathiswar,7.7,1700,42.6,9228.6,64.9,0,0.02,0,0,277,System Idle Process,0,MemCompression,2928,SAMSUNG MZVLQ512HBLU-00B,PASSED,2,99,22,10.3,391,0
8/8/2026 20:46,yathiswar,8,1700,42.6,9229.07,64.9,0,0.01,0,0,277,System Idle Process,0,MemCompression,2928,SAMSUNG MZVLQ512HBLU-00B,PASSED,2,99,23,10.3,391,0
8/8/2026 20:46,yathiswar,7.5,1700,42.6,9224.86,64.9,0.01,0.03,0,0,277,System Idle Process,0,MemCompression,2928,SAMSUNG MZVLQ512HBLU-00B,PASSED,2,99,23,10.3,391,0
8/8/2026 20:46,yathiswar,11.9,1700,42.6,9226.55,64.9,0.03,0.01,0,0,277,System Idle Process,0,MemCompression,2928,SAMSUNG MZVLQ512HBLU-00B,PASSED,2,99,23,10.3,391,0
8/8/2026 20:46,yathiswar,8.5,1700,42.6,9225.37,64.9,0.02,0.05,0,0,277,System Idle Process,0,MemCompression,2928,SAMSUNG MZVLQ512HBLU-00B,PASSED,2,99,23,10.3,391,0
8/8/2026 20:46,yathiswar,7.3,1700,42.6,9223.9,64.9,0.06,0.1,0,0,277,System Idle Process,0,MemCompression,2928,SAMSUNG MZVLQ512HBLU-00B,PASSED,2,99,22,10.3,391,0
8/8/2026 20:46,yathiswar,7.5,1700,42.6,9220.38,64.9,0,0,0,0,277,System Idle Process,0,MemCompression,2928,SAMSUNG MZVLQ512HBLU-00B,PASSED,2,99,24,10.3,391,0
8/8/2026 20:46,yathiswar,8,1700,42.6,9221.88,64.9,0,0.05,0,0,277,System Idle Process,0,MemCompression,2928,SAMSUNG MZVLQ512HBLU-00B,PASSED,2,99,23,10.3,391,0
8/8/2026 20:46,yathiswar,8.5,1700,42.6,9223.3,64.9,0.02,0.02,0,0,277,System Idle Process,0,MemCompression,2928,SAMSUNG MZVLQ512HBLU-00B,PASSED,2,99,23,10.3,391,0
8/8/2026 20:46,yathiswar,9.2,1700,42.6,9222.2,64.9,0.04,0.09,0,0,277,System Idle Process,0,MemCompression,2928,SAMSUNG MZVLQ512HBLU-00B,PASSED,2,99,22,10.3,391,0
8/8/2026 20:46,yathiswar,8.1,1457,42.6,9221.57,64.9,0.06,0,0,0,277,System Idle Process,0,MemCompression,2928,SAMSUNG MZVLQ512HBLU-00B,PASSED,2,99,22,10.3,391,0
8/8/2026 20:46,yathiswar,7.4,1457,42.6,9222.64,64.9,0.04,0,0,0,277,System Idle Process,0,MemCompression,2928,SAMSUNG MZVLQ512HBLU-00B,PASSED,2,99,22,10.3,391,0
8/8/2026 20:46,yathiswar,8.6,1700,42.6,9220.73,64.9,0,0.09,0,0,277,System Idle Process,0,MemCompression,2928,SAMSUNG MZVLQ512HBLU-00B,PASSED,2,99,23,10.3,391,0
8/8/2026 20:46,yathiswar,11.7,1700,42.6,9219.91,64.9,0.05,0.09,0,0,277,System Idle Process,0,MemCompression,2928,SAMSUNG MZVLQ512HBLU-00B,PASSED,2,99,23,10.3,391,0
8/8/2026 20:46,yathiswar,6.6,1700,42.6,9218.86,64.9,0.03,0.05,0,0,277,System Idle Process,0,MemCompression,2928,SAMSUNG MZVLQ512HBLU-00B,PASSED,2,99,22,10.3,391,0
8/8/2026 20:46,yathiswar,7.9,1700,42.6,9219.1,64.9,0.01,0,0,0,277,System Idle Process,0,MemCompression,2928,SAMSUNG MZVLQ512HBLU-00B,PASSED,2,99,22,10.3,391,0
8/8/2026 20:47,yathiswar,9.8,1700,42.7,9214.33,64.9,0,0,0,0,277,System Idle Process,0,MemCompression,2928,SAMSUNG MZVLQ512HBLU-00B,PASSED,2,99,22,10.3,391,0
8/8/2026 20:47,yathiswar,8.9,1700,42.7,9211.66,64.9,0.01,0.04,0,0,277,System Idle Process,0,MemCompression,2928,SAMSUNG MZVLQ512HBLU-00B,PASSED,2,99,23,10.3,391,0
8/8/2026 20:47,yathiswar,7.6,1457,42.6,9216.28,64.9,0.01,0.17,0,0,277,System Idle Process,0,MemCompression,2928,SAMSUNG MZVLQ512HBLU-00B,PASSED,2,99,23,10.3,391,0
8/8/2026 20:47,yathiswar,6.7,1700,42.6,9216.12,64.9,0,0.03,0,0,277,System Idle Process,0,MemCompression,2928,SAMSUNG MZVLQ512HBLU-00B,PASSED,2,99,22,10.3,391,0
8/8/2026 20:47,yathiswar,7.2,1700,42.7,9214.36,64.9,0,0,0,0,277,System Idle Process,0,MemCompression,2928,SAMSUNG MZVLQ512HBLU-00B,PASSED,2,99,22,10.3,391,0
8/8/2026 20:47,yathiswar,7.8,1700,42.6,9219.68,64.9,0,0.01,0,0,277,System Idle Process,0,MemCompression,2928,SAMSUNG MZVLQ512HBLU-00B,PASSED,2,99,23,10.3,391,0
8/8/2026 20:47,yathiswar,8.1,1700,42.7,9213.79,64.9,0.01,0.01,0,0,277,System Idle Process,0,MemCompression,2928,SAMSUNG MZVLQ512HBLU-00B,PASSED,2,99,21,10.3,391,0
8/8/2026 20:47,yathiswar,9.9,1700,42.7,9212.07,64.9,0,0.04,0,0,277,System Idle Process,0,MemCompression,2928,SAMSUNG MZVLQ512HBLU-00B,PASSED,2,99,23,10.3,391,0
8/8/2026 20:47,yathiswar,5.4,1700,42.6,9217.64,64.9,0.01,0.02,0,0,277,System Idle Process,0,MemCompression,2928,SAMSUNG MZVLQ512HBLU-00B,PASSED,2,99,23,10.3,391,0
8/8/2026 20:47,yathiswar,7.5,1700,42.6,9218.93,64.9,0.01,0.06,0,0,277,System Idle Process,0,MemCompression,2928,SAMSUNG MZVLQ512HBLU-00B,PASSED,2,99,23,10.3,391,0
8/8/2026 20:47,yathiswar,6.3,1700,42.6,9218.23,64.9,0,0,0,0,277,System Idle Process,0,MemCompression,2928,SAMSUNG MZVLQ512HBLU-00B,PASSED,2,99,22,10.3,391,0
8/8/2026 20:47,yathiswar,8.8,1700,42.6,9219.6,64.9,0,0.02,0,0,277,System Idle Process,0,MemCompression,2928,SAMSUNG MZVLQ512HBLU-00B,PASSED,2,99,22,10.3,391,0
8/8/2026 20:47,yathiswar,8,1700,42.6,9218.14,64.9,0,0.02,0,0,277,System Idle Process,0,MemCompression,2928,SAMSUNG MZVLQ512HBLU-00B,PASSED,2,99,22,10.3,391,0
8/8/2026 20:47,yathiswar,7.3,1700,42.6,9217.58,64.9,0.05,0,0,0,277,System Idle Process,0,MemCompression,2928,SAMSUNG MZVLQ512HBLU-00B,PASSED,2,99,22,10.3,391,0
8/8/2026 20:47,yathiswar,8.2,1700,42.6,9218.46,64.9,0,0,0,0,277,System Idle Process,0,MemCompression,2928,SAMSUNG MZVLQ512HBLU-00B,PASSED,2,99,22,10.3,391,0
8/8/2026 20:47,yathiswar,7.5,1700,42.6,9215.54,64.9,0,0.03,0,0,277,System Idle Process,0,MemCompression,2928,SAMSUNG MZVLQ512HBLU-00B,PASSED,2,99,21,10.3,391,0
8/8/2026 20:47,yathiswar,7.3,1457,42.7,9212.53,64.9,0.01,0.01,0,0,277,System Idle Process,0,MemCompression,2928,SAMSUNG MZVLQ512HBLU-00B,PASSED,2,99,22,10.3,391,0
8/8/2026 20:47,yathiswar,7.8,1457,42.6,9217.32,64.9,0.02,0.02,0,0,277,System Idle Process,0,MemCompression,2928,SAMSUNG MZVLQ512HBLU-00B,PASSED,2,99,23,10.3,391,0
8/8/2026 20:47,yathiswar,8.4,1457,42.6,9217.4,64.9,0,0.03,0,0,277,System Idle Process,0,MemCompression,2928,SAMSUNG MZVLQ512HBLU-00B,PASSED,2,99,23,10.3,391,0
8/8/2026 20:47,yathiswar,9,1457,42.7,9211.43,64.9,0.03,0.01,0,0,277,System Idle Process,0,MemCompression,2928,SAMSUNG MZVLQ512HBLU-00B,PASSED,2,99,22,10.3,391,0
8/8/2026 20:47,yathiswar,7.3,1457,42.6,9218.91,64.9,0,0.02,0,0,277,System Idle Process,0,MemCompression,2928,SAMSUNG MZVLQ512HBLU-00B,PASSED,2,99,23,10.3,391,0
8/8/2026 20:48,yathiswar,7.8,1457,42.6,9218.63,64.9,0.01,0.04,0,0,277,System Idle Process,0,MemCompression,2928,SAMSUNG MZVLQ512HBLU-00B,PASSED,2,99,22,10.3,391,0
8/8/2026 20:48,yathiswar,9.2,1700,42.6,9218.54,64.9,0.02,0.02,0,0,277,System Idle Process,0,MemCompression,2928,SAMSUNG MZVLQ512HBLU-00B,PASSED,2,99,22,10.3,391,0
8/8/2026 20:48,yathiswar,8.4,1700,42.6,9217.27,64.9,0.04,0.01,0,0,277,System Idle Process,0,MemCompression,2928,SAMSUNG MZVLQ512HBLU-00B,PASSED,2,99,23,10.3,391,0
8/8/2026 20:48,yathiswar,8,1457,42.6,9219.9,64.9,0.07,0.02,0,0,277,System Idle Process,0,MemCompression,2928,SAMSUNG MZVLQ512HBLU-00B,PASSED,2,99,24,10.3,391,0
8/8/2026 20:48,yathiswar,7.8,1700,42.6,9219.75,64.9,0.04,0.15,0,0,277,System Idle Process,0,MemCompression,2928,SAMSUNG MZVLQ512HBLU-00B,PASSED,2,99,26,10.3,391,0
8/8/2026 20:48,yathiswar,7.4,1457,42.6,9222.25,64.9,0.42,0.07,0,0,277,System Idle Process,0,MemCompression,2928,SAMSUNG MZVLQ512HBLU-00B,PASSED,2,99,23,10.3,391,0
8/8/2026 20:48,yathiswar,5.5,1700,42.6,9215.07,64.9,0,0.05,0,0,277,System Idle Process,0,MemCompression,2928,SAMSUNG MZVLQ512HBLU-00B,PASSED,2,99,23,10.3,391,0
8/8/2026 20:48,yathiswar,6.6,1700,42.6,9218.05,64.9,0,0.08,0,0,277,System Idle Process,0,MemCompression,2928,SAMSUNG MZVLQ512HBLU-00B,PASSED,2,99,24,10.3,391,0
8/8/2026 20:48,yathiswar,9.9,1700,42.6,9214.92,64.9,0.01,0.03,0,0,277,System Idle Process,0,MemCompression,2928,SAMSUNG MZVLQ512HBLU-00B,PASSED,2,99,23,10.3,391,0
8/8/2026 20:48,yathiswar,7.5,1700,42.7,9210.49,64.9,0,0.01,0,0,277,System Idle Process,0,MemCompression,2928,SAMSUNG MZVLQ512HBLU-00B,PASSED,2,99,22,10.3,391,0
8/8/2026 20:48,yathiswar,7.3,1457,42.7,9213.66,64.9,0,0,0,0,277,System Idle Process,0,MemCompression,2928,SAMSUNG MZVLQ512HBLU-00B,PASSED,2,99,22,10.3,391,0
8/8/2026 20:48,yathiswar,5.9,1457,42.7,9210.11,64.9,0,0.03,0,0,277,System Idle Process,0,MemCompression,2928,SAMSUNG MZVLQ512HBLU-00B,PASSED,2,99,22,10.3,391,0
8/8/2026 20:48,yathiswar,6,1700,42.7,9214.41,64.9,0.04,0,0,0,277,System Idle Process,0,MemCompression,2928,SAMSUNG MZVLQ512HBLU-00B,PASSED,2,99,23,10.3,391,0
8/8/2026 20:48,yathiswar,9.2,1457,42.6,9215.27,64.9,0.01,0.06,0,0,277,System Idle Process,0,MemCompression,2928,SAMSUNG MZVLQ512HBLU-00B,PASSED,2,99,23,10.3,391,0
8/8/2026 20:48,yathiswar,8.2,1457,42.6,9215.8,64.9,0.04,0.13,0,0,277,System Idle Process,0,MemCompression,2928,SAMSUNG MZVLQ512HBLU-00B,PASSED,2,99,23,10.3,391,0
8/8/2026 20:48,yathiswar,8.2,1457,42.7,9209.2,64.9,0,0.02,0,0,277,System Idle Process,0,MemCompression,2928,SAMSUNG MZVLQ512HBLU-00B,PASSED,2,99,22,10.3,391,0
8/8/2026 20:48,yathiswar,8.3,1700,42.7,9210.83,64.9,0.01,0,0,0,277,System Idle Process,0,MemCompression,2928,SAMSUNG MZVLQ512HBLU-00B,PASSED,2,99,22,10.3,391,0
8/8/2026 20:48,yathiswar,10,1457,42.7,9212.2,64.9,0,0.01,0,0,277,System Idle Process,0,MemCompression,2928,SAMSUNG MZVLQ512HBLU-00B,PASSED,2,99,22,10.3,391,0
8/8/2026 20:48,yathiswar,8.3,1700,42.7,9212.77,64.9,0.02,0.01,0,0,277,System Idle Process,0,MemCompression,2928,SAMSUNG MZVLQ512HBLU-00B,PASSED,2,99,23,10.3,391,0
8/8/2026 20:48,yathiswar,9.4,1700,42.7,9205.87,64.9,0,0.03,0,0,277,System Idle Process,0,MemCompression,2928,SAMSUNG MZVLQ512HBLU-00B,PASSED,2,99,22,10.3,391,0
8/8/2026 20:48,yathiswar,7.3,1700,42.7,9210.61,64.9,0,0.02,0,0,277,System Idle Process,0,MemCompression,2928,SAMSUNG MZVLQ512HBLU-00B,PASSED,2,99,22,10.3,391,0
8/8/2026 20:48,yathiswar,7.1,1457,42.7,9210.21,64.9,0,0.03,0,0,277,System Idle Process,0,MemCompression,2928,SAMSUNG MZVLQ512HBLU-00B,PASSED,2,99,22,10.3,391,0
8/8/2026 20:49,yathiswar,8,1700,42.7,9211.26,64.9,0,0.01,0,0,277,System Idle Process,0,MemCompression,2928,SAMSUNG MZVLQ512HBLU-00B,PASSED,2,99,23,10.3,391,0
8/8/2026 20:49,yathiswar,8.1,1700,42.7,9208.16,64.9,0,0.04,0,0,277,System Idle Process,0,MemCompression,2928,SAMSUNG MZVLQ512HBLU-00B,PASSED,2,99,22,10.3,391,0
8/8/2026 20:49,yathiswar,7.6,1457,42.7,9212.31,64.9,0,0,0,0,277,System Idle Process,0,MemCompression,2928,SAMSUNG MZVLQ512HBLU-00B,PASSED,2,99,22,10.3,391,0
8/8/2026 20:49,yathiswar,8.9,1700,42.7,9207.37,64.9,0,0.03,0,0,277,System Idle Process,0,MemCompression,2928,SAMSUNG MZVLQ512HBLU-00B,PASSED,2,99,21,10.3,391,0
8/8/2026 20:49,yathiswar,6.9,1700,42.7,9209.75,64.9,0,0,0,0,277,System Idle Process,0,MemCompression,2928,SAMSUNG MZVLQ512HBLU-00B,PASSED,2,99,22,10.3,391,0
8/8/2026 20:49,yathiswar,9.3,1457,42.7,9206.88,64.9,0.18,0,0,0,277,System Idle Process,0,MemCompression,2928,SAMSUNG MZVLQ512HBLU-00B,PASSED,2,99,22,10.3,391,0
8/8/2026 20:49,yathiswar,7.9,1700,42.7,9206.57,64.9,0.01,0,0,0,277,System Idle Process,0,MemCompression,2928,SAMSUNG MZVLQ512HBLU-00B,PASSED,2,99,23,10.3,391,0
8/8/2026 20:49,yathiswar,10.5,1700,42.6,9214.98,64.9,1.52,0.04,0,0,277,System Idle Process,0,MemCompression,2928,SAMSUNG MZVLQ512HBLU-00B,PASSED,2,99,23,10.3,391,0
8/8/2026 20:49,yathiswar,7.2,1700,42.6,9215.22,64.9,0,0.14,0,0,277,System Idle Process,0,MemCompression,2928,SAMSUNG MZVLQ512HBLU-00B,PASSED,2,99,22,10.3,391,0
8/8/2026 20:49,yathiswar,6.4,1700,42.6,9220.06,64.9,0,0,0,0,277,System Idle Process,0,MemCompression,2928,SAMSUNG MZVLQ512HBLU-00B,PASSED,2,99,22,10.3,391,0
8/8/2026 20:49,yathiswar,7.9,1700,42.6,9220.86,64.9,0,0,0,0,277,System Idle Process,0,MemCompression,2928,SAMSUNG MZVLQ512HBLU-00B,PASSED,2,99,23,10.3,391,0
8/8/2026 20:49,yathiswar,8.5,1700,42.6,9217.3,64.9,0.03,0.02,0,0,277,System Idle Process,0,MemCompression,2928,SAMSUNG MZVLQ512HBLU-00B,PASSED,2,99,22,10.3,391,0
8/8/2026 20:49,yathiswar,7.8,1700,42.6,9222.09,64.9,0.03,0.02,0,0,277,System Idle Process,0,MemCompression,2928,SAMSUNG MZVLQ512HBLU-00B,PASSED,2,99,21,10.3,391,0
8/8/2026 20:49,yathiswar,7.4,1457,42.6,9222.13,64.9,0.01,0.02,0,0,277,System Idle Process,0,MemCompression,2928,SAMSUNG MZVLQ512HBLU-00B,PASSED,2,99,21,10.3,391,0
8/8/2026 20:49,yathiswar,7.1,1700,42.6,9222.75,64.9,0,0,0,0,277,System Idle Process,0,MemCompression,2928,SAMSUNG MZVLQ512HBLU-00B,PASSED,2,99,22,10.3,391,0
8/8/2026 20:49,yathiswar,7.5,1457,42.6,9221.88,64.9,0.01,0.01,0,0,277,System Idle Process,0,MemCompression,2928,SAMSUNG MZVLQ512HBLU-00B,PASSED,2,99,21,10.3,391,0
8/8/2026 20:49,yathiswar,7.7,1457,42.6,9223.16,64.9,0,0,0,0,277,System Idle Process,0,MemCompression,2928,SAMSUNG MZVLQ512HBLU-00B,PASSED,2,99,23,10.3,391,0
8/8/2026 20:49,yathiswar,9.9,1457,42.6,9222.95,64.9,0.02,0.06,0,0,277,System Idle Process,0,MemCompression,2928,SAMSUNG MZVLQ512HBLU-00B,PASSED,2,99,22,10.3,391,0
8/8/2026 20:49,yathiswar,7.1,1457,42.6,9223.66,64.9,0.13,0,0,0,277,System Idle Process,0,MemCompression,2928,SAMSUNG MZVLQ512HBLU-00B,PASSED,2,99,23,10.3,391,0
8/8/2026 20:49,yathiswar,6.9,1457,42.6,9217.57,64.9,0.03,0.02,0,0,277,System Idle Process,0,MemCompression,2928,SAMSUNG MZVLQ512HBLU-00B,PASSED,2,99,22,10.3,391,0
8/8/2026 20:50,yathiswar,8,1457,42.6,9221.55,64.9,0.01,0.01,0,0,277,System Idle Process,0,MemCompression,2928,SAMSUNG MZVLQ512HBLU-00B,PASSED,2,99,23,10.3,391,0
8/8/2026 20:50,yathiswar,8.7,1700,42.6,9221.05,64.9,0.03,0.02,0,0,277,System Idle Process,0,MemCompression,2928,SAMSUNG MZVLQ512HBLU-00B,PASSED,2,99,23,10.3,391,0
8/8/2026 20:50,yathiswar,7.8,1700,42.6,9217.29,64.9,0,0.02,0,0,277,System Idle Process,0,MemCompression,2928,SAMSUNG MZVLQ512HBLU-00B,PASSED,2,99,21,10.3,391,0
8/8/2026 20:50,yathiswar,7.9,1457,42.6,9217.12,64.9,0,0,0,0,277,System Idle Process,0,MemCompression,2928,SAMSUNG MZVLQ512HBLU-00B,PASSED,2,99,22,10.3,391,0
8/8/2026 20:50,yathiswar,7.7,1700,42.6,9222.37,64.9,0.03,0,0,0,277,System Idle Process,0,MemCompression,2928,SAMSUNG MZVLQ512HBLU-00B,PASSED,2,99,21,10.3,391,0
8/8/2026 20:50,yathiswar,8.5,1700,42.6,9221.24,64.9,0,0.01,0,0,277,System Idle Process,0,MemCompression,2928,SAMSUNG MZVLQ512HBLU-00B,PASSED,2,99,22,10.3,391,0
8/8/2026 20:50,yathiswar,7.7,1457,42.6,9227.5,64.9,0.01,0.02,0,0,277,System Idle Process,0,MemCompression,2928,SAMSUNG MZVLQ512HBLU-00B,PASSED,2,99,22,10.3,391,0
8/8/2026 20:50,yathiswar,10.2,1700,42.6,9217.4,64.9,0,0.03,0,0,277,System Idle Process,0,MemCompression,2928,SAMSUNG MZVLQ512HBLU-00B,PASSED,2,99,22,10.3,391,0
8/8/2026 20:50,yathiswar,8,1700,42.6,9217.14,64.9,0.01,0,0,0,277,System Idle Process,0,MemCompression,2928,SAMSUNG MZVLQ512HBLU-00B,PASSED,2,99,23,10.3,391,0
8/8/2026 20:50,yathiswar,8.2,1700,42.6,9222.09,64.9,0.01,0.03,0,0,277,System Idle Process,0,MemCompression,2928,SAMSUNG MZVLQ512HBLU-00B,PASSED,2,99,23,10.3,391,0
8/8/2026 20:50,yathiswar,8.6,1700,42.6,9220.95,64.9,0.03,0.02,0,0,277,System Idle Process,0,MemCompression,2928,SAMSUNG MZVLQ512HBLU-00B,PASSED,2,99,23,10.3,391,0
8/8/2026 20:50,yathiswar,8.5,1700,42.6,9217.61,64.9,0,0.04,0,0,277,System Idle Process,0,MemCompression,2928,SAMSUNG MZVLQ512HBLU-00B,PASSED,2,99,21,10.3,391,0
8/8/2026 20:50,yathiswar,7.5,1700,42.6,9221.75,64.9,0,0,0,0,277,System Idle Process,0,MemCompression,2928,SAMSUNG MZVLQ512HBLU-00B,PASSED,2,99,21,10.3,391,0
8/8/2026 20:50,yathiswar,8,1457,42.6,9221.95,64.9,0,0,0,0,277,System Idle Process,0,MemCompression,2928,SAMSUNG MZVLQ512HBLU-00B,PASSED,2,99,22,10.3,391,0
8/8/2026 20:50,yathiswar,6.8,1700,42.6,9222.62,64.9,0.01,0.02,0,0,277,System Idle Process,0,MemCompression,2928,SAMSUNG MZVLQ512HBLU-00B,PASSED,2,99,21,10.3,391,0
8/8/2026 20:50,yathiswar,7.9,1700,42.6,9222.52,64.9,0,0,0,0,277,System Idle Process,0,MemCompression,2928,SAMSUNG MZVLQ512HBLU-00B,PASSED,2,99,22,10.3,391,0
8/8/2026 20:50,yathiswar,7.9,1700,42.6,9218.55,64.9,0.01,0.16,0,0,277,System Idle Process,0,MemCompression,2928,SAMSUNG MZVLQ512HBLU-00B,PASSED,2,99,22,10.3,391,0
8/8/2026 20:50,yathiswar,10,1700,42.6,9224.57,64.9,0,0.03,0,0,276,System Idle Process,0,MemCompression,2928,SAMSUNG MZVLQ512HBLU-00B,PASSED,2,99,22,10.3,391,0
8/8/2026 20:50,yathiswar,8.9,1700,42.5,9240.63,62.8,0.02,0.06,0,0,276,System Idle Process,0,MemCompression,2928,SAMSUNG MZVLQ512HBLU-00B,PASSED,2,99,21,10.3,391,0
8/8/2026 20:50,yathiswar,7.2,1700,42.5,9245.74,62.8,0.03,0.03,0,0,276,System Idle Process,0,MemCompression,2928,SAMSUNG MZVLQ512HBLU-00B,PASSED,2,99,31,10.3,391,0
8/8/2026 20:51,yathiswar,14.2,1457,42.9,9174.11,62.9,4.01,187.06,0,0,276,System Idle Process,0,MemCompression,2928,SAMSUNG MZVLQ512HBLU-00B,PASSED,2,99,36,10.3,391,0
8/8/2026 20:51,yathiswar,17.3,1700,42.7,9208.28,62.9,26.99,396.85,0,0,276,System Idle Process,0,MemCompression,2928,SAMSUNG MZVLQ512HBLU-00B,PASSED,2,99,39,10.3,391,0
8/8/2026 20:51,yathiswar,17.3,1700,42.9,9173.18,62.9,1.24,430.36,0,0,277,System Idle Process,0,MemCompression,2928,SAMSUNG MZVLQ512HBLU-00B,PASSED,2,99,41,10.3,391,0
8/8/2026 20:51,yathiswar,13.5,1700,43,9155.78,62.9,1.16,426.35,0,0,277,System Idle Process,0,MemCompression,2928,SAMSUNG MZVLQ512HBLU-00B,PASSED,2,99,41,10.3,391,0
8/8/2026 20:51,yathiswar,15.2,1700,42.9,9181.02,62.9,0.25,448.41,0,0,277,System Idle Process,0,MemCompression,2928,SAMSUNG MZVLQ512HBLU-00B,PASSED,2,99,44,10.3,391,0
8/8/2026 20:51,yathiswar,19.4,1700,43.2,9129.91,62.9,6.98,351.07,0,0,283,System Idle Process,0,MemCompression,2928,SAMSUNG MZVLQ512HBLU-00B,PASSED,2,99,45,10.3,391,0
8/8/2026 20:51,yathiswar,15.3,1700,43.2,9121.99,62.9,0.22,422.83,0,0,281,System Idle Process,0,MemCompression,2928,SAMSUNG MZVLQ512HBLU-00B,PASSED,2,99,46,10.3,391,0
8/8/2026 20:51,yathiswar,15.1,1700,43.2,9133.37,62.9,0.31,412.38,0,0,281,System Idle Process,0,MemCompression,2928,SAMSUNG MZVLQ512HBLU-00B,PASSED,2,99,47,10.3,391,0
8/8/2026 20:51,yathiswar,17.3,1700,43.2,9129.85,62.9,0.16,434.7,0,0,281,System Idle Process,0,MemCompression,2928,SAMSUNG MZVLQ512HBLU-00B,PASSED,2,99,47,10.3,391,0
8/8/2026 20:51,yathiswar,15,1700,43.2,9122.93,62.9,0.19,426.02,0,0,281,System Idle Process,0,MemCompression,2928,SAMSUNG MZVLQ512HBLU-00B,PASSED,2,99,48,10.3,391,0
8/8/2026 20:51,yathiswar,15.6,1700,43.1,9134.78,62.9,0.08,428.21,0,0,278,System Idle Process,0,MemCompression,2928,SAMSUNG MZVLQ512HBLU-00B,PASSED,2,99,49,10.3,391,0
8/8/2026 20:51,yathiswar,14.7,1700,43.2,9129.33,62.9,0.14,400.88,0,0,277,System Idle Process,0,MemCompression,2928,SAMSUNG MZVLQ512HBLU-00B,PASSED,2,99,49,10.3,391,0
8/8/2026 20:51,yathiswar,14.8,1700,43.2,9129.51,62.9,0.22,460.25,0,0,277,System Idle Process,0,MemCompression,2928,SAMSUNG MZVLQ512HBLU-00B,PASSED,2,99,49,10.3,391,0
8/8/2026 20:51,yathiswar,15.6,1700,42.8,9186.51,62.9,0.14,427.66,0,0,277,System Idle Process,0,MemCompression,2928,SAMSUNG MZVLQ512HBLU-00B,PASSED,2,99,50,10.3,391,0
8/8/2026 20:51,yathiswar,15.2,1700,43.1,9135.71,62.9,0.11,447.64,0,0,277,System Idle Process,0,MemCompression,2928,SAMSUNG MZVLQ512HBLU-00B,PASSED,2,99,50,10.3,391,0
8/8/2026 20:51,yathiswar,14.6,1700,43.1,9145.47,62.9,0.1,446.65,0,0,277,System Idle Process,0,MemCompression,2928,SAMSUNG MZVLQ512HBLU-00B,PASSED,2,99,50,10.3,391,0
8/8/2026 20:51,yathiswar,15.3,1700,43.1,9139.72,62.9,0.02,427.28,0,0,277,System Idle Process,0,MemCompression,2928,SAMSUNG MZVLQ512HBLU-00B,PASSED,2,99,52,10.3,391,0
8/8/2026 20:51,yathiswar,15,1700,42.8,9189.45,62.9,0.03,450.05,0,0,277,System Idle Process,0,MemCompression,2928,SAMSUNG MZVLQ512HBLU-00B,PASSED,2,99,51,10.3,391,0
8/8/2026 20:51,yathiswar,14.6,1700,43.2,9133.1,62.9,0.05,375.6,0,0,277,System Idle Process,0,MemCompression,2928,SAMSUNG MZVLQ512HBLU-00B,PASSED,2,99,52,10.3,391,0
8/8/2026 20:51,yathiswar,14.4,1700,43.1,9140.04,62.9,0.02,446.1,0,0,277,System Idle Process,0,MemCompression,2928,SAMSUNG MZVLQ512HBLU-00B,PASSED,2,99,52,10.3,391,0
8/8/2026 20:51,yathiswar,15.3,1700,42.8,9191.26,62.9,0.04,411.94,0,0,277,System Idle Process,0,MemCompression,2928,SAMSUNG MZVLQ512HBLU-00B,PASSED,2,99,53,10.3,391,0
8/8/2026 20:51,yathiswar,16.6,1457,42.8,9194,62.9,0.11,419.48,0,0,277,System Idle Process,0,MemCompression,2928,SAMSUNG MZVLQ512HBLU-00B,PASSED,2,99,52,10.3,391,0
8/8/2026 20:51,yathiswar,14.3,1700,43.2,9124.93,62.9,0.05,382.94,0,0,277,System Idle Process,0,MemCompression,2928,SAMSUNG MZVLQ512HBLU-00B,PASSED,2,99,54,10.3,391,0
8/8/2026 20:51,yathiswar,13.4,1700,42.9,9172.98,62.9,3.23,294.05,0,0,277,System Idle Process,0,MemCompression,2928,SAMSUNG MZVLQ512HBLU-00B,PASSED,2,99,54,10.3,391,0
8/8/2026 20:51,yathiswar,10.3,1457,43.2,9126.76,62.9,0.07,173.91,0,0,277,System Idle Process,0,MemCompression,2928,SAMSUNG MZVLQ512HBLU-00B,PASSED,2,99,54,10.3,391,0
8/8/2026 20:51,yathiswar,12.1,1700,43.1,9134.49,62.9,0.13,190.21,0,0,277,System Idle Process,0,MemCompression,2928,SAMSUNG MZVLQ512HBLU-00B,PASSED,2,99,55,10.3,391,0
8/8/2026 20:52,yathiswar,11.7,1700,43.1,9135.41,62.9,0.02,171.29,0,0,277,System Idle Process,0,MemCompression,2928,SAMSUNG MZVLQ512HBLU-00B,PASSED,2,99,56,10.3,391,0
8/8/2026 20:52,yathiswar,12.3,1457,43.2,9131.32,62.9,0.95,106.04,0,0,277,System Idle Process,0,MemCompression,2928,SAMSUNG MZVLQ512HBLU-00B,PASSED,2,99,57,10.3,391,0
8/8/2026 20:52,yathiswar,14.1,1700,43.2,9125.86,62.9,2.69,182.76,0,0,277,System Idle Process,0,MemCompression,2928,SAMSUNG MZVLQ512HBLU-00B,PASSED,2,99,57,10.3,391,0
8/8/2026 20:52,yathiswar,10.9,1700,43.2,9122.99,62.9,0.02,119.22,0,0,277,System Idle Process,0,MemCompression,2928,SAMSUNG MZVLQ512HBLU-00B,PASSED,2,99,57,10.3,391,0
8/8/2026 20:52,yathiswar,25.1,1700,44.6,8904.04,62.9,30.75,131.71,0,0,278,System Idle Process,0,MemCompression,2928,SAMSUNG MZVLQ512HBLU-00B,PASSED,2,99,58,10.3,391,0
8/8/2026 20:52,yathiswar,18.3,1457,45,8829.77,62.9,25.18,123.18,0,0.04,279,System Idle Process,0,MemCompression,2928,SAMSUNG MZVLQ512HBLU-00B,PASSED,2,99,59,10.3,391,0
8/8/2026 20:52,yathiswar,21.5,1700,46.1,8659.27,62.9,17.64,157.78,0.01,0.1,279,System Idle Process,0,MemCompression,2928,SAMSUNG MZVLQ512HBLU-00B,PASSED,2,99,59,10.3,391,0
8/8/2026 21:27,yathiswar,14.5,1700,46.6,8583.04,62.9,132.85,66.41,0,0,280,System Idle Process,0,MemCompression,2928,SAMSUNG MZVLQ512HBLU-00B,PASSED,2,99,27,10.3,391,0
8/8/2026 21:27,yathiswar,0.2,1700,50.5,7946.08,62.9,0.1,0.26,0,0,297,System Idle Process,0,msedgewebview2.exe,7912,SAMSUNG MZVLQ512HBLU-00B,PASSED,2,99,35,10.3,391,0
8/8/2026 21:27,yathiswar,55.8,1700,51,7874.29,62.9,20.01,362.44,0.02,0.04,294,System Idle Process,0,msedgewebview2.exe,7912,SAMSUNG MZVLQ512HBLU-00B,PASSED,2,99,38,10.3,391,0
8/8/2026 21:28,yathiswar,39.2,1700,50.3,7990.57,62.9,7.09,292.54,0.01,0,291,System Idle Process,0,msedgewebview2.exe,7912,SAMSUNG MZVLQ512HBLU-00B,PASSED,2,99,39,10.3,391,0
8/8/2026 21:28,yathiswar,24.1,1700,49.8,8068.09,62.9,0.15,180.75,0.01,0,291,System Idle Process,0,msedgewebview2.exe,7912,SAMSUNG MZVLQ512HBLU-00B,PASSED,2,99,42,10.3,391,0
8/8/2026 21:28,yathiswar,26,1700,49.9,8046.79,62.9,3.41,102.34,0,0.01,293,System Idle Process,0,msedgewebview2.exe,7912,SAMSUNG MZVLQ512HBLU-00B,PASSED,2,99,42,10.3,391,0
8/8/2026 21:28,yathiswar,22.6,1700,49.9,8055.41,62.9,0.53,195.86,0,0,293,System Idle Process,0,msedgewebview2.exe,7912,SAMSUNG MZVLQ512HBLU-00B,PASSED,2,99,44,10.3,391,0
8/8/2026 21:28,yathiswar,16.4,1457,50.2,8002.91,62.9,2.82,196.24,0,0,289,System Idle Process,0,msedgewebview2.exe,7912,SAMSUNG MZVLQ512HBLU-00B,PASSED,2,99,47,10.3,391,0
8/8/2026 21:28,yathiswar,17.4,1700,50,8033.45,62.9,2.02,75.83,0,0,290,System Idle Process,0,msedgewebview2.exe,7912,SAMSUNG MZVLQ512HBLU-00B,PASSED,2,99,47,10.3,391,0
8/8/2026 21:28,yathiswar,31.7,1700,50.8,7910.6,62.9,13.5,183.84,0,0,290,System Idle Process,0,msedgewebview2.exe,7912,SAMSUNG MZVLQ512HBLU-00B,PASSED,2,99,47,10.3,391,0
8/8/2026 21:28,yathiswar,32.6,1700,50.7,7927.28,62.9,3.68,158.21,0,0.06,287,System Idle Process,0,msedgewebview2.exe,7912,SAMSUNG MZVLQ512HBLU-00B,PASSED,2,99,48,10.3,391,0
8/8/2026 21:28,yathiswar,28.7,1700,50.6,7942.53,62.9,4.25,173.55,0,0,286,System Idle Process,0,msedgewebview2.exe,7912,SAMSUNG MZVLQ512HBLU-00B,PASSED,2,99,49,10.3,391,0
8/8/2026 21:28,yathiswar,20.5,1700,50.5,7950.72,62.9,0.2,141.72,0,0,286,System Idle Process,0,msedgewebview2.exe,7912,SAMSUNG MZVLQ512HBLU-00B,PASSED,2,99,49,10.3,391,0
8/8/2026 21:28,yathiswar,19.7,1457,50.1,8011.45,62.9,0.05,117.94,0,0,285,System Idle Process,0,msedgewebview2.exe,7912,SAMSUNG MZVLQ512HBLU-00B,PASSED,2,99,50,10.3,391,0
8/8/2026 21:28,yathiswar,21.1,1700,50.4,7977.39,62.9,2.8,168.17,0,0,286,System Idle Process,0,msedgewebview2.exe,7912,SAMSUNG MZVLQ512HBLU-00B,PASSED,2,99,52,10.3,391,0
8/8/2026 21:28,yathiswar,16.7,1700,50,8039.65,62.9,2.2,130.25,0,0.04,287,System Idle Process,0,msedgewebview2.exe,7912,SAMSUNG MZVLQ512HBLU-00B,PASSED,2,99,52,10.3,391,0
8/8/2026 21:28,yathiswar,15.8,1700,49.6,8091.79,62.9,0.29,84.66,0,0.14,286,System Idle Process,0,msedgewebview2.exe,7912,SAMSUNG MZVLQ512HBLU-00B,PASSED,2,99,53,10.3,391,0
8/8/2026 21:28,yathiswar,18.2,1700,49.3,8150.14,62.9,0.21,241.91,0,0.2,285,System Idle Process,0,msedgewebview2.exe,7912,SAMSUNG MZVLQ512HBLU-00B,PASSED,2,99,53,10.3,391,0
8/8/2026 21:28,yathiswar,12.7,1700,49.4,8131.6,62.9,0.05,83.38,0,0.16,285,System Idle Process,0,msedgewebview2.exe,7912,SAMSUNG MZVLQ512HBLU-00B,PASSED,2,99,53,10.3,391,0
8/8/2026 21:29,yathiswar,16.5,1700,49.4,8129.45,62.9,1.49,175.09,0,0.08,283,System Idle Process,0,msedgewebview2.exe,7912,SAMSUNG MZVLQ512HBLU-00B,PASSED,2,99,54,10.3,391,0
8/8/2026 21:29,yathiswar,14.7,1700,49.1,8185.12,62.9,1.71,78.73,0,0,285,System Idle Process,0,msedgewebview2.exe,7912,SAMSUNG MZVLQ512HBLU-00B,PASSED,2,99,54,10.3,391,0
8/8/2026 21:29,yathiswar,24.2,1700,49.5,8107.97,62.9,7.97,238.17,0,0,284,System Idle Process,0,msedgewebview2.exe,7912,SAMSUNG MZVLQ512HBLU-00B,PASSED,2,99,55,10.3,391,0
8/8/2026 21:29,yathiswar,13.1,1700,49.2,8154.95,62.9,0.26,85.17,0,0,281,System Idle Process,0,msedgewebview2.exe,7912,SAMSUNG MZVLQ512HBLU-00B,PASSED,2,99,54,10.3,391,0
8/8/2026 21:29,yathiswar,11.5,1700,49.2,8159.38,62.9,0.01,182.18,0,0,281,System Idle Process,0,msedgewebview2.exe,7912,SAMSUNG MZVLQ512HBLU-00B,PASSED,2,99,55,10.3,391,0
8/8/2026 21:29,yathiswar,9,1700,49.2,8165.05,62.9,0.01,55.22,0,0,281,System Idle Process,0,msedgewebview2.exe,7912,SAMSUNG MZVLQ512HBLU-00B,PASSED,2,99,55,10.3,391,0
8/8/2026 21:29,yathiswar,13,1457,49.2,8159.08,62.9,0.02,241.54,0,0,281,System Idle Process,0,msedgewebview2.exe,7912,SAMSUNG MZVLQ512HBLU-00B,PASSED,2,99,55,10.3,391,0
8/8/2026 21:29,yathiswar,12.3,1700,49.2,8159.53,62.9,0.01,181.2,0,0,281,System Idle Process,0,msedgewebview2.exe,7912,SAMSUNG MZVLQ512HBLU-00B,PASSED,2,99,55,10.3,391,0
8/8/2026 21:29,yathiswar,12.8,1457,49.2,8167.32,62.9,0.01,134.77,0,0,281,System Idle Process,0,msedgewebview2.exe,7912,SAMSUNG MZVLQ512HBLU-00B,PASSED,2,99,56,10.3,391,0
8/8/2026 21:29,yathiswar,9.8,1700,49.2,8167.35,62.9,0.02,52.52,0,0,281,System Idle Process,0,msedgewebview2.exe,7912,SAMSUNG MZVLQ512HBLU-00B,PASSED,2,99,57,10.3,391,0
8/8/2026 21:29,yathiswar,11.5,1700,49,8196.87,62.9,0.02,125.58,0,0,281,System Idle Process,0,msedgewebview2.exe,7912,SAMSUNG MZVLQ512HBLU-00B,PASSED,2,99,56,10.3,391,0
8/8/2026 21:29,yathiswar,11.5,1700,49,8188.45,62.9,0.06,219.86,0,0,281,System Idle Process,0,msedgewebview2.exe,7912,SAMSUNG MZVLQ512HBLU-00B,PASSED,2,99,57,10.3,391,0
8/8/2026 21:29,yathiswar,10.4,1700,49,8192.91,62.9,0,58.18,0,0,281,System Idle Process,0,msedgewebview2.exe,7912,SAMSUNG MZVLQ512HBLU-00B,PASSED,2,99,56,10.3,391,0
8/8/2026 21:29,yathiswar,13.1,1457,49,8189.56,62.9,0.02,188.17,0,0,281,System Idle Process,0,msedgewebview2.exe,7912,SAMSUNG MZVLQ512HBLU-00B,PASSED,2,99,57,10.3,391,0
8/8/2026 21:29,yathiswar,12.8,1457,48.7,8246.83,62.9,0.01,87.54,0,0,281,System Idle Process,0,msedgewebview2.exe,7912,SAMSUNG MZVLQ512HBLU-00B,PASSED,2,99,57,10.3,391,0
8/8/2026 21:29,yathiswar,10.6,1700,49,8193.3,62.9,0.01,95.05,0,0,281,System Idle Process,0,msedgewebview2.exe,7912,SAMSUNG MZVLQ512HBLU-00B,PASSED,2,99,57,10.3,391,0
8/8/2026 21:29,yathiswar,11.6,1700,49,8194.67,62.9,0.02,204.75,0,0,281,System Idle Process,0,msedgewebview2.exe,7912,SAMSUNG MZVLQ512HBLU-00B,PASSED,2,99,57,10.3,391,0
8/8/2026 21:29,yathiswar,9,1700,49,8195.16,62.9,0,64.25,0,0,281,System Idle Process,0,msedgewebview2.exe,7912,SAMSUNG MZVLQ512HBLU-00B,PASSED,2,99,57,10.3,391,0
8/8/2026 21:29,yathiswar,11.6,1700,49,8198.15,62.9,0.02,176.23,0,0,281,System Idle Process,0,msedgewebview2.exe,7912,SAMSUNG MZVLQ512HBLU-00B,PASSED,2,99,57,10.3,391,0
8/8/2026 21:29,yathiswar,10.5,1700,49,8187.59,62.9,0.02,93.63,0,0,281,System Idle Process,0,msedgewebview2.exe,7912,SAMSUNG MZVLQ512HBLU-00B,PASSED,2,99,57,10.3,391,0
8/8/2026 21:29,yathiswar,10.9,1700,49,8191.12,62.9,0,105.4,0,0,281,System Idle Process,0,msedgewebview2.exe,7912,SAMSUNG MZVLQ512HBLU-00B,PASSED,2,99,57,10.3,391,0
8/8/2026 21:29,yathiswar,21,1700,49.4,8131.31,62.9,4.49,207.59,0,0,286,System Idle Process,0,msedgewebview2.exe,7912,SAMSUNG MZVLQ512HBLU-00B,PASSED,2,99,58,10.3,391,0
8/8/2026 21:29,yathiswar,15.7,1700,49.4,8124.25,62.9,3.16,87.21,0,0,286,System Idle Process,0,msedgewebview2.exe,7912,SAMSUNG MZVLQ512HBLU-00B,PASSED,2,99,59,10.3,391,0
8/8/2026 21:29,yathiswar,27,1700,50.2,8006.35,62.9,6.7,140.7,0.01,0.16,287,System Idle Process,0,msedgewebview2.exe,7912,SAMSUNG MZVLQ512HBLU-00B,PASSED,2,99,59,10.3,391,0
8/8/2026 21:30,yathiswar,14.9,1700,50.3,7985.25,62.9,1.73,145.12,0,0.01,287,System Idle Process,0,msedgewebview2.exe,7912,SAMSUNG MZVLQ512HBLU-00B,PASSED,2,99,59,10.3,391,0
8/8/2026 21:30,yathiswar,13,1700,50.3,7982.84,62.9,0.7,114.52,0,0,287,System Idle Process,0,msedgewebview2.exe,7912,SAMSUNG MZVLQ512HBLU-00B,PASSED,2,99,58,10.3,391,0
8/8/2026 21:30,yathiswar,15.3,1700,50.4,7972.27,62.9,0.01,155.85,0,0,288,System Idle Process,0,msedgewebview2.exe,7912,SAMSUNG MZVLQ512HBLU-00B,PASSED,2,99,58,10.3,391,0
8/8/2026 21:30,yathiswar,15.3,1457,50.3,7979.13,62.9,0.08,177.13,0,0,287,System Idle Process,0,msedgewebview2.exe,7912,SAMSUNG MZVLQ512HBLU-00B,PASSED,2,99,59,10.3,391,0
8/8/2026 21:30,yathiswar,10.9,1457,50.3,7977.5,62.9,0.34,52.15,0,0,287,System Idle Process,0,msedgewebview2.exe,7912,SAMSUNG MZVLQ512HBLU-00B,PASSED,2,99,57,10.3,391,0
8/8/2026 21:30,yathiswar,11.4,1700,50.3,7978.57,62.9,0.04,144.76,0,0,287,System Idle Process,0,msedgewebview2.exe,7912,SAMSUNG MZVLQ512HBLU-00B,PASSED,2,99,59,10.3,391,0
8/8/2026 21:30,yathiswar,9.7,1700,49.7,8080.23,62.9,0.4,136.31,0,0,287,System Idle Process,0,msedgewebview2.exe,7912,SAMSUNG MZVLQ512HBLU-00B,PASSED,2,99,59,10.3,391,0
8/8/2026 21:30,yathiswar,11.6,1457,49.6,8094.17,62.9,0.11,136.4,0,0,287,System Idle Process,0,msedgewebview2.exe,7912,SAMSUNG MZVLQ512HBLU-00B,PASSED,2,99,59,10.3,391,0
8/8/2026 21:30,yathiswar,10.8,1457,49.6,8095.03,62.9,0.01,180.56,0,0,287,System Idle Process,0,msedgewebview2.exe,7912,SAMSUNG MZVLQ512HBLU-00B,PASSED,2,99,60,10.3,391,0
8/8/2026 21:30,yathiswar,9.9,1700,49.7,8078.39,62.9,0.06,51.07,0,0,287,System Idle Process,0,msedgewebview2.exe,7912,SAMSUNG MZVLQ512HBLU-00B,PASSED,2,99,59,10.3,391,0
8/8/2026 21:30,yathiswar,12.1,1700,49.7,8075.44,62.9,0,146.63,0,0,287,System Idle Process,0,msedgewebview2.exe,7912,SAMSUNG MZVLQ512HBLU-00B,PASSED,2,99,59,10.3,391,0
8/8/2026 21:30,yathiswar,10.2,1700,49.7,8087.52,62.9,0.04,201.35,0,0,287,System Idle Process,0,msedgewebview2.exe,7912,SAMSUNG MZVLQ512HBLU-00B,PASSED,2,99,60,10.3,391,0
8/8/2026 21:30,yathiswar,10.2,1700,49.6,8100.96,62.9,0.03,89.34,0,0,287,System Idle Process,0,msedgewebview2.exe,7912,SAMSUNG MZVLQ512HBLU-00B,PASSED,2,99,59,10.3,391,0
8/8/2026 21:30,yathiswar,11,1700,49.6,8105.62,62.9,0.01,160.07,0,0,287,System Idle Process,0,msedgewebview2.exe,7912,SAMSUNG MZVLQ512HBLU-00B,PASSED,2,99,60,10.3,391,0
8/8/2026 21:30,yathiswar,10.2,1457,49.3,8151.68,62.9,0.01,106.74,0,0,287,System Idle Process,0,msedgewebview2.exe,7912,SAMSUNG MZVLQ512HBLU-00B,PASSED,2,99,60,10.3,391,0
8/8/2026 21:30,yathiswar,12.1,1457,49.3,8153.07,62.9,0.04,84.34,0,0,286,System Idle Process,0,msedgewebview2.exe,7912,SAMSUNG MZVLQ512HBLU-00B,PASSED,2,99,59,10.3,391,0
8/8/2026 21:30,yathiswar,12,1700,49.4,8130.62,62.9,0,210.91,0,0,286,System Idle Process,0,msedgewebview2.exe,7912,SAMSUNG MZVLQ512HBLU-00B,PASSED,2,99,60,10.3,391,0
8/8/2026 21:30,yathiswar,10.2,1700,49.1,8178.97,62.9,0.02,99.81,0,0,286,System Idle Process,0,msedgewebview2.exe,7912,SAMSUNG MZVLQ512HBLU-00B,PASSED,2,99,60,10.3,391,0
8/8/2026 21:30,yathiswar,10.2,1700,49.4,8128.21,62.9,0,140.4,0,0,286,System Idle Process,0,msedgewebview2.exe,7912,SAMSUNG MZVLQ512HBLU-00B,PASSED,2,99,60,10.3,391,0
8/8/2026 21:30,yathiswar,9.9,1700,49.4,8128.32,62.9,0.01,144.96,0,0,286,System Idle Process,0,msedgewebview2.exe,7912,SAMSUNG MZVLQ512HBLU-00B,PASSED,2,99,60,10.3,391,0
8/8/2026 21:30,yathiswar,9.5,1700,49.1,8183.91,62.9,0.03,65.97,0,0,286,System Idle Process,0,msedgewebview2.exe,7912,SAMSUNG MZVLQ512HBLU-00B,PASSED,2,99,60,10.3,391,0
8/8/2026 21:30,yathiswar,13.6,1700,49.4,8126.13,62.9,0.05,187.22,0,0,285,System Idle Process,0,msedgewebview2.exe,7912,SAMSUNG MZVLQ512HBLU-00B,PASSED,2,99,60,10.3,391,0
8/8/2026 21:30,yathiswar,12.9,1700,49.2,8160.01,62.9,0,176.01,0,0,284,System Idle Process,0,msedgewebview2.exe,7912,SAMSUNG MZVLQ512HBLU-00B,PASSED,2,99,60,10.3,391,0
8/8/2026 21:30,yathiswar,11.7,1457,49.1,8177.33,62.9,0.03,81.52,0,0,283,System Idle Process,0,msedgewebview2.exe,7912,SAMSUNG MZVLQ512HBLU-00B,PASSED,2,99,60,10.3,391,0
8/8/2026 21:30,yathiswar,12.6,1700,49.1,8172.04,62.9,0,139,0,0,283,System Idle Process,0,msedgewebview2.exe,7912,SAMSUNG MZVLQ512HBLU-00B,PASSED,2,99,60,10.3,391,0
8/8/2026 21:31,yathiswar,10.8,1700,48.8,8225.47,62.9,0,119.17,0,0,283,System Idle Process,0,msedgewebview2.exe,7912,SAMSUNG MZVLQ512HBLU-00B,PASSED,2,99,60,10.3,391,0
8/8/2026 21:31,yathiswar,11.4,1700,49.1,8176.94,62.9,0,141.19,0,0,283,System Idle Process,0,msedgewebview2.exe,7912,SAMSUNG MZVLQ512HBLU-00B,PASSED,2,99,60,10.3,391,0
8/8/2026 21:31,yathiswar,12.7,1457,49,8187.71,62.9,0.01,197.54,0,0,282,System Idle Process,0,msedgewebview2.exe,7912,SAMSUNG MZVLQ512HBLU-00B,PASSED,2,99,60,10.3,391,0
8/8/2026 21:31,yathiswar,9.7,1700,49,8189.29,62.9,0.91,54.18,0,0.02,281,System Idle Process,0,msedgewebview2.exe,7912,SAMSUNG MZVLQ512HBLU-00B,PASSED,2,99,61,10.3,391,0
8/8/2026 21:31,yathiswar,19.8,1700,49.1,8184.77,62.9,0.93,126.1,0,0,281,System Idle Process,0,msedgewebview2.exe,7912,SAMSUNG MZVLQ512HBLU-00B,PASSED,2,99,61,10.4,391,0
8/8/2026 21:31,yathiswar,9.5,1700,49.1,8185.44,62.9,0.01,64.64,0,0,281,System Idle Process,0,msedgewebview2.exe,7912,SAMSUNG MZVLQ512HBLU-00B,PASSED,2,99,60,10.4,391,0
8/8/2026 21:31,yathiswar,10,1700,49.1,8185.86,62.9,0,192.62,0,0,281,System Idle Process,0,msedgewebview2.exe,7912,SAMSUNG MZVLQ512HBLU-00B,PASSED,2,99,60,10.4,391,0
8/8/2026 21:31,yathiswar,9.6,1700,49,8190.93,62.9,0.01,176.43,0,0,281,System Idle Process,0,msedgewebview2.exe,7912,SAMSUNG MZVLQ512HBLU-00B,PASSED,2,99,60,10.4,391,0
8/8/2026 21:31,yathiswar,12.2,1700,49.1,8175.29,62.9,0.12,75.16,0,0,281,System Idle Process,0,msedgewebview2.exe,7912,SAMSUNG MZVLQ512HBLU-00B,PASSED,2,99,60,10.4,391,0
8/8/2026 21:31,yathiswar,11.6,1700,49.1,8185.07,62.9,0,145.64,0,0,281,System Idle Process,0,msedgewebview2.exe,7912,SAMSUNG MZVLQ512HBLU-00B,PASSED,2,99,60,10.4,391,0
8/8/2026 21:31,yathiswar,11.1,1700,48.9,8217.49,62.9,0,67.01,0,0,280,System Idle Process,0,msedgewebview2.exe,7912,SAMSUNG MZVLQ512HBLU-00B,PASSED,2,99,60,10.4,391,0
8/8/2026 21:31,yathiswar,11.9,1700,49,8191.49,62.9,0.29,181.89,0,0,279,System Idle Process,0,msedgewebview2.exe,7912,SAMSUNG MZVLQ512HBLU-00B,PASSED,2,99,60,10.4,391,0
8/8/2026 21:31,yathiswar,8.8,1700,48.8,8225.73,62.9,0,146.56,0,0,279,System Idle Process,0,msedgewebview2.exe,7912,SAMSUNG MZVLQ512HBLU-00B,PASSED,2,99,61,10.4,391,0
8/8/2026 21:31,yathiswar,10.8,1700,49.1,8180.17,62.9,0.68,106.9,0,0,279,System Idle Process,0,msedgewebview2.exe,7912,SAMSUNG MZVLQ512HBLU-00B,PASSED,2,99,62,10.4,391,0
8/8/2026 21:31,yathiswar,14.5,1700,49.2,8169.44,62.9,2.06,123.34,0,0,279,System Idle Process,0,msedgewebview2.exe,7912,SAMSUNG MZVLQ512HBLU-00B,PASSED,2,99,61,10.4,391,0
8/8/2026 21:31,yathiswar,11.5,1700,49.2,8166.73,62.9,0.08,103.72,0,0,279,System Idle Process,0,msedgewebview2.exe,7912,SAMSUNG MZVLQ512HBLU-00B,PASSED,2,99,60,10.4,391,0
8/8/2026 21:31,yathiswar,11,1700,48.9,8217.51,62.9,0,176.35,0,0,279,System Idle Process,0,msedgewebview2.exe,7912,SAMSUNG MZVLQ512HBLU-00B,PASSED,2,99,61,10.4,391,0
8/8/2026 21:31,yathiswar,10.9,1700,49.1,8177.29,62.9,0.04,205.37,0,0,279,System Idle Process,0,msedgewebview2.exe,7912,SAMSUNG MZVLQ512HBLU-00B,PASSED,2,99,61,10.4,391,0
8/8/2026 21:31,yathiswar,8.5,1700,49.1,8180.61,62.9,0.03,43.75,0,0,279,System Idle Process,0,msedgewebview2.exe,7912,SAMSUNG MZVLQ512HBLU-00B,PASSED,2,99,61,10.4,391,0
8/8/2026 21:31,yathiswar,10.7,1700,48.8,8219.82,62.9,0.02,146.05,0,0,279,System Idle Process,0,msedgewebview2.exe,7912,SAMSUNG MZVLQ512HBLU-00B,PASSED,2,99,61,10.4,391,0
8/8/2026 21:31,yathiswar,8.5,1700,49.1,8185.11,62.9,0.01,98.38,0,0,279,System Idle Process,0,msedgewebview2.exe,7912,SAMSUNG MZVLQ512HBLU-00B,PASSED,2,99,61,10.4,391,0
8/8/2026 21:31,yathiswar,11.4,1700,49,8190.29,62.9,0.01,161.79,0,0,279,System Idle Process,0,msedgewebview2.exe,7912,SAMSUNG MZVLQ512HBLU-00B,PASSED,2,99,62,10.4,391,0
8/8/2026 21:31,yathiswar,13.6,1700,49.1,8178.32,62.9,0.01,191.16,0,0,279,System Idle Process,0,msedgewebview2.exe,7912,SAMSUNG MZVLQ512HBLU-00B,PASSED,2,99,60,10.4,391,0
8/8/2026 21:31,yathiswar,9.8,1700,49,8188.7,62.9,0,73.27,0,0,279,System Idle Process,0,msedgewebview2.exe,7912,SAMSUNG MZVLQ512HBLU-00B,PASSED,2,99,60,10.4,391,0
8/8/2026 21:31,yathiswar,15.1,1700,49.5,8109.86,62.9,0.89,141.75,0,0,281,System Idle Process,0,msedgewebview2.exe,7912,SAMSUNG MZVLQ512HBLU-00B,PASSED,2,99,62,10.4,391,0
8/8/2026 21:32,yathiswar,10.9,1700,49.2,8162.86,62.9,0.21,179.23,0,0,281,System Idle Process,0,msedgewebview2.exe,7912,SAMSUNG MZVLQ512HBLU-00B,PASSED,2,99,61,10.4,391,0
8/8/2026 21:32,yathiswar,14.4,1700,49.4,8137.88,62.9,0.12,94.1,0,0,281,System Idle Process,0,msedgewebview2.exe,7912,SAMSUNG MZVLQ512HBLU-00B,PASSED,2,99,60,10.4,391,0
8/8/2026 21:32,yathiswar,14.5,1700,49.6,8102.54,62.9,0.02,202.54,0,0,281,System Idle Process,0,msedgewebview2.exe,7912,SAMSUNG MZVLQ512HBLU-00B,PASSED,2,99,62,10.4,391,0
8/8/2026 21:32,yathiswar,10.4,1700,49.2,8155.53,62.9,0.02,95.94,0,0,281,System Idle Process,0,msedgewebview2.exe,7912,SAMSUNG MZVLQ512HBLU-00B,PASSED,2,99,61,10.4,391,0
8/8/2026 21:32,yathiswar,12.4,1700,49.6,8103.52,62.9,0.19,92.32,0,0,281,System Idle Process,0,msedgewebview2.exe,7912,SAMSUNG MZVLQ512HBLU-00B,PASSED,2,99,62,10.4,391,0
8/8/2026 21:32,yathiswar,10.6,1700,49.6,8105.74,62.9,0.02,215.75,0,0,281,System Idle Process,0,msedgewebview2.exe,7912,SAMSUNG MZVLQ512HBLU-00B,PASSED,2,99,62,10.4,391,0
8/8/2026 21:32,yathiswar,10,1457,49.5,8108,62.9,0.01,117.39,0,0,281,System Idle Process,0,msedgewebview2.exe,7912,SAMSUNG MZVLQ512HBLU-00B,PASSED,2,99,62,10.4,391,0
8/8/2026 21:32,yathiswar,10.9,1700,49.6,8098.96,62.9,0,146.44,0,0,281,System Idle Process,0,msedgewebview2.exe,7912,SAMSUNG MZVLQ512HBLU-00B,PASSED,2,99,62,10.4,391,0
8/8/2026 21:32,yathiswar,10.1,1700,49.6,8100.05,62.9,0,125.28,0,0,281,System Idle Process,0,msedgewebview2.exe,7912,SAMSUNG MZVLQ512HBLU-00B,PASSED,2,99,62,10.4,391,0
8/8/2026 21:32,yathiswar,11.2,1457,49.6,8093.33,62.9,0.09,65.87,0,0,281,System Idle Process,0,msedgewebview2.exe,7912,SAMSUNG MZVLQ512HBLU-00B,PASSED,2,99,62,10.4,391,0
8/8/2026 21:32,yathiswar,13.8,1700,49.7,8074.22,62.9,8.73,199.58,0,0,281,System Idle Process,0,msedgewebview2.exe,7912,SAMSUNG MZVLQ512HBLU-00B,PASSED,2,99,62,10.4,391,0
8/8/2026 21:32,yathiswar,8.8,1457,49.7,8087.98,62.9,0,61.77,0,0,281,System Idle Process,0,msedgewebview2.exe,7912,SAMSUNG MZVLQ512HBLU-00B,PASSED,2,99,61,10.4,391,0
8/8/2026 21:32,yathiswar,13.5,1700,49.3,8138.33,62.9,0.03,185.35,0,0,280,System Idle Process,0,msedgewebview2.exe,7912,SAMSUNG MZVLQ512HBLU-00B,PASSED,2,99,62,10.4,391,0
8/8/2026 21:32,yathiswar,8.7,1457,49.2,8155.46,62.9,0,85.12,0,0,280,System Idle Process,0,msedgewebview2.exe,7912,SAMSUNG MZVLQ512HBLU-00B,PASSED,2,99,61,10.4,391,0
8/8/2026 21:32,yathiswar,10.2,1700,49.4,8131.73,62.9,0.01,116.32,0,0,280,System Idle Process,0,msedgewebview2.exe,7912,SAMSUNG MZVLQ512HBLU-00B,PASSED,2,99,62,10.4,391,0
8/8/2026 21:32,yathiswar,12.7,1457,49.4,8129.57,62.9,0.02,196.42,0,0,280,System Idle Process,0,msedgewebview2.exe,7912,SAMSUNG MZVLQ512HBLU-00B,PASSED,2,99,62,10.4,391,0
8/8/2026 21:32,yathiswar,9.4,1700,49.3,8147.3,62.9,0.01,88.7,0,0,280,System Idle Process,0,msedgewebview2.exe,7912,SAMSUNG MZVLQ512HBLU-00B,PASSED,2,99,62,10.4,391,0
8/8/2026 21:32,yathiswar,16,1700,49.5,8108.24,62.9,0.44,110.81,0,0,281,System Idle Process,0,msedgewebview2.exe,7912,SAMSUNG MZVLQ512HBLU-00B,PASSED,2,99,62,10.4,391,0
8/8/2026 21:32,yathiswar,8.8,1700,49.6,8092.31,62.9,0,80.23,0,0,281,System Idle Process,0,msedgewebview2.exe,7912,SAMSUNG MZVLQ512HBLU-00B,PASSED,2,99,62,10.4,391,0
8/8/2026 21:32,yathiswar,16,1700,49.7,8082.4,62.9,0.36,132.05,0,0,281,System Idle Process,0,msedgewebview2.exe,7912,SAMSUNG MZVLQ512HBLU-00B,PASSED,2,99,62,10.4,391,0
8/8/2026 21:32,yathiswar,9.3,1700,49.6,8094.04,62.9,0.24,59.44,0,0,281,System Idle Process,0,msedgewebview2.exe,7912,SAMSUNG MZVLQ512HBLU-00B,PASSED,2,99,62,10.4,391,0
8/8/2026 21:32,yathiswar,12,1700,49.6,8094.55,62.9,0.01,199.31,0,0,281,System Idle Process,0,msedgewebview2.exe,7912,SAMSUNG MZVLQ512HBLU-00B,PASSED,2,99,62,10.4,391,0
8/8/2026 21:32,yathiswar,11.8,1457,49.6,8098.62,62.9,0,78.89,0,0,281,System Idle Process,0,msedgewebview2.exe,7912,SAMSUNG MZVLQ512HBLU-00B,PASSED,2,99,61,10.4,391,0
8/8/2026 21:32,yathiswar,13.6,1700,49.6,8097.88,62.9,0.03,161.52,0,0,281,System Idle Process,0,msedgewebview2.exe,7912,SAMSUNG MZVLQ512HBLU-00B,PASSED,2,99,62,10.4,391,0
8/8/2026 21:32,yathiswar,10.7,1700,49.4,8126.16,62.9,0.16,126.04,0,0,281,System Idle Process,0,msedgewebview2.exe,7912,SAMSUNG MZVLQ512HBLU-00B,PASSED,2,99,62,10.4,391,0
8/8/2026 21:33,yathiswar,9.6,1700,49.6,8097.7,62.9,0,76.21,0,0,281,System Idle Process,0,msedgewebview2.exe,7912,SAMSUNG MZVLQ512HBLU-00B,PASSED,2,99,62,10.4,391,0
8/8/2026 21:33,yathiswar,13,1700,49.5,8109.54,62.9,0.01,208.61,0,0,281,System Idle Process,0,msedgewebview2.exe,7912,SAMSUNG MZVLQ512HBLU-00B,PASSED,2,99,62,10.4,391,0
8/8/2026 21:33,yathiswar,14.9,1700,49.7,8085.71,62.9,0.47,167.59,0,0,282,System Idle Process,0,msedgewebview2.exe,7912,SAMSUNG MZVLQ512HBLU-00B,PASSED,2,99,62,10.4,391,0
8/8/2026 21:33,yathiswar,13.9,1700,49.6,8095.32,62.9,0.27,86.76,0,0,281,System Idle Process,0,msedgewebview2.exe,7912,SAMSUNG MZVLQ512HBLU-00B,PASSED,2,99,62,10.4,391,0
8/8/2026 21:33,yathiswar,11.8,1457,49.6,8091.07,62.9,0.03,127.02,0,0,281,System Idle Process,0,msedgewebview2.exe,7912,SAMSUNG MZVLQ512HBLU-00B,PASSED,2,99,63,10.4,391,0
8/8/2026 21:33,yathiswar,13.6,1700,49.8,8059.29,62.9,0,73.13,0,0,281,System Idle Process,0,msedgewebview2.exe,7912,SAMSUNG MZVLQ512HBLU-00B,PASSED,2,99,62,10.4,391,0
8/8/2026 21:33,yathiswar,15.3,1700,48.8,8221.89,62.9,0.01,187.01,0,0,281,System Idle Process,0,msedgewebview2.exe,7912,SAMSUNG MZVLQ512HBLU-00B,PASSED,2,99,62,10.4,391,0
8/8/2026 21:33,yathiswar,9.6,1700,48.7,8243.06,62.9,0.01,129.42,0,0,281,System Idle Process,0,msedgewebview2.exe,7912,SAMSUNG MZVLQ512HBLU-00B,PASSED,2,99,62,10.4,391,0
8/8/2026 21:33,yathiswar,14,1700,48.8,8234.12,62.9,0.03,126.17,0,0,281,System Idle Process,0,msedgewebview2.exe,7912,SAMSUNG MZVLQ512HBLU-00B,PASSED,2,99,63,10.4,391,0
8/8/2026 21:33,yathiswar,11.3,1700,48.8,8231.03,62.9,0.07,131.33,0,0,281,System Idle Process,0,msedgewebview2.exe,7912,SAMSUNG MZVLQ512HBLU-00B,PASSED,2,99,63,10.4,391,0
8/8/2026 21:33,yathiswar,11.6,1700,48.9,8210.73,62.9,0.03,59.11,0,0,281,System Idle Process,0,msedgewebview2.exe,7912,SAMSUNG MZVLQ512HBLU-00B,PASSED,2,99,62,10.4,391,0
8/8/2026 21:33,yathiswar,12.4,1457,48.8,8222.38,62.9,0,196.87,0,0,281,System Idle Process,0,msedgewebview2.exe,7912,SAMSUNG MZVLQ512HBLU-00B,PASSED,2,99,62,10.4,391,0
8/8/2026 21:33,yathiswar,8.7,1700,48.9,8214.45,62.9,0,80.42,0,0,281,System Idle Process,0,msedgewebview2.exe,7912,SAMSUNG MZVLQ512HBLU-00B,PASSED,2,99,62,10.4,391,0
8/8/2026 21:33,yathiswar,11.7,1457,48.9,8207.89,62.9,0.02,168.75,0,0,281,System Idle Process,0,msedgewebview2.exe,7912,SAMSUNG MZVLQ512HBLU-00B,PASSED,2,99,62,10.4,391,0
8/8/2026 21:33,yathiswar,11.4,1700,48.5,8271.34,62.9,0,56.61,0,0,281,System Idle Process,0,msedgewebview2.exe,7912,SAMSUNG MZVLQ512HBLU-00B,PASSED,2,99,62,10.4,391,0
8/8/2026 21:33,yathiswar,13.1,1700,48.9,8209.02,62.9,0.01,137.25,0,0,281,System Idle Process,0,msedgewebview2.exe,7912,SAMSUNG MZVLQ512HBLU-00B,PASSED,2,99,63,10.4,391,0
8/8/2026 21:33,yathiswar,10.2,1700,48.8,8227.14,62.9,0.01,100.49,0,0,281,System Idle Process,0,msedgewebview2.exe,7912,SAMSUNG MZVLQ512HBLU-00B,PASSED,2,99,62,10.4,391,0
8/8/2026 21:33,yathiswar,12.7,1700,48.8,8224.88,62.9,0.01,147.93,0,0,281,System Idle Process,0,msedgewebview2.exe,7912,SAMSUNG MZVLQ512HBLU-00B,PASSED,2,99,62,10.4,391,0
8/8/2026 21:33,yathiswar,12.7,1457,48.9,8217.6,62.9,0.01,200.22,0,0,281,System Idle Process,0,msedgewebview2.exe,7912,SAMSUNG MZVLQ512HBLU-00B,PASSED,2,99,63,10.4,391,0
8/8/2026 21:33,yathiswar,8.5,1700,48.5,8280.19,62.9,0.01,55.07,0,0,281,System Idle Process,0,msedgewebview2.exe,7912,SAMSUNG MZVLQ512HBLU-00B,PASSED,2,99,63,10.4,391,0
8/8/2026 21:33,yathiswar,11.4,1700,48.8,8229.23,62.9,0.05,137.5,0,0,281,System Idle Process,0,msedgewebview2.exe,7912,SAMSUNG MZVLQ512HBLU-00B,PASSED,2,99,63,10.4,391,0
8/8/2026 21:33,yathiswar,12.7,1700,48.9,8217.88,62.9,0.02,167.96,0,0,281,System Idle Process,0,msedgewebview2.exe,7912,SAMSUNG MZVLQ512HBLU-00B,PASSED,2,99,62,10.4,391,0
8/8/2026 21:33,yathiswar,9.6,1700,48.9,8215.03,62.9,0.06,71.57,0,0,281,System Idle Process,0,msedgewebview2.exe,7912,SAMSUNG MZVLQ512HBLU-00B,PASSED,2,99,62,10.4,391,0
8/8/2026 21:33,yathiswar,14.4,1457,48.8,8229.09,62.9,0.04,192.64,0,0,280,System Idle Process,0,msedgewebview2.exe,7912,SAMSUNG MZVLQ512HBLU-00B,PASSED,2,99,63,10.4,391,0
8/8/2026 21:33,yathiswar,11,1700,48.7,8235.67,62.9,0.11,57.62,0,0,280,System Idle Process,0,msedgewebview2.exe,7912,SAMSUNG MZVLQ512HBLU-00B,PASSED,2,99,63,10.4,391,0
8/8/2026 21:33,yathiswar,12.4,1457,48.8,8226.26,62.9,0.51,138.56,0,0,279,System Idle Process,0,msedgewebview2.exe,7912,SAMSUNG MZVLQ512HBLU-00B,PASSED,2,99,62,10.4,391,0
8/8/2026 21:34,yathiswar,10.8,1700,48.6,8261.87,62.9,0.02,194.79,0,0,279,System Idle Process,0,msedgewebview2.exe,7912,SAMSUNG MZVLQ512HBLU-00B,PASSED,2,99,62,10.4,391,0
8/8/2026 21:34,yathiswar,10.4,1700,48.7,8235.21,62.9,0.05,78.11,0,0,279,System Idle Process,0,msedgewebview2.exe,7912,SAMSUNG MZVLQ512HBLU-00B,PASSED,2,99,63,10.4,391,0
8/8/2026 21:34,yathiswar,12.2,1700,48.7,8236.38,62.9,0.01,87.35,0,0,279,System Idle Process,0,msedgewebview2.exe,7912,SAMSUNG MZVLQ512HBLU-00B,PASSED,2,99,62,10.4,391,0
8/8/2026 21:34,yathiswar,11.9,1700,48.8,8230.36,62.9,0.02,126.12,0,0,280,System Idle Process,0,msedgewebview2.exe,7912,SAMSUNG MZVLQ512HBLU-00B,PASSED,2,99,63,10.4,391,0
8/8/2026 21:34,yathiswar,11.2,1700,48.8,8228.36,62.9,4.86,139.38,0,0.01,280,System Idle Process,0,msedgewebview2.exe,7912,SAMSUNG MZVLQ512HBLU-00B,PASSED,2,99,63,10.4,391,0
8/8/2026 21:34,yathiswar,10.3,1700,48.9,8216.57,62.9,2.4,56.96,0,0,282,System Idle Process,0,msedgewebview2.exe,7912,SAMSUNG MZVLQ512HBLU-00B,PASSED,2,99,64,10.4,391,0
8/8/2026 21:34,yathiswar,22.7,1700,49,8201.64,62.9,35.58,288.62,0,0,282,System Idle Process,0,msedgewebview2.exe,7912,SAMSUNG MZVLQ512HBLU-00B,PASSED,2,99,63,10.4,391,0
8/8/2026 21:34,yathiswar,15.7,1700,48.7,8237.39,62.9,6.78,142.85,0,0,281,System Idle Process,0,msedgewebview2.exe,7912,SAMSUNG MZVLQ512HBLU-00B,PASSED,2,99,64,10.4,391,0
8/8/2026 21:34,yathiswar,8.3,1700,48.6,8260.89,62.9,0.76,53.16,0,0,281,System Idle Process,0,msedgewebview2.exe,7912,SAMSUNG MZVLQ512HBLU-00B,PASSED,2,99,64,10.4,391,0
8/8/2026 21:34,yathiswar,13.8,1700,48.6,8256.2,62.9,1.69,120.75,0,0,281,System Idle Process,0,msedgewebview2.exe,7912,SAMSUNG MZVLQ512HBLU-00B,PASSED,2,99,65,10.4,391,0
8/8/2026 21:34,yathiswar,13.2,1700,48.4,8295.72,62.9,13.43,176.27,0,0,281,System Idle Process,0,msedgewebview2.exe,7912,SAMSUNG MZVLQ512HBLU-00B,PASSED,2,99,65,10.4,391,0
8/8/2026 21:34,yathiswar,15.1,1457,48.7,8250.4,62.9,18.1,192.93,0,0,281,System Idle Process,0,msedgewebview2.exe,7912,SAMSUNG MZVLQ512HBLU-00B,PASSED,2,99,65,10.4,391,0
8/8/2026 21:34,yathiswar,12.2,1700,48.7,8239.28,62.9,11.48,100.05,0,0,281,System Idle Process,0,msedgewebview2.exe,7912,SAMSUNG MZVLQ512HBLU-00B,PASSED,2,99,65,10.4,391,0
8/8/2026 21:34,yathiswar,10.4,1700,49,8197.87,62.9,36.89,100.31,0,0,281,System Idle Process,0,msedgewebview2.exe,7912,SAMSUNG MZVLQ512HBLU-00B,PASSED,2,99,65,10.4,391,0
8/8/2026 21:34,yathiswar,14.9,1700,50.1,8010.67,62.9,58.25,90.8,0,0,281,System Idle Process,0,msedgewebview2.exe,7912,SAMSUNG MZVLQ512HBLU-00B,PASSED,2,99,65,10.4,391,0
8/8/2026 21:34,yathiswar,16.4,1700,48.7,8242.82,62.9,83.68,287.18,0,0,281,System Idle Process,0,msedgewebview2.exe,7912,SAMSUNG MZVLQ512HBLU-00B,PASSED,2,99,65,10.4,391,0
8/8/2026 21:34,yathiswar,11.3,1700,48.7,8245.64,62.9,0.93,59.7,0,0,281,System Idle Process,0,msedgewebview2.exe,7912,SAMSUNG MZVLQ512HBLU-00B,PASSED,2,99,65,10.4,391,0
8/8/2026 21:34,yathiswar,12.2,1700,48.7,8239.93,62.9,0.87,109.82,0,0,281,System Idle Process,0,msedgewebview2.exe,7912,SAMSUNG MZVLQ512HBLU-00B,PASSED,2,99,65,10.4,391,0
8/8/2026 21:34,yathiswar,15.8,1700,48.7,8244.24,62.9,11.17,132.43,0,0,281,System Idle Process,0,msedgewebview2.exe,7912,SAMSUNG MZVLQ512HBLU-00B,PASSED,2,99,65,10.4,391,0
8/8/2026 21:34,yathiswar,12.1,1700,48.7,8244.47,62.9,0.48,64.29,0,0,281,System Idle Process,0,msedgewebview2.exe,7912,SAMSUNG MZVLQ512HBLU-00B,PASSED,2,99,65,10.4,391,0
8/8/2026 21:34,yathiswar,19.1,1700,48.7,8237.23,62.9,0.97,278.25,0,0,281,System Idle Process,0,msedgewebview2.exe,7912,SAMSUNG MZVLQ512HBLU-00B,PASSED,2,99,65,10.4,391,0
8/8/2026 21:34,yathiswar,12.9,1457,48.8,8230.4,62.9,0.42,57.04,0,0,281,System Idle Process,0,msedgewebview2.exe,7912,SAMSUNG MZVLQ512HBLU-00B,PASSED,2,99,64,10.4,391,0
8/8/2026 21:34,yathiswar,16.4,1700,48.8,8230.19,62.9,0.4,90.19,0,0,281,System Idle Process,0,msedgewebview2.exe,7912,SAMSUNG MZVLQ512HBLU-00B,PASSED,2,99,65,10.4,391,0
8/8/2026 21:34,yathiswar,14.3,1700,48.8,8226.41,62.9,0.66,148.33,0,0,281,System Idle Process,0,msedgewebview2.exe,7912,SAMSUNG MZVLQ512HBLU-00B,PASSED,2,99,65,10.4,391,0
8/8/2026 21:34,yathiswar,11.6,1457,48.9,8217.01,62.9,0.16,82.25,0,0,281,System Idle Process,0,msedgewebview2.exe,7912,SAMSUNG MZVLQ512HBLU-00B,PASSED,2,99,65,10.4,391,0
8/8/2026 21:35,yathiswar,16.5,1700,48.8,8226.26,62.9,0.4,262.09,0,0,281,System Idle Process,0,msedgewebview2.exe,7912,SAMSUNG MZVLQ512HBLU-00B,PASSED,2,99,64,10.4,391,0
8/8/2026 21:35,yathiswar,13.7,1700,48.8,8223.08,62.9,0.4,110.91,0,0,281,System Idle Process,0,msedgewebview2.exe,7912,SAMSUNG MZVLQ512HBLU-00B,PASSED,2,99,65,10.4,391,0
8/8/2026 21:35,yathiswar,12.1,1700,48.8,8234.48,62.9,0.28,50.99,0,0,281,System Idle Process,0,msedgewebview2.exe,7912,SAMSUNG MZVLQ512HBLU-00B,PASSED,2,99,65,10.4,391,0
8/8/2026 21:35,yathiswar,13.8,1700,48.8,8234.25,62.9,1,139.21,0,0,281,System Idle Process,0,msedgewebview2.exe,7912,SAMSUNG MZVLQ512HBLU-00B,PASSED,2,99,65,10.4,391,0
8/8/2026 21:35,yathiswar,9.2,1457,48.5,8277.57,62.9,0.41,65.9,0,0,281,System Idle Process,0,msedgewebview2.exe,7912,SAMSUNG MZVLQ512HBLU-00B,PASSED,2,99,64,10.4,391,0
8/8/2026 21:35,yathiswar,18.5,1700,48.8,8222.45,62.9,0.68,280.29,0,0,281,System Idle Process,0,msedgewebview2.exe,7912,SAMSUNG MZVLQ512HBLU-00B,PASSED,2,99,65,10.4,391,0
8/8/2026 21:35,yathiswar,10,1700,48.8,8227.78,62.9,1.42,59.29,0,0,281,System Idle Process,0,msedgewebview2.exe,7912,SAMSUNG MZVLQ512HBLU-00B,PASSED,2,99,65,10.4,391,0
8/8/2026 21:35,yathiswar,15.4,1457,48.6,8265.6,62.9,1.51,91.46,0,0,282,System Idle Process,0,msedgewebview2.exe,7912,SAMSUNG MZVLQ512HBLU-00B,PASSED,2,99,65,10.4,391,0
8/8/2026 21:35,yathiswar,19,1700,49,8195.8,62.9,4.08,132.43,0,0,281,System Idle Process,0,msedgewebview2.exe,7912,SAMSUNG MZVLQ512HBLU-00B,PASSED,2,99,65,10.4,391,0
8/8/2026 21:35,yathiswar,18,1700,49.1,8178.67,62.9,4.66,89.36,0,0,282,System Idle Process,0,msedgewebview2.exe,7912,SAMSUNG MZVLQ512HBLU-00B,PASSED,2,99,65,10.4,391,0
8/8/2026 21:35,yathiswar,24.4,1700,49.2,8156.02,62.9,11.03,242.3,0,0,282,System Idle Process,0,msedgewebview2.exe,7912,SAMSUNG MZVLQ512HBLU-00B,PASSED,2,99,65,10.4,391,0
8/8/2026 21:35,yathiswar,11.8,1700,49.2,8156.23,62.9,1.08,71.9,0,0,281,System Idle Process,0,msedgewebview2.exe,7912,SAMSUNG MZVLQ512HBLU-00B,PASSED,2,99,65,10.4,391,0
8/8/2026 21:35,yathiswar,11.5,1700,49.3,8144.89,62.9,0.31,89.57,0.01,0,282,System Idle Process,0,msedgewebview2.exe,7912,SAMSUNG MZVLQ512HBLU-00B,PASSED,2,99,65,10.4,391,0
8/8/2026 21:35,yathiswar,16.7,1457,49.3,8151.45,62.9,0.46,118.56,0,0,282,System Idle Process,0,msedgewebview2.exe,7912,SAMSUNG MZVLQ512HBLU-00B,PASSED,2,99,65,10.4,391,0
8/8/2026 21:35,yathiswar,18,1700,49.5,8117.21,62.9,1.5,79.54,0,0,285,System Idle Process,0,msedgewebview2.exe,7912,SAMSUNG MZVLQ512HBLU-00B,PASSED,2,99,65,10.4,391,0
8/8/2026 21:35,yathiswar,22.2,1700,49.6,8098.43,62.9,2.33,245.22,0.01,0.02,288,System Idle Process,0,msedgewebview2.exe,7912,SAMSUNG MZVLQ512HBLU-00B,PASSED,2,99,65,10.4,391,0
8/8/2026 21:35,yathiswar,19.4,1457,50.3,7986.44,62.9,38.15,124.91,0.01,0.33,290,System Idle Process,0,msedgewebview2.exe,7912,SAMSUNG MZVLQ512HBLU-00B,PASSED,2,99,65,10.4,391,0
8/8/2026 21:35,yathiswar,16,1700,50.3,7989.54,62.9,11.76,74.24,0,0,287,System Idle Process,0,msedgewebview2.exe,7912,SAMSUNG MZVLQ512HBLU-00B,PASSED,2,99,65,10.4,391,0
8/8/2026 21:35,yathiswar,22.9,1700,50.2,8000.54,62.9,4.41,114.98,0,0,287,System Idle Process,0,msedgewebview2.exe,7912,SAMSUNG MZVLQ512HBLU-00B,PASSED,2,99,65,10.4,391,0
8/8/2026 21:35,yathiswar,17.3,1700,50.3,7982.57,62.9,4.03,71.7,0,0,287,System Idle Process,0,msedgewebview2.exe,7912,SAMSUNG MZVLQ512HBLU-00B,PASSED,2,99,64,10.4,391,0
8/8/2026 21:35,yathiswar,20,1700,50.4,7972.07,62.9,1.83,311.65,0,0,288,System Idle Process,0,msedgewebview2.exe,7912,SAMSUNG MZVLQ512HBLU-00B,PASSED,2,99,65,10.4,391,0
8/8/2026 21:35,yathiswar,17.2,1700,50.1,8018.68,62.9,0,57.3,0,0,288,System Idle Process,0,msedgewebview2.exe,7912,SAMSUNG MZVLQ512HBLU-00B,PASSED,2,99,64,10.4,391,0
8/8/2026 21:35,yathiswar,12.1,1700,50,8036.11,62.9,0.05,132.26,0,0,287,System Idle Process,0,msedgewebview2.exe,7912,SAMSUNG MZVLQ512HBLU-00B,PASSED,2,99,65,10.4,391,0
8/8/2026 21:35,yathiswar,10.3,1457,50,8031.18,62.9,0.02,59.46,0,0,287,System Idle Process,0,msedgewebview2.exe,7912,SAMSUNG MZVLQ512HBLU-00B,PASSED,2,99,65,10.4,391,0
8/8/2026 21:36,yathiswar,12.3,1700,50,8030.45,62.9,0,221.57,0,0,287,System Idle Process,0,msedgewebview2.exe,7912,SAMSUNG MZVLQ512HBLU-00B,PASSED,2,99,63,10.4,391,0
8/8/2026 21:36,yathiswar,12.6,1457,50,8029.66,62.9,0.01,183.14,0,0,287,System Idle Process,0,msedgewebview2.exe,7912,SAMSUNG MZVLQ512HBLU-00B,PASSED,2,99,65,10.4,391,0
8/8/2026 21:36,yathiswar,13.9,1700,50,8035.63,62.9,0.01,97.59,0,0,287,System Idle Process,0,msedgewebview2.exe,7912,SAMSUNG MZVLQ512HBLU-00B,PASSED,2,99,65,10.4,391,0
8/8/2026 21:36,yathiswar,9.6,1457,50,8035.01,62.9,0.04,98.2,0,0,287,System Idle Process,0,msedgewebview2.exe,7912,SAMSUNG MZVLQ512HBLU-00B,PASSED,2,99,65,10.4,391,0
8/8/2026 21:36,yathiswar,12.7,1700,49.7,8087.32,62.9,0.03,150.92,0,0,287,System Idle Process,0,msedgewebview2.exe,7912,SAMSUNG MZVLQ512HBLU-00B,PASSED,2,99,65,10.4,391,0
8/8/2026 21:36,yathiswar,13.1,1457,49.6,8097.16,62.9,0.01,248.99,0,0,287,System Idle Process,0,msedgewebview2.exe,7912,SAMSUNG MZVLQ512HBLU-00B,PASSED,2,99,64,10.4,391,0
8/8/2026 21:36,yathiswar,9.4,1700,50,8040.25,62.9,0.03,58.18,0,0,286,System Idle Process,0,msedgewebview2.exe,7912,SAMSUNG MZVLQ512HBLU-00B,PASSED,2,99,65,10.4,391,0
8/8/2026 21:36,yathiswar,12.5,1700,50,8032.5,62.9,0.06,123.68,0,0,286,System Idle Process,0,msedgewebview2.exe,7912,SAMSUNG MZVLQ512HBLU-00B,PASSED,2,99,65,10.4,391,0
8/8/2026 21:36,yathiswar,10.6,1700,49.9,8044.03,62.9,1.25,52.28,0,0,286,System Idle Process,0,msedgewebview2.exe,7912,SAMSUNG MZVLQ512HBLU-00B,PASSED,2,99,64,10.4,391,0
8/8/2026 21:36,yathiswar,14.3,1457,49.6,8095.73,62.9,0.02,275.04,0,0,285,System Idle Process,0,msedgewebview2.exe,7912,SAMSUNG MZVLQ512HBLU-00B,PASSED,2,99,64,10.4,391,0
8/8/2026 21:36,yathiswar,11.7,1457,49.8,8067.48,62.9,0.1,160.03,0,0,285,System Idle Process,0,msedgewebview2.exe,7912,SAMSUNG MZVLQ512HBLU-00B,PASSED,2,99,65,10.4,391,0
8/8/2026 21:36,yathiswar,9.8,1700,50,8039.91,62.9,0.02,127.18,0,0,285,System Idle Process,0,msedgewebview2.exe,7912,SAMSUNG MZVLQ512HBLU-00B,PASSED,2,99,65,10.4,391,0
8/8/2026 21:36,yathiswar,9.8,1700,49.8,8058.74,62.9,0.01,51.22,0,0,285,System Idle Process,0,msedgewebview2.exe,7912,SAMSUNG MZVLQ512HBLU-00B,PASSED,2,99,65,10.4,391,0
8/8/2026 21:36,yathiswar,13.4,1700,49.8,8058.87,62.9,0.01,251.33,0,0,285,System Idle Process,0,msedgewebview2.exe,7912,SAMSUNG MZVLQ512HBLU-00B,PASSED,2,99,64,10.4,391,0
8/8/2026 21:36,yathiswar,13.6,1700,49.5,8114.59,62.9,0.01,188.43,0,0,285,System Idle Process,0,msedgewebview2.exe,7912,SAMSUNG MZVLQ512HBLU-00B,PASSED,2,99,65,10.4,391,0
8/8/2026 21:36,yathiswar,10.5,1700,49.9,8049.78,62.9,0.03,79.47,0,0,285,System Idle Process,0,msedgewebview2.exe,7912,SAMSUNG MZVLQ512HBLU-00B,PASSED,2,99,64,10.4,391,0
8/8/2026 21:36,yathiswar,10.4,1700,49.9,8049.37,62.9,0.05,73.24,0,0,285,System Idle Process,0,msedgewebview2.exe,7912,SAMSUNG MZVLQ512HBLU-00B,PASSED,2,99,65,10.4,391,0
8/8/2026 21:36,yathiswar,9.3,1700,49.8,8061.87,62.9,0,59.91,0,0,285,System Idle Process,0,msedgewebview2.exe,7912,SAMSUNG MZVLQ512HBLU-00B,PASSED,2,99,64,10.4,391,0
8/8/2026 21:36,yathiswar,14.1,1457,49.9,8055,62.9,0.06,303.74,0,0,285,System Idle Process,0,msedgewebview2.exe,7912,SAMSUNG MZVLQ512HBLU-00B,PASSED,2,99,65,10.4,391,0
8/8/2026 21:36,yathiswar,10.4,1700,49.8,8069.12,62.9,0.04,95.37,0,0,285,System Idle Process,0,msedgewebview2.exe,7912,SAMSUNG MZVLQ512HBLU-00B,PASSED,2,99,65,10.4,391,0
8/8/2026 21:36,yathiswar,10.8,1700,49.9,8052.52,62.9,0.02,120.81,0,0,285,System Idle Process,0,msedgewebview2.exe,7912,SAMSUNG MZVLQ512HBLU-00B,PASSED,2,99,65,10.4,391,0
8/8/2026 21:36,yathiswar,9.8,1700,49.8,8066.45,62.9,0.03,44.35,0,0,285,System Idle Process,0,msedgewebview2.exe,7912,SAMSUNG MZVLQ512HBLU-00B,PASSED,2,99,65,10.4,391,0
8/8/2026 21:36,yathiswar,12.3,1700,49.5,8111.37,62.9,0.01,279.49,0,0,285,System Idle Process,0,msedgewebview2.exe,7912,SAMSUNG MZVLQ512HBLU-00B,PASSED,2,99,64,10.4,391,0
8/8/2026 21:36,yathiswar,12.9,1700,49.8,8070.71,62.9,0.03,163.59,0,0,285,System Idle Process,0,msedgewebview2.exe,7912,SAMSUNG MZVLQ512HBLU-00B,PASSED,2,99,65,10.4,391,0
8/8/2026 21:37,yathiswar,10.7,1700,49.9,8055.93,62.9,0.01,125.19,0,0,285,System Idle Process,0,msedgewebview2.exe,7912,SAMSUNG MZVLQ512HBLU-00B,PASSED,2,99,65,10.4,391,0
8/8/2026 21:37,yathiswar,10.9,1700,49.9,8057.4,62.9,0.04,51.42,0,0,285,System Idle Process,0,msedgewebview2.exe,7912,SAMSUNG MZVLQ512HBLU-00B,PASSED,2,99,65,10.4,391,0
8/8/2026 21:37,yathiswar,10.9,1700,49.7,8081.21,62.9,0.01,57.39,0,0,285,System Idle Process,0,msedgewebview2.exe,7912,SAMSUNG MZVLQ512HBLU-00B,PASSED,2,99,65,10.4,391,0
8/8/2026 21:37,yathiswar,13.7,1457,49.8,8066.04,62.9,0.08,247.26,0,0,284,System Idle Process,0,msedgewebview2.exe,7912,SAMSUNG MZVLQ512HBLU-00B,PASSED,2,99,65,10.4,391,0
8/8/2026 21:37,yathiswar,11.5,1700,49.8,8067.9,62.9,0.01,154.63,0,0,284,System Idle Process,0,msedgewebview2.exe,7912,SAMSUNG MZVLQ512HBLU-00B,PASSED,2,99,65,10.4,391,0
8/8/2026 21:37,yathiswar,9.8,1700,49.8,8066.94,62.9,0.01,118.58,0,0,284,System Idle Process,0,msedgewebview2.exe,7912,SAMSUNG MZVLQ512HBLU-00B,PASSED,2,99,65,10.4,391,0
8/8/2026 21:37,yathiswar,10.6,1700,49.8,8059.93,62.9,0,65.82,0,0,284,System Idle Process,0,msedgewebview2.exe,7912,SAMSUNG MZVLQ512HBLU-00B,PASSED,2,99,65,10.4,391,0
8/8/2026 21:37,yathiswar,10.7,1700,49.8,8071.2,62.9,0.01,102.81,0,0,284,System Idle Process,0,msedgewebview2.exe,7912,SAMSUNG MZVLQ512HBLU-00B,PASSED,2,99,63,10.4,391,0
8/8/2026 21:37,yathiswar,14,1700,49.5,8110.55,62.9,0.03,233.19,0,0,284,System Idle Process,0,msedgewebview2.exe,7912,SAMSUNG MZVLQ512HBLU-00B,PASSED,2,99,64,10.4,391,0
8/8/2026 21:37,yathiswar,10.4,1700,49.7,8078.48,62.9,0,91.95,0,0,283,System Idle Process,0,msedgewebview2.exe,7912,SAMSUNG MZVLQ512HBLU-00B,PASSED,2,99,64,10.4,391,0
8/8/2026 21:37,yathiswar,11.5,1700,49.8,8073.66,62.9,0.01,114.23,0,0,283,System Idle Process,0,msedgewebview2.exe,7912,SAMSUNG MZVLQ512HBLU-00B,PASSED,2,99,65,10.4,391,0
8/8/2026 21:37,yathiswar,10.2,1700,49.7,8073.92,62.9,0,113.87,0,0,283,System Idle Process,0,msedgewebview2.exe,7912,SAMSUNG MZVLQ512HBLU-00B,PASSED,2,99,65,10.4,391,0
8/8/2026 21:37,yathiswar,11.2,1700,49.7,8073.89,62.9,0,216.15,0,0,283,System Idle Process,0,msedgewebview2.exe,7912,SAMSUNG MZVLQ512HBLU-00B,PASSED,2,99,64,10.4,391,0
8/8/2026 21:37,yathiswar,14.9,1700,49.8,8064.78,62.9,0.02,144.95,0,0,283,System Idle Process,0,msedgewebview2.exe,7912,SAMSUNG MZVLQ512HBLU-00B,PASSED,2,99,65,10.4,391,0
8/8/2026 21:37,yathiswar,11.9,1700,49.6,8093.98,62.9,0.05,103.65,0,0,283,System Idle Process,0,msedgewebview2.exe,7912,SAMSUNG MZVLQ512HBLU-00B,PASSED,2,99,65,10.4,391,0
8/8/2026 21:37,yathiswar,9.8,1700,49.8,8068.25,62.9,0.01,64.77,0,0,283,System Idle Process,0,msedgewebview2.exe,7912,SAMSUNG MZVLQ512HBLU-00B,PASSED,2,99,64,10.4,391,0
8/8/2026 21:37,yathiswar,10.5,1700,49.7,8084.62,62.9,0,118.34,0,0,282,System Idle Process,0,msedgewebview2.exe,7912,SAMSUNG MZVLQ512HBLU-00B,PASSED,2,99,65,10.4,391,0
8/8/2026 21:37,yathiswar,11.3,1700,49.8,8069.38,62.9,0.15,217.9,0,0,282,System Idle Process,0,msedgewebview2.exe,7912,SAMSUNG MZVLQ512HBLU-00B,PASSED,2,99,64,10.4,391,0
8/8/2026 21:37,yathiswar,10,1700,49.7,8078.3,62.9,0.01,142.71,0,0,282,System Idle Process,0,msedgewebview2.exe,7912,SAMSUNG MZVLQ512HBLU-00B,PASSED,2,99,65,10.4,391,0
8/8/2026 21:37,yathiswar,11.1,1700,49.8,8058.21,62.9,0.01,121.99,0,0,282,System Idle Process,0,msedgewebview2.exe,7912,SAMSUNG MZVLQ512HBLU-00B,PASSED,2,99,65,10.4,391,0
8/8/2026 21:37,yathiswar,10.7,1700,49.5,8111.95,62.9,0.62,58.61,0,0,280,System Idle Process,0,msedgewebview2.exe,7912,SAMSUNG MZVLQ512HBLU-00B,PASSED,2,99,65,10.4,391,0
8/8/2026 21:37,yathiswar,14.2,1700,49.5,8106.72,62.9,0.05,141.32,0,0,280,System Idle Process,0,msedgewebview2.exe,7912,SAMSUNG MZVLQ512HBLU-00B,PASSED,2,99,65,10.4,391,0
8/8/2026 21:37,yathiswar,16.3,1700,49.5,8119.5,62.9,0.1,268.93,0,0,280,System Idle Process,0,msedgewebview2.exe,7912,SAMSUNG MZVLQ512HBLU-00B,PASSED,2,99,65,10.4,391,0
8/8/2026 21:37,yathiswar,8.5,1700,49.6,8100.57,62.9,0.01,66.93,0,0,280,System Idle Process,0,msedgewebview2.exe,7912,SAMSUNG MZVLQ512HBLU-00B,PASSED,2,99,65,10.4,391,0
8/8/2026 21:38,yathiswar,9.6,1700,49.5,8110.01,62.9,0.08,87.91,0,0,280,System Idle Process,0,msedgewebview2.exe,7912,SAMSUNG MZVLQ512HBLU-00B,PASSED,2,99,65,10.4,391,0
8/8/2026 21:38,yathiswar,11.2,1700,49.6,8104.15,62.9,0.03,70.36,0,0,280,System Idle Process,0,msedgewebview2.exe,7912,SAMSUNG MZVLQ512HBLU-00B,PASSED,2,99,65,10.4,391,0
8/8/2026 21:38,yathiswar,12.5,1457,49.4,8122.51,62.9,2.04,186.5,0,0,280,System Idle Process,0,msedgewebview2.exe,7912,SAMSUNG MZVLQ512HBLU-00B,PASSED,2,99,64,10.4,391,0
8/8/2026 21:38,yathiswar,12.1,1700,49.4,8123.81,62.9,0.08,255.12,0,0,280,System Idle Process,0,msedgewebview2.exe,7912,SAMSUNG MZVLQ512HBLU-00B,PASSED,2,99,65,10.4,391,0
8/8/2026 21:38,yathiswar,9.7,1700,49.4,8126.29,62.9,0,86.35,0,0,280,System Idle Process,0,msedgewebview2.exe,7912,SAMSUNG MZVLQ512HBLU-00B,PASSED,2,99,65,10.4,391,0
8/8/2026 21:38,yathiswar,8.7,1700,49.4,8127.06,62.9,0.01,79.1,0,0,280,System Idle Process,0,msedgewebview2.exe,7912,SAMSUNG MZVLQ512HBLU-00B,PASSED,2,99,65,10.4,391,0
8/8/2026 21:38,yathiswar,8.7,1700,49.5,8113.57,62.9,0.01,115.04,0,0,280,System Idle Process,0,msedgewebview2.exe,7912,SAMSUNG MZVLQ512HBLU-00B,PASSED,2,99,65,10.4,391,0
8/8/2026 21:38,yathiswar,10.8,1700,49.5,8111.94,62.9,0.02,181.36,0,0,280,System Idle Process,0,msedgewebview2.exe,7912,SAMSUNG MZVLQ512HBLU-00B,PASSED,2,99,65,10.4,391,0
8/8/2026 21:38,yathiswar,14.4,1700,49.5,8117.62,62.9,1.12,198.13,0,0,281,System Idle Process,0,msedgewebview2.exe,7912,SAMSUNG MZVLQ512HBLU-00B,PASSED,2,99,65,10.4,391,0
8/8/2026 21:38,yathiswar,10.3,1457,49.5,8117.06,62.9,0.01,132.02,0,0,281,System Idle Process,0,msedgewebview2.exe,7912,SAMSUNG MZVLQ512HBLU-00B,PASSED,2,99,65,10.4,391,0
8/8/2026 21:38,yathiswar,10.5,1700,49.5,8117.43,62.9,0.08,61.69,0,0,281,System Idle Process,0,msedgewebview2.exe,7912,SAMSUNG MZVLQ512HBLU-00B,PASSED,2,99,65,10.4,391,0
8/8/2026 21:38,yathiswar,11.2,1700,49.5,8120.2,62.9,0.02,170.69,0,0,281,System Idle Process,0,msedgewebview2.exe,7912,SAMSUNG MZVLQ512HBLU-00B,PASSED,2,99,65,10.4,391,0
8/8/2026 21:38,yathiswar,12.3,1700,49.5,8111.34,62.9,0.02,268.6,0,0,281,System Idle Process,0,msedgewebview2.exe,7912,SAMSUNG MZVLQ512HBLU-00B,PASSED,2,99,65,10.4,391,0
8/8/2026 21:38,yathiswar,10,1700,49.5,8113.45,62.9,0.02,62.09,0,0,281,System Idle Process,0,msedgewebview2.exe,7912,SAMSUNG MZVLQ512HBLU-00B,PASSED,2,99,65,10.4,391,0
8/8/2026 21:38,yathiswar,10.6,1700,49.4,8124.91,62.9,0.01,113.3,0,0,281,System Idle Process,0,msedgewebview2.exe,7912,SAMSUNG MZVLQ512HBLU-00B,PASSED,2,99,65,10.4,391,0
8/8/2026 21:38,yathiswar,13.8,1700,49.5,8115.52,62.9,0.01,111.46,0,0,281,System Idle Process,0,msedgewebview2.exe,7912,SAMSUNG MZVLQ512HBLU-00B,PASSED,2,99,65,10.4,391,0
8/8/2026 21:38,yathiswar,14.6,1700,49.4,8126.49,62.9,0.1,302.28,0,0,280,System Idle Process,0,msedgewebview2.exe,7912,SAMSUNG MZVLQ512HBLU-00B,PASSED,2,99,65,10.4,391,0
8/8/2026 21:38,yathiswar,8.3,1700,49.5,8120.9,62.9,0.01,95.38,0,0,280,System Idle Process,0,msedgewebview2.exe,7912,SAMSUNG MZVLQ512HBLU-00B,PASSED,2,99,65,10.4,391,0
8/8/2026 21:38,yathiswar,10.7,1700,49.5,8115.07,62.9,0.03,130.39,0,0,279,System Idle Process,0,msedgewebview2.exe,7912,SAMSUNG MZVLQ512HBLU-00B,PASSED,2,99,65,10.4,391,0
8/8/2026 21:38,yathiswar,9.3,1700,49.4,8125,62.9,0.01,141.84,0,0,279,System Idle Process,0,msedgewebview2.exe,7912,SAMSUNG MZVLQ512HBLU-00B,PASSED,2,99,65,10.4,391,0
8/8/2026 21:38,yathiswar,14.4,1700,49.1,8184.72,62.9,0.03,320.37,0,0,279,System Idle Process,0,msedgewebview2.exe,7912,SAMSUNG MZVLQ512HBLU-00B,PASSED,2,99,65,10.4,391,0
8/8/2026 21:38,yathiswar,11.5,1457,49.5,8112.18,62.9,0,65.97,0,0,279,System Idle Process,0,msedgewebview2.exe,7912,SAMSUNG MZVLQ512HBLU-00B,PASSED,2,99,65,10.4,391,0
8/8/2026 21:38,yathiswar,13.2,1700,49.4,8122.58,62.9,0.04,125.04,0,0,279,System Idle Process,0,msedgewebview2.exe,7912,SAMSUNG MZVLQ512HBLU-00B,PASSED,2,99,65,10.4,391,0
8/8/2026 21:38,yathiswar,11.8,1457,49.5,8108.32,62.9,0.02,121.67,0,0,279,System Idle Process,0,msedgewebview2.exe,7912,SAMSUNG MZVLQ512HBLU-00B,PASSED,2,99,65,10.4,391,0
8/8/2026 21:38,yathiswar,15.4,1457,49.5,8114.44,62.9,0.03,311.41,0,0,279,System Idle Process,0,msedgewebview2.exe,7912,SAMSUNG MZVLQ512HBLU-00B,PASSED,2,99,65,10.4,391,0
8/8/2026 21:39,yathiswar,10.5,1700,49.3,8140.74,62.9,0,74.35,0,0,279,System Idle Process,0,msedgewebview2.exe,7912,SAMSUNG MZVLQ512HBLU-00B,PASSED,2,99,66,10.4,391,0
8/8/2026 21:39,yathiswar,11.8,1700,49.5,8119.52,62.9,0.01,117.01,0,0,279,System Idle Process,0,msedgewebview2.exe,7912,SAMSUNG MZVLQ512HBLU-00B,PASSED,2,99,65,10.4,391,0
8/8/2026 21:39,yathiswar,9.8,1457,49.5,8117.53,62.9,0,89.21,0,0,279,System Idle Process,0,msedgewebview2.exe,7912,SAMSUNG MZVLQ512HBLU-00B,PASSED,2,99,64,10.4,391,0
8/8/2026 21:39,yathiswar,12.7,1700,49.2,8154.59,62.9,0.02,267.39,0,0,279,System Idle Process,0,msedgewebview2.exe,7912,SAMSUNG MZVLQ512HBLU-00B,PASSED,2,99,65,10.4,391,0
8/8/2026 21:39,yathiswar,10.5,1700,49.5,8117.84,62.9,0.01,155.83,0,0,279,System Idle Process,0,msedgewebview2.exe,7912,SAMSUNG MZVLQ512HBLU-00B,PASSED,2,99,65,10.4,391,0
8/8/2026 21:39,yathiswar,8.8,1700,49.4,8124.57,62.9,0.01,95.48,0,0,279,System Idle Process,0,msedgewebview2.exe,7912,SAMSUNG MZVLQ512HBLU-00B,PASSED,2,99,66,10.4,391,0
8/8/2026 21:39,yathiswar,9.8,1700,49.5,8119.11,62.9,0.01,74.54,0,0,279,System Idle Process,0,msedgewebview2.exe,7912,SAMSUNG MZVLQ512HBLU-00B,PASSED,2,99,65,10.4,391,0
8/8/2026 21:39,yathiswar,9.9,1700,49.4,8131.48,62.9,0,156.72,0,0,279,System Idle Process,0,msedgewebview2.exe,7912,SAMSUNG MZVLQ512HBLU-00B,PASSED,2,99,65,10.4,391,0
8/8/2026 21:39,yathiswar,15.6,1700,49.5,8121.62,62.9,0.02,294.69,0,0,279,System Idle Process,0,msedgewebview2.exe,7912,SAMSUNG MZVLQ512HBLU-00B,PASSED,2,99,65,10.4,391,0
8/8/2026 21:39,yathiswar,10.2,1700,49.4,8133.23,62.9,0.09,79.84,0,0,279,System Idle Process,0,msedgewebview2.exe,7912,SAMSUNG MZVLQ512HBLU-00B,PASSED,2,99,65,10.4,391,0
8/8/2026 21:39,yathiswar,11.2,1700,49.5,8119.04,62.9,0.01,108.18,0,0,279,System Idle Process,0,msedgewebview2.exe,7912,SAMSUNG MZVLQ512HBLU-00B,PASSED,2,99,66,10.4,391,0
8/8/2026 21:39,yathiswar,10.5,1700,49.4,8123.13,62.9,0.03,111.7,0,0,279,System Idle Process,0,msedgewebview2.exe,7912,SAMSUNG MZVLQ512HBLU-00B,PASSED,2,99,65,10.4,391,0
8/8/2026 21:39,yathiswar,10.2,1700,49.4,8128.25,62.9,0.01,172.43,0,0,279,System Idle Process,0,msedgewebview2.exe,7912,SAMSUNG MZVLQ512HBLU-00B,PASSED,2,99,64,10.4,391,0
8/8/2026 21:39,yathiswar,12.2,1457,49.4,8126.32,62.9,0.04,193.62,0,0,279,System Idle Process,0,msedgewebview2.exe,7912,SAMSUNG MZVLQ512HBLU-00B,PASSED,2,99,65,10.4,391,0
8/8/2026 21:39,yathiswar,10.7,1700,49.5,8118.59,62.9,0.01,115.71,0,0,279,System Idle Process,0,msedgewebview2.exe,7912,SAMSUNG MZVLQ512HBLU-00B,PASSED,2,99,65,10.4,391,0
8/8/2026 21:39,yathiswar,10.6,1700,49.2,8161.29,62.9,0.01,69.8,0,0,279,System Idle Process,0,msedgewebview2.exe,7912,SAMSUNG MZVLQ512HBLU-00B,PASSED,2,99,65,10.4,391,0
8/8/2026 21:39,yathiswar,10.1,1700,49.4,8129.72,62.9,0.01,151.67,0,0,279,System Idle Process,0,msedgewebview2.exe,7912,SAMSUNG MZVLQ512HBLU-00B,PASSED,2,99,65,10.4,391,0
8/8/2026 21:39,yathiswar,13.6,1700,49.5,8116.26,62.9,0.01,293.63,0,0,279,System Idle Process,0,msedgewebview2.exe,7912,SAMSUNG MZVLQ512HBLU-00B,PASSED,2,99,65,10.4,391,0
8/8/2026 21:39,yathiswar,9.9,1700,49.3,8148.86,62.9,0,70.69,0,0,279,System Idle Process,0,msedgewebview2.exe,7912,SAMSUNG MZVLQ512HBLU-00B,PASSED,2,99,65,10.4,391,0
8/8/2026 21:39,yathiswar,9.8,1700,49.4,8126.32,62.9,0.03,115.65,0,0,279,System Idle Process,0,msedgewebview2.exe,7912,SAMSUNG MZVLQ512HBLU-00B,PASSED,2,99,65,10.4,391,0
8/8/2026 21:39,yathiswar,12,1457,49.4,8128.9,62.9,0.02,112.34,0,0,279,System Idle Process,0,msedgewebview2.exe,7912,SAMSUNG MZVLQ512HBLU-00B,PASSED,2,99,65,10.4,391,0
8/8/2026 21:39,yathiswar,9.1,1700,49.1,8171.71,62.9,0,69.57,0,0,279,System Idle Process,0,msedgewebview2.exe,7912,SAMSUNG MZVLQ512HBLU-00B,PASSED,2,99,65,10.4,391,0
8/8/2026 21:39,yathiswar,14.8,1700,49.4,8128.04,62.9,0.03,253.4,0,0,279,System Idle Process,0,msedgewebview2.exe,7912,SAMSUNG MZVLQ512HBLU-00B,PASSED,2,99,65,10.4,391,0
8/8/2026 21:39,yathiswar,9.7,1700,49.5,8118.54,62.9,0.01,88.18,0,0,279,System Idle Process,0,msedgewebview2.exe,7912,SAMSUNG MZVLQ512HBLU-00B,PASSED,2,99,64,10.4,391,0
8/8/2026 21:39,yathiswar,10.5,1700,49.4,8125.94,62.9,0.01,94.1,0,0,279,System Idle Process,0,msedgewebview2.exe,7912,SAMSUNG MZVLQ512HBLU-00B,PASSED,2,99,65,10.4,391,0
8/8/2026 21:40,yathiswar,14.1,1700,49.4,8127.45,62.9,1.54,119.25,0,0,279,System Idle Process,0,msedgewebview2.exe,7912,SAMSUNG MZVLQ512HBLU-00B,PASSED,2,99,65,10.4,391,0
8/8/2026 21:40,yathiswar,12.3,1457,49.4,8125.14,62.9,0.01,240.02,0,0,279,System Idle Process,0,msedgewebview2.exe,7912,SAMSUNG MZVLQ512HBLU-00B,PASSED,2,99,64,10.4,391,0
8/8/2026 21:40,yathiswar,10.6,1700,49.4,8131.18,62.9,0.01,134.92,0,0,279,System Idle Process,0,msedgewebview2.exe,7912,SAMSUNG MZVLQ512HBLU-00B,PASSED,2,99,65,10.4,391,0
8/8/2026 21:40,yathiswar,12.9,1700,49.4,8135.57,62.9,0.02,137.69,0,0,279,System Idle Process,0,msedgewebview2.exe,7912,SAMSUNG MZVLQ512HBLU-00B,PASSED,2,99,65,10.4,391,0
8/8/2026 21:40,yathiswar,10.8,1700,49.3,8139.84,62.9,0.01,122.21,0,0,279,System Idle Process,0,msedgewebview2.exe,7912,SAMSUNG MZVLQ512HBLU-00B,PASSED,2,99,65,10.4,391,0
8/8/2026 21:40,yathiswar,8.7,1700,49.4,8136.23,62.9,0,92.32,0,0,279,System Idle Process,0,msedgewebview2.exe,7912,SAMSUNG MZVLQ512HBLU-00B,PASSED,2,99,65,10.4,391,0
8/8/2026 21:40,yathiswar,13,1700,49.4,8128.84,62.9,0.02,273.87,0,0,279,System Idle Process,0,msedgewebview2.exe,7912,SAMSUNG MZVLQ512HBLU-00B,PASSED,2,99,65,10.4,391,0
8/8/2026 21:40,yathiswar,8.9,1700,49.4,8136.02,62.9,0,87.83,0,0,279,System Idle Process,0,msedgewebview2.exe,7912,SAMSUNG MZVLQ512HBLU-00B,PASSED,2,99,65,10.4,391,0
8/8/2026 21:40,yathiswar,10,1700,49.3,8140.47,62.9,0.01,102.06,0,0,279,System Idle Process,0,msedgewebview2.exe,7912,SAMSUNG MZVLQ512HBLU-00B,PASSED,2,99,65,10.4,391,0
8/8/2026 21:40,yathiswar,11.3,1700,49.4,8123.56,62.9,0,117.83,0,0.01,279,System Idle Process,0,msedgewebview2.exe,7912,SAMSUNG MZVLQ512HBLU-00B,PASSED,2,99,65,10.4,391,0
8/8/2026 21:40,yathiswar,19.7,1700,49.5,8117.08,62.9,0.88,161.9,0,0.01,280,System Idle Process,0,msedgewebview2.exe,7912,SAMSUNG MZVLQ512HBLU-00B,PASSED,2,99,65,10.4,391,0
8/8/2026 21:40,yathiswar,13.5,1457,49.5,8116.95,62.9,0.02,263.72,0,0,280,System Idle Process,0,msedgewebview2.exe,7912,SAMSUNG MZVLQ512HBLU-00B,PASSED,2,99,65,10.4,391,0
8/8/2026 21:40,yathiswar,9.8,1700,49.6,8103.05,62.9,0.01,91.4,0,0,280,System Idle Process,0,msedgewebview2.exe,7912,SAMSUNG MZVLQ512HBLU-00B,PASSED,2,99,66,10.4,391,0
8/8/2026 21:40,yathiswar,8.8,1700,49.4,8124.81,62.9,0,115.76,0,0,279,System Idle Process,0,msedgewebview2.exe,7912,SAMSUNG MZVLQ512HBLU-00B,PASSED,2,99,65,10.4,391,0
8/8/2026 21:40,yathiswar,9.8,1700,49.5,8121.57,62.9,0.04,49.06,0,0,279,System Idle Process,0,msedgewebview2.exe,7912,SAMSUNG MZVLQ512HBLU-00B,PASSED,2,99,65,10.4,391,0
8/8/2026 21:40,yathiswar,14.5,1700,49.5,8120.34,62.9,0.04,276.37,0,0,279,System Idle Process,0,msedgewebview2.exe,7912,SAMSUNG MZVLQ512HBLU-00B,PASSED,2,99,65,10.4,391,0
8/8/2026 21:40,yathiswar,12,1700,49.5,8121.95,62.9,0.01,182.99,0,0,279,System Idle Process,0,msedgewebview2.exe,7912,SAMSUNG MZVLQ512HBLU-00B,PASSED,2,99,65,10.4,391,0
8/8/2026 21:40,yathiswar,8.9,1700,49.5,8121.95,62.9,0.01,121.25,0,0,279,System Idle Process,0,msedgewebview2.exe,7912,SAMSUNG MZVLQ512HBLU-00B,PASSED,2,99,65,10.4,391,0
8/8/2026 21:40,yathiswar,9.5,1457,49.5,8120.88,62.9,0,55.96,0,0,279,System Idle Process,0,msedgewebview2.exe,7912,SAMSUNG MZVLQ512HBLU-00B,PASSED,2,99,65,10.4,391,0
8/8/2026 21:40,yathiswar,11.2,1457,49.5,8119.36,62.9,0.02,204.06,0,0,279,System Idle Process,0,msedgewebview2.exe,7912,SAMSUNG MZVLQ512HBLU-00B,PASSED,2,99,65,10.4,391,0
8/8/2026 21:40,yathiswar,12.3,1700,49.4,8126.59,62.9,0.02,209.72,0,0,279,System Idle Process,0,msedgewebview2.exe,7912,SAMSUNG MZVLQ512HBLU-00B,PASSED,2,99,65,10.4,391,0
8/8/2026 21:40,yathiswar,11.7,1700,48.5,8276.37,62.9,0.82,82.98,0,0,274,System Idle Process,0,msedgewebview2.exe,7912,SAMSUNG MZVLQ512HBLU-00B,PASSED,2,99,66,10.4,391,0
8/8/2026 21:40,yathiswar,21.6,1700,48.4,8285.04,62.9,4.43,107.23,0,0,279,System Idle Process,0,msedgewebview2.exe,7912,SAMSUNG MZVLQ512HBLU-00B,PASSED,2,99,66,10.4,391,0
8/8/2026 21:40,yathiswar,14.8,1700,48.8,8233.34,62.9,1.08,49.63,0,0,280,System Idle Process,0,msedgewebview2.exe,7912,SAMSUNG MZVLQ512HBLU-00B,PASSED,2,99,67,10.4,391,0
8/8/2026 21:40,yathiswar,54.6,1700,50.5,7951.2,62.9,18.88,215.27,0.03,0.1,290,System Idle Process,0,msedgewebview2.exe,7912,SAMSUNG MZVLQ512HBLU-00B,PASSED,2,99,67,10.4,391,0
8/8/2026 21:41,yathiswar,28.7,1700,50.8,7903.71,62.9,3.75,121.09,0.02,0.09,290,System Idle Process,0,msedgewebview2.exe,7912,SAMSUNG MZVLQ512HBLU-00B,PASSED,2,99,66,10.4,391,0
8/8/2026 21:41,yathiswar,16.6,1700,50.8,7913.07,62.9,0.52,92.95,0.01,0.05,289,System Idle Process,0,msedgewebview2.exe,7912,SAMSUNG MZVLQ512HBLU-00B,PASSED,2,99,66,10.4,391,0
8/8/2026 21:41,yathiswar,13,1700,50.6,7935.65,62.9,0.07,62.63,0,0,289,System Idle Process,0,msedgewebview2.exe,7912,SAMSUNG MZVLQ512HBLU-00B,PASSED,2,99,67,10.4,391,0
8/8/2026 21:41,yathiswar,29.8,1700,50.6,7936.18,62.9,3.31,170.25,0,0,289,System Idle Process,0,msedgewebview2.exe,7912,SAMSUNG MZVLQ512HBLU-00B,PASSED,2,99,65,10.4,391,0
8/8/2026 21:41,yathiswar,16.2,1700,50.7,7928.84,62.8,0.36,316.43,0,0,287,System Idle Process,0,msedgewebview2.exe,7912,SAMSUNG MZVLQ512HBLU-00B,PASSED,2,99,66,10.4,391,0
8/8/2026 21:41,yathiswar,14.4,1457,50.2,8004.34,62.8,1.23,334.62,0,0,286,System Idle Process,0,msedgewebview2.exe,7912,SAMSUNG MZVLQ512HBLU-00B,PASSED,2,99,65,10.4,391,0
8/8/2026 21:41,yathiswar,13.6,1700,50.2,8006.04,62.8,0.03,279.02,0,0,286,System Idle Process,0,msedgewebview2.exe,7912,SAMSUNG MZVLQ512HBLU-00B,PASSED,2,99,65,10.4,391,0
8/8/2026 21:41,yathiswar,14.3,1700,49.8,8062.64,62.7,0.46,328.33,0,0,286,System Idle Process,0,msedgewebview2.exe,7912,SAMSUNG MZVLQ512HBLU-00B,PASSED,2,99,65,10.4,391,0
8/8/2026 21:41,yathiswar,13.5,1700,50.2,8005.66,62.8,0.02,287.97,0,0,286,System Idle Process,0,msedgewebview2.exe,7912,SAMSUNG MZVLQ512HBLU-00B,PASSED,2,99,65,10.4,391,0
8/8/2026 21:41,yathiswar,14.9,1700,50.2,8007.3,62.8,0.03,308.96,0,0,286,System Idle Process,0,msedgewebview2.exe,7912,SAMSUNG MZVLQ512HBLU-00B,PASSED,2,99,64,10.4,391,0
8/8/2026 21:41,yathiswar,13.2,1700,49.8,8062.23,62.7,0.07,308.38,0,0,286,System Idle Process,0,msedgewebview2.exe,7912,SAMSUNG MZVLQ512HBLU-00B,PASSED,2,99,64,10.4,391,0
8/8/2026 21:41,yathiswar,16.6,1700,50,8035.66,62.8,0.16,315.45,0.01,0.02,283,System Idle Process,0,msedgewebview2.exe,7912,SAMSUNG MZVLQ512HBLU-00B,PASSED,2,99,65,10.4,391,0
8/8/2026 21:41,yathiswar,15.2,1700,49.9,8044.97,62.8,0.05,268.8,0,0,283,System Idle Process,0,msedgewebview2.exe,7912,SAMSUNG MZVLQ512HBLU-00B,PASSED,2,99,64,10.4,391,0
8/8/2026 21:41,yathiswar,13.5,1700,49.9,8049.61,62.8,0.1,323.15,0,0,283,System Idle Process,0,msedgewebview2.exe,7912,SAMSUNG MZVLQ512HBLU-00B,PASSED,2,99,64,10.4,391,0
8/8/2026 21:41,yathiswar,17.4,1457,49.9,8046.41,62.8,0.03,250.31,0,0,283,System Idle Process,0,msedgewebview2.exe,7912,SAMSUNG MZVLQ512HBLU-00B,PASSED,2,99,65,10.4,391,0
8/8/2026 21:41,yathiswar,13.3,1700,49.9,8051.97,62.8,0.07,253.87,0,0,283,System Idle Process,0,msedgewebview2.exe,7912,SAMSUNG MZVLQ512HBLU-00B,PASSED,2,99,64,10.4,391,0
8/8/2026 21:41,yathiswar,13.2,1700,49.7,8081.13,62.7,0.02,335.62,0,0,283,System Idle Process,0,msedgewebview2.exe,7912,SAMSUNG MZVLQ512HBLU-00B,PASSED,2,99,65,10.4,391,0
8/8/2026 21:41,yathiswar,9.1,1457,49.9,8041.81,62.8,0.01,75.64,0,0,283,System Idle Process,0,msedgewebview2.exe,7912,SAMSUNG MZVLQ512HBLU-00B,PASSED,2,99,64,10.4,391,0
8/8/2026 21:41,yathiswar,13,1700,49.9,8048.02,62.8,0.04,311.53,0,0,283,System Idle Process,0,msedgewebview2.exe,7912,SAMSUNG MZVLQ512HBLU-00B,PASSED,2,99,64,10.4,391,0
8/8/2026 21:41,yathiswar,12.7,1700,49.6,8104.3,62.7,0.01,285.58,0,0,283,System Idle Process,0,msedgewebview2.exe,7912,SAMSUNG MZVLQ512HBLU-00B,PASSED,2,99,65,10.4,391,0
8/8/2026 21:41,yathiswar,10.2,1700,49.9,8049.92,62.8,0.01,123.48,0,0,283,System Idle Process,0,msedgewebview2.exe,7912,SAMSUNG MZVLQ512HBLU-00B,PASSED,2,99,63,10.4,391,0
8/8/2026 21:41,yathiswar,18.7,1700,50.1,8024.4,62.8,0.31,300.79,0,0,286,System Idle Process,0,msedgewebview2.exe,7912,SAMSUNG MZVLQ512HBLU-00B,PASSED,2,99,65,10.4,391,0
8/8/2026 21:41,yathiswar,14.3,1700,50.2,7994.32,62.8,5.81,194.86,0,0,287,System Idle Process,0,msedgewebview2.exe,7912,SAMSUNG MZVLQ512HBLU-00B,PASSED,2,99,65,10.4,391,0
8/8/2026 21:41,yathiswar,11.7,1700,50.2,8002.09,62.8,0.24,78.77,0.01,0,287,System Idle Process,0,msedgewebview2.exe,7912,SAMSUNG MZVLQ512HBLU-00B,PASSED,2,99,65,10.4,391,0
8/8/2026 21:42,yathiswar,14.3,1700,50.2,8003.5,62.8,0.02,322.07,0,0,287,System Idle Process,0,msedgewebview2.exe,7912,SAMSUNG MZVLQ512HBLU-00B,PASSED,2,99,65,10.5,391,0
8/8/2026 21:42,yathiswar,13.2,1457,50.4,7976,62.8,0.02,205.47,0,0,287,System Idle Process,0,msedgewebview2.exe,7912,SAMSUNG MZVLQ512HBLU-00B,PASSED,2,99,65,10.5,391,0
8/8/2026 21:42,yathiswar,12,1700,50.3,7981.71,62.8,0.01,56.2,0,0,287,System Idle Process,0,msedgewebview2.exe,7912,SAMSUNG MZVLQ512HBLU-00B,PASSED,2,99,65,10.5,391,0
8/8/2026 21:42,yathiswar,11.7,1700,50.3,7989.41,62.8,0.04,106.86,0,0,287,System Idle Process,0,msedgewebview2.exe,7912,SAMSUNG MZVLQ512HBLU-00B,PASSED,2,99,65,10.5,391,0
8/8/2026 21:42,yathiswar,11.7,1457,50.2,7994.26,62.8,0.12,173.29,0,0,287,System Idle Process,0,msedgewebview2.exe,7912,SAMSUNG MZVLQ512HBLU-00B,PASSED,2,99,65,10.5,391,0
8/8/2026 21:42,yathiswar,13.5,1700,50.3,7992.43,62.8,0.01,202.14,0,0,287,System Idle Process,0,msedgewebview2.exe,7912,SAMSUNG MZVLQ512HBLU-00B,PASSED,2,99,65,10.5,391,0
8/8/2026 21:42,yathiswar,9.9,1700,50.3,7992.59,62.8,0,101.35,0,0,287,System Idle Process,0,msedgewebview2.exe,7912,SAMSUNG MZVLQ512HBLU-00B,PASSED,2,99,66,10.5,391,0
8/8/2026 21:42,yathiswar,9.1,1700,50.1,8021.5,62.7,0.05,86.3,0,0,287,System Idle Process,0,msedgewebview2.exe,7912,SAMSUNG MZVLQ512HBLU-00B,PASSED,2,99,65,10.5,391,0
8/8/2026 21:42,yathiswar,13.3,1457,50.2,7994.54,62.8,0.01,220.44,0,0,287,System Idle Process,0,msedgewebview2.exe,7912,SAMSUNG MZVLQ512HBLU-00B,PASSED,2,99,66,10.5,391,0
8/8/2026 21:42,yathiswar,10.8,1700,50.2,8009.54,62.7,0.01,166.39,0,0,287,System Idle Process,0,msedgewebview2.exe,7912,SAMSUNG MZVLQ512HBLU-00B,PASSED,2,99,65,10.5,391,0
8/8/2026 21:42,yathiswar,12.8,1700,50.2,8003,62.8,0.01,144.18,0,0,287,System Idle Process,0,msedgewebview2.exe,7912,SAMSUNG MZVLQ512HBLU-00B,PASSED,2,99,65,10.5,391,0
8/8/2026 21:42,yathiswar,9.3,1700,50.2,7994.37,62.8,0.03,84.98,0,0,287,System Idle Process,0,msedgewebview2.exe,7912,SAMSUNG MZVLQ512HBLU-00B,PASSED,2,99,65,10.5,391,0
8/8/2026 21:42,yathiswar,17.8,1457,49.1,8175.19,62.8,0.03,227.82,0,0,287,System Idle Process,0,msedgewebview2.exe,7912,SAMSUNG MZVLQ512HBLU-00B,PASSED,2,99,66,10.5,391,0
8/8/2026 21:42,yathiswar,10,1700,49.2,8168.5,62.8,0,114.22,0,0,287,System Idle Process,0,msedgewebview2.exe,7912,SAMSUNG MZVLQ512HBLU-00B,PASSED,2,99,65,10.5,391,0
8/8/2026 21:42,yathiswar,13.4,1700,49.1,8179.92,62.8,0.02,180.12,0,0,287,System Idle Process,0,msedgewebview2.exe,7912,SAMSUNG MZVLQ512HBLU-00B,PASSED,2,99,66,10.5,391,0
8/8/2026 21:42,yathiswar,8.7,1700,49.1,8176.48,62.8,0,51.28,0,0,287,System Idle Process,0,msedgewebview2.exe,7912,SAMSUNG MZVLQ512HBLU-00B,PASSED,2,99,66,10.5,391,0
8/8/2026 21:42,yathiswar,10.4,1700,49.1,8177.95,62.8,0.01,175.6,0,0,287,System Idle Process,0,msedgewebview2.exe,7912,SAMSUNG MZVLQ512HBLU-00B,PASSED,2,99,65,10.5,391,0
8/8/2026 21:42,yathiswar,10.5,1700,49.1,8177.08,62.8,0,138.03,0,0,287,System Idle Process,0,msedgewebview2.exe,7912,SAMSUNG MZVLQ512HBLU-00B,PASSED,2,99,66,10.5,391,0
8/8/2026 21:42,yathiswar,11.9,1457,48.9,8214.72,62.7,0.01,209.11,0,0,287,System Idle Process,0,msedgewebview2.exe,7912,SAMSUNG MZVLQ512HBLU-00B,PASSED,2,99,65,10.5,391,0
8/8/2026 21:42,yathiswar,9.5,1457,49.1,8170.96,62.8,0.01,121.6,0,0,287,System Idle Process,0,msedgewebview2.exe,7912,SAMSUNG MZVLQ512HBLU-00B,PASSED,2,99,66,10.5,391,0
8/8/2026 21:42,yathiswar,8.6,1700,49.1,8180.27,62.8,0.17,59.19,0,0,287,System Idle Process,0,msedgewebview2.exe,7912,SAMSUNG MZVLQ512HBLU-00B,PASSED,2,99,66,10.5,391,0
8/8/2026 21:42,yathiswar,12.1,1700,49.1,8179.27,62.8,3.68,252.64,0,0,287,System Idle Process,0,msedgewebview2.exe,7912,SAMSUNG MZVLQ512HBLU-00B,PASSED,2,99,66,10.5,391,0
8/8/2026 21:42,yathiswar,13.2,1700,48.7,8234.75,62.8,0.14,267.23,0,0,284,System Idle Process,0,msedgewebview2.exe,7912,SAMSUNG MZVLQ512HBLU-00B,PASSED,2,99,66,10.5,391,0
8/8/2026 21:42,yathiswar,10.6,1700,48.8,8232.43,62.8,3.79,71.49,0,0,284,System Idle Process,0,msedgewebview2.exe,7912,SAMSUNG MZVLQ512HBLU-00B,PASSED,2,99,66,10.5,391,0
8/8/2026 21:43,yathiswar,9.5,1700,48.7,8235.71,62.8,0,63.09,0,0,284,System Idle Process,0,msedgewebview2.exe,7912,SAMSUNG MZVLQ512HBLU-00B,PASSED,2,99,65,10.5,391,0
8/8/2026 21:43,yathiswar,12.1,1700,48.8,8228.91,62.8,0.01,211.93,0,0,284,System Idle Process,0,msedgewebview2.exe,7912,SAMSUNG MZVLQ512HBLU-00B,PASSED,2,99,66,10.5,391,0
8/8/2026 21:43,yathiswar,10.8,1457,48.8,8226.08,62.8,0.01,140.91,0,0,284,System Idle Process,0,msedgewebview2.exe,7912,SAMSUNG MZVLQ512HBLU-00B,PASSED,2,99,66,10.5,391,0
8/8/2026 21:43,yathiswar,13.9,1457,48.8,8222.01,62.8,0.02,166.22,0,0,284,System Idle Process,0,msedgewebview2.exe,7912,SAMSUNG MZVLQ512HBLU-00B,PASSED,2,99,66,10.5,391,0
8/8/2026 21:43,yathiswar,10.5,1700,48.8,8225.3,62.8,0.01,64.98,0,0,284,System Idle Process,0,msedgewebview2.exe,7912,SAMSUNG MZVLQ512HBLU-00B,PASSED,2,99,66,10.5,391,0
8/8/2026 21:43,yathiswar,10.8,1700,48.8,8226.7,62.8,0,111.67,0,0,284,System Idle Process,0,msedgewebview2.exe,7912,SAMSUNG MZVLQ512HBLU-00B,PASSED,2,99,65,10.5,391,0
8/8/2026 21:43,yathiswar,11.9,1700,48.8,8227.23,62.8,0.01,142.29,0,0,284,System Idle Process,0,msedgewebview2.exe,7912,SAMSUNG MZVLQ512HBLU-00B,PASSED,2,99,66,10.5,391,0
8/8/2026 21:43,yathiswar,10.2,1700,48.8,8223.66,62.8,0,213.43,0,0,284,System Idle Process,0,msedgewebview2.exe,7912,SAMSUNG MZVLQ512HBLU-00B,PASSED,2,99,65,10.5,391,0
8/8/2026 21:43,yathiswar,10.2,1700,48.8,8219.43,62.8,0.01,102.59,0,0,284,System Idle Process,0,msedgewebview2.exe,7912,SAMSUNG MZVLQ512HBLU-00B,PASSED,2,99,66,10.5,391,0
8/8/2026 21:43,yathiswar,20.1,1700,49.2,8155.18,62.8,0.73,61.73,0,0,286,System Idle Process,0,msedgewebview2.exe,7912,SAMSUNG MZVLQ512HBLU-00B,PASSED,2,99,66,10.5,391,0
8/8/2026 21:43,yathiswar,10.8,1700,49.2,8161.91,62.8,0.01,175.86,0,0,285,System Idle Process,0,msedgewebview2.exe,7912,SAMSUNG MZVLQ512HBLU-00B,PASSED,2,99,66,10.5,391,0
8/8/2026 21:43,yathiswar,10.1,1700,49,8188.47,62.7,0.01,113.67,0,0,284,System Idle Process,0,msedgewebview2.exe,7912,SAMSUNG MZVLQ512HBLU-00B,PASSED,2,99,65,10.5,391,0
8/8/2026 21:43,yathiswar,11.9,1700,49.2,8163.8,62.8,0.06,254.42,0,0,284,System Idle Process,0,msedgewebview2.exe,7912,SAMSUNG MZVLQ512HBLU-00B,PASSED,2,99,66,10.5,391,0
8/8/2026 21:43,yathiswar,11.4,1457,49.2,8166.61,62.8,0.04,67.6,0,0,284,System Idle Process,0,msedgewebview2.exe,7912,SAMSUNG MZVLQ512HBLU-00B,PASSED,2,99,66,10.5,391,0
8/8/2026 21:43,yathiswar,9,1700,49.2,8165.39,62.8,0,59.94,0,0,284,System Idle Process,0,msedgewebview2.exe,7912,SAMSUNG MZVLQ512HBLU-00B,PASSED,2,99,66,10.5,391,0
8/8/2026 21:43,yathiswar,12.8,1700,48.9,8214.66,62.7,0.01,201.59,0,0,284,System Idle Process,0,msedgewebview2.exe,7912,SAMSUNG MZVLQ512HBLU-00B,PASSED,2,99,66,10.5,391,0
8/8/2026 21:43,yathiswar,8.5,1700,49.1,8173.26,62.8,0.01,55.19,0,0,284,System Idle Process,0,msedgewebview2.exe,7912,SAMSUNG MZVLQ512HBLU-00B,PASSED,2,99,65,10.5,391,0
8/8/2026 21:43,yathiswar,12.1,1700,49.2,8170.25,62.8,0.01,248.81,0,0,284,System Idle Process,0,msedgewebview2.exe,7912,SAMSUNG MZVLQ512HBLU-00B,PASSED,2,99,66,10.5,391,0
8/8/2026 21:43,yathiswar,9.1,1700,49.2,8165.58,62.8,0.02,72.8,0,0,284,System Idle Process,0,msedgewebview2.exe,7912,SAMSUNG MZVLQ512HBLU-00B,PASSED,2,99,65,10.5,391,0
8/8/2026 21:43,yathiswar,11.3,1700,49,8187.6,62.7,0,62.36,0,0,284,System Idle Process,0,msedgewebview2.exe,7912,SAMSUNG MZVLQ512HBLU-00B,PASSED,2,99,65,10.5,391,0
8/8/2026 21:43,yathiswar,13.2,1457,49.2,8167.85,62.8,0.01,173.8,0,0,284,System Idle Process,0,msedgewebview2.exe,7912,SAMSUNG MZVLQ512HBLU-00B,PASSED,2,99,64,10.5,391,0
8/8/2026 21:43,yathiswar,12.8,1700,48.9,8214.85,62.8,0,95.21,0,0,283,System Idle Process,0,msedgewebview2.exe,7912,SAMSUNG MZVLQ512HBLU-00B,PASSED,2,99,65,10.5,391,0
8/8/2026 21:43,yathiswar,10.3,1700,48.8,8222.23,62.8,0,160.46,0,0,283,System Idle Process,0,msedgewebview2.exe,7912,SAMSUNG MZVLQ512HBLU-00B,PASSED,2,99,66,10.5,391,0
8/8/2026 21:43,yathiswar,13.3,1700,49.1,8177.34,62.8,2.22,68.87,0,0,284,System Idle Process,0,msedgewebview2.exe,7912,SAMSUNG MZVLQ512HBLU-00B,PASSED,2,99,66,10.5,391,0
8/8/2026 21:44,yathiswar,12.9,1700,49.4,8137.62,62.7,0.46,87.16,0,0,282,System Idle Process,0,msedgewebview2.exe,7912,SAMSUNG MZVLQ512HBLU-00B,PASSED,2,99,65,10.5,391,0
8/8/2026 21:44,yathiswar,13.6,1457,48.7,8244.92,62.7,0.03,184.24,0,0,281,System Idle Process,0,msedgewebview2.exe,7912,SAMSUNG MZVLQ512HBLU-00B,PASSED,2,99,65,10.5,391,0
8/8/2026 21:44,yathiswar,11,1700,48.7,8248.97,62.8,0,149.1,0,0,281,System Idle Process,0,msedgewebview2.exe,7912,SAMSUNG MZVLQ512HBLU-00B,PASSED,2,99,65,10.5,391,0
8/8/2026 21:44,yathiswar,10.3,1700,48.6,8263.04,62.7,0,168.8,0,0,281,System Idle Process,0,msedgewebview2.exe,7912,SAMSUNG MZVLQ512HBLU-00B,PASSED,2,99,66,10.5,391,0
8/8/2026 21:44,yathiswar,9.6,1700,48.7,8249.4,62.8,0.01,54.53,0,0,281,System Idle Process,0,msedgewebview2.exe,7912,SAMSUNG MZVLQ512HBLU-00B,PASSED,2,99,66,10.5,391,0
8/8/2026 21:44,yathiswar,10,1457,48.7,8244.97,62.8,0.03,120.56,0,0,281,System Idle Process,0,msedgewebview2.exe,7912,SAMSUNG MZVLQ512HBLU-00B,PASSED,2,99,65,10.5,391,0
8/8/2026 21:44,yathiswar,11.9,1700,48.7,8248.79,62.8,0,248.06,0,0,281,System Idle Process,0,msedgewebview2.exe,7912,SAMSUNG MZVLQ512HBLU-00B,PASSED,2,99,65,10.5,391,0
8/8/2026 21:44,yathiswar,9.8,1700,48.7,8245.54,62.8,0,114.88,0,0,281,System Idle Process,0,msedgewebview2.exe,7912,SAMSUNG MZVLQ512HBLU-00B,PASSED,2,99,65,10.5,391,0
8/8/2026 21:44,yathiswar,10.1,1700,48.8,8232.46,62.8,0.01,114.8,0,0,281,System Idle Process,0,msedgewebview2.exe,7912,SAMSUNG MZVLQ512HBLU-00B,PASSED,2,99,66,10.5,391,0
8/8/2026 21:44,yathiswar,10.2,1700,48.7,8238.18,62.8,0.01,50.05,0,0,281,System Idle Process,0,msedgewebview2.exe,7912,SAMSUNG MZVLQ512HBLU-00B,PASSED,2,99,66,10.5,391,0
8/8/2026 21:44,yathiswar,9.6,1700,48.7,8244.55,62.8,0,160.02,0,0,281,System Idle Process,0,msedgewebview2.exe,7912,SAMSUNG MZVLQ512HBLU-00B,PASSED,2,99,65,10.5,391,0
8/8/2026 21:44,yathiswar,12,1700,48.7,8248.39,62.8,0.01,213.03,0,0,281,System Idle Process,0,msedgewebview2.exe,7912,SAMSUNG MZVLQ512HBLU-00B,PASSED,2,99,66,10.5,391,0
8/8/2026 21:44,yathiswar,12.5,1700,48.6,8250.84,62.7,0.03,128.83,0,0,282,System Idle Process,0,msedgewebview2.exe,7912,SAMSUNG MZVLQ512HBLU-00B,PASSED,2,99,65,10.5,391,0
8/8/2026 21:44,yathiswar,9.6,1700,48.9,8204.67,62.8,0.04,121.31,0,0,282,System Idle Process,0,msedgewebview2.exe,7912,SAMSUNG MZVLQ512HBLU-00B,PASSED,2,99,66,10.5,391,0
8/8/2026 21:44,yathiswar,10,1457,49.1,8184.86,62.8,0,48.18,0,0,282,System Idle Process,0,msedgewebview2.exe,7912,SAMSUNG MZVLQ512HBLU-00B,PASSED,2,99,66,10.5,391,0
8/8/2026 21:44,yathiswar,10.8,1457,49,8193.69,62.8,0,150.06,0,0,282,System Idle Process,0,msedgewebview2.exe,7912,SAMSUNG MZVLQ512HBLU-00B,PASSED,2,99,65,10.5,391,0
8/8/2026 21:44,yathiswar,12.8,1700,49,8199.66,62.8,0,195.03,0,0,282,System Idle Process,0,msedgewebview2.exe,7912,SAMSUNG MZVLQ512HBLU-00B,PASSED,2,99,65,10.5,391,0
8/8/2026 21:44,yathiswar,11.6,1700,49,8199.13,62.8,0.03,184.47,0,0,282,System Idle Process,0,msedgewebview2.exe,7912,SAMSUNG MZVLQ512HBLU-00B,PASSED,2,99,66,10.5,391,0
8/8/2026 21:44,yathiswar,11.5,1700,49.1,8184.49,62.8,0.03,73.9,0,0,283,System Idle Process,0,msedgewebview2.exe,7912,SAMSUNG MZVLQ512HBLU-00B,PASSED,2,99,66,10.5,391,0
8/8/2026 21:44,yathiswar,10.9,1700,49.1,8170.29,62.8,0.93,50.9,0,0.14,283,System Idle Process,0,msedgewebview2.exe,7912,SAMSUNG MZVLQ512HBLU-00B,PASSED,2,99,65,10.5,391,0
8/8/2026 21:44,yathiswar,9.4,1700,49.2,8167.97,62.8,0,143.76,0,0,283,System Idle Process,0,msedgewebview2.exe,7912,SAMSUNG MZVLQ512HBLU-00B,PASSED,2,99,65,10.5,391,0
8/8/2026 21:44,yathiswar,10.6,1700,49.2,8167.26,62.8,0,193.69,0,0,283,System Idle Process,0,msedgewebview2.exe,7912,SAMSUNG MZVLQ512HBLU-00B,PASSED,2,99,66,10.5,391,0
8/8/2026 21:44,yathiswar,10.7,1700,49.2,8170.23,62.8,0,150.68,0,0,283,System Idle Process,0,msedgewebview2.exe,7912,SAMSUNG MZVLQ512HBLU-00B,PASSED,2,99,66,10.5,391,0
8/8/2026 21:44,yathiswar,10.8,1700,49.1,8176.61,62.8,0.15,101.12,0,0,283,System Idle Process,0,msedgewebview2.exe,7912,SAMSUNG MZVLQ512HBLU-00B,PASSED,2,99,66,10.5,391,0
8/8/2026 21:44,yathiswar,8.9,1457,49.1,8176.88,62.8,0.04,50.65,0,0,283,System Idle Process,0,msedgewebview2.exe,7912,SAMSUNG MZVLQ512HBLU-00B,PASSED,2,99,66,10.5,391,0
8/8/2026 21:45,yathiswar,9.6,1700,49.1,8172.71,62.8,0,141.83,0,0,283,System Idle Process,0,msedgewebview2.exe,7912,SAMSUNG MZVLQ512HBLU-00B,PASSED,2,99,65,10.5,391,0
8/8/2026 21:45,yathiswar,13,1700,49,8188.62,62.8,0.03,209.92,0,0,283,System Idle Process,0,msedgewebview2.exe,7912,SAMSUNG MZVLQ512HBLU-00B,PASSED,2,99,66,10.5,391,0
8/8/2026 21:45,yathiswar,11.1,1700,48.9,8204.99,62.7,0.01,197.47,0,0,283,System Idle Process,0,msedgewebview2.exe,7912,SAMSUNG MZVLQ512HBLU-00B,PASSED,2,99,65,10.5,391,0
8/8/2026 21:45,yathiswar,9.4,1457,49,8188.1,62.8,0,66.04,0,0,283,System Idle Process,0,msedgewebview2.exe,7912,SAMSUNG MZVLQ512HBLU-00B,PASSED,2,99,66,10.5,391,0
8/8/2026 21:45,yathiswar,7.2,1700,49,8187.08,62.8,0.01,64.47,0,0,283,System Idle Process,0,msedgewebview2.exe,7912,SAMSUNG MZVLQ512HBLU-00B,PASSED,2,99,66,10.5,391,0
8/8/2026 21:45,yathiswar,10,1700,49.1,8180.71,62.8,0.01,187.83,0,0,283,System Idle Process,0,msedgewebview2.exe,7912,SAMSUNG MZVLQ512HBLU-00B,PASSED,2,99,65,10.5,391,0
8/8/2026 21:45,yathiswar,11.3,1700,48.8,8224.35,62.8,0.01,160.55,0,0,282,System Idle Process,0,msedgewebview2.exe,7912,SAMSUNG MZVLQ512HBLU-00B,PASSED,2,99,66,10.5,391,0
8/8/2026 21:45,yathiswar,15,1700,49.1,8185.29,62.7,0.09,159.38,0,0,283,System Idle Process,0,msedgewebview2.exe,7912,SAMSUNG MZVLQ512HBLU-00B,PASSED,2,99,66,10.5,391,0
8/8/2026 21:45,yathiswar,8.9,1457,49.1,8175.39,62.8,0,85.83,0,0,283,System Idle Process,0,msedgewebview2.exe,7912,SAMSUNG MZVLQ512HBLU-00B,PASSED,2,99,66,10.5,391,0
8/8/2026 21:45,yathiswar,10.3,1700,49.1,8174.1,62.8,0.02,50.73,0,0,283,System Idle Process,0,msedgewebview2.exe,7912,SAMSUNG MZVLQ512HBLU-00B,PASSED,2,99,66,10.5,391,0
8/8/2026 21:45,yathiswar,10.8,1700,48.9,8213.53,62.7,0.01,170.59,0,0,283,System Idle Process,0,msedgewebview2.exe,7912,SAMSUNG MZVLQ512HBLU-00B,PASSED,2,99,66,10.5,391,0
8/8/2026 21:45,yathiswar,10.5,1700,49.2,8168.11,62.8,0,180.81,0,0,283,System Idle Process,0,msedgewebview2.exe,7912,SAMSUNG MZVLQ512HBLU-00B,PASSED,2,99,65,10.5,391,0
8/8/2026 21:45,yathiswar,11.5,1457,49.1,8174.56,62.8,0.01,212.39,0,0,283,System Idle Process,0,msedgewebview2.exe,7912,SAMSUNG MZVLQ512HBLU-00B,PASSED,2,99,66,10.5,391,0
8/8/2026 21:45,yathiswar,9.3,1457,49.1,8180.27,62.8,0,52,0,0,283,System Idle Process,0,msedgewebview2.exe,7912,SAMSUNG MZVLQ512HBLU-00B,PASSED,2,99,66,10.5,391,0
8/8/2026 21:45,yathiswar,9.6,1700,49,8190.82,62.8,0,51.86,0,0,283,System Idle Process,0,msedgewebview2.exe,7912,SAMSUNG MZVLQ512HBLU-00B,PASSED,2,99,66,10.5,391,0
8/8/2026 21:45,yathiswar,14.4,1700,49,8187.33,62.8,0.01,185.9,0,0,283,System Idle Process,0,msedgewebview2.exe,7912,SAMSUNG MZVLQ512HBLU-00B,PASSED,2,99,65,10.5,391,0
8/8/2026 21:45,yathiswar,12.4,1457,49.1,8172.65,62.8,0,138.99,0,0,283,System Idle Process,0,msedgewebview2.exe,7912,SAMSUNG MZVLQ512HBLU-00B,PASSED,2,99,65,10.5,391,0
8/8/2026 21:45,yathiswar,11.9,1700,49.1,8185.28,62.8,0.01,211.81,0,0,283,System Idle Process,0,msedgewebview2.exe,7912,SAMSUNG MZVLQ512HBLU-00B,PASSED,2,99,66,10.5,391,0
8/8/2026 21:45,yathiswar,8.7,1700,49,8187.89,62.8,0,56.47,0,0,283,System Idle Process,0,msedgewebview2.exe,7912,SAMSUNG MZVLQ512HBLU-00B,PASSED,2,99,67,10.5,391,0
8/8/2026 21:45,yathiswar,11.1,1457,48.9,8202.97,62.8,0,63.55,0,0,282,System Idle Process,0,msedgewebview2.exe,7912,SAMSUNG MZVLQ512HBLU-00B,PASSED,2,99,66,10.5,391,0
8/8/2026 21:45,yathiswar,12.8,1700,48.8,8223.84,62.7,0.05,252.3,0,0,282,System Idle Process,0,msedgewebview2.exe,7912,SAMSUNG MZVLQ512HBLU-00B,PASSED,2,99,65,10.5,391,0
8/8/2026 21:45,yathiswar,10.1,1700,48.9,8208.39,62.7,0.07,116.83,0,0,282,System Idle Process,0,msedgewebview2.exe,7912,SAMSUNG MZVLQ512HBLU-00B,PASSED,2,99,65,10.5,391,0
8/8/2026 21:45,yathiswar,12.4,1457,48.9,8212.29,62.8,0.3,177.27,0,0,281,System Idle Process,0,msedgewebview2.exe,7912,SAMSUNG MZVLQ512HBLU-00B,PASSED,2,99,66,10.5,391,0
8/8/2026 21:45,yathiswar,9.7,1457,48.9,8208.09,62.8,0,55.23,0,0,281,System Idle Process,0,msedgewebview2.exe,7912,SAMSUNG MZVLQ512HBLU-00B,PASSED,2,99,67,10.5,391,0
8/8/2026 21:45,yathiswar,15.2,1457,49,8189.73,62.8,0,129.57,0,0,281,System Idle Process,0,msedgewebview2.exe,7912,SAMSUNG MZVLQ512HBLU-00B,PASSED,2,99,65,10.5,391,0
8/8/2026 21:45,yathiswar,11.5,1700,49,8198.47,62.8,0,224.85,0,0,281,System Idle Process,0,msedgewebview2.exe,7912,SAMSUNG MZVLQ512HBLU-00B,PASSED,2,99,66,10.5,391,0
8/8/2026 21:46,yathiswar,12,1700,49.1,8179.97,62.8,0.08,125.74,0,0,281,System Idle Process,0,msedgewebview2.exe,7912,SAMSUNG MZVLQ512HBLU-00B,PASSED,2,99,65,10.5,391,0
8/8/2026 21:46,yathiswar,11.9,1700,48.9,8207.89,62.7,0,127.81,0,0,281,System Idle Process,0,msedgewebview2.exe,7912,SAMSUNG MZVLQ512HBLU-00B,PASSED,2,99,66,10.5,391,0
8/8/2026 21:46,yathiswar,12.2,1700,48.9,8206.27,62.8,0.23,49.46,0,0,281,System Idle Process,0,msedgewebview2.exe,7912,SAMSUNG MZVLQ512HBLU-00B,PASSED,2,99,66,10.5,391,0
8/8/2026 21:46,yathiswar,8.7,1700,49,8199.38,62.8,0,111.03,0,0,281,System Idle Process,0,msedgewebview2.exe,7912,SAMSUNG MZVLQ512HBLU-00B,PASSED,2,99,65,10.5,391,0
8/8/2026 21:46,yathiswar,13.1,1700,49,8194.55,62.8,0,238.02,0,0,281,System Idle Process,0,msedgewebview2.exe,7912,SAMSUNG MZVLQ512HBLU-00B,PASSED,2,99,66,10.5,391,0
8/8/2026 21:46,yathiswar,11.5,1700,49,8196.47,62.8,0.01,104.06,0,0,281,System Idle Process,0,msedgewebview2.exe,7912,SAMSUNG MZVLQ512HBLU-00B,PASSED,2,99,65,10.5,391,0
8/8/2026 21:46,yathiswar,17.1,1700,48.8,8227.17,62.8,0,147.25,0,0,281,System Idle Process,0,msedgewebview2.exe,7912,SAMSUNG MZVLQ512HBLU-00B,PASSED,2,99,65,10.5,391,0
8/8/2026 21:46,yathiswar,9.7,1457,48.9,8215.84,62.8,0,58.97,0,0,281,System Idle Process,0,msedgewebview2.exe,7912,SAMSUNG MZVLQ512HBLU-00B,PASSED,2,99,67,10.5,391,0
8/8/2026 21:46,yathiswar,10,1700,48.9,8209.91,62.8,0,163.02,0,0,281,System Idle Process,0,msedgewebview2.exe,7912,SAMSUNG MZVLQ512HBLU-00B,PASSED,2,99,65,10.5,391,0
8/8/2026 21:46,yathiswar,11.2,1700,48.9,8206.08,62.8,0,189.56,0,0,281,System Idle Process,0,msedgewebview2.exe,7912,SAMSUNG MZVLQ512HBLU-00B,PASSED,2,99,66,10.5,391,0
8/8/2026 21:46,yathiswar,9.5,1700,48.9,8216.37,62.8,0.02,68.02,0,0,281,System Idle Process,0,msedgewebview2.exe,7912,SAMSUNG MZVLQ512HBLU-00B,PASSED,2,99,65,10.5,391,0
8/8/2026 21:46,yathiswar,14,1700,48.9,8211.2,62.8,0.06,167.57,0,0,281,System Idle Process,0,msedgewebview2.exe,7912,SAMSUNG MZVLQ512HBLU-00B,PASSED,2,99,66,10.5,391,0
8/8/2026 21:46,yathiswar,12.3,1700,48.8,8222.14,62.8,0,57.79,0,0,281,System Idle Process,0,msedgewebview2.exe,7912,SAMSUNG MZVLQ512HBLU-00B,PASSED,2,99,67,10.5,391,0
8/8/2026 21:46,yathiswar,10.2,1457,48.6,8266.64,62.7,0.01,88.89,0,0,281,System Idle Process,0,msedgewebview2.exe,7912,SAMSUNG MZVLQ512HBLU-00B,PASSED,2,99,64,10.5,391,0
8/8/2026 21:46,yathiswar,15.1,1700,48.9,8215.8,62.8,0,200.41,0,0,281,System Idle Process,0,msedgewebview2.exe,7912,SAMSUNG MZVLQ512HBLU-00B,PASSED,2,99,66,10.5,391,0
8/8/2026 21:46,yathiswar,9.8,1700,48.4,8288.07,62.7,0,170.63,0,0,281,System Idle Process,0,msedgewebview2.exe,7912,SAMSUNG MZVLQ512HBLU-00B,PASSED,2,99,65,10.5,391,0
8/8/2026 21:46,yathiswar,9.1,1700,48.8,8219.02,62.8,0,90.91,0,0,280,System Idle Process,0,msedgewebview2.exe,7912,SAMSUNG MZVLQ512HBLU-00B,PASSED,2,99,66,10.5,391,0
8/8/2026 21:46,yathiswar,10.5,1700,48.8,8222.1,62.8,0.11,47.82,0,0.07,280,System Idle Process,0,msedgewebview2.exe,7912,SAMSUNG MZVLQ512HBLU-00B,PASSED,2,99,66,10.5,391,0
8/8/2026 21:46,yathiswar,9.4,1457,48.6,8251.34,62.7,0,94.98,0,0,280,System Idle Process,0,msedgewebview2.exe,7912,SAMSUNG MZVLQ512HBLU-00B,PASSED,2,99,65,10.5,391,0
8/8/2026 21:46,yathiswar,11.6,1700,48.8,8231.73,62.8,0,244.97,0,0,280,System Idle Process,0,msedgewebview2.exe,7912,SAMSUNG MZVLQ512HBLU-00B,PASSED,2,99,66,10.5,391,0
8/8/2026 21:46,yathiswar,9.5,1700,48.9,8215.57,62.8,0,134.51,0,0,280,System Idle Process,0,msedgewebview2.exe,7912,SAMSUNG MZVLQ512HBLU-00B,PASSED,2,99,65,10.5,391,0
8/8/2026 21:46,yathiswar,10.4,1700,48.5,8280.43,62.7,0,130.76,0,0,280,System Idle Process,0,msedgewebview2.exe,7912,SAMSUNG MZVLQ512HBLU-00B,PASSED,2,99,66,10.5,391,0
8/8/2026 21:46,yathiswar,10.6,1457,48.8,8224.7,62.8,0.02,59.87,0,0,280,System Idle Process,0,msedgewebview2.exe,7912,SAMSUNG MZVLQ512HBLU-00B,PASSED,2,99,66,10.5,391,0
8/8/2026 21:46,yathiswar,8.4,1700,48.5,8270.28,62.7,0,87.66,0,0,280,System Idle Process,0,msedgewebview2.exe,7912,SAMSUNG MZVLQ512HBLU-00B,PASSED,2,99,65,10.5,391,0
8/8/2026 21:46,yathiswar,13,1457,48.8,8229.12,62.8,0.05,254.23,0,0,280,System Idle Process,0,msedgewebview2.exe,7912,SAMSUNG MZVLQ512HBLU-00B,PASSED,2,99,66,10.5,391,0
8/8/2026 21:47,yathiswar,12.5,1700,48.8,8221.36,62.8,0.07,56.18,0,0,280,System Idle Process,0,msedgewebview2.exe,7912,SAMSUNG MZVLQ512HBLU-00B,PASSED,2,99,65,10.5,391,0
8/8/2026 21:47,yathiswar,12.2,1700,48.5,8277,62.7,0.04,179.31,0,0,280,System Idle Process,0,msedgewebview2.exe,7912,SAMSUNG MZVLQ512HBLU-00B,PASSED,2,99,65,10.5,391,0
8/8/2026 21:47,yathiswar,9.7,1700,48.9,8215.75,62.8,0.03,50.2,0,0,280,System Idle Process,0,msedgewebview2.exe,7912,SAMSUNG MZVLQ512HBLU-00B,PASSED,2,99,66,10.5,391,0
8/8/2026 21:47,yathiswar,9.7,1700,48.7,8236.96,62.8,0,51.21,0,0,280,System Idle Process,0,msedgewebview2.exe,7912,SAMSUNG MZVLQ512HBLU-00B,PASSED,2,99,65,10.5,391,0
8/8/2026 21:47,yathiswar,12,1700,48.9,8212.71,62.8,0,269.75,0,0,280,System Idle Process,0,msedgewebview2.exe,7912,SAMSUNG MZVLQ512HBLU-00B,PASSED,2,99,66,10.5,391,0
8/8/2026 21:47,yathiswar,9.3,1700,48.7,8234.76,62.8,0,85.33,0,0,280,System Idle Process,0,msedgewebview2.exe,7912,SAMSUNG MZVLQ512HBLU-00B,PASSED,2,99,65,10.5,391,0
8/8/2026 21:47,yathiswar,10,1457,48.8,8219.86,62.8,0,199.92,0,0,280,System Idle Process,0,msedgewebview2.exe,7912,SAMSUNG MZVLQ512HBLU-00B,PASSED,2,99,66,10.5,391,0
8/8/2026 21:47,yathiswar,8.1,1700,48.8,8234.17,62.8,0.01,53.96,0,0,280,System Idle Process,0,msedgewebview2.exe,7912,SAMSUNG MZVLQ512HBLU-00B,PASSED,2,99,65,10.5,391,0
8/8/2026 21:47,yathiswar,9.3,1700,48.8,8230.25,62.8,0.03,56.66,0,0,280,System Idle Process,0,msedgewebview2.exe,7912,SAMSUNG MZVLQ512HBLU-00B,PASSED,2,99,65,10.5,391,0
8/8/2026 21:47,yathiswar,15.2,1700,48.8,8227.71,62.8,0,258.47,0,0,280,System Idle Process,0,msedgewebview2.exe,7912,SAMSUNG MZVLQ512HBLU-00B,PASSED,2,99,65,10.5,391,0
8/8/2026 21:47,yathiswar,11.5,1700,48.8,8228.79,62.8,0.13,117.96,0,0,280,System Idle Process,0,msedgewebview2.exe,7912,SAMSUNG MZVLQ512HBLU-00B,PASSED,2,99,65,10.5,391,0
8/8/2026 21:47,yathiswar,11,1700,48.8,8224.34,62.8,0,147.99,0,0,280,System Idle Process,0,msedgewebview2.exe,7912,SAMSUNG MZVLQ512HBLU-00B,PASSED,2,99,66,10.5,391,0
8/8/2026 21:47,yathiswar,8.9,1700,48.6,8263.11,62.8,0,55.72,0,0,279,System Idle Process,0,msedgewebview2.exe,7912,SAMSUNG MZVLQ512HBLU-00B,PASSED,2,99,67,10.5,391,0
8/8/2026 21:47,yathiswar,16.4,1700,48.8,8229.08,62.7,0.08,106,0,0,280,System Idle Process,0,msedgewebview2.exe,7912,SAMSUNG MZVLQ512HBLU-00B,PASSED,2,99,64,10.5,391,0
8/8/2026 21:47,yathiswar,16.6,1700,48.9,8210.32,62.8,0.01,236.47,0,0,280,System Idle Process,0,msedgewebview2.exe,7912,SAMSUNG MZVLQ512HBLU-00B,PASSED,2,99,66,10.5,391,0
8/8/2026 21:47,yathiswar,11,1700,49,8192.3,62.8,0.01,102.01,0,0,280,System Idle Process,0,msedgewebview2.exe,7912,SAMSUNG MZVLQ512HBLU-00B,PASSED,2,99,65,10.5,391,0
8/8/2026 21:47,yathiswar,10.2,1700,49,8192.76,62.8,0.01,148.35,0,0,280,System Idle Process,0,msedgewebview2.exe,7912,SAMSUNG MZVLQ512HBLU-00B,PASSED,2,99,66,10.5,391,0
8/8/2026 21:47,yathiswar,13.5,1700,48.8,8223.27,62.8,0,44.2,0,0,280,System Idle Process,0,msedgewebview2.exe,7912,SAMSUNG MZVLQ512HBLU-00B,PASSED,2,99,66,10.5,391,0
8/8/2026 21:47,yathiswar,9.9,1700,48.8,8234.35,62.8,0,135.86,0,0,280,System Idle Process,0,msedgewebview2.exe,7912,SAMSUNG MZVLQ512HBLU-00B,PASSED,2,99,65,10.5,391,0
8/8/2026 21:47,yathiswar,11.5,1700,48.7,8237.49,62.8,0,222.75,0,0,280,System Idle Process,0,msedgewebview2.exe,7912,SAMSUNG MZVLQ512HBLU-00B,PASSED,2,99,66,10.5,391,0
8/8/2026 21:47,yathiswar,9,1700,48.5,8281.41,62.7,0,130.43,0,0,280,System Idle Process,0,msedgewebview2.exe,7912,SAMSUNG MZVLQ512HBLU-00B,PASSED,2,99,66,10.5,391,0
8/8/2026 21:47,yathiswar,11,1700,48.8,8229.97,62.8,0,126.88,0,0,280,System Idle Process,0,msedgewebview2.exe,7912,SAMSUNG MZVLQ512HBLU-00B,PASSED,2,99,66,10.5,391,0
8/8/2026 21:47,yathiswar,10.4,1457,48.7,8235.61,62.8,0.01,49.11,0,0,280,System Idle Process,0,msedgewebview2.exe,7912,SAMSUNG MZVLQ512HBLU-00B,PASSED,2,99,66,10.5,391,0
8/8/2026 21:47,yathiswar,12.3,1700,48.5,8276.82,62.7,0,116.18,0,0,280,System Idle Process,0,msedgewebview2.exe,7912,SAMSUNG MZVLQ512HBLU-00B,PASSED,2,99,65,10.5,391,0
8/8/2026 21:47,yathiswar,10.8,1700,48.7,8238.31,62.8,0,236.01,0,0,280,System Idle Process,0,msedgewebview2.exe,7912,SAMSUNG MZVLQ512HBLU-00B,PASSED,2,99,66,10.5,391,0
8/8/2026 21:48,yathiswar,9.5,1700,48.8,8231.12,62.8,0,92.83,0,0,280,System Idle Process,0,msedgewebview2.exe,7912,SAMSUNG MZVLQ512HBLU-00B,PASSED,2,99,65,10.5,391,0
8/8/2026 21:48,yathiswar,11.3,1457,48.4,8293.55,62.8,0.03,159.16,0,0,278,System Idle Process,0,msedgewebview2.exe,7912,SAMSUNG MZVLQ512HBLU-00B,PASSED,2,99,66,10.5,391,0
8/8/2026 21:48,yathiswar,9.7,1700,48.4,8296.73,62.8,0,60.35,0,0,278,System Idle Process,0,msedgewebview2.exe,7912,SAMSUNG MZVLQ512HBLU-00B,PASSED,2,99,67,10.5,391,0
8/8/2026 21:48,yathiswar,12.2,1700,48.6,8254.44,62.8,0.03,90.84,0,0,279,System Idle Process,0,msedgewebview2.exe,7912,SAMSUNG MZVLQ512HBLU-00B,PASSED,2,99,65,10.5,391,0
8/8/2026 21:48,yathiswar,11.8,1457,48.6,8259.13,62.8,0,254.13,0,0,279,System Idle Process,0,msedgewebview2.exe,7912,SAMSUNG MZVLQ512HBLU-00B,PASSED,2,99,66,10.5,391,0
8/8/2026 21:48,yathiswar,9.4,1700,48.5,8270.91,62.7,0,126.86,0,0,279,System Idle Process,0,msedgewebview2.exe,7912,SAMSUNG MZVLQ512HBLU-00B,PASSED,2,99,65,10.5,391,0
8/8/2026 21:48,yathiswar,16.1,1700,48.8,8222.07,62.8,0,135.81,0,0,279,System Idle Process,0,msedgewebview2.exe,7912,SAMSUNG MZVLQ512HBLU-00B,PASSED,2,99,67,10.5,391,0
8/8/2026 21:48,yathiswar,8.1,1700,48.1,8340.19,62.8,0.01,47.68,0,0,279,System Idle Process,0,msedgewebview2.exe,7912,SAMSUNG MZVLQ512HBLU-00B,PASSED,2,99,66,10.5,391,0
8/8/2026 21:48,yathiswar,10.6,1700,48.1,8339.6,62.8,0,89.88,0,0,279,System Idle Process,0,msedgewebview2.exe,7912,SAMSUNG MZVLQ512HBLU-00B,PASSED,2,99,65,10.5,391,0
8/8/2026 21:48,yathiswar,11.3,1700,48.2,8326.04,62.8,0,258.96,0,0,279,System Idle Process,0,msedgewebview2.exe,7912,SAMSUNG MZVLQ512HBLU-00B,PASSED,2,99,65,10.5,391,0
8/8/2026 21:48,yathiswar,12.7,1700,47.9,8367.2,62.7,1.16,93.84,0,0,279,System Idle Process,0,msedgewebview2.exe,7912,SAMSUNG MZVLQ512HBLU-00B,PASSED,2,99,66,10.5,391,0
8/8/2026 21:48,yathiswar,11.3,1700,48.1,8345.11,62.8,0.01,163.2,0,0,279,System Idle Process,0,msedgewebview2.exe,7912,SAMSUNG MZVLQ512HBLU-00B,PASSED,2,99,67,10.5,391,0
8/8/2026 21:48,yathiswar,7.6,1700,48,8354.45,62.8,0.01,54.61,0,0,279,System Idle Process,0,msedgewebview2.exe,7912,SAMSUNG MZVLQ512HBLU-00B,PASSED,2,99,66,10.5,391,0
8/8/2026 21:48,yathiswar,9.7,1700,48.1,8344.73,62.8,0.03,58.74,0,0,279,System Idle Process,0,msedgewebview2.exe,7912,SAMSUNG MZVLQ512HBLU-00B,PASSED,2,99,64,10.5,391,0
8/8/2026 21:48,yathiswar,14.3,1700,48,8353.31,62.8,0,231.76,0,0,279,System Idle Process,0,msedgewebview2.exe,7912,SAMSUNG MZVLQ512HBLU-00B,PASSED,2,99,66,10.5,391,0
8/8/2026 21:48,yathiswar,10.5,1700,48,8355.96,62.7,0,127.51,0,0,279,System Idle Process,0,msedgewebview2.exe,7912,SAMSUNG MZVLQ512HBLU-00B,PASSED,2,99,65,10.5,391,0
8/8/2026 21:48,yathiswar,10.5,1457,47.8,8383.47,62.8,0.03,133.02,0,0,278,System Idle Process,0,msedgewebview2.exe,7912,SAMSUNG MZVLQ512HBLU-00B,PASSED,2,99,66,10.5,391,0
8/8/2026 21:48,yathiswar,10.4,1700,47.8,8386.03,62.8,0,51.66,0,0,278,System Idle Process,0,msedgewebview2.exe,7912,SAMSUNG MZVLQ512HBLU-00B,PASSED,2,99,66,10.5,391,0
8/8/2026 21:48,yathiswar,9.4,1700,47.5,8438.95,62.7,0,50.29,0,0,278,System Idle Process,0,msedgewebview2.exe,7912,SAMSUNG MZVLQ512HBLU-00B,PASSED,2,99,65,10.5,391,0
8/8/2026 21:48,yathiswar,13.1,1700,47.8,8386.08,62.8,0,269.66,0,0,278,System Idle Process,0,msedgewebview2.exe,7912,SAMSUNG MZVLQ512HBLU-00B,PASSED,2,99,66,10.5,391,0
8/8/2026 21:48,yathiswar,7.7,1457,47.8,8391.14,62.8,0,54.39,0,0,278,System Idle Process,0,msedgewebview2.exe,7912,SAMSUNG MZVLQ512HBLU-00B,PASSED,2,99,65,10.5,391,0
8/8/2026 21:48,yathiswar,11,1700,47.8,8387.8,62.8,0,196.24,0,0,278,System Idle Process,0,msedgewebview2.exe,7912,SAMSUNG MZVLQ512HBLU-00B,PASSED,2,99,66,10.5,391,0
8/8/2026 21:48,yathiswar,14.2,1700,48.2,8320.25,62.8,0.03,54.24,0,0,280,System Idle Process,0,msedgewebview2.exe,7912,SAMSUNG MZVLQ512HBLU-00B,PASSED,2,99,66,10.5,391,0
8/8/2026 21:48,yathiswar,11.2,1700,48.2,8326.92,62.8,0,60.03,0,0,280,System Idle Process,0,msedgewebview2.exe,7912,SAMSUNG MZVLQ512HBLU-00B,PASSED,2,99,65,10.5,391,0
8/8/2026 21:48,yathiswar,15.2,1700,48.2,8322.39,62.8,0.02,258.57,0,0,280,System Idle Process,0,msedgewebview2.exe,7912,SAMSUNG MZVLQ512HBLU-00B,PASSED,2,99,65,10.5,391,0
8/8/2026 21:49,yathiswar,11.4,1700,48.2,8317.14,62.8,0,56.44,0,0,280,System Idle Process,0,msedgewebview2.exe,7912,SAMSUNG MZVLQ512HBLU-00B,PASSED,2,99,65,10.5,391,0
8/8/2026 21:49,yathiswar,13.3,1700,48.3,8308.4,62.8,0,187.39,0,0,280,System Idle Process,0,msedgewebview2.exe,7912,SAMSUNG MZVLQ512HBLU-00B,PASSED,2,99,66,10.5,391,0
8/8/2026 21:49,yathiswar,9.9,1700,48.3,8309.54,62.8,0,60.69,0,0,280,System Idle Process,0,msedgewebview2.exe,7912,SAMSUNG MZVLQ512HBLU-00B,PASSED,2,99,66,10.5,391,0
8/8/2026 21:49,yathiswar,10.4,1700,48.2,8320,62.8,0,53.54,0,0,280,System Idle Process,0,msedgewebview2.exe,7912,SAMSUNG MZVLQ512HBLU-00B,PASSED,2,99,65,10.5,391,0
8/8/2026 21:49,yathiswar,13.8,1700,48.3,8314.48,62.8,0.01,240.09,0,0,280,System Idle Process,0,msedgewebview2.exe,7912,SAMSUNG MZVLQ512HBLU-00B,PASSED,2,99,65,10.5,391,0
8/8/2026 21:49,yathiswar,12.2,1700,48.3,8311.25,62.8,0,91.6,0,0,280,System Idle Process,0,msedgewebview2.exe,7912,SAMSUNG MZVLQ512HBLU-00B,PASSED,2,99,65,10.5,391,0
8/8/2026 21:49,yathiswar,10.3,1700,48.3,8314.25,62.8,0,150.3,0,0,280,System Idle Process,0,msedgewebview2.exe,7912,SAMSUNG MZVLQ512HBLU-00B,PASSED,2,99,66,10.5,391,0
8/8/2026 21:49,yathiswar,8.7,1700,48.1,8336.93,62.8,0,52.26,0,0,280,System Idle Process,0,msedgewebview2.exe,7912,SAMSUNG MZVLQ512HBLU-00B,PASSED,2,99,66,10.5,391,0
8/8/2026 21:49,yathiswar,10.8,1700,48.3,8312.21,62.8,0.02,196.09,0,0,280,System Idle Process,0,msedgewebview2.exe,7912,SAMSUNG MZVLQ512HBLU-00B,PASSED,2,99,65,10.5,391,0
8/8/2026 21:49,yathiswar,11.7,1700,48.2,8330.34,62.8,0,166.15,0,0,280,System Idle Process,0,msedgewebview2.exe,7912,SAMSUNG MZVLQ512HBLU-00B,PASSED,2,99,66,10.5,391,0
8/8/2026 21:49,yathiswar,12.2,1700,48,8358.34,62.7,0,173.7,0,0,280,System Idle Process,0,msedgewebview2.exe,7912,SAMSUNG MZVLQ512HBLU-00B,PASSED,2,99,65,10.5,391,0
8/8/2026 21:49,yathiswar,9.7,1700,48.2,8319.27,62.8,0,75.95,0,0,280,System Idle Process,0,msedgewebview2.exe,7912,SAMSUNG MZVLQ512HBLU-00B,PASSED,2,99,66,10.5,391,0
8/8/2026 21:49,yathiswar,7.5,1700,48.2,8329,62.8,0,56.2,0,0,279,System Idle Process,0,msedgewebview2.exe,7912,SAMSUNG MZVLQ512HBLU-00B,PASSED,2,99,66,10.5,391,0
8/8/2026 21:49,yathiswar,9.9,1700,48.1,8342.44,62.8,0,145.36,0,0,279,System Idle Process,0,msedgewebview2.exe,7912,SAMSUNG MZVLQ512HBLU-00B,PASSED,2,99,65,10.5,391,0
8/8/2026 21:49,yathiswar,12.3,1700,48.1,8345.49,62.8,0,198.94,0,0,279,System Idle Process,0,msedgewebview2.exe,7912,SAMSUNG MZVLQ512HBLU-00B,PASSED,2,99,66,10.5,391,0
8/8/2026 21:49,yathiswar,12.5,1700,48.1,8333.16,62.8,0,145.9,0,0,279,System Idle Process,0,msedgewebview2.exe,7912,SAMSUNG MZVLQ512HBLU-00B,PASSED,2,99,66,10.5,391,0
8/8/2026 21:49,yathiswar,10.9,1700,48.1,8335.76,62.8,0,107.9,0,0,279,System Idle Process,0,msedgewebview2.exe,7912,SAMSUNG MZVLQ512HBLU-00B,PASSED,2,99,66,10.5,391,0
8/8/2026 21:49,yathiswar,8.5,1700,47.8,8390.17,62.7,0,41.48,0,0,279,System Idle Process,0,msedgewebview2.exe,7912,SAMSUNG MZVLQ512HBLU-00B,PASSED,2,99,66,10.5,391,0
8/8/2026 21:49,yathiswar,9.9,1700,48.1,8333.11,62.8,0,52.13,0,0,279,System Idle Process,0,msedgewebview2.exe,7912,SAMSUNG MZVLQ512HBLU-00B,PASSED,2,99,66,10.5,391,0
8/8/2026 21:49,yathiswar,11.9,1700,48.1,8338.69,62.8,0,153.46,0,0,279,System Idle Process,0,msedgewebview2.exe,7912,SAMSUNG MZVLQ512HBLU-00B,PASSED,2,99,65,10.5,391,0
8/8/2026 21:49,yathiswar,9.4,1457,48.2,8329.57,62.8,0,125.12,0,0,279,System Idle Process,0,msedgewebview2.exe,7912,SAMSUNG MZVLQ512HBLU-00B,PASSED,2,99,65,10.5,391,0
8/8/2026 21:49,yathiswar,11.4,1700,48.1,8334.56,62.8,0,240.42,0,0,279,System Idle Process,0,msedgewebview2.exe,7912,SAMSUNG MZVLQ512HBLU-00B,PASSED,2,99,66,10.5,391,0
8/8/2026 21:49,yathiswar,10.9,1700,48.2,8328.29,62.8,0,68.43,0,0,279,System Idle Process,0,msedgewebview2.exe,7912,SAMSUNG MZVLQ512HBLU-00B,PASSED,2,99,66,10.5,391,0
8/8/2026 21:49,yathiswar,8.1,1700,48.1,8342.16,62.8,0,58.19,0,0,279,System Idle Process,0,msedgewebview2.exe,7912,SAMSUNG MZVLQ512HBLU-00B,PASSED,2,99,66,10.5,391,0
8/8/2026 21:49,yathiswar,10.1,1700,47.9,8363.42,62.8,0,68.64,0,0,278,System Idle Process,0,msedgewebview2.exe,7912,SAMSUNG MZVLQ512HBLU-00B,PASSED,2,99,65,10.5,391,0
8/8/2026 21:50,yathiswar,12.5,1457,48,8360.82,62.8,0,171.03,0,0,278,System Idle Process,0,msedgewebview2.exe,7912,SAMSUNG MZVLQ512HBLU-00B,PASSED,2,99,66,10.5,391,0
8/8/2026 21:50,yathiswar,11.5,1700,47.9,8374.7,62.8,0.01,119.38,0,0,278,System Idle Process,0,msedgewebview2.exe,7912,SAMSUNG MZVLQ512HBLU-00B,PASSED,2,99,64,10.5,391,0
8/8/2026 21:50,yathiswar,13.3,1700,48,8360.99,62.8,0,158.9,0,0,278,System Idle Process,0,msedgewebview2.exe,7912,SAMSUNG MZVLQ512HBLU-00B,PASSED,2,99,65,10.5,391,0
8/8/2026 21:50,yathiswar,9,1700,47.9,8378.03,62.8,0,53.2,0,0,278,System Idle Process,0,msedgewebview2.exe,7912,SAMSUNG MZVLQ512HBLU-00B,PASSED,2,99,66,10.5,391,0
8/8/2026 21:50,yathiswar,8.5,1457,47.5,8430.09,62.7,0,76.04,0,0,278,System Idle Process,0,msedgewebview2.exe,7912,SAMSUNG MZVLQ512HBLU-00B,PASSED,2,99,65,10.5,391,0
8/8/2026 21:50,yathiswar,12.3,1700,47.9,8377.64,62.8,0,168.13,0,0,278,System Idle Process,0,msedgewebview2.exe,7912,SAMSUNG MZVLQ512HBLU-00B,PASSED,2,99,65,10.5,391,0
8/8/2026 21:50,yathiswar,8.9,1457,47.9,8365.72,62.8,0,61.36,0,0,278,System Idle Process,0,msedgewebview2.exe,7912,SAMSUNG MZVLQ512HBLU-00B,PASSED,2,99,65,10.5,391,0
8/8/2026 21:50,yathiswar,11.7,1700,47.8,8382.62,62.8,0,226.36,0,0,278,System Idle Process,0,msedgewebview2.exe,7912,SAMSUNG MZVLQ512HBLU-00B,PASSED,2,99,66,10.5,391,0
8/8/2026 21:50,yathiswar,8.8,1700,47.8,8380.57,62.8,0,59.46,0,0,278,System Idle Process,0,msedgewebview2.exe,7912,SAMSUNG MZVLQ512HBLU-00B,PASSED,2,99,66,10.5,391,0
8/8/2026 21:50,yathiswar,9.5,1700,47.9,8375.34,62.8,0,59.55,0,0,278,System Idle Process,0,msedgewebview2.exe,7912,SAMSUNG MZVLQ512HBLU-00B,PASSED,2,99,66,10.5,391,0
8/8/2026 21:50,yathiswar,11.8,1700,47.9,8371.14,62.8,0,61.63,0,0,278,System Idle Process,0,msedgewebview2.exe,7912,SAMSUNG MZVLQ512HBLU-00B,PASSED,2,99,64,10.5,391,0
8/8/2026 21:50,yathiswar,12.7,1700,47.9,8371.96,62.8,0,167.01,0,0,278,System Idle Process,0,msedgewebview2.exe,7912,SAMSUNG MZVLQ512HBLU-00B,PASSED,2,99,65,10.5,391,0
8/8/2026 21:50,yathiswar,11.2,1700,47.8,8379.44,62.8,0,143.32,0,0,278,System Idle Process,0,msedgewebview2.exe,7912,SAMSUNG MZVLQ512HBLU-00B,PASSED,2,99,65,10.5,391,0
8/8/2026 21:50,yathiswar,9.6,1700,47.9,8374.86,62.8,0,126.45,0,0,278,System Idle Process,0,msedgewebview2.exe,7912,SAMSUNG MZVLQ512HBLU-00B,PASSED,2,99,65,10.5,391,0
8/8/2026 21:50,yathiswar,12.1,1700,48,8362.09,62.8,0.01,61.73,0,0,278,System Idle Process,0,msedgewebview2.exe,7912,SAMSUNG MZVLQ512HBLU-00B,PASSED,2,99,66,10.5,391,0
8/8/2026 21:50,yathiswar,8.8,1700,47.9,8365.57,62.8,0,74.23,0,0,278,System Idle Process,0,msedgewebview2.exe,7912,SAMSUNG MZVLQ512HBLU-00B,PASSED,2,99,65,10.5,391,0
8/8/2026 21:50,yathiswar,9.8,1700,47.9,8371.61,62.8,0,177.19,0,0,278,System Idle Process,0,msedgewebview2.exe,7912,SAMSUNG MZVLQ512HBLU-00B,PASSED,2,99,66,10.5,391,0
8/8/2026 21:50,yathiswar,9.7,1700,47.8,8379.57,62.8,0,82.57,0,0,278,System Idle Process,0,msedgewebview2.exe,7912,SAMSUNG MZVLQ512HBLU-00B,PASSED,2,99,66,10.5,391,0
8/8/2026 21:50,yathiswar,10.3,1700,47.9,8376.53,62.8,0,231.99,0,0,278,System Idle Process,0,msedgewebview2.exe,7912,SAMSUNG MZVLQ512HBLU-00B,PASSED,2,99,65,10.5,391,0
8/8/2026 21:50,yathiswar,8.2,1457,47.9,8376.58,62.8,0,60.13,0,0,278,System Idle Process,0,msedgewebview2.exe,7912,SAMSUNG MZVLQ512HBLU-00B,PASSED,2,99,66,10.5,391,0
8/8/2026 21:50,yathiswar,10.6,1457,47.8,8381.36,62.8,0,82.08,0,0,278,System Idle Process,0,msedgewebview2.exe,7912,SAMSUNG MZVLQ512HBLU-00B,PASSED,2,99,64,10.5,391,0
8/8/2026 21:50,yathiswar,14.4,1457,47.9,8377.07,62.8,0,216.12,0,0,278,System Idle Process,0,msedgewebview2.exe,7912,SAMSUNG MZVLQ512HBLU-00B,PASSED,2,99,65,10.5,391,0
8/8/2026 21:50,yathiswar,10.6,1700,47.9,8378.7,62.8,0,90.37,0,0,277,System Idle Process,0,msedgewebview2.exe,7912,SAMSUNG MZVLQ512HBLU-00B,PASSED,2,99,66,10.5,391,0
8/8/2026 21:50,yathiswar,9.8,1457,47.8,8382.53,62.8,0.01,185.06,0,0,277,System Idle Process,0,msedgewebview2.exe,7912,SAMSUNG MZVLQ512HBLU-00B,PASSED,2,99,66,10.5,391,0
8/8/2026 21:50,yathiswar,9,1700,47.9,8373.11,62.8,0.06,55.53,0,0,277,System Idle Process,0,msedgewebview2.exe,7912,SAMSUNG MZVLQ512HBLU-00B,PASSED,2,99,66,10.5,391,0
8/8/2026 21:51,yathiswar,10.2,1700,47.9,8364.86,62.8,0,50.98,0,0,277,System Idle Process,0,msedgewebview2.exe,7912,SAMSUNG MZVLQ512HBLU-00B,PASSED,2,99,65,10.5,391,0
8/8/2026 21:51,yathiswar,13.5,1700,47.9,8377.44,62.8,0,200.71,0,0,277,System Idle Process,0,msedgewebview2.exe,7912,SAMSUNG MZVLQ512HBLU-00B,PASSED,2,99,65,10.5,391,0
8/8/2026 21:51,yathiswar,10.4,1700,47.6,8426.91,62.7,0,60.08,0,0,277,System Idle Process,0,msedgewebview2.exe,7912,SAMSUNG MZVLQ512HBLU-00B,PASSED,2,99,65,10.5,391,0
8/8/2026 21:51,yathiswar,10.8,1700,47.9,8378.69,62.8,0,226.6,0,0,277,System Idle Process,0,msedgewebview2.exe,7912,SAMSUNG MZVLQ512HBLU-00B,PASSED,2,99,65,10.5,391,0
8/8/2026 21:51,yathiswar,14.3,1700,48,8347.21,62.8,0,145.87,0,0,283,System Idle Process,0,msedgewebview2.exe,7912,SAMSUNG MZVLQ512HBLU-00B,PASSED,2,99,66,10.5,391,0
8/8/2026 21:51,yathiswar,9.1,1700,48.1,8346.02,62.8,0,65.28,0,0,283,System Idle Process,0,msedgewebview2.exe,7912,SAMSUNG MZVLQ512HBLU-00B,PASSED,2,99,66,10.5,391,0
8/8/2026 21:51,yathiswar,10.4,1457,47.9,8364.59,62.8,0,141.82,0,0,281,System Idle Process,0,msedgewebview2.exe,7912,SAMSUNG MZVLQ512HBLU-00B,PASSED,2,99,65,10.5,391,0
8/8/2026 21:51,yathiswar,8.9,1700,47.9,8365.04,62.8,0,62.74,0,0,281,System Idle Process,0,msedgewebview2.exe,7912,SAMSUNG MZVLQ512HBLU-00B,PASSED,2,99,65,10.5,391,0
8/8/2026 21:51,yathiswar,11.5,1700,47.7,8400.04,62.7,0,270.16,0,0,281,System Idle Process,0,msedgewebview2.exe,7912,SAMSUNG MZVLQ512HBLU-00B,PASSED,2,99,65,10.5,391,0
8/8/2026 21:51,yathiswar,11.1,1700,48,8357.91,62.8,0,111.83,0,0,281,System Idle Process,0,msedgewebview2.exe,7912,SAMSUNG MZVLQ512HBLU-00B,PASSED,2,99,66,10.5,391,0
8/8/2026 21:51,yathiswar,10.8,1700,48,8360.59,62.8,0,157.74,0,0,277,System Idle Process,0,msedgewebview2.exe,7912,SAMSUNG MZVLQ512HBLU-00B,PASSED,2,99,66,10.5,391,0
8/8/2026 21:51,yathiswar,9.5,1700,47.8,8381.67,62.8,0,87.51,0,0,277,System Idle Process,0,msedgewebview2.exe,7912,SAMSUNG MZVLQ512HBLU-00B,PASSED,2,99,65,10.5,391,0
8/8/2026 21:51,yathiswar,9.1,1700,47.9,8374.52,62.8,0,59.54,0,0,277,System Idle Process,0,msedgewebview2.exe,7912,SAMSUNG MZVLQ512HBLU-00B,PASSED,2,99,64,10.5,391,0
8/8/2026 21:51,yathiswar,13.3,1700,47.9,8369.07,62.8,0.01,243.66,0,0,277,System Idle Process,0,msedgewebview2.exe,7912,SAMSUNG MZVLQ512HBLU-00B,PASSED,2,99,65,10.5,391,0
8/8/2026 21:51,yathiswar,8.8,1700,47.9,8371.11,62.8,0.01,73.64,0,0,277,System Idle Process,0,msedgewebview2.exe,7912,SAMSUNG MZVLQ512HBLU-00B,PASSED,2,99,66,10.5,391,0
8/8/2026 21:51,yathiswar,10.1,1700,47.8,8379.41,62.8,0.01,136.6,0,0,277,System Idle Process,0,msedgewebview2.exe,7912,SAMSUNG MZVLQ512HBLU-00B,PASSED,2,99,66,10.5,391,0
8/8/2026 21:51,yathiswar,9.3,1700,47.9,8375.16,62.8,0,80.62,0,0,277,System Idle Process,0,msedgewebview2.exe,7912,SAMSUNG MZVLQ512HBLU-00B,PASSED,2,99,66,10.5,391,0
8/8/2026 21:51,yathiswar,9,1700,47.9,8368.85,62.8,0.02,57.43,0,0,277,System Idle Process,0,msedgewebview2.exe,7912,SAMSUNG MZVLQ512HBLU-00B,PASSED,2,99,65,10.5,391,0
8/8/2026 21:51,yathiswar,13.1,1700,47.8,8380.41,62.8,0,234.52,0,0,277,System Idle Process,0,msedgewebview2.exe,7912,SAMSUNG MZVLQ512HBLU-00B,PASSED,2,99,65,10.5,391,0
8/8/2026 21:51,yathiswar,8.5,1700,47.8,8385.64,62.8,0.01,87.81,0,0,277,System Idle Process,0,msedgewebview2.exe,7912,SAMSUNG MZVLQ512HBLU-00B,PASSED,2,99,66,10.5,391,0
8/8/2026 21:51,yathiswar,9.9,1700,47.9,8378.07,62.8,0,148.24,0,0,277,System Idle Process,0,msedgewebview2.exe,7912,SAMSUNG MZVLQ512HBLU-00B,PASSED,2,99,66,10.5,391,0
8/8/2026 21:51,yathiswar,9.6,1700,47.8,8382.36,62.8,0.06,90.59,0,0,277,System Idle Process,0,msedgewebview2.exe,7912,SAMSUNG MZVLQ512HBLU-00B,PASSED,2,99,65,10.5,391,0
8/8/2026 21:51,yathiswar,11.9,1700,47.9,8377.05,62.8,0,78.08,0,0,277,System Idle Process,0,msedgewebview2.exe,7912,SAMSUNG MZVLQ512HBLU-00B,PASSED,2,99,65,10.5,391,0
8/8/2026 21:51,yathiswar,12.4,1457,47.9,8371.14,62.8,0.01,295.77,0,0,277,System Idle Process,0,msedgewebview2.exe,7912,SAMSUNG MZVLQ512HBLU-00B,PASSED,2,99,65,10.5,391,0
8/8/2026 21:52,yathiswar,9.7,1700,47.9,8373.01,62.8,0,88.67,0,0,277,System Idle Process,0,msedgewebview2.exe,7912,SAMSUNG MZVLQ512HBLU-00B,PASSED,2,99,65,10.5,391,0
8/8/2026 21:52,yathiswar,11.3,1700,47.9,8372.95,62.8,0.01,131.87,0,0,277,System Idle Process,0,msedgewebview2.exe,7912,SAMSUNG MZVLQ512HBLU-00B,PASSED,2,99,65,10.5,391,0
8/8/2026 21:52,yathiswar,11.4,1700,47.9,8368.69,62.8,0,89.91,0,0,277,System Idle Process,0,msedgewebview2.exe,7912,SAMSUNG MZVLQ512HBLU-00B,PASSED,2,99,66,10.5,391,0
8/8/2026 21:52,yathiswar,13.6,1700,47.9,8378.2,62.8,0,178.53,0,0,277,System Idle Process,0,msedgewebview2.exe,7912,SAMSUNG MZVLQ512HBLU-00B,PASSED,2,99,65,10.5,391,0
8/8/2026 21:52,yathiswar,11.6,1700,47.8,8383.14,62.8,0,193.34,0,0,277,System Idle Process,0,msedgewebview2.exe,7912,SAMSUNG MZVLQ512HBLU-00B,PASSED,2,99,66,10.5,391,0
8/8/2026 21:52,yathiswar,10.9,1700,47.9,8378.74,62.8,0.01,143.25,0,0,277,System Idle Process,0,msedgewebview2.exe,7912,SAMSUNG MZVLQ512HBLU-00B,PASSED,2,99,66,10.5,391,0
8/8/2026 21:52,yathiswar,8.7,1700,47.8,8379.71,62.8,0.01,80.15,0,0,277,System Idle Process,0,msedgewebview2.exe,7912,SAMSUNG MZVLQ512HBLU-00B,PASSED,2,99,66,10.5,391,0
8/8/2026 21:52,yathiswar,11,1700,47.8,8389.09,62.8,0,77.14,0,0,277,System Idle Process,0,msedgewebview2.exe,7912,SAMSUNG MZVLQ512HBLU-00B,PASSED,2,99,66,10.5,391,0
8/8/2026 21:52,yathiswar,12.4,1700,47.5,8435.72,62.7,0.01,144.64,0,0,277,System Idle Process,0,msedgewebview2.exe,7912,SAMSUNG MZVLQ512HBLU-00B,PASSED,2,99,65,10.5,391,0
8/8/2026 21:52,yathiswar,12.1,1700,47.8,8387.5,62.8,0.02,169.84,0,0,277,System Idle Process,0,msedgewebview2.exe,7912,SAMSUNG MZVLQ512HBLU-00B,PASSED,2,99,66,10.5,391,0
8/8/2026 21:52,yathiswar,11.6,1457,47.9,8370.59,62.8,0.03,149.69,0,0,277,System Idle Process,0,msedgewebview2.exe,7912,SAMSUNG MZVLQ512HBLU-00B,PASSED,2,99,66,10.5,391,0
8/8/2026 21:52,yathiswar,9.4,1457,47.9,8376.33,62.8,0.01,99.29,0,0,277,System Idle Process,0,msedgewebview2.exe,7912,SAMSUNG MZVLQ512HBLU-00B,PASSED,2,99,66,10.5,391,0
8/8/2026 21:52,yathiswar,8.3,1700,47.9,8374.81,62.8,0.01,57.14,0,0,277,System Idle Process,0,msedgewebview2.exe,7912,SAMSUNG MZVLQ512HBLU-00B,PASSED,2,99,66,10.5,391,0
8/8/2026 21:52,yathiswar,7.8,1700,47.9,8376.2,62.8,0.01,75.4,0,0,277,System Idle Process,0,msedgewebview2.exe,7912,SAMSUNG MZVLQ512HBLU-00B,PASSED,2,99,66,10.5,391,0
8/8/2026 21:52,yathiswar,13,1700,47.8,8382.55,62.8,0.02,263.89,0,0,277,System Idle Process,0,msedgewebview2.exe,7912,SAMSUNG MZVLQ512HBLU-00B,PASSED,2,99,66,10.5,391,0
8/8/2026 21:52,yathiswar,9.6,1700,47.8,8384.28,62.8,0.01,75.89,0,0,277,System Idle Process,0,msedgewebview2.exe,7912,SAMSUNG MZVLQ512HBLU-00B,PASSED,2,99,65,10.5,391,0
8/8/2026 21:52,yathiswar,11.2,1457,47.8,8388.5,62.8,0.02,136.35,0,0,277,System Idle Process,0,msedgewebview2.exe,7912,SAMSUNG MZVLQ512HBLU-00B,PASSED,2,99,66,10.5,391,0
8/8/2026 21:52,yathiswar,9.5,1700,47.8,8387.86,62.8,0.01,79.96,0,0,277,System Idle Process,0,msedgewebview2.exe,7912,SAMSUNG MZVLQ512HBLU-00B,PASSED,2,99,67,10.5,391,0
8/8/2026 21:52,yathiswar,10.6,1457,47.8,8390.3,62.8,0.01,77.62,0,0,277,System Idle Process,0,msedgewebview2.exe,7912,SAMSUNG MZVLQ512HBLU-00B,PASSED,2,99,66,10.5,391,0
8/8/2026 21:52,yathiswar,11.4,1700,47.8,8388.71,62.8,0.01,114.07,0,0,277,System Idle Process,0,msedgewebview2.exe,7912,SAMSUNG MZVLQ512HBLU-00B,PASSED,2,99,66,10.5,391,0
8/8/2026 21:52,yathiswar,10.6,1700,47.8,8385.24,62.8,0.03,167.19,0,0,277,System Idle Process,0,msedgewebview2.exe,7912,SAMSUNG MZVLQ512HBLU-00B,PASSED,2,99,66,10.5,391,0
8/8/2026 21:52,yathiswar,9.6,1700,47.9,8375.08,62.8,0.01,102.08,0,0,277,System Idle Process,0,msedgewebview2.exe,7912,SAMSUNG MZVLQ512HBLU-00B,PASSED,2,99,66,10.5,391,0
8/8/2026 21:52,yathiswar,11,1700,47.8,8380.96,62.8,0.01,99.07,0,0,277,System Idle Process,0,msedgewebview2.exe,7912,SAMSUNG MZVLQ512HBLU-00B,PASSED,2,99,66,10.5,391,0
8/8/2026 21:52,yathiswar,10.9,1457,47.8,8379.99,62.8,0.01,93.09,0,0,277,System Idle Process,0,msedgewebview2.exe,7912,SAMSUNG MZVLQ512HBLU-00B,PASSED,2,99,66,10.5,391,0
8/8/2026 21:52,yathiswar,10.4,1700,47.9,8373.04,62.8,0.01,55.71,0,0,277,System Idle Process,0,msedgewebview2.exe,7912,SAMSUNG MZVLQ512HBLU-00B,PASSED,2,99,66,10.5,391,0
8/8/2026 21:53,yathiswar,12.6,1700,47.6,8413.28,62.7,0.02,155.71,0,0,277,System Idle Process,0,msedgewebview2.exe,7912,SAMSUNG MZVLQ512HBLU-00B,PASSED,2,99,66,10.5,391,0
8/8/2026 21:53,yathiswar,13.7,1700,47.9,8370.25,62.8,0.01,112.49,0,0,277,System Idle Process,0,msedgewebview2.exe,7912,SAMSUNG MZVLQ512HBLU-00B,PASSED,2,99,66,10.5,391,0
8/8/2026 21:53,yathiswar,11.5,1700,47.6,8414.88,62.7,0.02,156.47,0,0,277,System Idle Process,0,msedgewebview2.exe,7912,SAMSUNG MZVLQ512HBLU-00B,PASSED,2,99,66,10.5,391,0
8/8/2026 21:53,yathiswar,9.2,1700,47.5,8432.12,62.7,0.01,165.45,0,0,277,System Idle Process,0,msedgewebview2.exe,7912,SAMSUNG MZVLQ512HBLU-00B,PASSED,2,99,66,10.5,391,0
8/8/2026 21:53,yathiswar,8.3,1700,47.8,8379.66,62.8,0,54.48,0,0,277,System Idle Process,0,msedgewebview2.exe,7912,SAMSUNG MZVLQ512HBLU-00B,PASSED,2,99,66,10.5,391,0
8/8/2026 21:53,yathiswar,11.6,1700,47.5,8428.74,62.7,0.02,251.55,0,0,277,System Idle Process,0,msedgewebview2.exe,7912,SAMSUNG MZVLQ512HBLU-00B,PASSED,2,99,65,10.5,391,0
8/8/2026 21:53,yathiswar,10.7,1700,47.9,8369.93,62.8,0.01,60.49,0,0,277,System Idle Process,0,msedgewebview2.exe,7912,SAMSUNG MZVLQ512HBLU-00B,PASSED,2,99,66,10.5,391,0
8/8/2026 21:53,yathiswar,10.4,1700,47.9,8376.01,62.8,0.02,150.49,0,0,277,System Idle Process,0,msedgewebview2.exe,7912,SAMSUNG MZVLQ512HBLU-00B,PASSED,2,99,66,10.5,391,0
8/8/2026 21:53,yathiswar,10.5,1700,47.8,8382.66,62.8,0.09,174.1,0,0,277,System Idle Process,0,msedgewebview2.exe,7912,SAMSUNG MZVLQ512HBLU-00B,PASSED,2,99,67,10.5,391,0
8/8/2026 21:53,yathiswar,10,1457,47.8,8381.16,62.8,0.01,51.12,0,0,277,System Idle Process,0,msedgewebview2.exe,7912,SAMSUNG MZVLQ512HBLU-00B,PASSED,2,99,66,10.5,391,0
8/8/2026 21:53,yathiswar,13.1,1457,47.7,8400.02,62.8,0.03,234.62,0,0,277,System Idle Process,0,msedgewebview2.exe,7912,SAMSUNG MZVLQ512HBLU-00B,PASSED,2,99,67,10.5,391,0
8/8/2026 21:53,yathiswar,8.9,1457,47.8,8389.44,62.8,0.05,56.85,0,0,277,System Idle Process,0,msedgewebview2.exe,7912,SAMSUNG MZVLQ512HBLU-00B,PASSED,2,99,66,10.5,391,0
8/8/2026 21:53,yathiswar,10.7,1700,47.9,8378.91,62.8,0.02,146.4,0,0,277,System Idle Process,0,msedgewebview2.exe,7912,SAMSUNG MZVLQ512HBLU-00B,PASSED,2,99,67,10.5,391,0
8/8/2026 21:53,yathiswar,9.8,1700,47.8,8379.61,62.8,0.2,165.67,0,0,277,System Idle Process,0,msedgewebview2.exe,7912,SAMSUNG MZVLQ512HBLU-00B,PASSED,2,99,66,10.5,391,0
8/8/2026 21:53,yathiswar,8.6,1700,47.9,8372.25,62.8,0,51.17,0,0,277,System Idle Process,0,msedgewebview2.exe,7912,SAMSUNG MZVLQ512HBLU-00B,PASSED,2,99,66,10.5,391,0
8/8/2026 21:53,yathiswar,15,1700,47.9,8378.55,62.8,0.03,213.88,0,0,277,System Idle Process,0,msedgewebview2.exe,7912,SAMSUNG MZVLQ512HBLU-00B,PASSED,2,99,67,10.5,391,0
8/8/2026 21:53,yathiswar,10.3,1700,47.8,8390.95,62.7,0.02,62.99,0,0,277,System Idle Process,0,msedgewebview2.exe,7912,SAMSUNG MZVLQ512HBLU-00B,PASSED,2,99,66,10.5,391,0
8/8/2026 21:53,yathiswar,10.3,1700,47.8,8381.56,62.8,0.19,135.16,0,0,277,System Idle Process,0,msedgewebview2.exe,7912,SAMSUNG MZVLQ512HBLU-00B,PASSED,2,99,66,10.5,391,0
8/8/2026 21:53,yathiswar,9.4,1457,47.8,8381.09,62.8,0.03,174.91,0,0,277,System Idle Process,0,msedgewebview2.exe,7912,SAMSUNG MZVLQ512HBLU-00B,PASSED,2,99,67,10.5,391,0
8/8/2026 21:53,yathiswar,7.6,1700,47.8,8383.54,62.8,0.01,49.09,0,0,277,System Idle Process,0,msedgewebview2.exe,7912,SAMSUNG MZVLQ512HBLU-00B,PASSED,2,99,66,10.5,391,0
8/8/2026 21:53,yathiswar,11.6,1457,47.9,8376.73,62.8,0.04,240.43,0,0,277,System Idle Process,0,msedgewebview2.exe,7912,SAMSUNG MZVLQ512HBLU-00B,PASSED,2,99,66,10.5,391,0
8/8/2026 21:53,yathiswar,9.5,1700,47.9,8368.57,62.8,0,65.07,0,0,277,System Idle Process,0,msedgewebview2.exe,7912,SAMSUNG MZVLQ512HBLU-00B,PASSED,2,99,66,10.5,391,0
8/8/2026 21:53,yathiswar,10.9,1700,47.9,8371.78,62.8,0,138.25,0,0,277,System Idle Process,0,msedgewebview2.exe,7912,SAMSUNG MZVLQ512HBLU-00B,PASSED,2,99,64,10.5,391,0
8/8/2026 21:53,yathiswar,14.5,1457,47.9,8369.04,62.8,0.15,133.63,0,0,277,System Idle Process,0,msedgewebview2.exe,7912,SAMSUNG MZVLQ512HBLU-00B,PASSED,2,99,66,10.5,391,0
8/8/2026 21:53,yathiswar,8.9,1700,47.9,8376.6,62.8,0.01,43.14,0,0,277,System Idle Process,0,msedgewebview2.exe,7912,SAMSUNG MZVLQ512HBLU-00B,PASSED,2,99,66,10.5,391,0
8/8/2026 21:54,yathiswar,12.2,1700,47.8,8380.83,62.8,0.02,249.67,0,0,277,System Idle Process,0,msedgewebview2.exe,7912,SAMSUNG MZVLQ512HBLU-00B,PASSED,2,99,66,10.5,391,0
8/8/2026 21:54,yathiswar,9.9,1700,47.4,8445.59,62.7,0,80.37,0,0,277,System Idle Process,0,msedgewebview2.exe,7912,SAMSUNG MZVLQ512HBLU-00B,PASSED,2,99,66,10.5,391,0
8/8/2026 21:54,yathiswar,11.2,1700,47.8,8390.27,62.8,0.03,130.96,0,0,277,System Idle Process,0,msedgewebview2.exe,7912,SAMSUNG MZVLQ512HBLU-00B,PASSED,2,99,66,10.5,391,0
8/8/2026 21:54,yathiswar,12.1,1700,47.7,8399.01,62.7,0.06,165,0,0,277,System Idle Process,0,msedgewebview2.exe,7912,SAMSUNG MZVLQ512HBLU-00B,PASSED,2,99,66,10.5,391,0
8/8/2026 21:54,yathiswar,8.7,1700,47.8,8379.24,62.8,0,47.96,0,0,277,System Idle Process,0,msedgewebview2.exe,7912,SAMSUNG MZVLQ512HBLU-00B,PASSED,2,99,65,10.5,391,0
8/8/2026 21:54,yathiswar,14.9,1700,47.8,8391.21,62.8,0,279.89,0,0,277,System Idle Process,0,msedgewebview2.exe,7912,SAMSUNG MZVLQ512HBLU-00B,PASSED,2,99,65,10.5,391,0
8/8/2026 21:54,yathiswar,10.6,1700,47.8,8388.56,62.8,0,98.67,0,0,277,System Idle Process,0,msedgewebview2.exe,7912,SAMSUNG MZVLQ512HBLU-00B,PASSED,2,99,66,10.6,391,0
8/8/2026 21:54,yathiswar,10.2,1700,47.7,8396.41,62.8,0.06,141.15,0,0,277,System Idle Process,0,msedgewebview2.exe,7912,SAMSUNG MZVLQ512HBLU-00B,PASSED,2,99,65,10.6,391,0
8/8/2026 21:54,yathiswar,7.8,1457,47.8,8393.53,62.8,0,53.82,0,0,277,System Idle Process,0,msedgewebview2.exe,7912,SAMSUNG MZVLQ512HBLU-00B,PASSED,2,99,66,10.6,391,0
8/8/2026 21:54,yathiswar,10.5,1457,47.8,8381.82,62.8,0,171.86,0,0,277,System Idle Process,0,msedgewebview2.exe,7912,SAMSUNG MZVLQ512HBLU-00B,PASSED,2,99,65,10.6,391,0
8/8/2026 21:54,yathiswar,12.9,1700,47.8,8382.47,62.8,0.02,278.8,0,0,277,System Idle Process,0,msedgewebview2.exe,7912,SAMSUNG MZVLQ512HBLU-00B,PASSED,2,99,66,10.6,391,0
8/8/2026 21:54,yathiswar,10.7,1700,47.8,8381.67,62.8,0.04,101.9,0,0,277,System Idle Process,0,msedgewebview2.exe,7912,SAMSUNG MZVLQ512HBLU-00B,PASSED,2,99,65,10.6,391,0
8/8/2026 21:54,yathiswar,9.8,1700,47.8,8391.45,62.8,0,112.61,0,0,277,System Idle Process,0,msedgewebview2.exe,7912,SAMSUNG MZVLQ512HBLU-00B,PASSED,2,99,67,10.6,391,0
8/8/2026 21:54,yathiswar,9.2,1700,47.8,8394.73,62.8,0,120.05,0,0,277,System Idle Process,0,msedgewebview2.exe,7912,SAMSUNG MZVLQ512HBLU-00B,PASSED,2,99,66,10.6,391,0
8/8/2026 21:54,yathiswar,12.3,1700,47.9,8375.71,62.8,0.01,311.47,0,0,277,System Idle Process,0,msedgewebview2.exe,7912,SAMSUNG MZVLQ512HBLU-00B,PASSED,2,99,66,10.6,391,0
8/8/2026 21:54,yathiswar,10.1,1700,47.8,8381.74,62.8,0.01,93.17,0,0,277,System Idle Process,0,msedgewebview2.exe,7912,SAMSUNG MZVLQ512HBLU-00B,PASSED,2,99,65,10.6,391,0
8/8/2026 21:54,yathiswar,11.9,1700,47.8,8386.84,62.8,0.21,137.53,0,0,277,System Idle Process,0,msedgewebview2.exe,7912,SAMSUNG MZVLQ512HBLU-00B,PASSED,2,99,65,10.6,391,0
8/8/2026 21:54,yathiswar,10.5,1700,47.9,8372.17,62.8,0.03,51.76,0,0,277,System Idle Process,0,msedgewebview2.exe,7912,SAMSUNG MZVLQ512HBLU-00B,PASSED,2,99,66,10.6,391,0
8/8/2026 21:54,yathiswar,11.9,1700,47.6,8419.18,62.8,0,295.25,0,0,277,System Idle Process,0,msedgewebview2.exe,7912,SAMSUNG MZVLQ512HBLU-00B,PASSED,2,99,65,10.6,391,0
8/8/2026 21:54,yathiswar,9.7,1700,47.9,8372.88,62.8,0.02,134.03,0,0,277,System Idle Process,0,msedgewebview2.exe,7912,SAMSUNG MZVLQ512HBLU-00B,PASSED,2,99,66,10.6,391,0
8/8/2026 21:54,yathiswar,9.4,1457,47.8,8381.82,62.8,0.01,156.23,0,0,277,System Idle Process,0,msedgewebview2.exe,7912,SAMSUNG MZVLQ512HBLU-00B,PASSED,2,99,66,10.6,391,0
8/8/2026 21:54,yathiswar,12,1700,47.9,8373.98,62.8,0.02,45.43,0,0,277,System Idle Process,0,msedgewebview2.exe,7912,SAMSUNG MZVLQ512HBLU-00B,PASSED,2,99,65,10.6,391,0
8/8/2026 21:54,yathiswar,15.5,1700,47.9,8377.29,62.8,0,277.03,0,0,277,System Idle Process,0,msedgewebview2.exe,7912,SAMSUNG MZVLQ512HBLU-00B,PASSED,2,99,65,10.6,391,0
8/8/2026 21:54,yathiswar,11.6,1700,47.8,8385.05,62.8,0,140.14,0,0,277,System Idle Process,0,msedgewebview2.exe,7912,SAMSUNG MZVLQ512HBLU-00B,PASSED,2,99,65,10.6,391,0
8/8/2026 21:54,yathiswar,9.6,1700,47.9,8371.57,62.8,0,173.23,0,0,277,System Idle Process,0,msedgewebview2.exe,7912,SAMSUNG MZVLQ512HBLU-00B,PASSED,2,99,67,10.6,391,0
8/8/2026 21:54,yathiswar,9.3,1457,47.8,8380.31,62.8,0,52.9,0,0,277,System Idle Process,0,msedgewebview2.exe,7912,SAMSUNG MZVLQ512HBLU-00B,PASSED,2,99,65,10.6,391,0
8/8/2026 21:55,yathiswar,12.2,1700,47.8,8380.05,62.8,0,298.43,0,0,277,System Idle Process,0,msedgewebview2.exe,7912,SAMSUNG MZVLQ512HBLU-00B,PASSED,2,99,66,10.6,391,0
8/8/2026 21:55,yathiswar,10.4,1700,47.8,8381.94,62.8,0.01,137.76,0,0,277,System Idle Process,0,msedgewebview2.exe,7912,SAMSUNG MZVLQ512HBLU-00B,PASSED,2,99,66,10.6,391,0
8/8/2026 21:55,yathiswar,11.8,1457,47.9,8374.03,62.8,0,153.61,0,0,277,System Idle Process,0,msedgewebview2.exe,7912,SAMSUNG MZVLQ512HBLU-00B,PASSED,2,99,67,10.6,391,0
8/8/2026 21:55,yathiswar,9.6,1457,47.6,8414.13,62.7,0,55.35,0,0,277,System Idle Process,0,msedgewebview2.exe,7912,SAMSUNG MZVLQ512HBLU-00B,PASSED,2,99,67,10.6,391,0
8/8/2026 21:55,yathiswar,11.2,1700,47.6,8411.4,62.7,0.55,195.64,0,0,277,System Idle Process,0,msedgewebview2.exe,7912,SAMSUNG MZVLQ512HBLU-00B,PASSED,2,99,66,10.6,391,0
8/8/2026 21:55,yathiswar,11,1700,47.9,8373.07,62.8,0.01,234.76,0,0,277,System Idle Process,0,msedgewebview2.exe,7912,SAMSUNG MZVLQ512HBLU-00B,PASSED,2,99,67,10.6,391,0
8/8/2026 21:55,yathiswar,9.4,1700,47.8,8381.59,62.8,0,133.13,0,0,277,System Idle Process,0,msedgewebview2.exe,7912,SAMSUNG MZVLQ512HBLU-00B,PASSED,2,99,66,10.6,391,0
8/8/2026 21:55,yathiswar,9.2,1700,47.9,8378.58,62.8,0,99.12,0,0,277,System Idle Process,0,msedgewebview2.exe,7912,SAMSUNG MZVLQ512HBLU-00B,PASSED,2,99,66,10.6,391,0
8/8/2026 21:55,yathiswar,8.9,1457,47.8,8382.51,62.8,0.01,77,0,0,277,System Idle Process,0,msedgewebview2.exe,7912,SAMSUNG MZVLQ512HBLU-00B,PASSED,2,99,67,10.6,391,0
8/8/2026 21:55,yathiswar,11.4,1700,47.8,8391.25,62.8,0,126.24,0,0,277,System Idle Process,0,msedgewebview2.exe,7912,SAMSUNG MZVLQ512HBLU-00B,PASSED,2,99,65,10.6,391,0
8/8/2026 21:55,yathiswar,14.1,1457,47.8,8383.74,62.8,0,228.73,0,0,277,System Idle Process,0,msedgewebview2.exe,7912,SAMSUNG MZVLQ512HBLU-00B,PASSED,2,99,66,10.6,391,0
8/8/2026 21:55,yathiswar,9.3,1700,47.5,8431.42,62.7,0,121.82,0,0,277,System Idle Process,0,msedgewebview2.exe,7912,SAMSUNG MZVLQ512HBLU-00B,PASSED,2,99,65,10.6,391,0
8/8/2026 21:55,yathiswar,9.6,1700,47.8,8391.01,62.8,0,101.33,0,0,277,System Idle Process,0,msedgewebview2.exe,7912,SAMSUNG MZVLQ512HBLU-00B,PASSED,2,99,66,10.6,391,0
8/8/2026 21:55,yathiswar,10.6,1700,47.8,8384.65,62.8,0.01,77.47,0,0,277,System Idle Process,0,msedgewebview2.exe,7912,SAMSUNG MZVLQ512HBLU-00B,PASSED,2,99,66,10.6,391,0
8/8/2026 21:55,yathiswar,13.3,1457,47.8,8384.14,62.8,0.03,201.57,0,0,277,System Idle Process,0,msedgewebview2.exe,7912,SAMSUNG MZVLQ512HBLU-00B,PASSED,2,99,65,10.6,391,0
8/8/2026 21:55,yathiswar,10.4,1700,47.8,8383.84,62.8,0,123.09,0,0,277,System Idle Process,0,msedgewebview2.exe,7912,SAMSUNG MZVLQ512HBLU-00B,PASSED,2,99,65,10.6,391,0
8/8/2026 21:55,yathiswar,13.6,1457,47.9,8371.3,62.8,0.02,184.11,0,0,277,System Idle Process,0,msedgewebview2.exe,7912,SAMSUNG MZVLQ512HBLU-00B,PASSED,2,99,66,10.6,391,0
8/8/2026 21:55,yathiswar,9.3,1457,47.8,8387.5,62.8,0,82.34,0,0,277,System Idle Process,0,msedgewebview2.exe,7912,SAMSUNG MZVLQ512HBLU-00B,PASSED,2,99,66,10.6,391,0
8/8/2026 21:55,yathiswar,9.3,1700,47.8,8381.68,62.8,0,71.44,0,0,277,System Idle Process,0,msedgewebview2.exe,7912,SAMSUNG MZVLQ512HBLU-00B,PASSED,2,99,65,10.6,391,0
8/8/2026 21:55,yathiswar,11.4,1700,47.5,8439.69,62.7,0,123.65,0,0,277,System Idle Process,0,msedgewebview2.exe,7912,SAMSUNG MZVLQ512HBLU-00B,PASSED,2,99,65,10.6,391,0
8/8/2026 21:55,yathiswar,12.9,1700,47.9,8375.51,62.8,0,136.8,0,0,277,System Idle Process,0,msedgewebview2.exe,7912,SAMSUNG MZVLQ512HBLU-00B,PASSED,2,99,65,10.6,391,0
8/8/2026 21:55,yathiswar,12.1,1457,47.9,8376.15,62.8,0.01,150.42,0,0,277,System Idle Process,0,msedgewebview2.exe,7912,SAMSUNG MZVLQ512HBLU-00B,PASSED,2,99,66,10.6,391,0
8/8/2026 21:55,yathiswar,13.4,1700,48.1,8345.71,62.8,0.02,73.97,0,0,279,System Idle Process,0,msedgewebview2.exe,7912,SAMSUNG MZVLQ512HBLU-00B,PASSED,2,99,66,10.6,391,0
8/8/2026 21:55,yathiswar,12,1457,48,8350.39,62.8,0.03,138.49,0,0,279,System Idle Process,0,msedgewebview2.exe,7912,SAMSUNG MZVLQ512HBLU-00B,PASSED,2,99,66,10.6,391,0
8/8/2026 21:56,yathiswar,10.1,1457,47.7,8398.9,62.7,0.01,132.28,0,0,280,System Idle Process,0,msedgewebview2.exe,7912,SAMSUNG MZVLQ512HBLU-00B,PASSED,2,99,66,10.6,391,0
8/8/2026 21:56,yathiswar,9.9,1700,48.1,8340.88,62.8,0,73.01,0,0,280,System Idle Process,0,msedgewebview2.exe,7912,SAMSUNG MZVLQ512HBLU-00B,PASSED,2,99,66,10.6,391,0
8/8/2026 21:56,yathiswar,11.9,1457,48,8349.27,62.8,0.01,175.84,0,0,280,System Idle Process,0,msedgewebview2.exe,7912,SAMSUNG MZVLQ512HBLU-00B,PASSED,2,99,66,10.6,391,0
8/8/2026 21:56,yathiswar,8.8,1457,47.8,8394.62,62.7,0.05,28.77,0,0,280,System Idle Process,0,msedgewebview2.exe,7912,SAMSUNG MZVLQ512HBLU-00B,PASSED,2,99,64,10.6,391,0
8/8/2026 21:56,yathiswar,6.7,1700,47.7,8404.37,62.7,0,0.02,0,0,280,System Idle Process,0,msedgewebview2.exe,7912,SAMSUNG MZVLQ512HBLU-00B,PASSED,2,99,62,10.6,391,0
8/8/2026 21:56,yathiswar,42,1700,53.1,7533.24,62.8,1.32,63.11,0,0,292,System Idle Process,0,python.exe,10748,SAMSUNG MZVLQ512HBLU-00B,PASSED,2,99,62,10.6,391,0
8/8/2026 21:56,yathiswar,100,1700,66.7,5348.23,62.7,0,228.36,0,0,292,python.exe,20516,python.exe,10748,SAMSUNG MZVLQ512HBLU-00B,PASSED,2,99,61,10.6,391,0
8/8/2026 21:56,yathiswar,100,1700,78.2,3503.54,62.7,0,247.85,0,0,292,python.exe,8864,python.exe,10748,SAMSUNG MZVLQ512HBLU-00B,PASSED,2,99,60,10.6,391,0
8/8/2026 21:56,yathiswar,100,1700,88.9,1784.22,63.1,0.13,179.44,0,0,292,python.exe,15920,python.exe,10748,SAMSUNG MZVLQ512HBLU-00B,PASSED,2,99,60,10.6,391,0
8/8/2026 21:56,yathiswar,100,1700,97.7,372.74,63.5,1.12,176.63,0,0,292,python.exe,24844,python.exe,10748,SAMSUNG MZVLQ512HBLU-00B,PASSED,2,99,59,10.6,391,0
8/8/2026 21:56,yathiswar,100,1700,97.3,426.45,64.2,0.28,60.97,0,0,292,python.exe,8864,python.exe,10748,SAMSUNG MZVLQ512HBLU-00B,PASSED,2,99,60,10.6,391,0
8/8/2026 21:56,yathiswar,100,1700,99,157.7,64.2,1.79,21.01,0,0,292,python.exe,20924,python.exe,10748,SAMSUNG MZVLQ512HBLU-00B,PASSED,2,99,62,10.6,391,0
8/8/2026 21:56,yathiswar,100,1700,98.7,214.23,64.8,7.33,156.52,0,0,293,python.exe,20924,python.exe,10748,SAMSUNG MZVLQ512HBLU-00B,PASSED,2,99,60,10.6,391,0
8/8/2026 21:56,yathiswar,100,1700,98.6,229.52,64.8,0.91,210.42,0,0,293,python.exe,20924,python.exe,10748,SAMSUNG MZVLQ512HBLU-00B,PASSED,2,99,59,10.6,391,0
8/8/2026 21:56,yathiswar,100,1700,98.7,210.47,64.8,0.91,214.98,0,0,293,python.exe,9124,python.exe,10748,SAMSUNG MZVLQ512HBLU-00B,PASSED,2,99,60,10.6,391,0
8/8/2026 21:56,yathiswar,100,1700,98.5,238.12,64.8,0.1,193.08,0,0.04,292,python.exe,20924,python.exe,10748,SAMSUNG MZVLQ512HBLU-00B,PASSED,2,99,59,10.6,391,0
8/8/2026 21:56,yathiswar,100,1700,98.3,266.44,64.8,0.55,191.18,0,0,291,python.exe,15920,python.exe,10748,SAMSUNG MZVLQ512HBLU-00B,PASSED,2,99,59,10.6,391,0
8/8/2026 21:57,yathiswar,100,1700,98.3,268.03,64.8,0.36,196.59,0,0,291,python.exe,20516,python.exe,10748,SAMSUNG MZVLQ512HBLU-00B,PASSED,2,99,60,10.6,391,0
8/8/2026 21:57,yathiswar,100,1700,98.4,261.86,64.8,0.07,192.07,0,0,291,python.exe,24328,python.exe,10748,SAMSUNG MZVLQ512HBLU-00B,PASSED,2,99,60,10.6,391,0
8/8/2026 21:57,yathiswar,100,1700,98.1,299.75,64.8,0.1,186.78,0,0,291,python.exe,8864,python.exe,10748,SAMSUNG MZVLQ512HBLU-00B,PASSED,2,99,60,10.6,391,0
8/8/2026 21:57,yathiswar,100,1700,98.1,301.98,64.8,0.11,181.57,0,0,291,python.exe,13428,python.exe,10748,SAMSUNG MZVLQ512HBLU-00B,PASSED,2,99,59,10.6,391,0
8/8/2026 21:57,yathiswar,100,1700,98.4,261.07,64.8,0.05,178.96,0,0,291,python.exe,5432,python.exe,10748,SAMSUNG MZVLQ512HBLU-00B,PASSED,2,99,59,10.6,391,0
8/8/2026 21:57,yathiswar,100,1700,98.1,311.58,64.8,0.1,186.54,0,0,291,python.exe,8864,python.exe,10748,SAMSUNG MZVLQ512HBLU-00B,PASSED,2,99,60,10.6,391,0
8/8/2026 21:57,yathiswar,100,1700,98.3,275.59,64.8,0.04,178.57,0,0,291,python.exe,20516,python.exe,10748,SAMSUNG MZVLQ512HBLU-00B,PASSED,2,99,60,10.6,391,0
8/8/2026 21:57,yathiswar,100,1700,98,315.04,64.8,2.25,190.82,0,0,288,python.exe,8864,python.exe,10748,SAMSUNG MZVLQ512HBLU-00B,PASSED,2,99,60,10.6,391,0
8/8/2026 21:57,yathiswar,100,1700,98,326.38,64.8,0.1,124.76,0,0,288,python.exe,20900,python.exe,10748,SAMSUNG MZVLQ512HBLU-00B,PASSED,2,99,59,10.6,391,0
8/8/2026 21:57,yathiswar,100,1700,98,325.45,64.8,0.25,58.32,0,0,288,python.exe,8864,python.exe,10748,SAMSUNG MZVLQ512HBLU-00B,PASSED,2,99,59,10.6,391,0
8/8/2026 21:57,yathiswar,100,1700,98,323.9,64.8,0.03,20.18,0,0,288,python.exe,20900,python.exe,10748,SAMSUNG MZVLQ512HBLU-00B,PASSED,2,99,59,10.6,391,0
8/8/2026 21:57,yathiswar,100,1700,98,317.35,64.8,0.04,29.59,0,0,288,python.exe,8864,python.exe,10748,SAMSUNG MZVLQ512HBLU-00B,PASSED,2,99,58,10.6,391,0
8/8/2026 21:57,yathiswar,100,1700,98,313.77,64.8,5.12,48.99,0,0,288,python.exe,15920,python.exe,10748,SAMSUNG MZVLQ512HBLU-00B,PASSED,2,99,58,10.6,391,0
8/8/2026 21:57,yathiswar,100,1700,97.7,361.64,64.8,7.57,94.56,0.01,0.06,288,python.exe,20516,python.exe,10748,SAMSUNG MZVLQ512HBLU-00B,PASSED,2,99,58,10.6,391,0
8/8/2026 21:57,yathiswar,100,1700,97.5,402.69,64.8,0.74,85.66,0,0.04,288,python.exe,11824,python.exe,10748,SAMSUNG MZVLQ512HBLU-00B,PASSED,2,99,58,10.6,391,0
8/8/2026 21:57,yathiswar,100,1700,97.9,342.01,64.8,4.5,46.09,0,0,289,python.exe,24844,python.exe,10748,SAMSUNG MZVLQ512HBLU-00B,PASSED,2,99,59,10.6,391,0
8/8/2026 21:57,yathiswar,100,1700,97.8,346.69,64.8,1.45,28.01,0,0,289,python.exe,24844,python.exe,10748,SAMSUNG MZVLQ512HBLU-00B,PASSED,2,99,58,10.6,391,0
8/8/2026 21:58,yathiswar,100,1700,97.9,345.39,64.8,0.99,35.33,0,0.01,289,python.exe,15920,python.exe,10748,SAMSUNG MZVLQ512HBLU-00B,PASSED,2,99,57,10.6,391,0
8/8/2026 21:58,yathiswar,100,1700,97.8,349.09,64.8,0.68,18.95,0,0,289,python.exe,24844,python.exe,10748,SAMSUNG MZVLQ512HBLU-00B,PASSED,2,99,57,10.6,391,0
8/8/2026 21:58,yathiswar,100,1700,97.7,374.76,64.8,0.15,53.29,0,0,289,python.exe,13428,python.exe,10748,SAMSUNG MZVLQ512HBLU-00B,PASSED,2,99,57,10.6,391,0
8/8/2026 21:58,yathiswar,100,1700,97.6,378.28,64.8,0.05,35.61,0,0,289,python.exe,20900,python.exe,10748,SAMSUNG MZVLQ512HBLU-00B,PASSED,2,99,57,10.6,391,0
8/8/2026 21:58,yathiswar,100,1700,97.8,359.72,64.8,0.76,28.56,0,0,289,python.exe,20516,python.exe,10748,SAMSUNG MZVLQ512HBLU-00B,PASSED,2,99,58,10.6,391,0
8/8/2026 21:58,yathiswar,100,1700,97.8,359.3,64.8,0.19,29.3,0,0,289,python.exe,13428,python.exe,10748,SAMSUNG MZVLQ512HBLU-00B,PASSED,2,99,58,10.6,391,0
8/8/2026 21:58,yathiswar,100,1700,97.1,461.47,64.8,0.16,29.48,0,0,289,python.exe,8864,python.exe,10748,SAMSUNG MZVLQ512HBLU-00B,PASSED,2,99,57,10.6,391,0
8/8/2026 21:58,yathiswar,100,1700,96.9,490.98,64.8,10.55,39.2,0,0.01,290,python.exe,20924,python.exe,10748,SAMSUNG MZVLQ512HBLU-00B,PASSED,2,99,58,10.6,391,0
8/8/2026 21:58,yathiswar,100,1700,93.8,998.19,64.8,0.08,166.17,0,0,290,python.exe,20900,python.exe,10748,SAMSUNG MZVLQ512HBLU-00B,PASSED,2,99,59,10.6,391,0
8/8/2026 21:58,yathiswar,100,1700,93.8,996.86,64.8,0.04,80.04,0,0,290,python.exe,20516,python.exe,10748,SAMSUNG MZVLQ512HBLU-00B,PASSED,2,99,58,10.6,391,0
8/8/2026 21:58,yathiswar,100,1700,93.5,1040.92,64.8,0.39,194.4,0,0,290,python.exe,20924,python.exe,10748,SAMSUNG MZVLQ512HBLU-00B,PASSED,2,99,59,10.6,391,0
8/8/2026 21:58,yathiswar,100,1700,93.9,983.03,64.8,2.81,212.42,0.01,0.01,290,python.exe,8864,python.exe,10748,SAMSUNG MZVLQ512HBLU-00B,PASSED,2,99,58,10.6,391,0
8/8/2026 21:58,yathiswar,100,1700,93.6,1027.17,64.8,0.41,185.23,0.01,0.01,289,python.exe,15920,python.exe,10748,SAMSUNG MZVLQ512HBLU-00B,PASSED,2,99,57,10.6,391,0
8/8/2026 21:58,yathiswar,100,1700,93.9,983.19,64.8,0.39,188.81,0,0.01,289,python.exe,24328,python.exe,10748,SAMSUNG MZVLQ512HBLU-00B,PASSED,2,99,59,10.6,391,0
8/8/2026 21:58,yathiswar,100,1700,93.9,973.08,64.8,0.12,198.34,0,0,289,python.exe,13428,python.exe,10748,SAMSUNG MZVLQ512HBLU-00B,PASSED,2,99,59,10.6,391,0
8/8/2026 21:58,yathiswar,100,1700,93.9,979.1,64.8,0.07,183.49,0,0,289,python.exe,24328,python.exe,10748,SAMSUNG MZVLQ512HBLU-00B,PASSED,2,99,57,10.6,391,0
8/8/2026 21:59,yathiswar,100,1700,93.7,1004.52,64.8,0.07,180.9,0,0,289,python.exe,13428,python.exe,10748,SAMSUNG MZVLQ512HBLU-00B,PASSED,2,99,57,10.6,391,0
8/8/2026 21:59,yathiswar,100,1700,94,965.29,64.8,0.06,178.14,0,0,289,python.exe,24844,python.exe,10748,SAMSUNG MZVLQ512HBLU-00B,PASSED,2,99,58,10.6,391,0
8/8/2026 21:59,yathiswar,100,1700,93.8,997.9,64.8,0.05,186.78,0,0,289,python.exe,11824,python.exe,10748,SAMSUNG MZVLQ512HBLU-00B,PASSED,2,99,59,10.6,391,0
8/8/2026 21:59,yathiswar,100,1700,94,971.88,64.8,0.19,197.86,0,0,289,python.exe,15920,python.exe,10748,SAMSUNG MZVLQ512HBLU-00B,PASSED,2,99,58,10.6,391,0
8/8/2026 21:59,yathiswar,100,1700,93.8,991.14,64.8,0.04,176.03,0,0,289,python.exe,13428,python.exe,10748,SAMSUNG MZVLQ512HBLU-00B,PASSED,2,99,59,10.6,391,0
8/8/2026 21:59,yathiswar,100,1700,93.9,975.62,64.8,0.07,183.25,0,0,289,python.exe,24844,python.exe,10748,SAMSUNG MZVLQ512HBLU-00B,PASSED,2,99,58,10.6,391,0
8/8/2026 21:59,yathiswar,100,1700,94,960.2,64.8,0.77,211.83,0,0,290,python.exe,15920,python.exe,10748,SAMSUNG MZVLQ512HBLU-00B,PASSED,2,99,58,10.6,391,0
8/8/2026 21:59,yathiswar,100,1700,95.3,749.03,64.8,41,194.2,0,0.02,291,python.exe,15920,python.exe,10748,SAMSUNG MZVLQ512HBLU-00B,PASSED,2,99,59,10.6,391,0
8/8/2026 21:59,yathiswar,100,1700,94.8,843.5,64.8,26.24,174.28,0,0,291,python.exe,24844,python.exe,10748,SAMSUNG MZVLQ512HBLU-00B,PASSED,2,99,59,10.6,391,0
8/8/2026 21:59,yathiswar,100,1700,94.6,861.01,64.8,1.08,190.55,0,0.04,291,python.exe,20900,python.exe,10748,SAMSUNG MZVLQ512HBLU-00B,PASSED,2,99,57,10.6,391,0
8/8/2026 21:59,yathiswar,100,1700,94.9,812.46,64.8,0.63,190.62,0,0,291,python.exe,20900,python.exe,10748,SAMSUNG MZVLQ512HBLU-00B,PASSED,2,99,59,10.6,391,0
8/8/2026 21:59,yathiswar,100,1700,95,804.84,64.8,0.35,187.77,0,0,291,python.exe,20924,python.exe,10748,SAMSUNG MZVLQ512HBLU-00B,PASSED,2,99,58,10.6,391,0
8/8/2026 21:59,yathiswar,100,1700,95,795.61,64.8,0.7,195.51,0,0,291,python.exe,20900,python.exe,10748,SAMSUNG MZVLQ512HBLU-00B,PASSED,2,99,61,10.6,391,0
8/8/2026 21:59,yathiswar,100,1700,95.1,782.85,64.8,4.72,176.79,0,0.04,291,python.exe,20900,python.exe,10748,SAMSUNG MZVLQ512HBLU-00B,PASSED,2,99,60,10.6,391,0
8/8/2026 21:59,yathiswar,100,1700,94.9,822.99,64.8,1.23,139.12,0,0.01,290,python.exe,9124,python.exe,10748,SAMSUNG MZVLQ512HBLU-00B,PASSED,2,99,58,10.6,391,0
8/8/2026 22:00,yathiswar,100,1700,94.4,901.27,64.8,0.21,196.39,0,0,290,python.exe,20900,python.exe,10748,SAMSUNG MZVLQ512HBLU-00B,PASSED,2,99,59,10.6,391,0
8/8/2026 22:00,yathiswar,100,1700,94.7,856.68,64.8,0.24,193.63,0,0,290,python.exe,15920,python.exe,10748,SAMSUNG MZVLQ512HBLU-00B,PASSED,2,99,58,10.6,391,0
8/8/2026 22:00,yathiswar,100,1700,94.6,870.41,64.8,0.15,187.43,0,0,290,python.exe,24328,python.exe,10748,SAMSUNG MZVLQ512HBLU-00B,PASSED,2,99,58,10.6,391,0
8/8/2026 22:00,yathiswar,100,1700,94.7,857.74,64.8,0.06,199.54,0,0,290,python.exe,5432,python.exe,10748,SAMSUNG MZVLQ512HBLU-00B,PASSED,2,99,59,10.6,391,0
8/8/2026 22:00,yathiswar,100,1700,94.6,862.67,64.8,0.2,155.77,0,0,289,python.exe,24328,python.exe,10748,SAMSUNG MZVLQ512HBLU-00B,PASSED,2,99,60,10.6,391,0
8/8/2026 22:00,yathiswar,100,1700,94.5,878.94,64.8,0.14,168.93,0,0,289,python.exe,11824,python.exe,10748,SAMSUNG MZVLQ512HBLU-00B,PASSED,2,99,59,10.6,391,0
8/8/2026 22:00,yathiswar,100,1700,94.6,868.47,64.8,0.3,169.6,0,0,288,python.exe,28732,python.exe,10748,SAMSUNG MZVLQ512HBLU-00B,PASSED,2,99,59,10.6,391,0
8/8/2026 22:00,yathiswar,100,1700,94.4,903.02,64.8,0.01,147.43,0,0,288,python.exe,13428,python.exe,10748,SAMSUNG MZVLQ512HBLU-00B,PASSED,2,99,58,10.6,391,0
8/8/2026 22:00,yathiswar,100,1700,94.2,936.45,64.8,0.17,198.81,0,0,288,python.exe,20516,python.exe,10748,SAMSUNG MZVLQ512HBLU-00B,PASSED,2,99,60,10.6,391,0
8/8/2026 22:00,yathiswar,100,1700,94.3,919.66,64.8,0.16,183.48,0,0,287,python.exe,5432,python.exe,10748,SAMSUNG MZVLQ512HBLU-00B,PASSED,2,99,60,10.6,391,0
8/8/2026 22:00,yathiswar,100,1700,94.4,905.39,64.8,0.25,164.13,0,0,287,python.exe,15920,python.exe,10748,SAMSUNG MZVLQ512HBLU-00B,PASSED,2,99,60,10.6,391,0
8/8/2026 22:00,yathiswar,100,1700,94.3,918.11,64.8,0.65,168.12,0,0,287,python.exe,13428,python.exe,10748,SAMSUNG MZVLQ512HBLU-00B,PASSED,2,99,60,10.6,391,0
8/8/2026 22:00,yathiswar,100,1700,94.4,904.5,64.8,0.01,124.16,0,0,287,python.exe,13428,python.exe,10748,SAMSUNG MZVLQ512HBLU-00B,PASSED,2,99,60,10.6,391,0
8/8/2026 22:00,yathiswar,100,1700,94.3,921.65,64.8,0.25,164.73,0,0,287,python.exe,24328,python.exe,10748,SAMSUNG MZVLQ512HBLU-00B,PASSED,2,99,59,10.6,391,0
8/8/2026 22:00,yathiswar,100,1700,94.2,932.04,64.8,0.05,176.49,0,0,287,python.exe,15920,python.exe,10748,SAMSUNG MZVLQ512HBLU-00B,PASSED,2,99,59,10.6,391,0
8/8/2026 22:01,yathiswar,100,1700,94.5,885.83,64.8,0.05,176.68,0,0,288,python.exe,13428,python.exe,10748,SAMSUNG MZVLQ512HBLU-00B,PASSED,2,99,60,10.6,391,0
8/8/2026 22:01,yathiswar,100,1700,94.5,884.42,64.8,0.01,162.27,0,0,288,python.exe,28732,python.exe,10748,SAMSUNG MZVLQ512HBLU-00B,PASSED,2,99,60,10.6,391,0
8/8/2026 22:01,yathiswar,100,1700,94.2,926.7,64.8,0.31,174.87,0,0,288,python.exe,28732,python.exe,10748,SAMSUNG MZVLQ512HBLU-00B,PASSED,2,99,60,10.6,391,0
8/8/2026 22:01,yathiswar,100,1700,94.5,889.89,64.8,9.25,185.12,0,0,288,python.exe,11824,python.exe,10748,SAMSUNG MZVLQ512HBLU-00B,PASSED,2,99,60,10.6,391,0
8/8/2026 22:01,yathiswar,100,1700,94.4,894.7,64.8,14.22,172.26,0,0,288,python.exe,15920,python.exe,10748,SAMSUNG MZVLQ512HBLU-00B,PASSED,2,99,59,10.6,391,0
8/8/2026 22:01,yathiswar,100,1700,94.5,891.2,64.8,0.3,181.76,0,0,288,python.exe,8864,python.exe,10748,SAMSUNG MZVLQ512HBLU-00B,PASSED,2,99,60,10.6,391,0
8/8/2026 22:01,yathiswar,100,1700,94.4,898.57,64.8,0.86,188.92,0,0,288,python.exe,8864,python.exe,10748,SAMSUNG MZVLQ512HBLU-00B,PASSED,2,99,58,10.6,391,0
8/8/2026 22:01,yathiswar,100,1700,94.5,881.33,64.8,0.11,175.59,0,0,288,python.exe,5432,python.exe,10748,SAMSUNG MZVLQ512HBLU-00B,PASSED,2,99,58,10.6,391,0
8/8/2026 22:01,yathiswar,100,1700,94.3,908.88,64.8,0.17,182.96,0,0,288,python.exe,13428,python.exe,10748,SAMSUNG MZVLQ512HBLU-00B,PASSED,2,99,59,10.6,391,0
8/8/2026 22:01,yathiswar,100,1700,94.6,861.99,64.8,0.05,176.24,0,0,288,python.exe,20924,python.exe,10748,SAMSUNG MZVLQ512HBLU-00B,PASSED,2,99,60,10.6,391,0
8/8/2026 22:01,yathiswar,100,1700,94.4,893.3,64.8,0.07,192.81,0,0,288,python.exe,5432,python.exe,10748,SAMSUNG MZVLQ512HBLU-00B,PASSED,2,99,58,10.6,391,0
8/8/2026 22:01,yathiswar,100,1700,94.5,890.78,64.8,0.18,188,0,0,288,python.exe,8864,python.exe,10748,SAMSUNG MZVLQ512HBLU-00B,PASSED,2,99,60,10.6,391,0
8/8/2026 22:01,yathiswar,100,1700,94.5,889.91,64.8,0.01,184.71,0,0,288,python.exe,9124,python.exe,10748,SAMSUNG MZVLQ512HBLU-00B,PASSED,2,99,59,10.6,391,0
8/8/2026 22:01,yathiswar,100,1700,94.5,886.28,64.8,0,173.75,0,0,288,python.exe,8864,python.exe,10748,SAMSUNG MZVLQ512HBLU-00B,PASSED,2,99,60,10.6,391,0
8/8/2026 22:01,yathiswar,100,1700,94.6,871.11,64.8,4.61,183.66,0,0,288,python.exe,11824,python.exe,10748,SAMSUNG MZVLQ512HBLU-00B,PASSED,2,99,60,10.6,391,0
8/8/2026 22:01,yathiswar,100,1700,94.4,895.19,64.8,2.3,181.43,0,0,287,python.exe,24328,python.exe,10748,SAMSUNG MZVLQ512HBLU-00B,PASSED,2,99,59,10.6,391,0
8/8/2026 22:02,yathiswar,100,1700,94.4,901.21,64.8,0.02,170.83,0,0,287,python.exe,20924,python.exe,10748,SAMSUNG MZVLQ512HBLU-00B,PASSED,2,99,60,10.6,391,0
8/8/2026 22:02,yathiswar,100,1700,94.4,895.57,64.8,0.12,174.03,0,0,287,python.exe,9124,python.exe,10748,SAMSUNG MZVLQ512HBLU-00B,PASSED,2,99,60,10.6,391,0
8/8/2026 22:02,yathiswar,100,1700,94.1,952.98,64.8,0.05,167.97,0,0,287,python.exe,13428,python.exe,10748,SAMSUNG MZVLQ512HBLU-00B,PASSED,2,99,60,10.6,391,0
8/8/2026 22:02,yathiswar,100,1700,94.1,949.09,64.8,0.04,177.75,0,0,287,python.exe,24328,python.exe,10748,SAMSUNG MZVLQ512HBLU-00B,PASSED,2,99,60,10.6,391,0
8/8/2026 22:02,yathiswar,100,1700,94.2,937.04,64.8,3.96,176.95,0,0,288,python.exe,20924,python.exe,10748,SAMSUNG MZVLQ512HBLU-00B,PASSED,2,99,60,10.6,391,0
8/8/2026 22:02,yathiswar,100,1700,94.3,911.54,64.8,4.53,168.64,0,0,288,python.exe,24844,python.exe,10748,SAMSUNG MZVLQ512HBLU-00B,PASSED,2,99,60,10.6,391,0
8/8/2026 22:02,yathiswar,100,1700,94.2,939.57,64.8,0.15,170.72,0,0,288,python.exe,24328,python.exe,10748,SAMSUNG MZVLQ512HBLU-00B,PASSED,2,99,60,10.6,391,0
8/8/2026 22:02,yathiswar,100,1700,94.5,885.95,64.8,0.1,159.77,0,0,288,python.exe,20900,python.exe,10748,SAMSUNG MZVLQ512HBLU-00B,PASSED,2,99,59,10.6,391,0
8/8/2026 22:02,yathiswar,100,1700,94.5,879.2,64.8,0.01,178.17,0,0,288,python.exe,13428,python.exe,10748,SAMSUNG MZVLQ512HBLU-00B,PASSED,2,99,60,10.6,391,0
8/8/2026 22:02,yathiswar,100,1700,94.6,870.99,64.8,0.02,152.05,0,0,288,python.exe,24844,python.exe,10748,SAMSUNG MZVLQ512HBLU-00B,PASSED,2,99,59,10.6,391,0
8/8/2026 22:02,yathiswar,100,1700,94.6,875.64,64.8,0.04,154.48,0,0,289,python.exe,24328,python.exe,10748,SAMSUNG MZVLQ512HBLU-00B,PASSED,2,99,60,10.6,391,0
8/8/2026 22:02,yathiswar,100,1700,94.7,856.79,64.8,0.01,175.87,0,0,289,python.exe,20924,python.exe,10748,SAMSUNG MZVLQ512HBLU-00B,PASSED,2,99,59,10.6,391,0
8/8/2026 22:02,yathiswar,100,1700,94.6,861.81,64.8,0.45,191.73,0,0,289,python.exe,20900,python.exe,10748,SAMSUNG MZVLQ512HBLU-00B,PASSED,2,99,60,10.6,391,0
8/8/2026 22:02,yathiswar,100,1700,94.6,862.64,64.8,0.08,202.21,0,0,289,python.exe,20924,python.exe,10748,SAMSUNG MZVLQ512HBLU-00B,PASSED,2,99,60,10.6,391,0
8/8/2026 22:02,yathiswar,100,1700,94.7,849.81,64.8,0.22,195.48,0,0,289,python.exe,20900,python.exe,10748,SAMSUNG MZVLQ512HBLU-00B,PASSED,2,99,59,10.6,391,0
8/8/2026 22:03,yathiswar,100,1700,94.6,864.25,64.8,0.1,180.45,0,0,289,python.exe,13428,python.exe,10748,SAMSUNG MZVLQ512HBLU-00B,PASSED,2,99,60,10.6,391,0
8/8/2026 22:03,yathiswar,100,1700,92.9,1142.37,64.8,0.49,197.21,0,0,289,python.exe,5432,python.exe,10748,SAMSUNG MZVLQ512HBLU-00B,PASSED,2,99,58,10.6,391,0
8/8/2026 22:03,yathiswar,100,1700,92.8,1159.79,64.8,0.13,174.71,0,0,289,python.exe,8864,python.exe,10748,SAMSUNG MZVLQ512HBLU-00B,PASSED,2,99,60,10.6,391,0
8/8/2026 22:03,yathiswar,100,1700,92.7,1169.88,64.8,0.02,180.65,0,0,289,python.exe,20516,python.exe,10748,SAMSUNG MZVLQ512HBLU-00B,PASSED,2,99,60,10.6,391,0
8/8/2026 22:03,yathiswar,100,1700,92.4,1217.71,64.8,0.01,205.69,0,0,289,python.exe,8864,python.exe,10748,SAMSUNG MZVLQ512HBLU-00B,PASSED,2,99,59,10.6,391,0
8/8/2026 22:03,yathiswar,100,1700,92.3,1244.45,64.8,0.22,196.98,0,0,288,python.exe,5432,python.exe,10748,SAMSUNG MZVLQ512HBLU-00B,PASSED,2,99,60,10.6,391,0
8/8/2026 22:03,yathiswar,100,1700,91.6,1356.58,64.8,0.05,183.69,0,0,288,python.exe,13428,python.exe,10748,SAMSUNG MZVLQ512HBLU-00B,PASSED,2,99,60,10.6,391,0
8/8/2026 22:03,yathiswar,100,1700,91.7,1336.66,64.8,0.05,179.95,0,0,288,python.exe,24844,python.exe,10748,SAMSUNG MZVLQ512HBLU-00B,PASSED,2,99,60,10.6,391,0
8/8/2026 22:03,yathiswar,100,1700,91.8,1323.66,64.8,0,180.93,0,0,288,python.exe,28732,python.exe,10748,SAMSUNG MZVLQ512HBLU-00B,PASSED,2,99,60,10.6,391,0
8/8/2026 22:03,yathiswar,100,1700,91.5,1364.55,64.8,0.81,184.01,0,0,287,python.exe,20900,python.exe,10748,SAMSUNG MZVLQ512HBLU-00B,PASSED,2,99,60,10.6,391,0
8/8/2026 22:03,yathiswar,100,1700,91.5,1359.08,64.8,0.03,194.71,0,0,287,python.exe,20516,python.exe,10748,SAMSUNG MZVLQ512HBLU-00B,PASSED,2,99,60,10.6,391,0
8/8/2026 22:03,yathiswar,100,1700,91.6,1354.27,64.8,0.02,190.45,0,0,287,python.exe,8864,python.exe,10748,SAMSUNG MZVLQ512HBLU-00B,PASSED,2,99,60,10.6,391,0
8/8/2026 22:03,yathiswar,100,1700,91.3,1402.44,64.8,0.07,198.17,0,0,288,python.exe,5432,python.exe,10748,SAMSUNG MZVLQ512HBLU-00B,PASSED,2,99,59,10.6,391,0
8/8/2026 22:03,yathiswar,100,1700,91.8,1314.58,64.8,0.02,188.98,0,0,288,python.exe,8864,python.exe,10748,SAMSUNG MZVLQ512HBLU-00B,PASSED,2,99,60,10.6,391,0
8/8/2026 22:04,yathiswar,100,1700,91.8,1317.83,64.8,0.05,189.38,0,0,288,python.exe,8864,python.exe,10748,SAMSUNG MZVLQ512HBLU-00B,PASSED,2,99,60,10.6,391,0
8/8/2026 22:04,yathiswar,100,1700,91.5,1370.71,64.8,0,195.78,0,0,288,python.exe,5432,python.exe,10748,SAMSUNG MZVLQ512HBLU-00B,PASSED,2,99,59,10.6,391,0
8/8/2026 22:04,yathiswar,100,1700,91.6,1345.75,64.8,4.88,186.46,0,0,288,python.exe,11824,python.exe,10748,SAMSUNG MZVLQ512HBLU-00B,PASSED,2,99,59,10.6,391,0
8/8/2026 22:04,yathiswar,100,1700,91.9,1309.29,64.8,0.04,195.24,0,0,288,python.exe,8864,python.exe,10748,SAMSUNG MZVLQ512HBLU-00B,PASSED,2,99,60,10.6,391,0
8/8/2026 22:04,yathiswar,100,1700,91.6,1349.97,64.8,0.05,183.38,0,0,288,python.exe,8864,python.exe,10748,SAMSUNG MZVLQ512HBLU-00B,PASSED,2,99,60,10.6,391,0
8/8/2026 22:04,yathiswar,100,1700,91.7,1339.71,64.8,0.01,185.13,0,0,288,python.exe,8864,python.exe,10748,SAMSUNG MZVLQ512HBLU-00B,PASSED,2,99,60,10.7,391,0
8/8/2026 22:04,yathiswar,100,1700,91.2,1416.6,64.8,0.04,187.91,0,0,287,python.exe,8864,python.exe,10748,SAMSUNG MZVLQ512HBLU-00B,PASSED,2,99,60,10.7,391,0
8/8/2026 22:04,yathiswar,100,1700,91.2,1418.58,64.8,0,196.14,0,0,287,python.exe,8864,python.exe,10748,SAMSUNG MZVLQ512HBLU-00B,PASSED,2,99,60,10.7,391,0
8/8/2026 22:04,yathiswar,100,1700,91.2,1413.07,64.8,0.04,187.98,0,0,287,python.exe,8864,python.exe,10748,SAMSUNG MZVLQ512HBLU-00B,PASSED,2,99,60,10.7,391,0
8/8/2026 22:04,yathiswar,100,1700,91.5,1362.25,64.8,0.02,192.31,0,0,287,python.exe,8864,python.exe,10748,SAMSUNG MZVLQ512HBLU-00B,PASSED,2,99,60,10.7,391,0
8/8/2026 22:04,yathiswar,100,1700,91.4,1387.01,64.8,0.02,187.81,0,0,287,python.exe,20516,python.exe,10748,SAMSUNG MZVLQ512HBLU-00B,PASSED,2,99,59,10.7,391,0
8/8/2026 22:04,yathiswar,100,1700,91.6,1352.71,64.8,0.09,194.56,0,0,287,python.exe,11824,python.exe,10748,SAMSUNG MZVLQ512HBLU-00B,PASSED,2,99,60,10.7,391,0
8/8/2026 22:04,yathiswar,100,1700,91.6,1353.36,64.8,0.02,185.13,0,0,287,python.exe,11824,python.exe,10748,SAMSUNG MZVLQ512HBLU-00B,PASSED,2,99,60,10.7,391,0
8/8/2026 22:04,yathiswar,100,1700,91.3,1390.18,64.8,0.07,170.95,0,0,287,python.exe,9124,python.exe,10748,SAMSUNG MZVLQ512HBLU-00B,PASSED,2,99,60,10.7,391,0
8/8/2026 22:04,yathiswar,100,1700,91.6,1353.09,64.8,0.02,170.63,0,0,287,python.exe,15920,python.exe,10748,SAMSUNG MZVLQ512HBLU-00B,PASSED,2,99,60,10.7,391,0
8/8/2026 22:05,yathiswar,100,1700,91.5,1373.21,64.8,0.08,171.25,0,0,287,python.exe,9124,python.exe,10748,SAMSUNG MZVLQ512HBLU-00B,PASSED,2,99,60,10.7,391,0
8/8/2026 22:05,yathiswar,100,1700,91.6,1343,64.8,0,184.5,0,0,287,python.exe,20516,python.exe,10748,SAMSUNG MZVLQ512HBLU-00B,PASSED,2,99,60,10.7,391,0
8/8/2026 22:05,yathiswar,100,1700,91.6,1345.88,64.8,0,184.44,0,0,287,python.exe,20516,python.exe,10748,SAMSUNG MZVLQ512HBLU-00B,PASSED,2,99,60,10.7,391,0
8/8/2026 22:05,yathiswar,100,1700,91.7,1333.78,64.8,0.33,178.1,0,0,287,python.exe,11824,python.exe,10748,SAMSUNG MZVLQ512HBLU-00B,PASSED,2,99,60,10.7,391,0
8/8/2026 22:05,yathiswar,100,1700,91.7,1337.05,64.8,0.01,203.42,0,0,287,python.exe,24844,python.exe,10748,SAMSUNG MZVLQ512HBLU-00B,PASSED,2,99,59,10.7,391,0
8/8/2026 22:05,yathiswar,100,1700,90,1601.64,64.8,0,186.56,0,0,287,python.exe,5432,python.exe,10748,SAMSUNG MZVLQ512HBLU-00B,PASSED,2,99,60,10.7,391,0
8/8/2026 22:05,yathiswar,100,1700,89.9,1621.09,64.8,0.06,200.14,0,0,287,python.exe,20516,python.exe,10748,SAMSUNG MZVLQ512HBLU-00B,PASSED,2,99,60,10.7,391,0
8/8/2026 22:05,yathiswar,100,1700,88.8,1798.92,64.8,0.06,216.61,0,0,287,python.exe,20516,python.exe,10748,SAMSUNG MZVLQ512HBLU-00B,PASSED,2,99,60,10.7,391,0
8/8/2026 22:05,yathiswar,100,1700,87.3,2038.31,64.8,0.09,213.14,0,0,287,python.exe,9124,python.exe,10748,SAMSUNG MZVLQ512HBLU-00B,PASSED,2,99,60,10.7,391,0
8/8/2026 22:05,yathiswar,100,1700,85.1,2394.13,64.8,0.01,195.78,0,0,287,python.exe,28732,python.exe,10748,SAMSUNG MZVLQ512HBLU-00B,PASSED,2,99,60,10.7,391,0
8/8/2026 22:05,yathiswar,100,1700,84.2,2535.15,64.8,0.03,201.36,0,0,287,python.exe,28732,python.exe,10748,SAMSUNG MZVLQ512HBLU-00B,PASSED,2,99,60,10.7,391,0
8/8/2026 22:05,yathiswar,100,1700,82.6,2798.45,64.8,0.02,193.65,0,0,287,python.exe,8864,python.exe,10748,SAMSUNG MZVLQ512HBLU-00B,PASSED,2,99,60,10.7,391,0
8/8/2026 22:05,yathiswar,100,1700,81,3055.81,64.8,0,194.34,0,0,287,python.exe,9124,python.exe,10748,SAMSUNG MZVLQ512HBLU-00B,PASSED,2,99,59,10.7,391,0
8/8/2026 22:05,yathiswar,100,1700,79.1,3355.21,64.8,0.01,195.79,0,0,287,python.exe,8864,python.exe,10748,SAMSUNG MZVLQ512HBLU-00B,PASSED,2,99,60,10.7,391,0
8/8/2026 22:05,yathiswar,100,1700,78.6,3436.64,64.8,0.15,203.42,0,0,287,python.exe,5432,python.exe,10748,SAMSUNG MZVLQ512HBLU-00B,PASSED,2,99,60,10.7,391,0
8/8/2026 22:06,yathiswar,100,1700,76.6,3764.47,64.8,0.08,200.14,0,0,286,python.exe,9124,python.exe,10748,SAMSUNG MZVLQ512HBLU-00B,PASSED,2,99,60,10.7,391,0
8/8/2026 22:06,yathiswar,100,1700,76.3,3801.01,64.8,0,200.24,0,0,286,python.exe,20516,python.exe,10748,SAMSUNG MZVLQ512HBLU-00B,PASSED,2,99,60,10.7,391,0
8/8/2026 22:06,yathiswar,100,1700,74.6,4077.84,64.8,0,193.4,0,0,286,python.exe,20516,python.exe,10748,SAMSUNG MZVLQ512HBLU-00B,PASSED,2,99,60,10.7,391,0
8/8/2026 22:06,yathiswar,100,1700,73.1,4318.71,64.8,0,198.4,0,0,286,python.exe,20516,python.exe,10748,SAMSUNG MZVLQ512HBLU-00B,PASSED,2,99,60,10.7,391,0
8/8/2026 22:06,yathiswar,100,1700,73.2,4308.26,64.8,0.01,194.06,0,0,288,python.exe,11824,python.exe,10748,SAMSUNG MZVLQ512HBLU-00B,PASSED,2,99,60,10.7,391,0
8/8/2026 22:06,yathiswar,100,1700,73.5,4256.67,64.8,0.57,211.19,0,0,288,python.exe,11824,python.exe,10748,SAMSUNG MZVLQ512HBLU-00B,PASSED,2,99,60,10.7,391,0
8/8/2026 22:06,yathiswar,100,1700,72.3,4454.94,64.8,0.03,194.46,0,0,288,python.exe,28732,python.exe,10748,SAMSUNG MZVLQ512HBLU-00B,PASSED,2,99,60,10.7,391,0
8/8/2026 22:06,yathiswar,100,1700,71.8,4538.5,64.8,0.03,195.8,0,0,288,python.exe,11824,python.exe,10748,SAMSUNG MZVLQ512HBLU-00B,PASSED,2,99,59,10.7,391,0
8/8/2026 22:06,yathiswar,100,1700,71.8,4527.57,64.8,0.07,205.01,0,0,288,python.exe,20516,python.exe,10748,SAMSUNG MZVLQ512HBLU-00B,PASSED,2,99,60,10.7,391,0
8/8/2026 22:06,yathiswar,100,1700,71.3,4612.94,64.8,0.04,196.39,0,0,288,python.exe,11824,python.exe,10748,SAMSUNG MZVLQ512HBLU-00B,PASSED,2,99,60,10.7,391,0
8/8/2026 22:06,yathiswar,100,1700,70.9,4673.41,64.8,0.01,204.72,0,0,288,python.exe,20516,python.exe,10748,SAMSUNG MZVLQ512HBLU-00B,PASSED,2,99,61,10.7,391,0
8/8/2026 22:06,yathiswar,100,1700,69.6,4878.13,64.8,0,204.13,0,0,288,python.exe,8864,python.exe,10748,SAMSUNG MZVLQ512HBLU-00B,PASSED,2,99,60,10.7,391,0
8/8/2026 22:06,yathiswar,100,1700,69.4,4910.29,64.8,0.04,192.59,0,0,288,python.exe,8864,python.exe,10748,SAMSUNG MZVLQ512HBLU-00B,PASSED,2,99,60,10.7,391,0
8/8/2026 22:06,yathiswar,100,1700,69.5,4904.63,64.8,0,194.26,0,0,288,python.exe,8864,python.exe,10748,SAMSUNG MZVLQ512HBLU-00B,PASSED,2,99,60,10.7,391,0
8/8/2026 22:07,yathiswar,100,1700,69.8,4853.64,64.8,1.01,189.78,0,0,291,python.exe,8864,python.exe,10748,SAMSUNG MZVLQ512HBLU-00B,PASSED,2,99,60,10.7,391,0
8/8/2026 22:07,yathiswar,100,1700,69.7,4862.73,64.8,0.44,205.81,0,0,291,python.exe,24844,python.exe,10748,SAMSUNG MZVLQ512HBLU-00B,PASSED,2,99,61,10.7,391,0
8/8/2026 22:07,yathiswar,100,1700,69.8,4856.06,64.8,8.27,203.73,0,0,292,python.exe,24328,python.exe,10748,SAMSUNG MZVLQ512HBLU-00B,PASSED,2,99,61,10.7,391,0
8/8/2026 22:07,yathiswar,100,1700,69.8,4859.7,64.8,0.91,192.11,0,0,292,python.exe,11824,python.exe,10748,SAMSUNG MZVLQ512HBLU-00B,PASSED,2,99,61,10.7,391,0
8/8/2026 22:07,yathiswar,100,1700,69.6,4891.77,64.8,2.16,196.65,0,0,296,python.exe,11824,python.exe,10748,SAMSUNG MZVLQ512HBLU-00B,PASSED,2,99,60,10.7,391,0
8/8/2026 22:07,yathiswar,100,1700,68.8,5015.91,64.8,1.32,193.82,0,0,296,python.exe,13428,python.exe,10748,SAMSUNG MZVLQ512HBLU-00B,PASSED,2,99,60,10.7,391,0
8/8/2026 22:07,yathiswar,100,1700,68.5,5055.86,64.8,0.69,194.83,0,0,294,python.exe,11824,python.exe,10748,SAMSUNG MZVLQ512HBLU-00B,PASSED,2,99,60,10.7,391,0
8/8/2026 22:07,yathiswar,100,1700,67.5,5223.2,64.8,0.33,193.91,0,0,290,python.exe,24328,python.exe,10748,SAMSUNG MZVLQ512HBLU-00B,PASSED,2,99,60,10.7,391,0
8/8/2026 22:07,yathiswar,100,1700,67.3,5255.02,64.8,6.11,195.33,0,0,292,python.exe,20516,python.exe,10748,SAMSUNG MZVLQ512HBLU-00B,PASSED,2,99,61,10.7,391,0
8/8/2026 22:07,yathiswar,75.1,1700,69.1,4966.83,64.8,6.73,114.46,0.01,0.01,294,System Idle Process,0,python.exe,10748,SAMSUNG MZVLQ512HBLU-00B,PASSED,2,99,62,10.7,391,0
8/8/2026 22:08,yathiswar,72.2,1700,70.5,4747.61,64.8,14.05,114.81,0,0,298,System Idle Process,0,python.exe,10748,SAMSUNG MZVLQ512HBLU-00B,PASSED,2,99,61,10.7,391,0
8/8/2026 22:08,yathiswar,71,1700,70.9,4667.85,64.8,2.32,121.42,0,0,298,System Idle Process,0,python.exe,10748,SAMSUNG MZVLQ512HBLU-00B,PASSED,2,99,60,10.7,391,0
8/8/2026 22:08,yathiswar,69.9,1700,71,4665.37,64.8,2.32,115.07,0,0,297,System Idle Process,0,python.exe,10748,SAMSUNG MZVLQ512HBLU-00B,PASSED,2,99,60,10.7,391,0
8/8/2026 22:08,yathiswar,71,1700,71.3,4613.84,64.8,4.07,122.69,0,0,296,System Idle Process,0,python.exe,10748,SAMSUNG MZVLQ512HBLU-00B,PASSED,2,99,62,10.7,391,0
8/8/2026 22:08,yathiswar,71,1700,71.6,4555.27,64.8,3.9,125.77,0,0,298,System Idle Process,0,python.exe,10748,SAMSUNG MZVLQ512HBLU-00B,PASSED,2,99,60,10.7,391,0
8/8/2026 22:08,yathiswar,71.3,1700,73.2,4313.48,64.8,1.24,129.18,0,0,298,System Idle Process,0,python.exe,10748,SAMSUNG MZVLQ512HBLU-00B,PASSED,2,99,62,10.7,391,0
8/8/2026 22:08,yathiswar,73.8,1700,74.3,4136,64.8,9.32,109.79,0,0,302,System Idle Process,0,python.exe,10748,SAMSUNG MZVLQ512HBLU-00B,PASSED,2,99,61,10.7,391,0
8/8/2026 22:09,yathiswar,69.4,1700,74.3,4134.12,64.8,1.76,127.28,0,0,302,System Idle Process,0,python.exe,10748,SAMSUNG MZVLQ512HBLU-00B,PASSED,2,99,61,10.7,391,0
8/8/2026 22:09,yathiswar,73.2,1700,74.2,4143.7,64.8,0.75,124.19,0,0,302,System Idle Process,0,python.exe,10748,SAMSUNG MZVLQ512HBLU-00B,PASSED,2,99,61,10.7,391,0
8/8/2026 22:09,yathiswar,71.5,1700,74.4,4107.58,64.8,0.06,128.23,0,0,303,System Idle Process,0,python.exe,10748,SAMSUNG MZVLQ512HBLU-00B,PASSED,2,99,60,10.7,391,0
8/8/2026 22:09,yathiswar,73.3,1700,74.5,4097.09,64.8,0.32,135.62,0,0,304,System Idle Process,0,python.exe,10748,SAMSUNG MZVLQ512HBLU-00B,PASSED,2,99,61,10.7,391,0
8/8/2026 22:09,yathiswar,71,1700,74.7,4065.23,64.8,0.11,121.62,0,0,304,System Idle Process,0,python.exe,10748,SAMSUNG MZVLQ512HBLU-00B,PASSED,2,99,62,10.7,391,0
8/8/2026 22:09,yathiswar,72.3,1700,74.8,4056.76,64.8,0.08,118.33,0,0,304,System Idle Process,0,python.exe,10748,SAMSUNG MZVLQ512HBLU-00B,PASSED,2,99,61,10.7,391,0
8/8/2026 22:09,yathiswar,72.4,1700,74.5,4094.98,64.8,0.67,118.38,0,0,304,System Idle Process,0,python.exe,10748,SAMSUNG MZVLQ512HBLU-00B,PASSED,2,99,62,10.7,391,0
8/8/2026 22:09,yathiswar,84.8,1700,62.1,6086.33,64.8,10.95,209.87,0,0.01,302,System Idle Process,0,python.exe,10748,SAMSUNG MZVLQ512HBLU-00B,PASSED,2,99,62,10.7,391,0
8/8/2026 22:10,yathiswar,100,1700,61.6,6175.35,64.8,4.94,214.52,0.01,0.01,301,python.exe,5432,python.exe,10748,SAMSUNG MZVLQ512HBLU-00B,PASSED,2,99,62,10.7,391,0
8/8/2026 22:10,yathiswar,100,1700,59.9,6436.38,64.8,6.6,190.74,0.01,0.01,300,python.exe,11824,python.exe,10748,SAMSUNG MZVLQ512HBLU-00B,PASSED,2,99,62,10.7,391,0
8/8/2026 22:10,yathiswar,100,1700,58.5,6661.92,64.8,1.61,197.33,0.01,0,296,python.exe,11824,python.exe,10748,SAMSUNG MZVLQ512HBLU-00B,PASSED,2,99,61,10.7,391,0
8/8/2026 22:10,yathiswar,100,1700,58.4,6688.64,64.8,0.62,193.82,0.01,0,296,python.exe,28732,python.exe,10748,SAMSUNG MZVLQ512HBLU-00B,PASSED,2,99,60,10.7,391,0
8/8/2026 22:10,yathiswar,100,1700,58.3,6699.99,64.8,0.13,196.36,0,0,296,python.exe,20900,python.exe,10748,SAMSUNG MZVLQ512HBLU-00B,PASSED,2,99,60,10.7,391,0
8/8/2026 22:10,yathiswar,100,1700,57.6,6818.6,64.8,0.02,195.83,0,0,295,python.exe,24328,python.exe,10748,SAMSUNG MZVLQ512HBLU-00B,PASSED,2,99,63,10.7,391,0
8/8/2026 22:10,yathiswar,100,1700,57.4,6838.11,64.8,8.78,196.87,0,0,294,python.exe,24328,python.exe,10748,SAMSUNG MZVLQ512HBLU-00B,PASSED,2,99,62,10.7,391,0
8/8/2026 22:10,yathiswar,100,1700,55.6,7128.3,64.9,8.52,209.58,0,0,293,python.exe,24328,python.exe,10748,SAMSUNG MZVLQ512HBLU-00B,PASSED,2,99,61,10.7,391,0
8/8/2026 22:10,yathiswar,100,1700,55,7222.9,64.9,0.03,197.61,0,0,293,python.exe,9124,python.exe,10748,SAMSUNG MZVLQ512HBLU-00B,PASSED,2,99,60,10.7,391,0
8/8/2026 22:10,yathiswar,100,1700,53.5,7466.33,64.8,0.01,211.73,0,0,293,python.exe,20516,python.exe,10748,SAMSUNG MZVLQ512HBLU-00B,PASSED,2,99,60,10.7,391,0
8/8/2026 22:11,yathiswar,100,1700,51.2,7835.82,64.8,0.3,197.81,0,0,293,python.exe,8864,python.exe,10748,SAMSUNG MZVLQ512HBLU-00B,PASSED,2,99,60,10.7,391,0
8/8/2026 22:11,yathiswar,100,1700,49.9,8045.8,64.9,0.02,206.07,0,0,294,python.exe,8864,python.exe,10748,SAMSUNG MZVLQ512HBLU-00B,PASSED,2,99,60,10.7,391,0
8/8/2026 22:11,yathiswar,100,1700,48.8,8234.39,64.9,0.02,206.12,0,0,294,python.exe,20516,python.exe,10748,SAMSUNG MZVLQ512HBLU-00B,PASSED,2,99,60,10.7,391,0
8/8/2026 22:11,yathiswar,100,1700,46.8,8539.95,64.9,0.08,200.91,0,0,294,python.exe,24844,python.exe,10748,SAMSUNG MZVLQ512HBLU-00B,PASSED,2,99,60,10.7,391,0
8/8/2026 22:11,yathiswar,100,1700,45.1,8824.11,64.8,0.05,204.26,0,0,292,python.exe,8864,explorer.exe,13316,SAMSUNG MZVLQ512HBLU-00B,PASSED,2,99,60,10.7,391,0
8/8/2026 22:11,yathiswar,100,1700,42.4,9257.52,64.8,0,207.44,0,0,291,python.exe,5432,explorer.exe,13316,SAMSUNG MZVLQ512HBLU-00B,PASSED,2,99,60,10.7,391,0
8/8/2026 22:11,yathiswar,100,1700,41.3,9438.29,64.8,0.05,183.58,0,0,291,python.exe,8864,explorer.exe,13316,SAMSUNG MZVLQ512HBLU-00B,PASSED,2,99,61,10.7,391,0
8/8/2026 22:11,yathiswar,100,1700,41.2,9454.67,64.8,0,183.19,0,0,291,python.exe,20900,explorer.exe,13316,SAMSUNG MZVLQ512HBLU-00B,PASSED,2,99,60,10.7,391,0
8/8/2026 22:11,yathiswar,100,1700,41.5,9394.99,64.9,0.03,189.32,0,0,291,python.exe,24844,explorer.exe,13316,SAMSUNG MZVLQ512HBLU-00B,PASSED,2,99,60,10.7,391,0
8/8/2026 22:11,yathiswar,100,1700,41.6,9385.93,64.9,0,187.52,0,0,291,python.exe,20924,explorer.exe,13316,SAMSUNG MZVLQ512HBLU-00B,PASSED,2,99,60,10.7,391,0
8/8/2026 22:11,yathiswar,100,1700,41.2,9455.19,64.8,0,188.37,0,0,290,python.exe,24328,explorer.exe,13316,SAMSUNG MZVLQ512HBLU-00B,PASSED,2,99,60,10.7,391,0
8/8/2026 22:12,yathiswar,100,1700,41.5,9403.52,64.9,0,188.27,0,0,290,python.exe,8864,explorer.exe,13316,SAMSUNG MZVLQ512HBLU-00B,PASSED,2,99,60,10.7,391,0
8/8/2026 22:12,yathiswar,100,1700,41.4,9411.71,64.9,0.01,178.7,0,0,290,python.exe,28732,explorer.exe,13316,SAMSUNG MZVLQ512HBLU-00B,PASSED,2,99,60,10.7,391,0
8/8/2026 22:12,yathiswar,100,1700,41.5,9406.52,64.8,0.04,175.68,0,0,292,python.exe,15920,explorer.exe,13316,SAMSUNG MZVLQ512HBLU-00B,PASSED,2,99,60,10.7,391,0
8/8/2026 22:12,yathiswar,100,1700,41.8,9350.73,64.8,0.02,174.99,0,0,292,python.exe,13428,explorer.exe,13316,SAMSUNG MZVLQ512HBLU-00B,PASSED,2,99,61,10.7,391,0
8/8/2026 22:12,yathiswar,100,1700,41.9,9339.92,64.9,0,193.65,0,0,292,python.exe,20924,explorer.exe,13316,SAMSUNG MZVLQ512HBLU-00B,PASSED,2,99,60,10.7,391,0
8/8/2026 22:12,yathiswar,100,1700,41.5,9394.11,64.8,0.04,185.82,0,0,292,python.exe,13428,explorer.exe,13316,SAMSUNG MZVLQ512HBLU-00B,PASSED,2,99,60,10.7,391,0
8/8/2026 22:12,yathiswar,100,1700,41.9,9340.82,64.8,0.03,175.19,0,0,292,python.exe,20516,explorer.exe,13316,SAMSUNG MZVLQ512HBLU-00B,PASSED,2,99,60,10.7,391,0
8/8/2026 22:12,yathiswar,100,1700,42,9325.18,64.9,0.08,195.09,0,0,292,python.exe,5432,explorer.exe,13316,SAMSUNG MZVLQ512HBLU-00B,PASSED,2,99,60,10.7,391,0
8/8/2026 22:12,yathiswar,100,1700,42,9319.48,64.9,0.01,176.98,0,0,292,python.exe,13428,explorer.exe,13316,SAMSUNG MZVLQ512HBLU-00B,PASSED,2,99,60,10.7,391,0
8/8/2026 22:12,yathiswar,100,1700,41.6,9380.93,64.8,0,182.5,0,0,292,python.exe,11824,explorer.exe,13316,SAMSUNG MZVLQ512HBLU-00B,PASSED,2,99,60,10.7,391,0
8/8/2026 22:12,yathiswar,100,1700,41.9,9333.02,64.9,0,179.99,0,0,292,python.exe,28732,explorer.exe,13316,SAMSUNG MZVLQ512HBLU-00B,PASSED,2,99,60,10.7,391,0
8/8/2026 22:13,yathiswar,100,1700,41.8,9348.88,64.8,0.04,183.79,0,0,291,python.exe,28732,explorer.exe,13316,SAMSUNG MZVLQ512HBLU-00B,PASSED,2,99,60,10.7,391,0
8/8/2026 22:13,yathiswar,100,1700,41.9,9340.35,64.9,0,184.51,0,0,291,python.exe,24328,explorer.exe,13316,SAMSUNG MZVLQ512HBLU-00B,PASSED,2,99,60,10.7,391,0
8/8/2026 22:13,yathiswar,100,1700,41.9,9342.99,64.9,0.01,181.81,0,0,291,python.exe,24328,explorer.exe,13316,SAMSUNG MZVLQ512HBLU-00B,PASSED,2,99,60,10.7,391,0
8/8/2026 22:13,yathiswar,100,1700,41.5,9395.89,64.8,0,190.19,0,0,291,python.exe,9124,explorer.exe,13316,SAMSUNG MZVLQ512HBLU-00B,PASSED,2,99,60,10.7,391,0
8/8/2026 22:13,yathiswar,100,1700,41.7,9368.79,64.8,0.06,173.16,0,0,291,python.exe,15920,explorer.exe,13316,SAMSUNG MZVLQ512HBLU-00B,PASSED,2,99,60,10.8,391,0
8/8/2026 22:13,yathiswar,100,1700,41.6,9381.66,64.8,0.08,182.67,0,0,291,python.exe,24328,explorer.exe,13316,SAMSUNG MZVLQ512HBLU-00B,PASSED,2,99,60,10.8,391,0
8/8/2026 22:13,yathiswar,100,1700,41.8,9357.64,64.8,0,189.83,0,0,291,python.exe,9124,explorer.exe,13316,SAMSUNG MZVLQ512HBLU-00B,PASSED,2,99,60,10.8,391,0
8/8/2026 22:13,yathiswar,100,1700,41.9,9337.92,64.9,0,186.79,0,0,291,python.exe,5432,explorer.exe,13316,SAMSUNG MZVLQ512HBLU-00B,PASSED,2,99,59,10.8,391,0
8/8/2026 22:13,yathiswar,100,1700,41.8,9356.16,64.9,0,185.78,0,0,291,python.exe,9124,explorer.exe,13316,SAMSUNG MZVLQ512HBLU-00B,PASSED,2,99,60,10.8,391,0
8/8/2026 22:13,yathiswar,100,1700,41.6,9377.77,64.8,0.04,188.5,0,0,290,python.exe,15920,explorer.exe,13316,SAMSUNG MZVLQ512HBLU-00B,PASSED,2,99,60,10.8,391,0
8/8/2026 22:13,yathiswar,100,1700,41.7,9365.05,64.8,0,184.47,0,0,290,python.exe,11824,explorer.exe,13316,SAMSUNG MZVLQ512HBLU-00B,PASSED,2,99,60,10.8,391,0
8/8/2026 22:13,yathiswar,100,1700,41.8,9347.23,64.9,0,183.35,0,0,290,python.exe,24328,explorer.exe,13316,SAMSUNG MZVLQ512HBLU-00B,PASSED,2,99,60,10.8,391,0
8/8/2026 22:13,yathiswar,100,1700,41.5,9392.06,64.8,0.01,188.25,0,0,290,python.exe,15920,explorer.exe,13316,SAMSUNG MZVLQ512HBLU-00B,PASSED,2,99,60,10.8,391,0
8/8/2026 22:14,yathiswar,100,1700,41.7,9365.83,64.8,0,179.23,0,0,290,python.exe,28732,explorer.exe,13316,SAMSUNG MZVLQ512HBLU-00B,PASSED,2,99,60,10.8,391,0
8/8/2026 22:14,yathiswar,100,1700,41.8,9353.16,64.9,0,187.77,0,0,290,python.exe,13428,explorer.exe,13316,SAMSUNG MZVLQ512HBLU-00B,PASSED,2,99,60,10.8,391,0
8/8/2026 22:14,yathiswar,100,1700,41.8,9353.81,64.9,0,189.05,0,0,290,python.exe,24328,explorer.exe,13316,SAMSUNG MZVLQ512HBLU-00B,PASSED,2,99,60,10.8,391,0
8/8/2026 22:14,yathiswar,100,1700,41.8,9350.08,64.9,0,180.64,0,0,290,python.exe,11824,explorer.exe,13316,SAMSUNG MZVLQ512HBLU-00B,PASSED,2,99,60,10.8,391,0
8/8/2026 22:14,yathiswar,100,1700,41.6,9384.91,64.8,0.05,186.52,0,0,289,python.exe,20516,explorer.exe,13316,SAMSUNG MZVLQ512HBLU-00B,PASSED,2,99,59,10.8,391,0
8/8/2026 22:14,yathiswar,100,1700,41.6,9380.63,64.8,0,182.99,0,0,289,python.exe,28732,explorer.exe,13316,SAMSUNG MZVLQ512HBLU-00B,PASSED,2,99,60,10.8,391,0
8/8/2026 22:14,yathiswar,100,1700,41.4,9410.05,64.9,0.06,190.64,0,0,287,python.exe,8864,explorer.exe,13316,SAMSUNG MZVLQ512HBLU-00B,PASSED,2,99,60,10.8,391,0
8/8/2026 22:14,yathiswar,100,1700,41.5,9406.42,64.9,0,179.56,0,0,287,python.exe,15920,explorer.exe,13316,SAMSUNG MZVLQ512HBLU-00B,PASSED,2,99,60,10.8,391,0
8/8/2026 22:14,yathiswar,100,1700,41.3,9436.41,64.8,0,184.06,0,0,287,python.exe,11824,explorer.exe,13316,SAMSUNG MZVLQ512HBLU-00B,PASSED,2,99,60,10.8,391,0
8/8/2026 22:14,yathiswar,100,1700,41.1,9456.28,64.8,0,184.87,0,0,287,python.exe,15920,explorer.exe,13316,SAMSUNG MZVLQ512HBLU-00B,PASSED,2,99,60,10.8,391,0
8/8/2026 22:14,yathiswar,100,1700,41.2,9447.01,64.8,0.04,177.97,0,0,288,python.exe,13428,explorer.exe,13316,SAMSUNG MZVLQ512HBLU-00B,PASSED,2,99,60,10.8,391,0
8/8/2026 22:14,yathiswar,100,1700,41.2,9443.34,64.8,0,183.91,0,0,288,python.exe,24844,explorer.exe,13316,SAMSUNG MZVLQ512HBLU-00B,PASSED,2,99,60,10.8,391,0
8/8/2026 22:15,yathiswar,100,1700,41.5,9397.11,64.9,0,181.39,0,0,288,python.exe,15920,explorer.exe,13316,SAMSUNG MZVLQ512HBLU-00B,PASSED,2,99,60,10.8,391,0
8/8/2026 22:15,yathiswar,100,1700,41.5,9406.7,64.9,0,189.62,0,0,287,python.exe,5432,explorer.exe,13316,SAMSUNG MZVLQ512HBLU-00B,PASSED,2,99,60,10.8,391,0
8/8/2026 22:15,yathiswar,100,1700,41.4,9412.74,64.9,0,179.79,0,0,287,python.exe,24328,explorer.exe,13316,SAMSUNG MZVLQ512HBLU-00B,PASSED,2,99,60,10.8,391,0
8/8/2026 22:15,yathiswar,100,1700,41.4,9413.07,64.8,0.21,180.71,0,0,287,python.exe,9124,explorer.exe,13316,SAMSUNG MZVLQ512HBLU-00B,PASSED,2,99,59,10.8,391,0
8/8/2026 22:15,yathiswar,100,1700,41.5,9407,64.9,0,188.82,0,0,287,python.exe,8864,explorer.exe,13316,SAMSUNG MZVLQ512HBLU-00B,PASSED,2,99,60,10.8,391,0
8/8/2026 22:15,yathiswar,100,1700,41.5,9398.43,64.9,0,184.72,0,0,287,python.exe,9124,explorer.exe,13316,SAMSUNG MZVLQ512HBLU-00B,PASSED,2,99,60,10.8,391,0
8/8/2026 22:15,yathiswar,100,1700,41.5,9397.95,64.9,0,176.79,0,0,287,python.exe,9124,explorer.exe,13316,SAMSUNG MZVLQ512HBLU-00B,PASSED,2,99,60,10.8,391,0
8/8/2026 22:15,yathiswar,100,1700,41.2,9454.05,64.8,0,185.59,0,0,287,python.exe,20924,explorer.exe,13316,SAMSUNG MZVLQ512HBLU-00B,PASSED,2,99,60,10.8,391,0
8/8/2026 22:15,yathiswar,100,1700,41.2,9450.59,64.8,0,187.15,0,0,287,python.exe,9124,explorer.exe,13316,SAMSUNG MZVLQ512HBLU-00B,PASSED,2,99,60,10.8,391,0
8/8/2026 22:15,yathiswar,100,1700,41.5,9403.68,64.9,0.01,180.73,0,0,287,python.exe,28732,explorer.exe,13316,SAMSUNG MZVLQ512HBLU-00B,PASSED,2,99,60,10.8,391,0
8/8/2026 22:15,yathiswar,100,1700,41.5,9406.89,64.9,0.01,184.85,0,0,286,python.exe,20924,explorer.exe,13316,SAMSUNG MZVLQ512HBLU-00B,PASSED,2,99,60,10.8,391,0
8/8/2026 22:15,yathiswar,100,1700,41.3,9425.58,64.9,0,189.12,0,0,286,python.exe,5432,explorer.exe,13316,SAMSUNG MZVLQ512HBLU-00B,PASSED,2,99,60,10.8,391,0
8/8/2026 22:16,yathiswar,100,1700,41.3,9426.24,64.9,0,175.33,0,0,286,python.exe,15920,explorer.exe,13316,SAMSUNG MZVLQ512HBLU-00B,PASSED,2,99,60,10.8,391,0
8/8/2026 22:16,yathiswar,100,1700,41.3,9427.35,64.9,0,182.16,0,0,286,python.exe,8864,explorer.exe,13316,SAMSUNG MZVLQ512HBLU-00B,PASSED,2,99,60,10.8,391,0
8/8/2026 22:16,yathiswar,100,1700,41.4,9417.28,64.9,0,186.54,0,0,286,python.exe,5432,explorer.exe,13316,SAMSUNG MZVLQ512HBLU-00B,PASSED,2,99,60,10.8,391,0
8/8/2026 22:16,yathiswar,100,1700,41,9472.21,64.8,0.01,177.42,0,0,286,python.exe,20900,explorer.exe,13316,SAMSUNG MZVLQ512HBLU-00B,PASSED,2,99,60,10.8,391,0
8/8/2026 22:16,yathiswar,100,1700,41.3,9427.18,64.9,0.08,177.5,0,0,287,python.exe,8864,explorer.exe,13316,SAMSUNG MZVLQ512HBLU-00B,PASSED,2,99,60,10.8,391,0
8/8/2026 22:16,yathiswar,100,1700,41.2,9444.23,64.8,0,182.34,0,0,287,python.exe,24844,explorer.exe,13316,SAMSUNG MZVLQ512HBLU-00B,PASSED,2,99,60,10.8,391,0
8/8/2026 22:16,yathiswar,100,1700,41.4,9412.97,64.9,0,181.47,0,0,287,python.exe,9124,explorer.exe,13316,SAMSUNG MZVLQ512HBLU-00B,PASSED,2,99,60,10.8,391,0
8/8/2026 22:16,yathiswar,100,1700,41.4,9414.44,64.9,0,184.61,0,0,287,python.exe,24844,explorer.exe,13316,SAMSUNG MZVLQ512HBLU-00B,PASSED,2,99,60,10.8,391,0
8/8/2026 22:16,yathiswar,100,1700,41,9476.75,64.8,0,189.58,0,0,287,python.exe,13428,explorer.exe,13316,SAMSUNG MZVLQ512HBLU-00B,PASSED,2,99,60,10.8,391,0
8/8/2026 22:16,yathiswar,100,1700,41.3,9434.06,64.8,0,183.19,0,0,287,python.exe,13428,explorer.exe,13316,SAMSUNG MZVLQ512HBLU-00B,PASSED,2,99,60,10.8,391,0
8/8/2026 22:16,yathiswar,100,1700,41.4,9419.39,64.9,0.01,181.81,0,0,287,python.exe,11824,explorer.exe,13316,SAMSUNG MZVLQ512HBLU-00B,PASSED,2,99,60,10.8,391,0
8/8/2026 22:16,yathiswar,100,1700,41.3,9430.07,64.9,0.01,187.05,0,0,287,python.exe,24844,explorer.exe,13316,SAMSUNG MZVLQ512HBLU-00B,PASSED,2,99,60,10.8,391,0
8/8/2026 22:17,yathiswar,100,1700,41.3,9437.88,64.9,0.01,180.98,0,0,287,python.exe,24328,explorer.exe,13316,SAMSUNG MZVLQ512HBLU-00B,PASSED,2,99,60,10.8,391,0
8/8/2026 22:17,yathiswar,100,1700,41.3,9429.6,64.9,0,179.68,0,0,287,python.exe,13428,explorer.exe,13316,SAMSUNG MZVLQ512HBLU-00B,PASSED,2,99,60,10.8,391,0
8/8/2026 22:17,yathiswar,100,1700,41.3,9437.04,64.9,0,189.17,0,0,287,python.exe,11824,explorer.exe,13316,SAMSUNG MZVLQ512HBLU-00B,PASSED,2,99,60,10.8,391,0
8/8/2026 22:17,yathiswar,100,1700,40.9,9490.89,64.8,0,187.75,0,0,287,python.exe,24328,explorer.exe,13316,SAMSUNG MZVLQ512HBLU-00B,PASSED,2,99,60,10.8,391,0
8/8/2026 22:17,yathiswar,100,1700,41.2,9445.02,64.9,0,188.79,0,0,287,python.exe,20924,explorer.exe,13316,SAMSUNG MZVLQ512HBLU-00B,PASSED,2,99,60,10.8,391,0
8/8/2026 22:17,yathiswar,100,1700,41.3,9429,64.9,0.03,182.17,0,0,287,python.exe,20924,explorer.exe,13316,SAMSUNG MZVLQ512HBLU-00B,PASSED,2,99,60,10.8,391,0
8/8/2026 22:17,yathiswar,100,1700,41.2,9441.41,64.9,0,184.53,0,0,287,python.exe,13428,explorer.exe,13316,SAMSUNG MZVLQ512HBLU-00B,PASSED,2,99,59,10.8,391,0
8/8/2026 22:17,yathiswar,100,1700,41.2,9445.54,64.9,0,178.1,0,0,287,python.exe,5432,explorer.exe,13316,SAMSUNG MZVLQ512HBLU-00B,PASSED,2,99,60,10.8,391,0
8/8/2026 22:17,yathiswar,100,1700,41.2,9440.71,64.9,0.03,183.42,0,0,287,python.exe,9124,explorer.exe,13316,SAMSUNG MZVLQ512HBLU-00B,PASSED,2,99,59,10.8,391,0
8/8/2026 22:17,yathiswar,100,1700,41.2,9448.17,64.9,0,183.07,0,0,287,python.exe,24844,explorer.exe,13316,SAMSUNG MZVLQ512HBLU-00B,PASSED,2,99,60,10.8,391,0
8/8/2026 22:17,yathiswar,100,1700,41.2,9451,64.9,0.05,179.36,0,0,287,python.exe,24328,explorer.exe,13316,SAMSUNG MZVLQ512HBLU-00B,PASSED,2,99,60,10.8,391,0
8/8/2026 22:17,yathiswar,100,1700,41.1,9468.78,64.8,0.01,177.21,0,0,287,python.exe,15920,explorer.exe,13316,SAMSUNG MZVLQ512HBLU-00B,PASSED,2,99,60,10.8,391,0
8/8/2026 22:18,yathiswar,100,1700,41.3,9436.55,64.9,0,184.49,0,0,287,python.exe,24328,explorer.exe,13316,SAMSUNG MZVLQ512HBLU-00B,PASSED,2,99,60,10.8,391,0
8/8/2026 22:18,yathiswar,100,1700,41,9474.18,64.8,0.1,180.62,0,0,287,python.exe,15920,explorer.exe,13316,SAMSUNG MZVLQ512HBLU-00B,PASSED,2,99,60,10.8,391,0
8/8/2026 22:18,yathiswar,100,1700,41.3,9425.91,64.9,0.14,172.57,0,0,287,python.exe,9124,explorer.exe,13316,SAMSUNG MZVLQ512HBLU-00B,PASSED,2,99,60,10.8,391,0
8/8/2026 22:18,yathiswar,100,1700,41.1,9469.35,64.8,0.12,177.43,0,0,287,python.exe,24844,explorer.exe,13316,SAMSUNG MZVLQ512HBLU-00B,PASSED,2,99,60,10.8,391,0
8/8/2026 22:18,yathiswar,100,1700,41.3,9427.25,64.9,0.11,181.66,0,0,287,python.exe,20924,explorer.exe,13316,SAMSUNG MZVLQ512HBLU-00B,PASSED,2,99,60,10.8,391,0
8/8/2026 22:18,yathiswar,100,1700,41.2,9446.77,64.8,0.09,188.85,0,0,287,python.exe,15920,explorer.exe,13316,SAMSUNG MZVLQ512HBLU-00B,PASSED,2,99,60,10.8,391,0
8/8/2026 22:18,yathiswar,100,1700,41,9475.78,64.8,0.04,184.42,0,0,287,python.exe,5432,explorer.exe,13316,SAMSUNG MZVLQ512HBLU-00B,PASSED,2,99,60,10.8,391,0
8/8/2026 22:18,yathiswar,100,1700,40.9,9490.68,64.8,0.02,183.83,0,0,287,python.exe,8864,explorer.exe,13316,SAMSUNG MZVLQ512HBLU-00B,PASSED,2,99,60,10.8,391,0
8/8/2026 22:18,yathiswar,100,1700,41.2,9441.37,64.8,0.08,180.03,0,0,287,python.exe,20900,explorer.exe,13316,SAMSUNG MZVLQ512HBLU-00B,PASSED,2,99,60,10.8,391,0
8/8/2026 22:18,yathiswar,100,1700,41.3,9429.67,64.9,0.64,190.99,0,0,287,python.exe,5432,explorer.exe,13316,SAMSUNG MZVLQ512HBLU-00B,PASSED,2,99,59,10.8,391,0
8/8/2026 22:18,yathiswar,100,1700,41.4,9416.88,64.9,0.05,186.25,0,0,287,python.exe,15920,explorer.exe,13316,SAMSUNG MZVLQ512HBLU-00B,PASSED,2,99,60,10.8,391,0
8/8/2026 22:18,yathiswar,100,1700,41.3,9424.81,64.9,0.06,182.46,0,0,287,python.exe,28732,explorer.exe,13316,SAMSUNG MZVLQ512HBLU-00B,PASSED,2,99,60,10.8,391,0
8/8/2026 22:18,yathiswar,100,1700,41.3,9438.45,64.8,0.08,186.4,0,0,287,python.exe,20516,explorer.exe,13316,SAMSUNG MZVLQ512HBLU-00B,PASSED,2,99,60,10.8,391,0
8/8/2026 22:19,yathiswar,100,1700,41.4,9419.41,64.9,0.03,181.8,0,0,287,python.exe,8864,explorer.exe,13316,SAMSUNG MZVLQ512HBLU-00B,PASSED,2,99,60,10.8,391,0
8/8/2026 22:19,yathiswar,100,1700,41.4,9422.07,64.9,0.03,184.04,0,0,287,python.exe,20900,explorer.exe,13316,SAMSUNG MZVLQ512HBLU-00B,PASSED,2,99,60,10.8,391,0
8/8/2026 22:19,yathiswar,100,1700,41.4,9419.34,64.9,0.09,174.57,0,0,287,python.exe,5432,explorer.exe,13316,SAMSUNG MZVLQ512HBLU-00B,PASSED,2,99,60,10.8,391,0
8/8/2026 22:19,yathiswar,100,1700,41.4,9417.88,64.9,0.03,183.47,0,0,287,python.exe,9124,explorer.exe,13316,SAMSUNG MZVLQ512HBLU-00B,PASSED,2,99,60,10.8,391,0
8/8/2026 22:19,yathiswar,100,1700,41.4,9417.37,64.9,0.02,178.85,0,0,287,python.exe,9124,explorer.exe,13316,SAMSUNG MZVLQ512HBLU-00B,PASSED,2,99,60,10.8,391,0
8/8/2026 22:19,yathiswar,100,1700,41.3,9429.99,64.9,0.03,181.03,0,0,287,python.exe,11824,explorer.exe,13316,SAMSUNG MZVLQ512HBLU-00B,PASSED,2,99,60,10.8,391,0
8/8/2026 22:19,yathiswar,100,1700,41.2,9442.45,64.9,0.01,184.09,0,0,287,python.exe,11824,explorer.exe,13316,SAMSUNG MZVLQ512HBLU-00B,PASSED,2,99,60,10.8,391,0
8/8/2026 22:19,yathiswar,100,1700,41.2,9443.59,64.9,0,181.93,0,0,287,python.exe,5432,explorer.exe,13316,SAMSUNG MZVLQ512HBLU-00B,PASSED,2,99,60,10.8,391,0
8/8/2026 22:19,yathiswar,100,1700,41,9482.83,64.8,0.06,196.64,0,0,287,python.exe,20924,explorer.exe,13316,SAMSUNG MZVLQ512HBLU-00B,PASSED,2,99,60,10.8,391,0
8/8/2026 22:19,yathiswar,100,1700,41.3,9427.87,64.9,0.02,178.82,0,0,287,python.exe,24844,explorer.exe,13316,SAMSUNG MZVLQ512HBLU-00B,PASSED,2,99,60,10.8,391,0
8/8/2026 22:19,yathiswar,100,1700,41.2,9440.28,64.9,0.13,205.99,0,0,287,python.exe,20900,explorer.exe,13316,SAMSUNG MZVLQ512HBLU-00B,PASSED,2,99,59,10.8,391,0
8/8/2026 22:20,yathiswar,100,1700,41.3,9426.1,64.9,0.3,184.59,0,0,287,python.exe,20900,explorer.exe,13316,SAMSUNG MZVLQ512HBLU-00B,PASSED,2,99,60,10.8,391,0
8/8/2026 22:20,yathiswar,100,1700,41.2,9455.08,64.8,0,174.74,0,0,287,python.exe,9124,explorer.exe,13316,SAMSUNG MZVLQ512HBLU-00B,PASSED,2,99,60,10.8,391,0
8/8/2026 22:20,yathiswar,100,1700,41.2,9449.98,64.8,0,177.09,0,0,287,python.exe,20900,explorer.exe,13316,SAMSUNG MZVLQ512HBLU-00B,PASSED,2,99,60,10.8,391,0
8/8/2026 22:20,yathiswar,100,1700,41.3,9426.86,64.9,0.04,191.06,0,0,287,python.exe,15920,explorer.exe,13316,SAMSUNG MZVLQ512HBLU-00B,PASSED,2,99,60,10.8,391,0
8/8/2026 22:20,yathiswar,100,1700,40.9,9491.35,64.8,0,180.52,0,0,287,python.exe,24844,explorer.exe,13316,SAMSUNG MZVLQ512HBLU-00B,PASSED,2,99,61,10.8,391,0
8/8/2026 22:20,yathiswar,100,1700,41.2,9444.21,64.9,0.01,173.83,0,0,287,python.exe,24844,explorer.exe,13316,SAMSUNG MZVLQ512HBLU-00B,PASSED,2,99,60,10.8,392,0
8/8/2026 22:20,yathiswar,100,1700,41.1,9466.64,64.8,0.03,192.5,0,0,287,python.exe,11824,explorer.exe,13316,SAMSUNG MZVLQ512HBLU-00B,PASSED,2,99,60,10.8,392,0
8/8/2026 22:20,yathiswar,100,1457,41.1,9471.61,64.8,0.62,180.38,0,0,288,python.exe,28732,explorer.exe,13316,SAMSUNG MZVLQ512HBLU-00B,PASSED,2,99,60,10.8,392,0
8/8/2026 22:20,yathiswar,100,1457,41.3,9436.1,64.9,0.04,168.14,0,0,287,python.exe,28732,explorer.exe,13316,SAMSUNG MZVLQ512HBLU-00B,PASSED,2,99,60,10.8,392,0
8/8/2026 22:20,yathiswar,100,1457,41.2,9442.72,64.8,0,170.27,0,0,287,python.exe,9124,explorer.exe,13316,SAMSUNG MZVLQ512HBLU-00B,PASSED,2,99,60,10.8,392,0
8/8/2026 22:20,yathiswar,100,1457,41.4,9422.91,64.9,0.05,169.04,0,0,287,python.exe,20516,explorer.exe,13316,SAMSUNG MZVLQ512HBLU-00B,PASSED,2,99,60,10.8,392,0
8/8/2026 22:20,yathiswar,100,1457,41.2,9441.91,64.9,0.04,170.38,0,0,287,python.exe,8864,explorer.exe,13316,SAMSUNG MZVLQ512HBLU-00B,PASSED,2,99,60,10.8,392,0
8/8/2026 22:20,yathiswar,100,1457,40.9,9490.49,64.8,0.01,179.5,0,0,287,python.exe,20516,explorer.exe,13316,SAMSUNG MZVLQ512HBLU-00B,PASSED,2,99,60,10.8,392,0
8/8/2026 22:21,yathiswar,100,1457,41.3,9430.92,64.9,0.05,161.11,0,0,286,python.exe,20900,explorer.exe,13316,SAMSUNG MZVLQ512HBLU-00B,PASSED,2,99,60,10.8,392,0
8/8/2026 22:21,yathiswar,100,1457,41.2,9443.89,64.9,0.02,167.73,0,0,286,python.exe,24844,explorer.exe,13316,SAMSUNG MZVLQ512HBLU-00B,PASSED,2,99,60,10.8,392,0
8/8/2026 22:21,yathiswar,100,1457,41.3,9437.4,64.9,0.02,164.46,0,0,286,python.exe,8864,explorer.exe,13316,SAMSUNG MZVLQ512HBLU-00B,PASSED,2,99,60,10.8,392,0
8/8/2026 22:21,yathiswar,100,1457,41.2,9454.56,64.8,0.04,167.56,0,0,286,python.exe,20900,explorer.exe,13316,SAMSUNG MZVLQ512HBLU-00B,PASSED,2,99,60,10.8,392,0
8/8/2026 22:21,yathiswar,100,1457,41.3,9425.07,64.9,0,164.62,0,0,286,python.exe,24844,explorer.exe,13316,SAMSUNG MZVLQ512HBLU-00B,PASSED,2,99,60,10.8,392,0
8/8/2026 22:21,yathiswar,100,1457,41.3,9429.84,64.9,0,161.65,0,0,286,python.exe,24844,explorer.exe,13316,SAMSUNG MZVLQ512HBLU-00B,PASSED,2,99,60,10.8,392,0
8/8/2026 22:21,yathiswar,100,1457,41.3,9436.45,64.9,0,171.05,0,0,286,python.exe,13428,explorer.exe,13316,SAMSUNG MZVLQ512HBLU-00B,PASSED,2,99,60,10.8,392,0
8/8/2026 22:21,yathiswar,100,1457,41.3,9432.24,64.9,0.01,170.48,0,0,286,python.exe,24844,explorer.exe,13316,SAMSUNG MZVLQ512HBLU-00B,PASSED,2,99,60,10.8,392,0
8/8/2026 22:21,yathiswar,100,1457,41.3,9430.66,64.9,0.1,177.41,0,0,286,python.exe,13428,WhatsApp.Root.exe,17068,SAMSUNG MZVLQ512HBLU-00B,PASSED,2,99,60,10.8,392,0
8/8/2026 22:21,yathiswar,100,1457,41.2,9449.32,64.8,0,171.17,0,0,286,python.exe,20900,WhatsApp.Root.exe,17068,SAMSUNG MZVLQ512HBLU-00B,PASSED,2,99,60,10.8,392,0
8/8/2026 22:21,yathiswar,100,1457,41.2,9440.57,64.9,0,169.69,0,0,286,python.exe,5432,WhatsApp.Root.exe,17068,SAMSUNG MZVLQ512HBLU-00B,PASSED,2,99,60,10.8,392,0
8/8/2026 22:21,yathiswar,100,1457,41.3,9429.73,64.9,0,163.79,0,0,286,python.exe,15920,WhatsApp.Root.exe,17068,SAMSUNG MZVLQ512HBLU-00B,PASSED,2,99,60,10.8,392,0
8/8/2026 22:22,yathiswar,100,1457,41.3,9425.89,64.9,0,162.67,0,0,286,python.exe,11824,WhatsApp.Root.exe,17068,SAMSUNG MZVLQ512HBLU-00B,PASSED,2,99,60,10.8,392,0
8/8/2026 22:22,yathiswar,100,1457,41.3,9436.74,64.9,0.02,185.75,0,0,286,python.exe,5432,WhatsApp.Root.exe,17068,SAMSUNG MZVLQ512HBLU-00B,PASSED,2,99,60,10.9,392,0
8/8/2026 22:22,yathiswar,100,1457,41.2,9455.16,64.8,0.03,172.91,0,0,286,python.exe,13428,WhatsApp.Root.exe,17068,SAMSUNG MZVLQ512HBLU-00B,PASSED,2,99,60,10.9,392,0
8/8/2026 22:22,yathiswar,100,1457,41.3,9437.7,64.9,0,165.81,0,0,286,python.exe,20516,explorer.exe,13316,SAMSUNG MZVLQ512HBLU-00B,PASSED,2,99,60,10.9,392,0
8/8/2026 22:22,yathiswar,100,1457,41,9481.74,64.8,0.59,164.78,0,0,286,python.exe,20516,explorer.exe,13316,SAMSUNG MZVLQ512HBLU-00B,PASSED,2,99,61,10.9,392,0
8/8/2026 22:22,yathiswar,100,1457,41.3,9427.02,64.9,0.01,156.92,0,0,286,python.exe,24844,explorer.exe,13316,SAMSUNG MZVLQ512HBLU-00B,PASSED,2,99,60,10.9,392,0
8/8/2026 22:22,yathiswar,100,1457,40.9,9488.41,64.8,0,163.41,0,0,286,python.exe,24844,explorer.exe,13316,SAMSUNG MZVLQ512HBLU-00B,PASSED,2,99,61,10.9,392,0
8/8/2026 22:22,yathiswar,100,1457,41.2,9440.55,64.8,0.01,164.55,0,0,286,python.exe,13428,explorer.exe,13316,SAMSUNG MZVLQ512HBLU-00B,PASSED,2,99,60,10.9,392,0
8/8/2026 22:22,yathiswar,100,1457,41.3,9423.86,64.9,0,170.77,0,0,286,python.exe,5432,explorer.exe,13316,SAMSUNG MZVLQ512HBLU-00B,PASSED,2,99,60,10.9,392,0
8/8/2026 22:22,yathiswar,100,1700,41.3,9424.78,64.9,0.04,175.35,0,0,288,python.exe,5432,explorer.exe,13316,SAMSUNG MZVLQ512HBLU-00B,PASSED,2,99,60,10.9,392,0
8/8/2026 22:22,yathiswar,100,1457,41.4,9413.32,64.9,0.05,178.17,0,0,289,python.exe,20516,explorer.exe,13316,SAMSUNG MZVLQ512HBLU-00B,PASSED,2,99,60,10.9,392,0
8/8/2026 22:22,yathiswar,100,1457,41.4,9413.86,64.9,0,193.01,0,0,289,python.exe,5432,explorer.exe,13316,SAMSUNG MZVLQ512HBLU-00B,PASSED,2,99,60,10.9,392,0
8/8/2026 22:23,yathiswar,100,1457,41.1,9471.01,64.8,0,168.81,0,0,289,python.exe,20900,explorer.exe,13316,SAMSUNG MZVLQ512HBLU-00B,PASSED,2,99,60,10.9,392,0
8/8/2026 22:23,yathiswar,100,1457,41.4,9411.46,64.9,0,167,0,0,289,python.exe,20516,explorer.exe,13316,SAMSUNG MZVLQ512HBLU-00B,PASSED,2,99,61,10.9,392,0
8/8/2026 22:23,yathiswar,100,1457,41.4,9415.48,64.8,0,166.05,0,0,293,python.exe,28732,explorer.exe,13316,SAMSUNG MZVLQ512HBLU-00B,PASSED,2,99,60,10.9,392,0
8/8/2026 22:23,yathiswar,100,1457,41.5,9405.21,64.9,0.01,178.24,0,0,291,python.exe,11824,explorer.exe,13316,SAMSUNG MZVLQ512HBLU-00B,PASSED,2,99,60,10.9,392,0
8/8/2026 22:23,yathiswar,100,1457,41.5,9400.81,64.9,0.02,190.14,0,0,292,python.exe,8864,explorer.exe,13316,SAMSUNG MZVLQ512HBLU-00B,PASSED,2,99,60,10.9,392,0
8/8/2026 22:23,yathiswar,100,1457,41.3,9436.52,64.8,0.31,193.75,0,0,289,python.exe,24328,explorer.exe,13316,SAMSUNG MZVLQ512HBLU-00B,PASSED,2,99,60,10.9,392,0
8/8/2026 22:23,yathiswar,100,1457,41.5,9394.23,64.9,0,193.98,0,0,289,python.exe,8864,explorer.exe,13316,SAMSUNG MZVLQ512HBLU-00B,PASSED,2,99,60,10.9,392,0
8/8/2026 22:23,yathiswar,100,1457,41.6,9375.51,64.8,0,185.49,0,0,289,python.exe,5432,explorer.exe,13316,SAMSUNG MZVLQ512HBLU-00B,PASSED,2,99,60,10.9,392,0
8/8/2026 22:23,yathiswar,100,1457,41.8,9349.2,64.9,0.01,189.81,0,0,289,python.exe,9124,explorer.exe,13316,SAMSUNG MZVLQ512HBLU-00B,PASSED,2,99,60,10.9,392,0
8/8/2026 22:23,yathiswar,100,1457,41.6,9389.37,64.8,0.01,183.34,0,0,289,python.exe,13428,explorer.exe,13316,SAMSUNG MZVLQ512HBLU-00B,PASSED,2,99,60,10.9,392,0
8/8/2026 22:23,yathiswar,100,1457,41.7,9364.4,64.9,0,169.71,0,0,289,python.exe,11824,explorer.exe,13316,SAMSUNG MZVLQ512HBLU-00B,PASSED,2,99,60,10.9,392,0
8/8/2026 22:24,yathiswar,100,1457,41.9,9331.35,64.9,0.01,167.64,0,0,289,python.exe,13428,explorer.exe,13316,SAMSUNG MZVLQ512HBLU-00B,PASSED,2,99,60,10.9,392,0
8/8/2026 22:24,yathiswar,100,1457,41.9,9339.89,64.9,0,171.4,0,0,289,python.exe,5432,explorer.exe,13316,SAMSUNG MZVLQ512HBLU-00B,PASSED,2,99,60,10.9,392,0
8/8/2026 22:24,yathiswar,100,1457,41.9,9337.91,64.9,0,180.85,0,0,289,python.exe,11824,explorer.exe,13316,SAMSUNG MZVLQ512HBLU-00B,PASSED,2,99,60,10.9,392,0
8/8/2026 22:24,yathiswar,100,1457,42,9325,64.9,0.03,186.75,0,0,289,python.exe,13428,explorer.exe,13316,SAMSUNG MZVLQ512HBLU-00B,PASSED,2,99,60,10.9,392,0
8/8/2026 22:24,yathiswar,100,1457,41.6,9377.54,64.8,0.19,176.57,0,0,289,python.exe,13428,explorer.exe,13316,SAMSUNG MZVLQ512HBLU-00B,PASSED,2,99,60,10.9,392,0
8/8/2026 22:24,yathiswar,100,1457,42,9316.41,64.9,0.02,166.17,0,0,289,python.exe,13428,explorer.exe,13316,SAMSUNG MZVLQ512HBLU-00B,PASSED,2,99,60,10.9,392,0
8/8/2026 22:24,yathiswar,100,1457,42,9320.21,64.9,0.01,173.49,0,0,289,python.exe,8864,explorer.exe,13316,SAMSUNG MZVLQ512HBLU-00B,PASSED,2,99,60,10.9,392,0
8/8/2026 22:24,yathiswar,100,1457,41.6,9377.34,64.8,0,168.81,0,0,289,python.exe,24844,explorer.exe,13316,SAMSUNG MZVLQ512HBLU-00B,PASSED,2,99,60,10.9,392,0
8/8/2026 22:24,yathiswar,100,1457,41.4,9408.01,64.9,0.04,174.17,0,0,288,python.exe,24844,explorer.exe,13316,SAMSUNG MZVLQ512HBLU-00B,PASSED,2,99,60,10.9,392,0
8/8/2026 22:24,yathiswar,100,1457,41.1,9464.9,64.8,0.01,167.52,0,0,287,python.exe,5432,explorer.exe,13316,SAMSUNG MZVLQ512HBLU-00B,PASSED,2,99,60,10.9,392,0
8/8/2026 22:24,yathiswar,100,1457,41.1,9464.43,64.8,0,161.66,0,0,287,python.exe,5432,explorer.exe,13316,SAMSUNG MZVLQ512HBLU-00B,PASSED,2,99,60,10.9,392,0
8/8/2026 22:25,yathiswar,100,1457,41,9473.61,64.8,0,163.77,0,0,287,python.exe,20516,explorer.exe,13316,SAMSUNG MZVLQ512HBLU-00B,PASSED,2,99,60,10.9,392,0
8/8/2026 22:25,yathiswar,100,1457,41.2,9453.56,64.8,0,163.16,0,0,287,python.exe,9124,explorer.exe,13316,SAMSUNG MZVLQ512HBLU-00B,PASSED,2,99,60,10.9,392,0
8/8/2026 22:25,yathiswar,100,1700,41,9472.76,64.8,0,163.09,0,0,287,python.exe,20516,explorer.exe,13316,SAMSUNG MZVLQ512HBLU-00B,PASSED,2,99,60,10.9,392,0
8/8/2026 22:25,yathiswar,100,1457,41.4,9412.83,64.9,0.01,166.91,0,0,287,python.exe,11824,explorer.exe,13316,SAMSUNG MZVLQ512HBLU-00B,PASSED,2,99,60,10.9,392,0
8/8/2026 22:25,yathiswar,100,1457,41.3,9437.06,64.8,0.57,151.99,0,0,287,python.exe,13428,explorer.exe,13316,SAMSUNG MZVLQ512HBLU-00B,PASSED,2,99,60,10.9,392,0
8/8/2026 22:25,yathiswar,100,1457,41.3,9438.93,64.8,0,165.73,0,0,287,python.exe,24328,explorer.exe,13316,SAMSUNG MZVLQ512HBLU-00B,PASSED,2,99,60,10.9,392,0
8/8/2026 22:25,yathiswar,100,1457,41.1,9465.52,64.8,0,166.73,0,0,287,python.exe,15920,explorer.exe,13316,SAMSUNG MZVLQ512HBLU-00B,PASSED,2,99,60,10.9,392,0
8/8/2026 22:25,yathiswar,100,1457,41.2,9439.8,64.8,0.05,166.22,0,0,287,python.exe,24328,explorer.exe,13316,SAMSUNG MZVLQ512HBLU-00B,PASSED,2,99,60,10.9,392,0
8/8/2026 22:25,yathiswar,100,1700,41.5,9405.7,64.9,0.04,199.06,0,0,287,python.exe,9124,explorer.exe,13316,SAMSUNG MZVLQ512HBLU-00B,PASSED,2,99,60,10.9,392,0
8/8/2026 22:25,yathiswar,100,1700,43.3,9112.45,64.9,1.27,211.8,0.01,0.06,288,python.exe,11824,explorer.exe,13316,SAMSUNG MZVLQ512HBLU-00B,PASSED,2,99,60,10.9,392,0
8/8/2026 22:25,yathiswar,100,1700,43.3,9116.62,64.9,0.19,210.52,0,0.05,288,python.exe,20900,explorer.exe,13316,SAMSUNG MZVLQ512HBLU-00B,PASSED,2,99,59,10.9,392,0
8/8/2026 22:25,yathiswar,100,1700,43,9153.05,64.9,0.01,141.97,0,0,288,python.exe,24328,explorer.exe,13316,SAMSUNG MZVLQ512HBLU-00B,PASSED,2,99,59,10.9,392,0
8/8/2026 22:26,yathiswar,100,1457,42.7,9199.29,64.8,0,178.96,0,0,288,python.exe,24844,explorer.exe,13316,SAMSUNG MZVLQ512HBLU-00B,PASSED,2,99,59,10.9,392,0
8/8/2026 22:26,yathiswar,100,1700,42.6,9228.1,64.8,0,184.63,0,0,288,python.exe,28732,explorer.exe,13316,SAMSUNG MZVLQ512HBLU-00B,PASSED,2,99,60,10.9,392,0
8/8/2026 22:26,yathiswar,100,1457,42.4,9255.74,64.8,0.01,177.33,0,0,288,python.exe,24328,explorer.exe,13316,SAMSUNG MZVLQ512HBLU-00B,PASSED,2,99,60,10.9,392,0
8/8/2026 22:26,yathiswar,100,1700,42.7,9207.3,64.9,0.09,175,0,0,288,python.exe,25096,explorer.exe,13316,SAMSUNG MZVLQ512HBLU-00B,PASSED,2,99,60,10.9,392,0
8/8/2026 22:26,yathiswar,32.3,1457,42.1,9305.07,63.5,8.58,20.54,0,0,276,System Idle Process,0,explorer.exe,13316,SAMSUNG MZVLQ512HBLU-00B,PASSED,2,99,59,10.9,392,0
8/8/2026 22:26,yathiswar,15.3,1700,42,9313.33,63.5,0,0,0,0,276,System Idle Process,0,explorer.exe,13316,SAMSUNG MZVLQ512HBLU-00B,PASSED,2,99,59,10.9,392,0
8/8/2026 22:26,yathiswar,12.9,1700,42.1,9310.27,63.5,0.36,0,0,0,276,System Idle Process,0,explorer.exe,13316,SAMSUNG MZVLQ512HBLU-00B,PASSED,2,99,59,10.9,392,0
